ARM GAS  C:\Users\FINNDY~1\AppData\Local\Temp\cc0ACJmL.s 			page 1


   1              		.cpu cortex-m7
   2              		.eabi_attribute 28, 1
   3              		.eabi_attribute 20, 1
   4              		.eabi_attribute 21, 1
   5              		.eabi_attribute 23, 3
   6              		.eabi_attribute 24, 1
   7              		.eabi_attribute 25, 1
   8              		.eabi_attribute 26, 1
   9              		.eabi_attribute 30, 2
  10              		.eabi_attribute 34, 1
  11              		.eabi_attribute 18, 4
  12              		.file	"effect.cpp"
  13              		.text
  14              	.Ltext0:
  15              		.cfi_sections	.debug_frame
  16              		.section	.text._ZN5Delay6updateEv,"axG",%progbits,_ZN5Delay6updateEv,comdat
  17              		.align	1
  18              		.p2align 2,,3
  19              		.weak	_ZN5Delay6updateEv
  20              		.arch armv7e-m
  21              		.syntax unified
  22              		.thumb
  23              		.thumb_func
  24              		.fpu fpv5-d16
  26              	_ZN5Delay6updateEv:
  27              	.LVL0:
  28              	.LFB6766:
  29              		.file 1 "effect.hpp"
   1:effect.hpp    **** #ifndef EFFECT_H
   2:effect.hpp    **** #define EFFECT_H
   3:effect.hpp    **** 
   4:effect.hpp    **** #include "util.hpp"
   5:effect.hpp    **** #include "daisy_seed.h"
   6:effect.hpp    **** #include "daisysp.h"
   7:effect.hpp    **** 
   8:effect.hpp    **** using namespace daisy;
   9:effect.hpp    **** 
  10:effect.hpp    **** class Control {
  11:effect.hpp    ****     virtual void update() = 0;
  12:effect.hpp    **** };
  13:effect.hpp    **** 
  14:effect.hpp    **** template <typename T> struct EffectParameter {
  15:effect.hpp    ****     T value;
  16:effect.hpp    ****     const char* name;
  17:effect.hpp    ****     Control* control;
  18:effect.hpp    ****     // Effect* owner;
  19:effect.hpp    **** 
  20:effect.hpp    ****     EffectParameter() {};
  21:effect.hpp    ****     EffectParameter(const char* name, T initialValue) : value(initialValue), name(name) {};
  22:effect.hpp    **** };
  23:effect.hpp    **** 
  24:effect.hpp    **** 
  25:effect.hpp    **** class ToggleControl : public Control {
  26:effect.hpp    **** 
  27:effect.hpp    ****     Switch button;
  28:effect.hpp    **** 
  29:effect.hpp    **** public:
ARM GAS  C:\Users\FINNDY~1\AppData\Local\Temp\cc0ACJmL.s 			page 2


  30:effect.hpp    ****     EffectParameter<bool>* parameter; // menu to set this per control
  31:effect.hpp    **** 
  32:effect.hpp    ****     ToggleControl() {};
  33:effect.hpp    ****     ToggleControl(dsy_gpio_pin pin);
  34:effect.hpp    ****     void update();
  35:effect.hpp    **** };
  36:effect.hpp    **** 
  37:effect.hpp    **** 
  38:effect.hpp    **** class VariableControl : public Control {
  39:effect.hpp    ****     int channel;
  40:effect.hpp    ****     DaisySeed* hw;
  41:effect.hpp    **** 
  42:effect.hpp    **** public:
  43:effect.hpp    ****     EffectParameter<float>* parameter;
  44:effect.hpp    **** 
  45:effect.hpp    ****     VariableControl() {};
  46:effect.hpp    ****     VariableControl(DaisySeed* hw, AdcChannelConfig* config, dsy_gpio_pin pin);
  47:effect.hpp    **** 
  48:effect.hpp    ****     // THESE HAVE TO BE DONE when this and all others are initialized
  49:effect.hpp    ****     // hw->adc.Init(configs, n);
  50:effect.hpp    ****     // hw->adc.Start();
  51:effect.hpp    ****     
  52:effect.hpp    ****     void update();
  53:effect.hpp    **** 
  54:effect.hpp    **** };
  55:effect.hpp    **** 
  56:effect.hpp    **** 
  57:effect.hpp    **** // class Filter {
  58:effect.hpp    **** 
  59:effect.hpp    **** //     virtual void 
  60:effect.hpp    **** 
  61:effect.hpp    **** // };
  62:effect.hpp    **** 
  63:effect.hpp    **** class CombFilter /* : Filter */ {
  64:effect.hpp    **** 
  65:effect.hpp    ****     CircularBuffer buffer;
  66:effect.hpp    **** 
  67:effect.hpp    ****     float gain;
  68:effect.hpp    ****     float depth;
  69:effect.hpp    ****     float mix;
  70:effect.hpp    ****     size_t max_samples;
  71:effect.hpp    **** 
  72:effect.hpp    **** public:
  73:effect.hpp    ****     CombFilter() {}
  74:effect.hpp    ****     CombFilter(float delay, float gain);
  75:effect.hpp    ****     void apply(const float* in, float* out, size_t samples);
  76:effect.hpp    **** 
  77:effect.hpp    ****     void setParams(float depth, float mix);
  78:effect.hpp    **** 
  79:effect.hpp    **** };
  80:effect.hpp    **** 
  81:effect.hpp    **** class AllPassFilter /* : Filter */ {
  82:effect.hpp    **** 
  83:effect.hpp    ****     CircularBuffer feedbackBuffer;
  84:effect.hpp    ****     CircularBuffer inputBuffer;
  85:effect.hpp    **** 
  86:effect.hpp    ****     float gain;
ARM GAS  C:\Users\FINNDY~1\AppData\Local\Temp\cc0ACJmL.s 			page 3


  87:effect.hpp    ****     // float depth;
  88:effect.hpp    ****     // float mix;
  89:effect.hpp    **** 
  90:effect.hpp    **** public:
  91:effect.hpp    ****     AllPassFilter() {}
  92:effect.hpp    ****     AllPassFilter(float delay, float gain);
  93:effect.hpp    ****     void apply(const float* in, float* out, size_t samples);
  94:effect.hpp    **** 
  95:effect.hpp    ****     // void setParams(float depth, float mix);
  96:effect.hpp    **** 
  97:effect.hpp    **** };
  98:effect.hpp    **** 
  99:effect.hpp    **** 
 100:effect.hpp    **** class Effect {
 101:effect.hpp    **** 
 102:effect.hpp    **** public:
 103:effect.hpp    ****     // const char* name;    
 104:effect.hpp    **** 
 105:effect.hpp    ****     EffectParameter<bool> enabled; //= EffectParameter<bool>("Enable", false);
 106:effect.hpp    ****     bool series; // i guess more if it captures output as input (like from other effects) - if this
 107:effect.hpp    **** 
 108:effect.hpp    ****     Effect(bool series) : series(series) {}
 109:effect.hpp    ****     virtual void apply(const float* in, float* out, size_t samples) = 0;
 110:effect.hpp    ****     virtual void update() = 0;
 111:effect.hpp    **** 
 112:effect.hpp    **** };
 113:effect.hpp    **** 
 114:effect.hpp    **** // these kinds of things might be replaced by constructor defaults in the future idk how flexible i
 115:effect.hpp    **** #define MAX_LOOP_SECONDS 60
 116:effect.hpp    **** #define MAX_LOOP_SAMPLES (SAMPLE_RATE * MAX_LOOP_SECONDS)
 117:effect.hpp    **** #define MIN_LOOP_SAMPLES SAMPLE_RATE
 118:effect.hpp    **** 
 119:effect.hpp    **** class Looper : public Effect {
 120:effect.hpp    **** 
 121:effect.hpp    ****     float* buffer; // coulda used a circular buffer but its not good
 122:effect.hpp    ****     int loopSamples = 0;
 123:effect.hpp    ****     int currentLoopSample;
 124:effect.hpp    **** 
 125:effect.hpp    ****     bool lastRecEnabled; // this is dumb because falling and rising edge exist
 126:effect.hpp    ****     bool lastPlaybackEnabled;
 127:effect.hpp    **** 
 128:effect.hpp    **** public:
 129:effect.hpp    ****     EffectParameter<bool> recordingEnabled = EffectParameter<bool>("Loop Record", false);
 130:effect.hpp    **** 
 131:effect.hpp    ****     Looper(bool series);
 132:effect.hpp    ****     void apply(const float* in, float* out, size_t samples);
 133:effect.hpp    ****     void update();
 134:effect.hpp    **** 
 135:effect.hpp    **** };
 136:effect.hpp    **** 
 137:effect.hpp    **** 
 138:effect.hpp    **** #define MAX_DELAY_SECONDS 0.5f
 139:effect.hpp    **** #define DELAY_SIZE (int)(SAMPLE_RATE * MAX_DELAY_SECONDS)
 140:effect.hpp    **** 
 141:effect.hpp    **** class Delay : public Effect {
 142:effect.hpp    **** 
 143:effect.hpp    ****     CircularBuffer buffer;
ARM GAS  C:\Users\FINNDY~1\AppData\Local\Temp\cc0ACJmL.s 			page 4


 144:effect.hpp    **** 
 145:effect.hpp    **** public:
 146:effect.hpp    ****     EffectParameter<float> delayAmount = EffectParameter<float>("Delay Time", false);
 147:effect.hpp    **** 
 148:effect.hpp    ****     Delay(bool series); // might not need offset because itll be gotten
 149:effect.hpp    **** 
 150:effect.hpp    ****     void apply(const float* in, float* out, size_t samples);
 151:effect.hpp    ****     void update() {}
  30              		.loc 1 151 10 view -0
  31              		.cfi_startproc
  32              		@ args = 0, pretend = 0, frame = 0
  33              		@ frame_needed = 0, uses_anonymous_args = 0
  34              		@ link register save eliminated.
  35              		.loc 1 151 20 is_stmt 0 view .LVU1
  36 0000 7047     		bx	lr
  37              		.cfi_endproc
  38              	.LFE6766:
  40 0002 00BF     		.section	.text._ZN10BitCrusher6updateEv,"axG",%progbits,_ZN10BitCrusher6updateEv,comdat
  41              		.align	1
  42              		.p2align 2,,3
  43              		.weak	_ZN10BitCrusher6updateEv
  44              		.syntax unified
  45              		.thumb
  46              		.thumb_func
  47              		.fpu fpv5-d16
  49              	_ZN10BitCrusher6updateEv:
  50              	.LVL1:
  51              	.LFB6767:
 152:effect.hpp    **** };
 153:effect.hpp    **** 
 154:effect.hpp    **** 
 155:effect.hpp    **** 
 156:effect.hpp    **** #define DFT_NEW_WINDOW_SAMPLES 16384 // maybe increase this (already pretty big)
 157:effect.hpp    **** #define DFT_OVERLAP_SAMPLES DFT_NEW_WINDOW_SAMPLES 
 158:effect.hpp    **** #define DFT_WINDOW_SAMPLES (DFT_NEW_WINDOW_SAMPLES + DFT_OVERLAP_SAMPLES)
 159:effect.hpp    **** 
 160:effect.hpp    **** class Tuner : public Effect {
 161:effect.hpp    **** 
 162:effect.hpp    ****     float* dftTimeBufferA;
 163:effect.hpp    ****     float* dftTimeBufferB;
 164:effect.hpp    **** 
 165:effect.hpp    ****     bool usingBufferA = false;
 166:effect.hpp    ****     int currentDftWindowSamples = 0;
 167:effect.hpp    ****     std::complex<float> dftFrequencyBuffer[DFT_WINDOW_SAMPLES]; // maybe zero pad, idk. (f = k*fs/N
 168:effect.hpp    ****     bool newDftReady = false;
 169:effect.hpp    **** 
 170:effect.hpp    **** public:
 171:effect.hpp    ****     float maxFrequency = 0;
 172:effect.hpp    **** 
 173:effect.hpp    ****     Tuner(bool series/* , size_t windowSize */);
 174:effect.hpp    **** 
 175:effect.hpp    ****     void apply(const float* in, float* out, size_t samples);
 176:effect.hpp    ****     void update();
 177:effect.hpp    **** 
 178:effect.hpp    **** };
 179:effect.hpp    **** 
 180:effect.hpp    **** // referenced https://medium.com/the-seekers-project/coding-a-basic-reverb-algorithm-part-2-an-intr
ARM GAS  C:\Users\FINNDY~1\AppData\Local\Temp\cc0ACJmL.s 			page 5


 181:effect.hpp    **** #define NUM_COMB_FILTERS 4
 182:effect.hpp    **** #define NUM_AP_FILTERS 2
 183:effect.hpp    **** class Reverb : public Effect {
 184:effect.hpp    **** 
 185:effect.hpp    ****     CombFilter combFilters[NUM_COMB_FILTERS]; // potential optimization: these can share a delay li
 186:effect.hpp    ****     AllPassFilter allPassFilters[NUM_AP_FILTERS];
 187:effect.hpp    **** 
 188:effect.hpp    **** public:
 189:effect.hpp    ****     EffectParameter<float> depth = EffectParameter<float>("Reverb Depth", 0.5f);
 190:effect.hpp    ****     EffectParameter<float> mix = EffectParameter<float>("Reverb Mix", 1);
 191:effect.hpp    **** 
 192:effect.hpp    ****     Reverb(bool series);
 193:effect.hpp    **** 
 194:effect.hpp    ****     void apply(const float* in, float* out, size_t samples);
 195:effect.hpp    ****     void update();
 196:effect.hpp    **** 
 197:effect.hpp    **** };
 198:effect.hpp    **** 
 199:effect.hpp    **** 
 200:effect.hpp    **** // referenced https://upcommons.upc.edu/server/api/core/bitstreams/2324a4c3-e11c-42fe-b50a-bbefaa6f
 201:effect.hpp    **** class Chorus : public Effect {
 202:effect.hpp    **** 
 203:effect.hpp    ****     daisysp::Oscillator osc;
 204:effect.hpp    ****     CircularBuffer buffer;
 205:effect.hpp    ****     size_t maxDelaySamples;
 206:effect.hpp    ****     size_t delaySamples;
 207:effect.hpp    **** 
 208:effect.hpp    **** public:
 209:effect.hpp    ****     EffectParameter<float> frequency = EffectParameter<float>("Chorus Rate", 0.3f);
 210:effect.hpp    ****     EffectParameter<float> depth = EffectParameter<float>("Chorus Depth", 0.4f);
 211:effect.hpp    ****     EffectParameter<float> mix = EffectParameter<float>("Chorus Mix", 1); 
 212:effect.hpp    **** 
 213:effect.hpp    ****     Chorus(bool series, float maxDelay); // todo: waveform should be changed with buttons / rotary 
 214:effect.hpp    **** 
 215:effect.hpp    ****     void apply(const float* in, float* out, size_t samples);
 216:effect.hpp    ****     void update();
 217:effect.hpp    **** 
 218:effect.hpp    **** 
 219:effect.hpp    **** };
 220:effect.hpp    **** 
 221:effect.hpp    **** #define CRUSH_AMOUNT_SCALE 200 // 1000.0f
 222:effect.hpp    **** class BitCrusher : public Effect {
 223:effect.hpp    **** 
 224:effect.hpp    ****     float heldValue;
 225:effect.hpp    ****     int heldSamples;
 226:effect.hpp    **** 
 227:effect.hpp    **** public:
 228:effect.hpp    ****     EffectParameter<float> amount = EffectParameter<float>("Bit Crush Amnt", 0.8f);
 229:effect.hpp    **** 
 230:effect.hpp    ****     BitCrusher(bool series);
 231:effect.hpp    **** 
 232:effect.hpp    ****     void apply(const float* in, float* out, size_t samples);
 233:effect.hpp    ****     void update() {}
  52              		.loc 1 233 10 is_stmt 1 view -0
  53              		.cfi_startproc
  54              		@ args = 0, pretend = 0, frame = 0
  55              		@ frame_needed = 0, uses_anonymous_args = 0
ARM GAS  C:\Users\FINNDY~1\AppData\Local\Temp\cc0ACJmL.s 			page 6


  56              		@ link register save eliminated.
  57              		.loc 1 233 20 is_stmt 0 view .LVU3
  58 0000 7047     		bx	lr
  59              		.cfi_endproc
  60              	.LFE6767:
  62 0002 00BF     		.section	.text._ZN6Looper6updateEv,"ax",%progbits
  63              		.align	1
  64              		.p2align 2,,3
  65              		.global	_ZN6Looper6updateEv
  66              		.syntax unified
  67              		.thumb
  68              		.thumb_func
  69              		.fpu fpv5-d16
  71              	_ZN6Looper6updateEv:
  72              	.LVL2:
  73              	.LFB6789:
  74              		.file 2 "effect.cpp"
   1:effect.cpp    **** #include "effect.hpp"
   2:effect.cpp    **** 
   3:effect.cpp    **** 
   4:effect.cpp    **** // ToggleControl
   5:effect.cpp    **** 
   6:effect.cpp    **** ToggleControl::ToggleControl(dsy_gpio_pin pin) {
   7:effect.cpp    ****     button.Init(pin, 0, Switch::TYPE_MOMENTARY, Switch::POLARITY_NORMAL, Switch::PULL_NONE);
   8:effect.cpp    **** }
   9:effect.cpp    **** 
  10:effect.cpp    **** void ToggleControl::update() {
  11:effect.cpp    **** 
  12:effect.cpp    ****     if (parameter == nullptr) return;
  13:effect.cpp    **** 
  14:effect.cpp    ****     button.Debounce();
  15:effect.cpp    ****     parameter->value = button.Pressed();
  16:effect.cpp    **** }   
  17:effect.cpp    **** 
  18:effect.cpp    **** 
  19:effect.cpp    **** // VariableControl
  20:effect.cpp    **** int numChannels; // would love to make this static but its dumb and doesnt work
  21:effect.cpp    **** 
  22:effect.cpp    **** VariableControl::VariableControl(DaisySeed* hw, AdcChannelConfig* config, dsy_gpio_pin pin) {
  23:effect.cpp    ****     config->InitSingle(pin);
  24:effect.cpp    ****     channel = numChannels++;
  25:effect.cpp    **** }
  26:effect.cpp    **** 
  27:effect.cpp    **** void VariableControl::update() {
  28:effect.cpp    **** 
  29:effect.cpp    ****     if (parameter == nullptr) return;
  30:effect.cpp    **** 
  31:effect.cpp    ****     float currentVal = hw->adc.GetFloat(channel);
  32:effect.cpp    **** 
  33:effect.cpp    ****     if (std::abs(currentVal - parameter->value) >= 0.005f) // has changed by > 0.5 percent
  34:effect.cpp    ****         parameter->value = currentVal;
  35:effect.cpp    ****     
  36:effect.cpp    **** }
  37:effect.cpp    **** 
  38:effect.cpp    **** 
  39:effect.cpp    **** // CombFilter
  40:effect.cpp    **** // note: maybe include this as its own effect because its kinda neat
ARM GAS  C:\Users\FINNDY~1\AppData\Local\Temp\cc0ACJmL.s 			page 7


  41:effect.cpp    **** CombFilter::CombFilter(float delay, float gain) : gain(gain), depth(1), mix(1) {
  42:effect.cpp    ****     if (this->gain > 0.99) this->gain = 0.99;
  43:effect.cpp    **** 
  44:effect.cpp    ****     const size_t samples = delay * SAMPLE_RATE;
  45:effect.cpp    ****     buffer = CircularBuffer((float*)sdram_alloc(samples * sizeof(float), true), samples, samples);
  46:effect.cpp    **** 
  47:effect.cpp    ****     max_samples = samples;
  48:effect.cpp    **** 
  49:effect.cpp    **** }
  50:effect.cpp    **** 
  51:effect.cpp    **** void CombFilter::apply(const float* in, float* out, size_t samples) {
  52:effect.cpp    **** 
  53:effect.cpp    ****     for (size_t i = 0; i < samples; i++) {
  54:effect.cpp    **** 
  55:effect.cpp    ****         float nextRead = buffer.readNext();
  56:effect.cpp    ****         buffer.writeNext(in[i] + nextRead * gain * depth);
  57:effect.cpp    ****         out[i] += nextRead * mix;
  58:effect.cpp    **** 
  59:effect.cpp    ****     }
  60:effect.cpp    **** 
  61:effect.cpp    **** }
  62:effect.cpp    **** 
  63:effect.cpp    **** void CombFilter::setParams(float depth, float mix) {
  64:effect.cpp    ****     this->depth = depth;
  65:effect.cpp    ****     this->mix = mix;
  66:effect.cpp    ****     buffer.setWriteOffset(max_samples * depth);
  67:effect.cpp    **** }
  68:effect.cpp    **** 
  69:effect.cpp    **** 
  70:effect.cpp    **** // AllPassFilter
  71:effect.cpp    **** 
  72:effect.cpp    **** AllPassFilter::AllPassFilter(float delay, float gain) : gain(gain) {
  73:effect.cpp    ****     if (this->gain > 0.99) this->gain = 0.99;
  74:effect.cpp    **** 
  75:effect.cpp    ****     const size_t samples = delay * SAMPLE_RATE;
  76:effect.cpp    **** 
  77:effect.cpp    ****     feedbackBuffer = CircularBuffer((float*)sdram_alloc(samples * sizeof(float), true), samples, sa
  78:effect.cpp    ****     inputBuffer = CircularBuffer((float*)sdram_alloc(samples * sizeof(float), true), samples, sampl
  79:effect.cpp    **** 
  80:effect.cpp    **** }
  81:effect.cpp    **** 
  82:effect.cpp    **** void AllPassFilter::apply(const float* in, float* out, size_t samples) {
  83:effect.cpp    **** 
  84:effect.cpp    ****     for (size_t i = 0; i < samples; i++) {
  85:effect.cpp    **** 
  86:effect.cpp    ****         float nextRead = feedbackBuffer.readNext();
  87:effect.cpp    ****         
  88:effect.cpp    ****         feedbackBuffer.writeNext(-gain * in[i] + inputBuffer.readNext() + nextRead * gain);
  89:effect.cpp    ****         inputBuffer.writeNext(in[i]);
  90:effect.cpp    **** 
  91:effect.cpp    ****         out[i] += nextRead;
  92:effect.cpp    **** 
  93:effect.cpp    ****     }
  94:effect.cpp    **** 
  95:effect.cpp    **** }
  96:effect.cpp    **** 
  97:effect.cpp    **** // Looper
ARM GAS  C:\Users\FINNDY~1\AppData\Local\Temp\cc0ACJmL.s 			page 8


  98:effect.cpp    **** 
  99:effect.cpp    **** Looper::Looper(bool series) : Effect(series), buffer((float*)sdram_alloc(MAX_LOOP_SAMPLES)) {
 100:effect.cpp    ****     enabled = EffectParameter<bool>("Loop Playback", false);
 101:effect.cpp    **** }
 102:effect.cpp    **** 
 103:effect.cpp    **** void Looper::apply(const float* in, float* out, size_t samples) {
 104:effect.cpp    **** 
 105:effect.cpp    ****     // so the enabled thing cant go outside for this to work
 106:effect.cpp    ****     if (recordingEnabled.value) {
 107:effect.cpp    **** 
 108:effect.cpp    ****         if (loopSamples + samples <= MAX_LOOP_SAMPLES) {
 109:effect.cpp    ****             memcpy(buffer + loopSamples, in, sizeof(float) * samples);
 110:effect.cpp    ****             loopSamples += samples;
 111:effect.cpp    ****         }
 112:effect.cpp    **** 
 113:effect.cpp    ****     } else if (enabled.value && loopSamples > MIN_LOOP_SAMPLES) { // at least one second for playba
 114:effect.cpp    **** 
 115:effect.cpp    ****         for (size_t i = 0; i < samples; i++) { 
 116:effect.cpp    ****             out[i] += buffer[currentLoopSample + i];
 117:effect.cpp    ****         }
 118:effect.cpp    **** 
 119:effect.cpp    ****         currentLoopSample += samples;
 120:effect.cpp    ****         currentLoopSample %= loopSamples;
 121:effect.cpp    ****     } 
 122:effect.cpp    **** 
 123:effect.cpp    **** }
 124:effect.cpp    **** 
 125:effect.cpp    **** void Looper::update() {
  75              		.loc 2 125 23 is_stmt 1 view -0
  76              		.cfi_startproc
  77              		@ args = 0, pretend = 0, frame = 0
  78              		@ frame_needed = 0, uses_anonymous_args = 0
  79              		@ link register save eliminated.
 126:effect.cpp    ****     if (recordingEnabled.value && !lastRecEnabled) { 
  80              		.loc 2 126 5 view .LVU5
  81              		.loc 2 126 26 is_stmt 0 view .LVU6
  82 0000 90F82420 		ldrb	r2, [r0, #36]	@ zero_extendqisi2
  83              		.loc 2 126 5 view .LVU7
  84 0004 7AB1     		cbz	r2, .L5
  85              		.loc 2 126 32 discriminator 1 view .LVU8
  86 0006 90F82030 		ldrb	r3, [r0, #32]	@ zero_extendqisi2
  87 000a 03B9     		cbnz	r3, .L6
 127:effect.cpp    ****         loopSamples = 0;
  88              		.loc 2 127 9 is_stmt 1 view .LVU9
  89              		.loc 2 127 21 is_stmt 0 view .LVU10
  90 000c 8361     		str	r3, [r0, #24]
  91              	.L6:
 128:effect.cpp    ****     }
 129:effect.cpp    **** 
 130:effect.cpp    ****     if ((enabled.value && !lastPlaybackEnabled) || (!recordingEnabled.value && lastRecEnabled)) {
  92              		.loc 2 130 5 is_stmt 1 view .LVU11
  93              		.loc 2 130 18 is_stmt 0 view .LVU12
  94 000e 0379     		ldrb	r3, [r0, #4]	@ zero_extendqisi2
  95              		.loc 2 130 5 view .LVU13
  96 0010 23B1     		cbz	r3, .L7
  97              		.loc 2 130 28 view .LVU14
  98 0012 90F82110 		ldrb	r1, [r0, #33]	@ zero_extendqisi2
ARM GAS  C:\Users\FINNDY~1\AppData\Local\Temp\cc0ACJmL.s 			page 9


  99              		.loc 2 130 24 view .LVU15
 100 0016 A1B9     		cbnz	r1, .L13
 101              	.L11:
 131:effect.cpp    ****         currentLoopSample = 0;
 102              		.loc 2 131 9 is_stmt 1 view .LVU16
 103              		.loc 2 131 27 is_stmt 0 view .LVU17
 104 0018 0021     		movs	r1, #0
 105 001a C161     		str	r1, [r0, #28]
 106              	.L7:
 132:effect.cpp    ****     }
 133:effect.cpp    **** 
 134:effect.cpp    ****     lastPlaybackEnabled = enabled.value;
 107              		.loc 2 134 5 is_stmt 1 view .LVU18
 108              		.loc 2 134 25 is_stmt 0 view .LVU19
 109 001c 80F82130 		strb	r3, [r0, #33]
 135:effect.cpp    ****     lastRecEnabled = recordingEnabled.value;
 110              		.loc 2 135 5 is_stmt 1 view .LVU20
 111              		.loc 2 135 20 is_stmt 0 view .LVU21
 112 0020 80F82020 		strb	r2, [r0, #32]
 136:effect.cpp    **** }
 113              		.loc 2 136 1 view .LVU22
 114 0024 7047     		bx	lr
 115              	.L5:
 130:effect.cpp    ****         currentLoopSample = 0;
 116              		.loc 2 130 5 is_stmt 1 view .LVU23
 130:effect.cpp    ****         currentLoopSample = 0;
 117              		.loc 2 130 18 is_stmt 0 view .LVU24
 118 0026 0379     		ldrb	r3, [r0, #4]	@ zero_extendqisi2
 130:effect.cpp    ****         currentLoopSample = 0;
 119              		.loc 2 130 5 view .LVU25
 120 0028 23B1     		cbz	r3, .L9
 130:effect.cpp    ****         currentLoopSample = 0;
 121              		.loc 2 130 28 view .LVU26
 122 002a 90F82110 		ldrb	r1, [r0, #33]	@ zero_extendqisi2
 130:effect.cpp    ****         currentLoopSample = 0;
 123              		.loc 2 130 24 view .LVU27
 124 002e 0029     		cmp	r1, #0
 125 0030 F2D0     		beq	.L11
 126 0032 0B46     		mov	r3, r1
 127              	.L9:
 130:effect.cpp    ****         currentLoopSample = 0;
 128              		.loc 2 130 77 discriminator 4 view .LVU28
 129 0034 90F82010 		ldrb	r1, [r0, #32]	@ zero_extendqisi2
 130 0038 0029     		cmp	r1, #0
 131 003a EFD0     		beq	.L7
 131:effect.cpp    ****     }
 132              		.loc 2 131 9 is_stmt 1 view .LVU29
 131:effect.cpp    ****     }
 133              		.loc 2 131 27 is_stmt 0 view .LVU30
 134 003c 0021     		movs	r1, #0
 135 003e C161     		str	r1, [r0, #28]
 136 0040 ECE7     		b	.L7
 137              	.L13:
 130:effect.cpp    ****         currentLoopSample = 0;
 138              		.loc 2 130 24 view .LVU31
 139 0042 0B46     		mov	r3, r1
 134:effect.cpp    ****     lastRecEnabled = recordingEnabled.value;
ARM GAS  C:\Users\FINNDY~1\AppData\Local\Temp\cc0ACJmL.s 			page 10


 140              		.loc 2 134 5 is_stmt 1 view .LVU32
 135:effect.cpp    **** }
 141              		.loc 2 135 20 is_stmt 0 view .LVU33
 142 0044 80F82020 		strb	r2, [r0, #32]
 134:effect.cpp    ****     lastRecEnabled = recordingEnabled.value;
 143              		.loc 2 134 25 view .LVU34
 144 0048 80F82130 		strb	r3, [r0, #33]
 135:effect.cpp    **** }
 145              		.loc 2 135 5 is_stmt 1 view .LVU35
 146              		.loc 2 136 1 is_stmt 0 view .LVU36
 147 004c 7047     		bx	lr
 148              		.cfi_endproc
 149              	.LFE6789:
 151 004e 00BF     		.section	.text._ZN6Chorus6updateEv,"ax",%progbits
 152              		.align	1
 153              		.p2align 2,,3
 154              		.global	_ZN6Chorus6updateEv
 155              		.syntax unified
 156              		.thumb
 157              		.thumb_func
 158              		.fpu fpv5-d16
 160              	_ZN6Chorus6updateEv:
 161              	.LVL3:
 162              	.LFB6808:
 137:effect.cpp    **** 
 138:effect.cpp    **** 
 139:effect.cpp    **** // Delay
 140:effect.cpp    **** 
 141:effect.cpp    **** Delay::Delay(bool series) : Effect(series) {
 142:effect.cpp    ****     buffer = CircularBuffer((float*)sdram_alloc(DELAY_SIZE * sizeof(float), true), DELAY_SIZE, 0);
 143:effect.cpp    ****     enabled = EffectParameter<bool>("> Delay", false);
 144:effect.cpp    **** }
 145:effect.cpp    **** 
 146:effect.cpp    **** void Delay::apply(const float* in, float* out, size_t samples) {
 147:effect.cpp    **** 
 148:effect.cpp    ****     if (!enabled.value) return; // dumb that i have to put this on all of them
 149:effect.cpp    **** 
 150:effect.cpp    ****     buffer.setWriteOffset(delayAmount.value * buffer.size); // ie percent of maximum (value between
 151:effect.cpp    **** 
 152:effect.cpp    ****     for (size_t i = 0; i < samples; i++) {
 153:effect.cpp    ****         buffer.writeNext(in[i]);
 154:effect.cpp    ****         out[i] += buffer.readNext();
 155:effect.cpp    ****     }
 156:effect.cpp    ****     
 157:effect.cpp    **** }
 158:effect.cpp    **** 
 159:effect.cpp    **** 
 160:effect.cpp    **** // Tuner
 161:effect.cpp    **** 
 162:effect.cpp    **** // double buffer: one to copy to and one to process
 163:effect.cpp    **** 
 164:effect.cpp    **** Tuner::Tuner(bool series/* , size_t windowSize = DFT_WINDOW_SAMPLES */) : Effect(series) {
 165:effect.cpp    ****     dftTimeBufferA = (float*)sdram_alloc(DFT_WINDOW_SAMPLES * sizeof(float));
 166:effect.cpp    ****     dftTimeBufferB = (float*)sdram_alloc(DFT_WINDOW_SAMPLES * sizeof(float));
 167:effect.cpp    ****     enabled = EffectParameter<bool>("> Tuner", false);
 168:effect.cpp    **** }
 169:effect.cpp    **** 
ARM GAS  C:\Users\FINNDY~1\AppData\Local\Temp\cc0ACJmL.s 			page 11


 170:effect.cpp    **** void Tuner::apply(const float *in, float *out, size_t samples) {
 171:effect.cpp    **** 
 172:effect.cpp    ****     if (!enabled.value) return;
 173:effect.cpp    **** 
 174:effect.cpp    ****     if (usingBufferA)
 175:effect.cpp    ****         memcpy(&dftTimeBufferA[currentDftWindowSamples], in, samples * sizeof(float));
 176:effect.cpp    ****     else
 177:effect.cpp    ****         memcpy(&dftTimeBufferB[currentDftWindowSamples], in, samples * sizeof(float));
 178:effect.cpp    **** 
 179:effect.cpp    ****     currentDftWindowSamples += samples;
 180:effect.cpp    **** 
 181:effect.cpp    ****     if (currentDftWindowSamples >= DFT_WINDOW_SAMPLES) { // collected enough for 1 dft
 182:effect.cpp    ****         newDftReady = true;
 183:effect.cpp    ****         
 184:effect.cpp    ****         if (usingBufferA)
 185:effect.cpp    ****             memcpy(dftTimeBufferB, &dftTimeBufferA[DFT_NEW_WINDOW_SAMPLES], DFT_OVERLAP_SAMPLES * s
 186:effect.cpp    ****         else 
 187:effect.cpp    ****             memcpy(dftTimeBufferA, &dftTimeBufferB[DFT_NEW_WINDOW_SAMPLES], DFT_OVERLAP_SAMPLES * s
 188:effect.cpp    **** 
 189:effect.cpp    ****         currentDftWindowSamples = DFT_OVERLAP_SAMPLES;
 190:effect.cpp    ****         
 191:effect.cpp    ****         usingBufferA = !usingBufferA;
 192:effect.cpp    ****     }
 193:effect.cpp    **** }
 194:effect.cpp    **** 
 195:effect.cpp    **** void Tuner::update() {
 196:effect.cpp    **** 
 197:effect.cpp    ****     if (!(newDftReady && enabled.value)) return; // hopefully this happens between buffer swaps - t
 198:effect.cpp    **** 
 199:effect.cpp    ****     newDftReady = false;
 200:effect.cpp    **** 
 201:effect.cpp    ****     // run dft
 202:effect.cpp    ****     if (usingBufferA)
 203:effect.cpp    ****         ditfft2(dftTimeBufferB, DFT_WINDOW_SAMPLES, 1, dftFrequencyBuffer);
 204:effect.cpp    ****     else 
 205:effect.cpp    ****         ditfft2(dftTimeBufferA, DFT_WINDOW_SAMPLES, 1, dftFrequencyBuffer);
 206:effect.cpp    **** 
 207:effect.cpp    ****     float maxMagnitude = 0;
 208:effect.cpp    ****     int maxIdx = 0;
 209:effect.cpp    **** 
 210:effect.cpp    ****     for (int i = 0; i < DFT_WINDOW_SAMPLES / 2 + 1; i++) { // only half because it should be circul
 211:effect.cpp    ****         float mag = std::abs(dftFrequencyBuffer[i]);
 212:effect.cpp    **** 
 213:effect.cpp    ****         if (mag > maxMagnitude) {
 214:effect.cpp    ****             maxMagnitude = mag;
 215:effect.cpp    ****             maxIdx = i;
 216:effect.cpp    ****         }
 217:effect.cpp    ****     }
 218:effect.cpp    **** 
 219:effect.cpp    ****     maxFrequency = maxIdx * SAMPLE_RATE / (float)DFT_WINDOW_SAMPLES;  // k * fs / N
 220:effect.cpp    **** 
 221:effect.cpp    **** }
 222:effect.cpp    **** 
 223:effect.cpp    **** // Reverb
 224:effect.cpp    **** 
 225:effect.cpp    **** Reverb::Reverb(bool series) : Effect(false) { // maybe change apply so it copys input, otherise sho
 226:effect.cpp    ****     
ARM GAS  C:\Users\FINNDY~1\AppData\Local\Temp\cc0ACJmL.s 			page 12


 227:effect.cpp    ****     combFilters[0] = CombFilter(0.1f, 0.742f);
 228:effect.cpp    ****     combFilters[1] = CombFilter(0.1041f, 0.733f);
 229:effect.cpp    ****     combFilters[2] = CombFilter(0.1125f, 0.715f);
 230:effect.cpp    ****     combFilters[3] = CombFilter(0.1209f, 0.697f);
 231:effect.cpp    **** 
 232:effect.cpp    ****     allPassFilters[0] = AllPassFilter(0.0219f, 0.7f);
 233:effect.cpp    ****     allPassFilters[1] = AllPassFilter(0.007021f, 0.7f);
 234:effect.cpp    **** 
 235:effect.cpp    ****     enabled = EffectParameter<bool>("> Reverb", false);
 236:effect.cpp    **** 
 237:effect.cpp    **** }
 238:effect.cpp    **** 
 239:effect.cpp    **** void Reverb::apply(const float* in, float* out, size_t samples) {
 240:effect.cpp    **** 
 241:effect.cpp    ****     if (!enabled.value) return;
 242:effect.cpp    ****     
 243:effect.cpp    ****     for (size_t i = 0; i < NUM_COMB_FILTERS; i++) {
 244:effect.cpp    ****         combFilters[i].apply(in, out, samples);
 245:effect.cpp    ****     }
 246:effect.cpp    **** 
 247:effect.cpp    ****     for (size_t i = 0; i < NUM_AP_FILTERS; i++) {
 248:effect.cpp    ****         allPassFilters[i].apply(out, out, samples); // out -> out series application
 249:effect.cpp    ****     }
 250:effect.cpp    **** 
 251:effect.cpp    **** }
 252:effect.cpp    **** 
 253:effect.cpp    **** void Reverb::update() {
 254:effect.cpp    **** 
 255:effect.cpp    ****     for (int i = 0; i < NUM_COMB_FILTERS; i++) {
 256:effect.cpp    ****         combFilters[i].setParams(depth.value, mix.value);
 257:effect.cpp    ****     }
 258:effect.cpp    **** 
 259:effect.cpp    **** }
 260:effect.cpp    **** 
 261:effect.cpp    **** 
 262:effect.cpp    **** // Chorus
 263:effect.cpp    **** 
 264:effect.cpp    **** Chorus::Chorus(bool series, float maxDelay) : Effect(series) {
 265:effect.cpp    ****     osc.Init(SAMPLE_RATE);
 266:effect.cpp    ****     osc.SetWaveform(daisysp::Oscillator::WAVE_SIN);
 267:effect.cpp    ****     osc.SetAmp(0.5f);
 268:effect.cpp    **** 
 269:effect.cpp    ****     maxDelaySamples = maxDelay * SAMPLE_RATE;
 270:effect.cpp    ****     buffer = CircularBuffer((float*)sdram_alloc(maxDelaySamples * sizeof(float), true), maxDelaySam
 271:effect.cpp    **** 
 272:effect.cpp    ****     delaySamples = maxDelaySamples;
 273:effect.cpp    **** 
 274:effect.cpp    ****     enabled = EffectParameter<bool>("> Chorus", false);
 275:effect.cpp    ****     
 276:effect.cpp    **** }
 277:effect.cpp    **** 
 278:effect.cpp    **** void Chorus::apply(const float* in, float* out, size_t samples) {
 279:effect.cpp    **** 
 280:effect.cpp    ****     if (!enabled.value) return;
 281:effect.cpp    **** 
 282:effect.cpp    ****     for (size_t i = 0; i < samples; i++) {
 283:effect.cpp    ****         buffer.setReadOffset((osc.Process() + 0.5f) * delaySamples); // this might have to change t
ARM GAS  C:\Users\FINNDY~1\AppData\Local\Temp\cc0ACJmL.s 			page 13


 284:effect.cpp    **** 
 285:effect.cpp    ****         buffer.writeNext(in[i]);
 286:effect.cpp    ****         out[i] += buffer.readNext() * mix.value;
 287:effect.cpp    ****     }
 288:effect.cpp    **** 
 289:effect.cpp    **** }
 290:effect.cpp    **** 
 291:effect.cpp    **** void Chorus::update() {
 163              		.loc 2 291 23 is_stmt 1 view -0
 164              		.cfi_startproc
 165              		@ args = 0, pretend = 0, frame = 0
 166              		@ frame_needed = 0, uses_anonymous_args = 0
 292:effect.cpp    **** 
 293:effect.cpp    ****     osc.SetFreq(15 * frequency.value + 0.1f); // maybe make this logarithmic
 167              		.loc 2 293 5 view .LVU38
 168              		.loc 2 293 16 is_stmt 0 view .LVU39
 169 0000 F2EE0E7A 		vmov.f32	s15, #1.5e+1
 170 0004 90ED167A 		vldr.32	s14, [r0, #88]
 171 0008 9FED0C0A 		vldr.32	s0, .L20
 172 000c A7EE270A 		vfma.f32	s0, s14, s15
 291:effect.cpp    **** 
 173              		.loc 2 291 23 view .LVU40
 174 0010 10B5     		push	{r4, lr}
 175              		.cfi_def_cfa_offset 8
 176              		.cfi_offset 4, -8
 177              		.cfi_offset 14, -4
 291:effect.cpp    **** 
 178              		.loc 2 291 23 view .LVU41
 179 0012 0446     		mov	r4, r0
 180              	.LVL4:
 181              	.LBB182:
 182              	.LBI182:
 183              		.file 3 "../../DaisySP/Source/Synthesis/oscillator.h"
   1:../../DaisySP/Source/Synthesis/oscillator.h **** /*
   2:../../DaisySP/Source/Synthesis/oscillator.h **** Copyright (c) 2020 Electrosmith, Corp
   3:../../DaisySP/Source/Synthesis/oscillator.h **** 
   4:../../DaisySP/Source/Synthesis/oscillator.h **** Use of this source code is governed by an MIT-style
   5:../../DaisySP/Source/Synthesis/oscillator.h **** license that can be found in the LICENSE file or at
   6:../../DaisySP/Source/Synthesis/oscillator.h **** https://opensource.org/licenses/MIT.
   7:../../DaisySP/Source/Synthesis/oscillator.h **** */
   8:../../DaisySP/Source/Synthesis/oscillator.h **** 
   9:../../DaisySP/Source/Synthesis/oscillator.h **** #pragma once
  10:../../DaisySP/Source/Synthesis/oscillator.h **** #ifndef DSY_OSCILLATOR_H
  11:../../DaisySP/Source/Synthesis/oscillator.h **** #define DSY_OSCILLATOR_H
  12:../../DaisySP/Source/Synthesis/oscillator.h **** #include <stdint.h>
  13:../../DaisySP/Source/Synthesis/oscillator.h **** #include "Utility/dsp.h"
  14:../../DaisySP/Source/Synthesis/oscillator.h **** #ifdef __cplusplus
  15:../../DaisySP/Source/Synthesis/oscillator.h **** 
  16:../../DaisySP/Source/Synthesis/oscillator.h **** namespace daisysp
  17:../../DaisySP/Source/Synthesis/oscillator.h **** {
  18:../../DaisySP/Source/Synthesis/oscillator.h **** /** Synthesis of several waveforms, including polyBLEP bandlimited waveforms.
  19:../../DaisySP/Source/Synthesis/oscillator.h **** */
  20:../../DaisySP/Source/Synthesis/oscillator.h **** class Oscillator
  21:../../DaisySP/Source/Synthesis/oscillator.h **** {
  22:../../DaisySP/Source/Synthesis/oscillator.h ****   public:
  23:../../DaisySP/Source/Synthesis/oscillator.h ****     Oscillator() {}
  24:../../DaisySP/Source/Synthesis/oscillator.h ****     ~Oscillator() {}
ARM GAS  C:\Users\FINNDY~1\AppData\Local\Temp\cc0ACJmL.s 			page 14


  25:../../DaisySP/Source/Synthesis/oscillator.h ****     /** Choices for output waveforms, POLYBLEP are appropriately labeled. Others are naive forms.
  26:../../DaisySP/Source/Synthesis/oscillator.h ****     */
  27:../../DaisySP/Source/Synthesis/oscillator.h ****     enum
  28:../../DaisySP/Source/Synthesis/oscillator.h ****     {
  29:../../DaisySP/Source/Synthesis/oscillator.h ****         WAVE_SIN,
  30:../../DaisySP/Source/Synthesis/oscillator.h ****         WAVE_TRI,
  31:../../DaisySP/Source/Synthesis/oscillator.h ****         WAVE_SAW,
  32:../../DaisySP/Source/Synthesis/oscillator.h ****         WAVE_RAMP,
  33:../../DaisySP/Source/Synthesis/oscillator.h ****         WAVE_SQUARE,
  34:../../DaisySP/Source/Synthesis/oscillator.h ****         WAVE_POLYBLEP_TRI,
  35:../../DaisySP/Source/Synthesis/oscillator.h ****         WAVE_POLYBLEP_SAW,
  36:../../DaisySP/Source/Synthesis/oscillator.h ****         WAVE_POLYBLEP_SQUARE,
  37:../../DaisySP/Source/Synthesis/oscillator.h ****         WAVE_LAST,
  38:../../DaisySP/Source/Synthesis/oscillator.h ****     };
  39:../../DaisySP/Source/Synthesis/oscillator.h **** 
  40:../../DaisySP/Source/Synthesis/oscillator.h **** 
  41:../../DaisySP/Source/Synthesis/oscillator.h ****     /** Initializes the Oscillator
  42:../../DaisySP/Source/Synthesis/oscillator.h **** 
  43:../../DaisySP/Source/Synthesis/oscillator.h ****         \param sample_rate - sample rate of the audio engine being run, and the frequency that the 
  44:../../DaisySP/Source/Synthesis/oscillator.h **** 
  45:../../DaisySP/Source/Synthesis/oscillator.h ****         Defaults:
  46:../../DaisySP/Source/Synthesis/oscillator.h ****         - freq_ = 100 Hz
  47:../../DaisySP/Source/Synthesis/oscillator.h ****         - amp_ = 0.5
  48:../../DaisySP/Source/Synthesis/oscillator.h ****         - waveform_ = sine wave.
  49:../../DaisySP/Source/Synthesis/oscillator.h ****     */
  50:../../DaisySP/Source/Synthesis/oscillator.h ****     void Init(float sample_rate)
  51:../../DaisySP/Source/Synthesis/oscillator.h ****     {
  52:../../DaisySP/Source/Synthesis/oscillator.h ****         sr_        = sample_rate;
  53:../../DaisySP/Source/Synthesis/oscillator.h ****         sr_recip_  = 1.0f / sample_rate;
  54:../../DaisySP/Source/Synthesis/oscillator.h ****         freq_      = 100.0f;
  55:../../DaisySP/Source/Synthesis/oscillator.h ****         amp_       = 0.5f;
  56:../../DaisySP/Source/Synthesis/oscillator.h ****         pw_        = 0.5f;
  57:../../DaisySP/Source/Synthesis/oscillator.h ****         phase_     = 0.0f;
  58:../../DaisySP/Source/Synthesis/oscillator.h ****         phase_inc_ = CalcPhaseInc(freq_);
  59:../../DaisySP/Source/Synthesis/oscillator.h ****         waveform_  = WAVE_SIN;
  60:../../DaisySP/Source/Synthesis/oscillator.h ****         eoc_       = true;
  61:../../DaisySP/Source/Synthesis/oscillator.h ****         eor_       = true;
  62:../../DaisySP/Source/Synthesis/oscillator.h ****     }
  63:../../DaisySP/Source/Synthesis/oscillator.h **** 
  64:../../DaisySP/Source/Synthesis/oscillator.h **** 
  65:../../DaisySP/Source/Synthesis/oscillator.h ****     /** Changes the frequency of the Oscillator, and recalculates phase increment.
  66:../../DaisySP/Source/Synthesis/oscillator.h ****     */
  67:../../DaisySP/Source/Synthesis/oscillator.h ****     inline void SetFreq(const float f)
 184              		.loc 3 67 17 is_stmt 1 view .LVU42
 185              	.LBB183:
  68:../../DaisySP/Source/Synthesis/oscillator.h ****     {
  69:../../DaisySP/Source/Synthesis/oscillator.h ****         freq_      = f;
 186              		.loc 3 69 9 view .LVU43
  70:../../DaisySP/Source/Synthesis/oscillator.h ****         phase_inc_ = CalcPhaseInc(f);
 187              		.loc 3 70 34 is_stmt 0 view .LVU44
 188 0014 1430     		adds	r0, r0, #20
 189              	.LVL5:
  69:../../DaisySP/Source/Synthesis/oscillator.h ****         phase_inc_ = CalcPhaseInc(f);
 190              		.loc 3 69 20 view .LVU45
 191 0016 84ED070A 		vstr.32	s0, [r4, #28]
 192              		.loc 3 70 9 is_stmt 1 view .LVU46
 193              		.loc 3 70 34 is_stmt 0 view .LVU47
ARM GAS  C:\Users\FINNDY~1\AppData\Local\Temp\cc0ACJmL.s 			page 15


 194 001a FFF7FEFF 		bl	_ZN7daisysp10Oscillator12CalcPhaseIncEf
 195              	.LVL6:
 196              		.loc 3 70 34 view .LVU48
 197              	.LBE183:
 198              	.LBE182:
 294:effect.cpp    ****     delaySamples = maxDelaySamples * depth.value;
 199              		.loc 2 294 36 view .LVU49
 200 001e D4ED147A 		vldr.32	s15, [r4, #80]	@ int
 201 0022 94ED197A 		vldr.32	s14, [r4, #100]
 202 0026 F8EE677A 		vcvt.f32.u32	s15, s15
 203              	.LBB185:
 204              	.LBB184:
 205              		.loc 3 70 20 view .LVU50
 206 002a 84ED0C0A 		vstr.32	s0, [r4, #48]
 207              	.LVL7:
 208              		.loc 3 70 20 view .LVU51
 209              	.LBE184:
 210              	.LBE185:
 211              		.loc 2 294 5 is_stmt 1 view .LVU52
 212              		.loc 2 294 36 is_stmt 0 view .LVU53
 213 002e 67EE877A 		vmul.f32	s15, s15, s14
 214              		.loc 2 294 18 view .LVU54
 215 0032 FCEEE77A 		vcvt.u32.f32	s15, s15
 216 0036 C4ED157A 		vstr.32	s15, [r4, #84]	@ int
 295:effect.cpp    **** 
 296:effect.cpp    **** }
 217              		.loc 2 296 1 view .LVU55
 218 003a 10BD     		pop	{r4, pc}
 219              	.LVL8:
 220              	.L21:
 221              		.loc 2 296 1 view .LVU56
 222              		.align	2
 223              	.L20:
 224 003c CDCCCC3D 		.word	1036831949
 225              		.cfi_endproc
 226              	.LFE6808:
 228              		.section	.text._ZN10BitCrusher5applyEPKfPfj,"ax",%progbits
 229              		.align	1
 230              		.p2align 2,,3
 231              		.global	_ZN10BitCrusher5applyEPKfPfj
 232              		.syntax unified
 233              		.thumb
 234              		.thumb_func
 235              		.fpu fpv5-d16
 237              	_ZN10BitCrusher5applyEPKfPfj:
 238              	.LVL9:
 239              	.LFB6812:
 297:effect.cpp    **** 
 298:effect.cpp    **** 
 299:effect.cpp    **** // BitCrusher
 300:effect.cpp    **** 
 301:effect.cpp    **** BitCrusher::BitCrusher(bool series) : Effect(series) {
 302:effect.cpp    ****     enabled = EffectParameter<bool>("> Bit Crusher", false);
 303:effect.cpp    **** }
 304:effect.cpp    **** 
 305:effect.cpp    **** void BitCrusher::apply(const float* in, float* out, size_t samples) {
 240              		.loc 2 305 69 is_stmt 1 view -0
ARM GAS  C:\Users\FINNDY~1\AppData\Local\Temp\cc0ACJmL.s 			page 16


 241              		.cfi_startproc
 242              		@ args = 0, pretend = 0, frame = 8
 243              		@ frame_needed = 0, uses_anonymous_args = 0
 306:effect.cpp    **** 
 307:effect.cpp    ****     if (!enabled.value) return;
 244              		.loc 2 307 5 view .LVU58
 305:effect.cpp    **** 
 245              		.loc 2 305 69 is_stmt 0 view .LVU59
 246 0000 10B5     		push	{r4, lr}
 247              		.cfi_def_cfa_offset 8
 248              		.cfi_offset 4, -8
 249              		.cfi_offset 14, -4
 250              		.loc 2 307 5 view .LVU60
 251 0002 0479     		ldrb	r4, [r0, #4]	@ zero_extendqisi2
 305:effect.cpp    **** 
 252              		.loc 2 305 69 view .LVU61
 253 0004 82B0     		sub	sp, sp, #8
 254              		.cfi_def_cfa_offset 16
 255              		.loc 2 307 5 view .LVU62
 256 0006 1CB3     		cbz	r4, .L22
 257              	.LVL10:
 258              	.LBB189:
 259              	.LBI189:
 305:effect.cpp    **** 
 260              		.loc 2 305 6 is_stmt 1 view .LVU63
 261              	.LBB190:
 308:effect.cpp    ****     
 309:effect.cpp    ****     // float crushAmount = (amount.value + 1) * 1200;
 310:effect.cpp    ****     // int mask = ~((int)(amount.value * CRUSH_AMOUNT_SCALE));
 311:effect.cpp    **** 
 312:effect.cpp    ****     // TODO: 32 magic number moment
 313:effect.cpp    ****     int downsampleValue = amount.value * 32 + 2; // could go in update
 262              		.loc 2 313 5 view .LVU64
 263              		.loc 2 313 45 is_stmt 0 view .LVU65
 264 0008 F0EE007A 		vmov.f32	s15, #2.0e+0
 265 000c D0ED076A 		vldr.32	s13, [r0, #28]
 266 0010 9FED107A 		vldr.32	s14, .L37
 267 0014 E6EE877A 		vfma.f32	s15, s13, s14
 268              		.loc 2 313 9 view .LVU66
 269 0018 FDEEE77A 		vcvt.s32.f32	s15, s15
 270 001c CDED017A 		vstr.32	s15, [sp, #4]	@ int
 271              	.LVL11:
 314:effect.cpp    **** 
 315:effect.cpp    ****     for (size_t i = 0; i < samples; i++) {
 272              		.loc 2 315 5 is_stmt 1 view .LVU67
 273              	.LBB191:
 274              		.loc 2 315 26 view .LVU68
 275 0020 B3B1     		cbz	r3, .L22
 276 0022 4FEA830E 		lsl	lr, r3, #2
 277 0026 8469     		ldr	r4, [r0, #24]
 278 0028 0023     		movs	r3, #0
 279              	.LVL12:
 280              		.loc 2 315 26 is_stmt 0 view .LVU69
 281 002a 08E0     		b	.L26
 282              	.LVL13:
 283              	.L36:
 316:effect.cpp    ****         // TODO: figure out equals / += or series or whatever
ARM GAS  C:\Users\FINNDY~1\AppData\Local\Temp\cc0ACJmL.s 			page 17


 317:effect.cpp    ****         
 318:effect.cpp    ****         if (heldSamples <= 0) {
 319:effect.cpp    ****             heldSamples = downsampleValue;
 320:effect.cpp    ****             heldValue = in[i];
 321:effect.cpp    ****         }
 322:effect.cpp    **** 
 323:effect.cpp    ****         out[i] = heldValue;
 284              		.loc 2 323 18 view .LVU70
 285 002c D0F814C0 		ldr	ip, [r0, #20]	@ float
 286              	.L25:
 287              		.loc 2 323 9 is_stmt 1 view .LVU71
 315:effect.cpp    ****         // TODO: figure out equals / += or series or whatever
 288              		.loc 2 315 26 is_stmt 0 view .LVU72
 289 0030 0433     		adds	r3, r3, #4
 324:effect.cpp    ****         heldSamples--;
 290              		.loc 2 324 20 view .LVU73
 291 0032 013C     		subs	r4, r4, #1
 315:effect.cpp    ****         // TODO: figure out equals / += or series or whatever
 292              		.loc 2 315 26 view .LVU74
 293 0034 0431     		adds	r1, r1, #4
 323:effect.cpp    ****         heldSamples--;
 294              		.loc 2 323 16 view .LVU75
 295 0036 42F804CB 		str	ip, [r2], #4	@ float
 296              		.loc 2 324 9 is_stmt 1 view .LVU76
 315:effect.cpp    ****         // TODO: figure out equals / += or series or whatever
 297              		.loc 2 315 5 view .LVU77
 315:effect.cpp    ****         // TODO: figure out equals / += or series or whatever
 298              		.loc 2 315 26 view .LVU78
 299 003a 7345     		cmp	r3, lr
 300 003c 07D0     		beq	.L35
 301              	.L26:
 318:effect.cpp    ****             heldSamples = downsampleValue;
 302              		.loc 2 318 9 view .LVU79
 319:effect.cpp    ****             heldValue = in[i];
 303              		.loc 2 319 13 view .LVU80
 320:effect.cpp    ****         }
 304              		.loc 2 320 13 view .LVU81
 318:effect.cpp    ****             heldSamples = downsampleValue;
 305              		.loc 2 318 9 is_stmt 0 view .LVU82
 306 003e 002C     		cmp	r4, #0
 307 0040 F4DC     		bgt	.L36
 320:effect.cpp    ****         }
 308              		.loc 2 320 29 view .LVU83
 309 0042 D1F800C0 		ldr	ip, [r1]	@ float
 319:effect.cpp    ****             heldValue = in[i];
 310              		.loc 2 319 25 view .LVU84
 311 0046 019C     		ldr	r4, [sp, #4]
 320:effect.cpp    ****         }
 312              		.loc 2 320 23 view .LVU85
 313 0048 C0F814C0 		str	ip, [r0, #20]	@ float
 314 004c F0E7     		b	.L25
 315              	.L35:
 320:effect.cpp    ****         }
 316              		.loc 2 320 23 view .LVU86
 317 004e 8461     		str	r4, [r0, #24]
 318              	.LVL14:
 319              	.L22:
ARM GAS  C:\Users\FINNDY~1\AppData\Local\Temp\cc0ACJmL.s 			page 18


 320:effect.cpp    ****         }
 320              		.loc 2 320 23 view .LVU87
 321              	.LBE191:
 322              	.LBE190:
 323              	.LBE189:
 325:effect.cpp    **** 
 326:effect.cpp    ****         // out[i] = (((int)(in[i] * (INT16_MAX))) & (mask)) / (float)(INT16_MAX);
 327:effect.cpp    ****         // out[i] = ((int)(in[i] * crushAmount)) / crushAmount;
 328:effect.cpp    **** 
 329:effect.cpp    ****     }
 330:effect.cpp    **** 
 331:effect.cpp    **** }
 324              		.loc 2 331 1 view .LVU88
 325 0050 02B0     		add	sp, sp, #8
 326              		.cfi_def_cfa_offset 8
 327              		@ sp needed
 328 0052 10BD     		pop	{r4, pc}
 329              	.L38:
 330              		.align	2
 331              	.L37:
 332 0054 00000042 		.word	1107296256
 333              		.cfi_endproc
 334              	.LFE6812:
 336              		.section	.text._ZN5Delay5applyEPKfPfj,"ax",%progbits
 337              		.align	1
 338              		.p2align 2,,3
 339              		.global	_ZN5Delay5applyEPKfPfj
 340              		.syntax unified
 341              		.thumb
 342              		.thumb_func
 343              		.fpu fpv5-d16
 345              	_ZN5Delay5applyEPKfPfj:
 346              	.LVL15:
 347              	.LFB6793:
 146:effect.cpp    **** 
 348              		.loc 2 146 64 is_stmt 1 view -0
 349              		.cfi_startproc
 350              		@ args = 0, pretend = 0, frame = 0
 351              		@ frame_needed = 0, uses_anonymous_args = 0
 148:effect.cpp    **** 
 352              		.loc 2 148 5 view .LVU90
 146:effect.cpp    **** 
 353              		.loc 2 146 64 is_stmt 0 view .LVU91
 354 0000 2DE9F041 		push	{r4, r5, r6, r7, r8, lr}
 355              		.cfi_def_cfa_offset 24
 356              		.cfi_offset 4, -24
 357              		.cfi_offset 5, -20
 358              		.cfi_offset 6, -16
 359              		.cfi_offset 7, -12
 360              		.cfi_offset 8, -8
 361              		.cfi_offset 14, -4
 146:effect.cpp    **** 
 362              		.loc 2 146 64 view .LVU92
 363 0004 9846     		mov	r8, r3
 148:effect.cpp    **** 
 364              		.loc 2 148 5 view .LVU93
 365 0006 0379     		ldrb	r3, [r0, #4]	@ zero_extendqisi2
ARM GAS  C:\Users\FINNDY~1\AppData\Local\Temp\cc0ACJmL.s 			page 19


 366              	.LVL16:
 148:effect.cpp    **** 
 367              		.loc 2 148 5 view .LVU94
 368 0008 0BB9     		cbnz	r3, .L50
 369              	.LVL17:
 370              	.L39:
 157:effect.cpp    **** 
 371              		.loc 2 157 1 view .LVU95
 372 000a BDE8F081 		pop	{r4, r5, r6, r7, r8, pc}
 373              	.LVL18:
 374              	.L50:
 375              	.LBB195:
 376              	.LBB196:
 150:effect.cpp    **** 
 377              		.loc 2 150 45 view .LVU96
 378 000e D0ED087A 		vldr.32	s15, [r0, #32]	@ int
 150:effect.cpp    **** 
 379              		.loc 2 150 26 view .LVU97
 380 0012 00F11407 		add	r7, r0, #20
 150:effect.cpp    **** 
 381              		.loc 2 150 45 view .LVU98
 382 0016 90ED097A 		vldr.32	s14, [r0, #36]
 383 001a 0E46     		mov	r6, r1
 384              	.LVL19:
 150:effect.cpp    **** 
 385              		.loc 2 150 45 view .LVU99
 386 001c F8EE677A 		vcvt.f32.u32	s15, s15
 150:effect.cpp    **** 
 387              		.loc 2 150 26 view .LVU100
 388 0020 3846     		mov	r0, r7
 389              	.LVL20:
 150:effect.cpp    **** 
 390              		.loc 2 150 26 view .LVU101
 391 0022 1446     		mov	r4, r2
 392              	.LVL21:
 150:effect.cpp    **** 
 393              		.loc 2 150 26 view .LVU102
 394              	.LBE196:
 395              	.LBI195:
 146:effect.cpp    **** 
 396              		.loc 2 146 6 is_stmt 1 view .LVU103
 397              	.LBB198:
 150:effect.cpp    **** 
 398              		.loc 2 150 5 view .LVU104
 150:effect.cpp    **** 
 399              		.loc 2 150 45 is_stmt 0 view .LVU105
 400 0024 67EE877A 		vmul.f32	s15, s15, s14
 150:effect.cpp    **** 
 401              		.loc 2 150 26 view .LVU106
 402 0028 FCEEE77A 		vcvt.u32.f32	s15, s15
 403 002c 17EE901A 		vmov	r1, s15	@ int
 404              	.LVL22:
 150:effect.cpp    **** 
 405              		.loc 2 150 26 view .LVU107
 406 0030 FFF7FEFF 		bl	_ZN14CircularBuffer14setWriteOffsetEj
 407              	.LVL23:
 152:effect.cpp    ****         buffer.writeNext(in[i]);
ARM GAS  C:\Users\FINNDY~1\AppData\Local\Temp\cc0ACJmL.s 			page 20


 408              		.loc 2 152 5 is_stmt 1 view .LVU108
 409              	.LBB197:
 152:effect.cpp    ****         buffer.writeNext(in[i]);
 410              		.loc 2 152 26 view .LVU109
 411 0034 B8F1000F 		cmp	r8, #0
 412 0038 E7D0     		beq	.L39
 152:effect.cpp    ****         buffer.writeNext(in[i]);
 413              		.loc 2 152 17 is_stmt 0 view .LVU110
 414 003a 0025     		movs	r5, #0
 415              	.LVL24:
 416              	.L41:
 153:effect.cpp    ****         out[i] += buffer.readNext();
 417              		.loc 2 153 9 is_stmt 1 view .LVU111
 153:effect.cpp    ****         out[i] += buffer.readNext();
 418              		.loc 2 153 25 is_stmt 0 view .LVU112
 419 003c B6EC010A 		vldmia.32	r6!, {s0}
 420 0040 3846     		mov	r0, r7
 421 0042 FFF7FEFF 		bl	_ZN14CircularBuffer9writeNextEf
 422              	.LVL25:
 154:effect.cpp    ****     }
 423              		.loc 2 154 9 is_stmt 1 view .LVU113
 154:effect.cpp    ****     }
 424              		.loc 2 154 34 is_stmt 0 view .LVU114
 425 0046 3846     		mov	r0, r7
 426 0048 FFF7FEFF 		bl	_ZN14CircularBuffer8readNextEv
 427              	.LVL26:
 154:effect.cpp    ****     }
 428              		.loc 2 154 16 view .LVU115
 429 004c D4ED007A 		vldr.32	s15, [r4]
 152:effect.cpp    ****         buffer.writeNext(in[i]);
 430              		.loc 2 152 5 view .LVU116
 431 0050 0135     		adds	r5, r5, #1
 432              	.LVL27:
 154:effect.cpp    ****     }
 433              		.loc 2 154 16 view .LVU117
 434 0052 30EE270A 		vadd.f32	s0, s0, s15
 152:effect.cpp    ****         buffer.writeNext(in[i]);
 435              		.loc 2 152 26 view .LVU118
 436 0056 A845     		cmp	r8, r5
 154:effect.cpp    ****     }
 437              		.loc 2 154 16 view .LVU119
 438 0058 A4EC010A 		vstmia.32	r4!, {s0}
 152:effect.cpp    ****         buffer.writeNext(in[i]);
 439              		.loc 2 152 5 is_stmt 1 view .LVU120
 440              	.LVL28:
 152:effect.cpp    ****         buffer.writeNext(in[i]);
 441              		.loc 2 152 26 view .LVU121
 442 005c EED1     		bne	.L41
 443              	.LBE197:
 444              	.LBE198:
 445              	.LBE195:
 157:effect.cpp    **** 
 446              		.loc 2 157 1 is_stmt 0 view .LVU122
 447 005e BDE8F081 		pop	{r4, r5, r6, r7, r8, pc}
 157:effect.cpp    **** 
 448              		.loc 2 157 1 view .LVU123
 449              		.cfi_endproc
ARM GAS  C:\Users\FINNDY~1\AppData\Local\Temp\cc0ACJmL.s 			page 21


 450              	.LFE6793:
 452 0062 00BF     		.section	.text._ZN6Looper5applyEPKfPfj,"ax",%progbits
 453              		.align	1
 454              		.p2align 2,,3
 455              		.global	_ZN6Looper5applyEPKfPfj
 456              		.syntax unified
 457              		.thumb
 458              		.thumb_func
 459              		.fpu fpv5-d16
 461              	_ZN6Looper5applyEPKfPfj:
 462              	.LVL29:
 463              	.LFB6788:
 103:effect.cpp    **** 
 464              		.loc 2 103 65 is_stmt 1 view -0
 465              		.cfi_startproc
 466              		@ args = 0, pretend = 0, frame = 0
 467              		@ frame_needed = 0, uses_anonymous_args = 0
 103:effect.cpp    **** 
 468              		.loc 2 103 65 is_stmt 0 view .LVU125
 469 0000 F8B5     		push	{r3, r4, r5, r6, r7, lr}
 470              		.cfi_def_cfa_offset 24
 471              		.cfi_offset 3, -24
 472              		.cfi_offset 4, -20
 473              		.cfi_offset 5, -16
 474              		.cfi_offset 6, -12
 475              		.cfi_offset 7, -8
 476              		.cfi_offset 14, -4
 103:effect.cpp    **** 
 477              		.loc 2 103 65 view .LVU126
 478 0002 0446     		mov	r4, r0
 106:effect.cpp    **** 
 479              		.loc 2 106 5 is_stmt 1 view .LVU127
 480              	.LBB206:
 481 0004 90F82400 		ldrb	r0, [r0, #36]	@ zero_extendqisi2
 482              	.LVL30:
 106:effect.cpp    **** 
 483              		.loc 2 106 5 is_stmt 0 view .LVU128
 484              	.LBE206:
 103:effect.cpp    **** 
 485              		.loc 2 103 65 view .LVU129
 486 0008 1F46     		mov	r7, r3
 487              	.LBB207:
 106:effect.cpp    **** 
 488              		.loc 2 106 5 view .LVU130
 489 000a 30B1     		cbz	r0, .L52
 108:effect.cpp    ****             memcpy(buffer + loopSamples, in, sizeof(float) * samples);
 490              		.loc 2 108 9 is_stmt 1 view .LVU131
 108:effect.cpp    ****             memcpy(buffer + loopSamples, in, sizeof(float) * samples);
 491              		.loc 2 108 13 is_stmt 0 view .LVU132
 492 000c A269     		ldr	r2, [r4, #24]
 493              	.LVL31:
 108:effect.cpp    ****             memcpy(buffer + loopSamples, in, sizeof(float) * samples);
 494              		.loc 2 108 9 view .LVU133
 495 000e 1848     		ldr	r0, .L63
 108:effect.cpp    ****             memcpy(buffer + loopSamples, in, sizeof(float) * samples);
 496              		.loc 2 108 25 view .LVU134
 497 0010 02EB030C 		add	ip, r2, r3
ARM GAS  C:\Users\FINNDY~1\AppData\Local\Temp\cc0ACJmL.s 			page 22


 108:effect.cpp    ****             memcpy(buffer + loopSamples, in, sizeof(float) * samples);
 498              		.loc 2 108 9 view .LVU135
 499 0014 8445     		cmp	ip, r0
 500 0016 20D9     		bls	.L62
 501              	.LVL32:
 502              	.L51:
 108:effect.cpp    ****             memcpy(buffer + loopSamples, in, sizeof(float) * samples);
 503              		.loc 2 108 9 view .LVU136
 504              	.LBE207:
 123:effect.cpp    **** 
 505              		.loc 2 123 1 view .LVU137
 506 0018 F8BD     		pop	{r3, r4, r5, r6, r7, pc}
 507              	.LVL33:
 508              	.L52:
 509              	.LBB208:
 510              	.LBI208:
 103:effect.cpp    **** 
 511              		.loc 2 103 6 is_stmt 1 view .LVU138
 103:effect.cpp    **** 
 512              		.loc 2 103 6 is_stmt 0 view .LVU139
 513              	.LBE208:
 113:effect.cpp    **** 
 514              		.loc 2 113 12 is_stmt 1 view .LVU140
 515              	.LBB213:
 516              	.LBB209:
 517 001a 2179     		ldrb	r1, [r4, #4]	@ zero_extendqisi2
 518              	.LVL34:
 113:effect.cpp    **** 
 519              		.loc 2 113 12 is_stmt 0 view .LVU141
 520 001c 0029     		cmp	r1, #0
 521 001e FBD0     		beq	.L51
 113:effect.cpp    **** 
 522              		.loc 2 113 33 view .LVU142
 523 0020 A569     		ldr	r5, [r4, #24]
 113:effect.cpp    **** 
 524              		.loc 2 113 30 view .LVU143
 525 0022 4BF68031 		movw	r1, #48000
 526 0026 8D42     		cmp	r5, r1
 527 0028 F6DD     		ble	.L51
 528              	.LVL35:
 529              	.LBB210:
 530              	.LBB211:
 115:effect.cpp    ****             out[i] += buffer[currentLoopSample + i];
 531              		.loc 2 115 30 is_stmt 1 view .LVU144
 532              	.LBE211:
 119:effect.cpp    ****         currentLoopSample %= loopSamples;
 533              		.loc 2 119 27 is_stmt 0 view .LVU145
 534 002a E669     		ldr	r6, [r4, #28]
 535              	.LBB212:
 115:effect.cpp    ****             out[i] += buffer[currentLoopSample + i];
 536              		.loc 2 115 30 view .LVU146
 537 002c 73B1     		cbz	r3, .L55
 538 002e 6169     		ldr	r1, [r4, #20]
 539 0030 02EB8300 		add	r0, r2, r3, lsl #2
 540 0034 01EB8601 		add	r1, r1, r6, lsl #2
 541              	.LVL36:
 542              	.L56:
ARM GAS  C:\Users\FINNDY~1\AppData\Local\Temp\cc0ACJmL.s 			page 23


 116:effect.cpp    ****         }
 543              		.loc 2 116 13 is_stmt 1 view .LVU147
 116:effect.cpp    ****         }
 544              		.loc 2 116 20 is_stmt 0 view .LVU148
 545 0038 D2ED007A 		vldr.32	s15, [r2]
 116:effect.cpp    ****         }
 546              		.loc 2 116 51 view .LVU149
 547 003c B1EC017A 		vldmia.32	r1!, {s14}
 116:effect.cpp    ****         }
 548              		.loc 2 116 20 view .LVU150
 549 0040 77EE877A 		vadd.f32	s15, s15, s14
 550 0044 E2EC017A 		vstmia.32	r2!, {s15}
 115:effect.cpp    ****             out[i] += buffer[currentLoopSample + i];
 551              		.loc 2 115 9 is_stmt 1 view .LVU151
 115:effect.cpp    ****             out[i] += buffer[currentLoopSample + i];
 552              		.loc 2 115 30 view .LVU152
 553 0048 8242     		cmp	r2, r0
 554 004a F5D1     		bne	.L56
 555              	.L55:
 556              	.LBE212:
 119:effect.cpp    ****         currentLoopSample %= loopSamples;
 557              		.loc 2 119 9 view .LVU153
 120:effect.cpp    ****     } 
 558              		.loc 2 120 9 view .LVU154
 119:effect.cpp    ****         currentLoopSample %= loopSamples;
 559              		.loc 2 119 27 is_stmt 0 view .LVU155
 560 004c BB19     		adds	r3, r7, r6
 561              	.LVL37:
 120:effect.cpp    ****     } 
 562              		.loc 2 120 27 view .LVU156
 563 004e 93FBF5F2 		sdiv	r2, r3, r5
 564 0052 05FB1233 		mls	r3, r5, r2, r3
 565 0056 E361     		str	r3, [r4, #28]
 566              	.LVL38:
 120:effect.cpp    ****     } 
 567              		.loc 2 120 27 view .LVU157
 568              	.LBE210:
 569              	.LBE209:
 570              	.LBE213:
 123:effect.cpp    **** 
 571              		.loc 2 123 1 view .LVU158
 572 0058 F8BD     		pop	{r3, r4, r5, r6, r7, pc}
 573              	.LVL39:
 574              	.L62:
 575              	.LBB214:
 109:effect.cpp    ****             loopSamples += samples;
 576              		.loc 2 109 13 is_stmt 1 view .LVU159
 109:effect.cpp    ****             loopSamples += samples;
 577              		.loc 2 109 27 is_stmt 0 view .LVU160
 578 005a 6069     		ldr	r0, [r4, #20]
 109:effect.cpp    ****             loopSamples += samples;
 579              		.loc 2 109 19 view .LVU161
 580 005c 00EB8200 		add	r0, r0, r2, lsl #2
 581 0060 9A00     		lsls	r2, r3, #2
 582 0062 FFF7FEFF 		bl	memcpy
 583              	.LVL40:
 110:effect.cpp    ****         }
ARM GAS  C:\Users\FINNDY~1\AppData\Local\Temp\cc0ACJmL.s 			page 24


 584              		.loc 2 110 13 is_stmt 1 view .LVU162
 110:effect.cpp    ****         }
 585              		.loc 2 110 25 is_stmt 0 view .LVU163
 586 0066 A269     		ldr	r2, [r4, #24]
 587 0068 3A44     		add	r2, r2, r7
 588 006a A261     		str	r2, [r4, #24]
 589              	.LBE214:
 123:effect.cpp    **** 
 590              		.loc 2 123 1 view .LVU164
 591 006c F8BD     		pop	{r3, r4, r5, r6, r7, pc}
 592              	.LVL41:
 593              	.L64:
 123:effect.cpp    **** 
 594              		.loc 2 123 1 view .LVU165
 595 006e 00BF     		.align	2
 596              	.L63:
 597 0070 00F22B00 		.word	2880000
 598              		.cfi_endproc
 599              	.LFE6788:
 601              		.section	.text._ZN5Tuner5applyEPKfPfj,"ax",%progbits
 602              		.align	1
 603              		.p2align 2,,3
 604              		.global	_ZN5Tuner5applyEPKfPfj
 605              		.syntax unified
 606              		.thumb
 607              		.thumb_func
 608              		.fpu fpv5-d16
 610              	_ZN5Tuner5applyEPKfPfj:
 611              	.LVL42:
 612              	.LFB6797:
 170:effect.cpp    **** 
 613              		.loc 2 170 64 is_stmt 1 view -0
 614              		.cfi_startproc
 615              		@ args = 0, pretend = 0, frame = 0
 616              		@ frame_needed = 0, uses_anonymous_args = 0
 172:effect.cpp    **** 
 617              		.loc 2 172 5 view .LVU167
 170:effect.cpp    **** 
 618              		.loc 2 170 64 is_stmt 0 view .LVU168
 619 0000 38B5     		push	{r3, r4, r5, lr}
 620              		.cfi_def_cfa_offset 16
 621              		.cfi_offset 3, -16
 622              		.cfi_offset 4, -12
 623              		.cfi_offset 5, -8
 624              		.cfi_offset 14, -4
 170:effect.cpp    **** 
 625              		.loc 2 170 64 view .LVU169
 626 0002 1D46     		mov	r5, r3
 172:effect.cpp    **** 
 627              		.loc 2 172 5 view .LVU170
 628 0004 0379     		ldrb	r3, [r0, #4]	@ zero_extendqisi2
 629              	.LVL43:
 172:effect.cpp    **** 
 630              		.loc 2 172 5 view .LVU171
 631 0006 23B3     		cbz	r3, .L65
 632              	.LVL44:
 633              	.LBB217:
ARM GAS  C:\Users\FINNDY~1\AppData\Local\Temp\cc0ACJmL.s 			page 25


 634              	.LBI217:
 170:effect.cpp    **** 
 635              		.loc 2 170 6 is_stmt 1 view .LVU172
 636              	.LBB218:
 174:effect.cpp    ****         memcpy(&dftTimeBufferA[currentDftWindowSamples], in, samples * sizeof(float));
 637              		.loc 2 174 5 view .LVU173
 638 0008 037F     		ldrb	r3, [r0, #28]	@ zero_extendqisi2
 639 000a 0446     		mov	r4, r0
 175:effect.cpp    ****     else
 640              		.loc 2 175 55 is_stmt 0 view .LVU174
 641 000c 006A     		ldr	r0, [r0, #32]
 642              	.LVL45:
 174:effect.cpp    ****         memcpy(&dftTimeBufferA[currentDftWindowSamples], in, samples * sizeof(float));
 643              		.loc 2 174 5 view .LVU175
 644 000e 0BBB     		cbnz	r3, .L74
 177:effect.cpp    **** 
 645              		.loc 2 177 9 is_stmt 1 view .LVU176
 177:effect.cpp    **** 
 646              		.loc 2 177 16 is_stmt 0 view .LVU177
 647 0010 A369     		ldr	r3, [r4, #24]
 177:effect.cpp    **** 
 648              		.loc 2 177 15 view .LVU178
 649 0012 AA00     		lsls	r2, r5, #2
 650              	.LVL46:
 177:effect.cpp    **** 
 651              		.loc 2 177 15 view .LVU179
 652 0014 03EB8000 		add	r0, r3, r0, lsl #2
 653 0018 FFF7FEFF 		bl	memcpy
 654              	.LVL47:
 655              	.L69:
 179:effect.cpp    **** 
 656              		.loc 2 179 5 is_stmt 1 view .LVU180
 179:effect.cpp    **** 
 657              		.loc 2 179 29 is_stmt 0 view .LVU181
 658 001c 236A     		ldr	r3, [r4, #32]
 659 001e 1D44     		add	r5, r5, r3
 660              	.LVL48:
 181:effect.cpp    ****         newDftReady = true;
 661              		.loc 2 181 5 view .LVU182
 662 0020 B5F5004F 		cmp	r5, #32768
 179:effect.cpp    **** 
 663              		.loc 2 179 29 view .LVU183
 664 0024 2562     		str	r5, [r4, #32]
 181:effect.cpp    ****         newDftReady = true;
 665              		.loc 2 181 5 is_stmt 1 view .LVU184
 666 0026 14DB     		blt	.L65
 182:effect.cpp    ****         
 667              		.loc 2 182 9 view .LVU185
 182:effect.cpp    ****         
 668              		.loc 2 182 21 is_stmt 0 view .LVU186
 669 0028 04F58023 		add	r3, r4, #262144
 670 002c 0121     		movs	r1, #1
 184:effect.cpp    ****             memcpy(dftTimeBufferB, &dftTimeBufferA[DFT_NEW_WINDOW_SAMPLES], DFT_OVERLAP_SAMPLES * s
 671              		.loc 2 184 9 view .LVU187
 672 002e 227F     		ldrb	r2, [r4, #28]	@ zero_extendqisi2
 182:effect.cpp    ****         
 673              		.loc 2 182 21 view .LVU188
ARM GAS  C:\Users\FINNDY~1\AppData\Local\Temp\cc0ACJmL.s 			page 26


 674 0030 83F82410 		strb	r1, [r3, #36]
 184:effect.cpp    ****             memcpy(dftTimeBufferB, &dftTimeBufferA[DFT_NEW_WINDOW_SAMPLES], DFT_OVERLAP_SAMPLES * s
 675              		.loc 2 184 9 is_stmt 1 view .LVU189
 676 0034 AAB9     		cbnz	r2, .L75
 187:effect.cpp    **** 
 677              		.loc 2 187 13 view .LVU190
 187:effect.cpp    **** 
 678              		.loc 2 187 36 is_stmt 0 view .LVU191
 679 0036 A169     		ldr	r1, [r4, #24]
 187:effect.cpp    **** 
 680              		.loc 2 187 19 view .LVU192
 681 0038 4FF48032 		mov	r2, #65536
 682 003c 6069     		ldr	r0, [r4, #20]
 683 003e 1144     		add	r1, r1, r2
 684 0040 FFF7FEFF 		bl	memcpy
 685              	.LVL49:
 686              	.L72:
 189:effect.cpp    ****         
 687              		.loc 2 189 9 is_stmt 1 view .LVU193
 191:effect.cpp    ****     }
 688              		.loc 2 191 24 is_stmt 0 view .LVU194
 689 0044 237F     		ldrb	r3, [r4, #28]	@ zero_extendqisi2
 189:effect.cpp    ****         
 690              		.loc 2 189 33 view .LVU195
 691 0046 4FF48042 		mov	r2, #16384
 191:effect.cpp    ****     }
 692              		.loc 2 191 24 view .LVU196
 693 004a 83F00103 		eor	r3, r3, #1
 189:effect.cpp    ****         
 694              		.loc 2 189 33 view .LVU197
 695 004e 2262     		str	r2, [r4, #32]
 191:effect.cpp    ****     }
 696              		.loc 2 191 9 is_stmt 1 view .LVU198
 191:effect.cpp    ****     }
 697              		.loc 2 191 22 is_stmt 0 view .LVU199
 698 0050 2377     		strb	r3, [r4, #28]
 699              	.LVL50:
 700              	.L65:
 191:effect.cpp    ****     }
 701              		.loc 2 191 22 view .LVU200
 702              	.LBE218:
 703              	.LBE217:
 193:effect.cpp    **** 
 704              		.loc 2 193 1 view .LVU201
 705 0052 38BD     		pop	{r3, r4, r5, pc}
 706              	.LVL51:
 707              	.L74:
 708              	.LBB220:
 709              	.LBB219:
 175:effect.cpp    ****     else
 710              		.loc 2 175 9 is_stmt 1 view .LVU202
 175:effect.cpp    ****     else
 711              		.loc 2 175 16 is_stmt 0 view .LVU203
 712 0054 6369     		ldr	r3, [r4, #20]
 175:effect.cpp    ****     else
 713              		.loc 2 175 15 view .LVU204
 714 0056 AA00     		lsls	r2, r5, #2
ARM GAS  C:\Users\FINNDY~1\AppData\Local\Temp\cc0ACJmL.s 			page 27


 715              	.LVL52:
 175:effect.cpp    ****     else
 716              		.loc 2 175 15 view .LVU205
 717 0058 03EB8000 		add	r0, r3, r0, lsl #2
 718 005c FFF7FEFF 		bl	memcpy
 719              	.LVL53:
 175:effect.cpp    ****     else
 720              		.loc 2 175 15 view .LVU206
 721 0060 DCE7     		b	.L69
 722              	.LVL54:
 723              	.L75:
 185:effect.cpp    ****         else 
 724              		.loc 2 185 13 is_stmt 1 view .LVU207
 185:effect.cpp    ****         else 
 725              		.loc 2 185 36 is_stmt 0 view .LVU208
 726 0062 6169     		ldr	r1, [r4, #20]
 185:effect.cpp    ****         else 
 727              		.loc 2 185 19 view .LVU209
 728 0064 4FF48032 		mov	r2, #65536
 729 0068 A069     		ldr	r0, [r4, #24]
 730 006a 1144     		add	r1, r1, r2
 731 006c FFF7FEFF 		bl	memcpy
 732              	.LVL55:
 733 0070 E8E7     		b	.L72
 734              	.LBE219:
 735              	.LBE220:
 736              		.cfi_endproc
 737              	.LFE6797:
 739 0072 00BF     		.section	.text._ZN6Chorus5applyEPKfPfj,"ax",%progbits
 740              		.align	1
 741              		.p2align 2,,3
 742              		.global	_ZN6Chorus5applyEPKfPfj
 743              		.syntax unified
 744              		.thumb
 745              		.thumb_func
 746              		.fpu fpv5-d16
 748              	_ZN6Chorus5applyEPKfPfj:
 749              	.LVL56:
 750              	.LFB6807:
 278:effect.cpp    **** 
 751              		.loc 2 278 65 is_stmt 1 view -0
 752              		.cfi_startproc
 753              		@ args = 0, pretend = 0, frame = 0
 754              		@ frame_needed = 0, uses_anonymous_args = 0
 280:effect.cpp    **** 
 755              		.loc 2 280 5 view .LVU211
 278:effect.cpp    **** 
 756              		.loc 2 278 65 is_stmt 0 view .LVU212
 757 0000 2DE9F047 		push	{r4, r5, r6, r7, r8, r9, r10, lr}
 758              		.cfi_def_cfa_offset 32
 759              		.cfi_offset 4, -32
 760              		.cfi_offset 5, -28
 761              		.cfi_offset 6, -24
 762              		.cfi_offset 7, -20
 763              		.cfi_offset 8, -16
 764              		.cfi_offset 9, -12
 765              		.cfi_offset 10, -8
ARM GAS  C:\Users\FINNDY~1\AppData\Local\Temp\cc0ACJmL.s 			page 28


 766              		.cfi_offset 14, -4
 278:effect.cpp    **** 
 767              		.loc 2 278 65 view .LVU213
 768 0004 9946     		mov	r9, r3
 280:effect.cpp    **** 
 769              		.loc 2 280 5 view .LVU214
 770 0006 0379     		ldrb	r3, [r0, #4]	@ zero_extendqisi2
 771              	.LVL57:
 280:effect.cpp    **** 
 772              		.loc 2 280 5 view .LVU215
 773 0008 8BB3     		cbz	r3, .L76
 774              	.LVL58:
 775              	.LBB225:
 776              	.LBB226:
 282:effect.cpp    ****         buffer.setReadOffset((osc.Process() + 0.5f) * delaySamples); // this might have to change t
 777              		.loc 2 282 26 is_stmt 1 view .LVU216
 778 000a B9F1000F 		cmp	r9, #0
 779 000e 2ED0     		beq	.L76
 780 0010 0746     		mov	r7, r0
 283:effect.cpp    **** 
 781              		.loc 2 283 29 is_stmt 0 view .LVU217
 782 0012 00F14006 		add	r6, r0, #64
 783 0016 8846     		mov	r8, r1
 784 0018 1446     		mov	r4, r2
 283:effect.cpp    **** 
 785              		.loc 2 283 42 view .LVU218
 786 001a 00F1140A 		add	r10, r0, #20
 282:effect.cpp    ****         buffer.setReadOffset((osc.Process() + 0.5f) * delaySamples); // this might have to change t
 787              		.loc 2 282 17 view .LVU219
 788 001e 0025     		movs	r5, #0
 789              	.LVL59:
 790              	.L79:
 283:effect.cpp    **** 
 791              		.loc 2 283 9 is_stmt 1 view .LVU220
 283:effect.cpp    **** 
 792              		.loc 2 283 42 is_stmt 0 view .LVU221
 793 0020 5046     		mov	r0, r10
 282:effect.cpp    ****         buffer.setReadOffset((osc.Process() + 0.5f) * delaySamples); // this might have to change t
 794              		.loc 2 282 5 view .LVU222
 795 0022 0135     		adds	r5, r5, #1
 796              	.LVL60:
 283:effect.cpp    **** 
 797              		.loc 2 283 42 view .LVU223
 798 0024 FFF7FEFF 		bl	_ZN7daisysp10Oscillator7ProcessEv
 799              	.LVL61:
 283:effect.cpp    **** 
 800              		.loc 2 283 45 view .LVU224
 801 0028 B6EE007A 		vmov.f32	s14, #5.0e-1
 283:effect.cpp    **** 
 802              		.loc 2 283 53 view .LVU225
 803 002c D7ED157A 		vldr.32	s15, [r7, #84]	@ int
 283:effect.cpp    **** 
 804              		.loc 2 283 29 view .LVU226
 805 0030 3046     		mov	r0, r6
 283:effect.cpp    **** 
 806              		.loc 2 283 45 view .LVU227
 807 0032 30EE070A 		vadd.f32	s0, s0, s14
ARM GAS  C:\Users\FINNDY~1\AppData\Local\Temp\cc0ACJmL.s 			page 29


 283:effect.cpp    **** 
 808              		.loc 2 283 53 view .LVU228
 809 0036 F8EE677A 		vcvt.f32.u32	s15, s15
 810 003a 67EE807A 		vmul.f32	s15, s15, s0
 283:effect.cpp    **** 
 811              		.loc 2 283 29 view .LVU229
 812 003e FCEEE77A 		vcvt.u32.f32	s15, s15
 813 0042 17EE901A 		vmov	r1, s15	@ int
 814 0046 FFF7FEFF 		bl	_ZN14CircularBuffer13setReadOffsetEj
 815              	.LVL62:
 285:effect.cpp    ****         out[i] += buffer.readNext() * mix.value;
 816              		.loc 2 285 9 is_stmt 1 view .LVU230
 285:effect.cpp    ****         out[i] += buffer.readNext() * mix.value;
 817              		.loc 2 285 25 is_stmt 0 view .LVU231
 818 004a B8EC010A 		vldmia.32	r8!, {s0}
 819 004e 3046     		mov	r0, r6
 820 0050 FFF7FEFF 		bl	_ZN14CircularBuffer9writeNextEf
 821              	.LVL63:
 286:effect.cpp    ****     }
 822              		.loc 2 286 9 is_stmt 1 view .LVU232
 286:effect.cpp    ****     }
 823              		.loc 2 286 34 is_stmt 0 view .LVU233
 824 0054 3046     		mov	r0, r6
 825 0056 FFF7FEFF 		bl	_ZN14CircularBuffer8readNextEv
 826              	.LVL64:
 286:effect.cpp    ****     }
 827              		.loc 2 286 16 view .LVU234
 828 005a D4ED007A 		vldr.32	s15, [r4]
 829 005e 97ED1C7A 		vldr.32	s14, [r7, #112]
 282:effect.cpp    ****         buffer.setReadOffset((osc.Process() + 0.5f) * delaySamples); // this might have to change t
 830              		.loc 2 282 26 view .LVU235
 831 0062 A945     		cmp	r9, r5
 286:effect.cpp    ****     }
 832              		.loc 2 286 16 view .LVU236
 833 0064 E0EE077A 		vfma.f32	s15, s0, s14
 834 0068 E4EC017A 		vstmia.32	r4!, {s15}
 282:effect.cpp    ****         buffer.setReadOffset((osc.Process() + 0.5f) * delaySamples); // this might have to change t
 835              		.loc 2 282 5 is_stmt 1 view .LVU237
 836              	.LVL65:
 282:effect.cpp    ****         buffer.setReadOffset((osc.Process() + 0.5f) * delaySamples); // this might have to change t
 837              		.loc 2 282 26 view .LVU238
 838 006c D8D1     		bne	.L79
 839              	.LVL66:
 840              	.L76:
 282:effect.cpp    ****         buffer.setReadOffset((osc.Process() + 0.5f) * delaySamples); // this might have to change t
 841              		.loc 2 282 26 is_stmt 0 view .LVU239
 842              	.LBE226:
 843              	.LBE225:
 289:effect.cpp    **** 
 844              		.loc 2 289 1 view .LVU240
 845 006e BDE8F087 		pop	{r4, r5, r6, r7, r8, r9, r10, pc}
 289:effect.cpp    **** 
 846              		.loc 2 289 1 view .LVU241
 847              		.cfi_endproc
 848              	.LFE6807:
 850 0072 00BF     		.section	.text._ZN15VariableControl6updateEv,"ax",%progbits
 851              		.align	1
ARM GAS  C:\Users\FINNDY~1\AppData\Local\Temp\cc0ACJmL.s 			page 30


 852              		.p2align 2,,3
 853              		.global	_ZN15VariableControl6updateEv
 854              		.syntax unified
 855              		.thumb
 856              		.thumb_func
 857              		.fpu fpv5-d16
 859              	_ZN15VariableControl6updateEv:
 860              	.LVL67:
 861              	.LFB6775:
  27:effect.cpp    **** 
 862              		.loc 2 27 32 is_stmt 1 view -0
 863              		.cfi_startproc
 864              		@ args = 0, pretend = 0, frame = 0
 865              		@ frame_needed = 0, uses_anonymous_args = 0
  29:effect.cpp    **** 
 866              		.loc 2 29 5 view .LVU243
 867 0000 C368     		ldr	r3, [r0, #12]
 868 0002 BBB1     		cbz	r3, .L91
 869              	.LVL68:
 870              	.LBB231:
 871              	.LBI231:
  27:effect.cpp    **** 
 872              		.loc 2 27 6 view .LVU244
 873              	.LBB232:
  31:effect.cpp    **** 
 874              		.loc 2 31 5 view .LVU245
 875              	.LBE232:
 876              	.LBE231:
  27:effect.cpp    **** 
 877              		.loc 2 27 32 is_stmt 0 view .LVU246
 878 0004 10B5     		push	{r4, lr}
 879              		.cfi_def_cfa_offset 8
 880              		.cfi_offset 4, -8
 881              		.cfi_offset 14, -4
 882 0006 0446     		mov	r4, r0
 883              	.LBB238:
 884              	.LBB237:
  31:effect.cpp    **** 
 885              		.loc 2 31 40 view .LVU247
 886 0008 8068     		ldr	r0, [r0, #8]
 887              	.LVL69:
  31:effect.cpp    **** 
 888              		.loc 2 31 40 view .LVU248
 889 000a 2179     		ldrb	r1, [r4, #4]	@ zero_extendqisi2
 890 000c 1830     		adds	r0, r0, #24
 891 000e FFF7FEFF 		bl	_ZNK5daisy9AdcHandle8GetFloatEh
 892              	.LVL70:
  33:effect.cpp    ****         parameter->value = currentVal;
 893              		.loc 2 33 31 view .LVU249
 894 0012 E368     		ldr	r3, [r4, #12]
  33:effect.cpp    ****         parameter->value = currentVal;
 895              		.loc 2 33 5 view .LVU250
 896 0014 9FED087A 		vldr.32	s14, .L94
 897              	.LVL71:
  33:effect.cpp    ****         parameter->value = currentVal;
 898              		.loc 2 33 5 is_stmt 1 view .LVU251
 899              	.LBB233:
ARM GAS  C:\Users\FINNDY~1\AppData\Local\Temp\cc0ACJmL.s 			page 31


 900              	.LBI233:
 901              		.file 4 "c:\\program files\\daisytoolchain\\arm-none-eabi\\include\\c++\\10.2.1\\bits\\std_abs.h"
   1:c:\program files\daisytoolchain\arm-none-eabi\include\c++\10.2.1\bits\std_abs.h **** // -*- C++ -*- C library enhancements header.
   2:c:\program files\daisytoolchain\arm-none-eabi\include\c++\10.2.1\bits\std_abs.h **** 
   3:c:\program files\daisytoolchain\arm-none-eabi\include\c++\10.2.1\bits\std_abs.h **** // Copyright (C) 2016-2020 Free Software Foundation, Inc.
   4:c:\program files\daisytoolchain\arm-none-eabi\include\c++\10.2.1\bits\std_abs.h **** //
   5:c:\program files\daisytoolchain\arm-none-eabi\include\c++\10.2.1\bits\std_abs.h **** // This file is part of the GNU ISO C++ Library.  This library is free
   6:c:\program files\daisytoolchain\arm-none-eabi\include\c++\10.2.1\bits\std_abs.h **** // software; you can redistribute it and/or modify it under the
   7:c:\program files\daisytoolchain\arm-none-eabi\include\c++\10.2.1\bits\std_abs.h **** // terms of the GNU General Public License as published by the
   8:c:\program files\daisytoolchain\arm-none-eabi\include\c++\10.2.1\bits\std_abs.h **** // Free Software Foundation; either version 3, or (at your option)
   9:c:\program files\daisytoolchain\arm-none-eabi\include\c++\10.2.1\bits\std_abs.h **** // any later version.
  10:c:\program files\daisytoolchain\arm-none-eabi\include\c++\10.2.1\bits\std_abs.h **** 
  11:c:\program files\daisytoolchain\arm-none-eabi\include\c++\10.2.1\bits\std_abs.h **** // This library is distributed in the hope that it will be useful,
  12:c:\program files\daisytoolchain\arm-none-eabi\include\c++\10.2.1\bits\std_abs.h **** // but WITHOUT ANY WARRANTY; without even the implied warranty of
  13:c:\program files\daisytoolchain\arm-none-eabi\include\c++\10.2.1\bits\std_abs.h **** // MERCHANTABILITY or FITNESS FOR A PARTICULAR PURPOSE.  See the
  14:c:\program files\daisytoolchain\arm-none-eabi\include\c++\10.2.1\bits\std_abs.h **** // GNU General Public License for more details.
  15:c:\program files\daisytoolchain\arm-none-eabi\include\c++\10.2.1\bits\std_abs.h **** 
  16:c:\program files\daisytoolchain\arm-none-eabi\include\c++\10.2.1\bits\std_abs.h **** // Under Section 7 of GPL version 3, you are granted additional
  17:c:\program files\daisytoolchain\arm-none-eabi\include\c++\10.2.1\bits\std_abs.h **** // permissions described in the GCC Runtime Library Exception, version
  18:c:\program files\daisytoolchain\arm-none-eabi\include\c++\10.2.1\bits\std_abs.h **** // 3.1, as published by the Free Software Foundation.
  19:c:\program files\daisytoolchain\arm-none-eabi\include\c++\10.2.1\bits\std_abs.h **** 
  20:c:\program files\daisytoolchain\arm-none-eabi\include\c++\10.2.1\bits\std_abs.h **** // You should have received a copy of the GNU General Public License and
  21:c:\program files\daisytoolchain\arm-none-eabi\include\c++\10.2.1\bits\std_abs.h **** // a copy of the GCC Runtime Library Exception along with this program;
  22:c:\program files\daisytoolchain\arm-none-eabi\include\c++\10.2.1\bits\std_abs.h **** // see the files COPYING3 and COPYING.RUNTIME respectively.  If not, see
  23:c:\program files\daisytoolchain\arm-none-eabi\include\c++\10.2.1\bits\std_abs.h **** // <http://www.gnu.org/licenses/>.
  24:c:\program files\daisytoolchain\arm-none-eabi\include\c++\10.2.1\bits\std_abs.h **** 
  25:c:\program files\daisytoolchain\arm-none-eabi\include\c++\10.2.1\bits\std_abs.h **** /** @file include/bits/std_abs.h
  26:c:\program files\daisytoolchain\arm-none-eabi\include\c++\10.2.1\bits\std_abs.h ****  *  This is an internal header file, included by other library headers.
  27:c:\program files\daisytoolchain\arm-none-eabi\include\c++\10.2.1\bits\std_abs.h ****  *  Do not attempt to use it directly. @headername{cmath, cstdlib}
  28:c:\program files\daisytoolchain\arm-none-eabi\include\c++\10.2.1\bits\std_abs.h ****  */
  29:c:\program files\daisytoolchain\arm-none-eabi\include\c++\10.2.1\bits\std_abs.h **** 
  30:c:\program files\daisytoolchain\arm-none-eabi\include\c++\10.2.1\bits\std_abs.h **** #ifndef _GLIBCXX_BITS_STD_ABS_H
  31:c:\program files\daisytoolchain\arm-none-eabi\include\c++\10.2.1\bits\std_abs.h **** #define _GLIBCXX_BITS_STD_ABS_H
  32:c:\program files\daisytoolchain\arm-none-eabi\include\c++\10.2.1\bits\std_abs.h **** 
  33:c:\program files\daisytoolchain\arm-none-eabi\include\c++\10.2.1\bits\std_abs.h **** #pragma GCC system_header
  34:c:\program files\daisytoolchain\arm-none-eabi\include\c++\10.2.1\bits\std_abs.h **** 
  35:c:\program files\daisytoolchain\arm-none-eabi\include\c++\10.2.1\bits\std_abs.h **** #include <bits/c++config.h>
  36:c:\program files\daisytoolchain\arm-none-eabi\include\c++\10.2.1\bits\std_abs.h **** 
  37:c:\program files\daisytoolchain\arm-none-eabi\include\c++\10.2.1\bits\std_abs.h **** #define _GLIBCXX_INCLUDE_NEXT_C_HEADERS
  38:c:\program files\daisytoolchain\arm-none-eabi\include\c++\10.2.1\bits\std_abs.h **** #include_next <stdlib.h>
  39:c:\program files\daisytoolchain\arm-none-eabi\include\c++\10.2.1\bits\std_abs.h **** #ifdef __CORRECT_ISO_CPP_MATH_H_PROTO
  40:c:\program files\daisytoolchain\arm-none-eabi\include\c++\10.2.1\bits\std_abs.h **** # include_next <math.h>
  41:c:\program files\daisytoolchain\arm-none-eabi\include\c++\10.2.1\bits\std_abs.h **** #endif
  42:c:\program files\daisytoolchain\arm-none-eabi\include\c++\10.2.1\bits\std_abs.h **** #undef _GLIBCXX_INCLUDE_NEXT_C_HEADERS
  43:c:\program files\daisytoolchain\arm-none-eabi\include\c++\10.2.1\bits\std_abs.h **** 
  44:c:\program files\daisytoolchain\arm-none-eabi\include\c++\10.2.1\bits\std_abs.h **** #undef abs
  45:c:\program files\daisytoolchain\arm-none-eabi\include\c++\10.2.1\bits\std_abs.h **** 
  46:c:\program files\daisytoolchain\arm-none-eabi\include\c++\10.2.1\bits\std_abs.h **** extern "C++"
  47:c:\program files\daisytoolchain\arm-none-eabi\include\c++\10.2.1\bits\std_abs.h **** {
  48:c:\program files\daisytoolchain\arm-none-eabi\include\c++\10.2.1\bits\std_abs.h **** namespace std _GLIBCXX_VISIBILITY(default)
  49:c:\program files\daisytoolchain\arm-none-eabi\include\c++\10.2.1\bits\std_abs.h **** {
  50:c:\program files\daisytoolchain\arm-none-eabi\include\c++\10.2.1\bits\std_abs.h **** _GLIBCXX_BEGIN_NAMESPACE_VERSION
  51:c:\program files\daisytoolchain\arm-none-eabi\include\c++\10.2.1\bits\std_abs.h **** 
  52:c:\program files\daisytoolchain\arm-none-eabi\include\c++\10.2.1\bits\std_abs.h ****   using ::abs;
  53:c:\program files\daisytoolchain\arm-none-eabi\include\c++\10.2.1\bits\std_abs.h **** 
  54:c:\program files\daisytoolchain\arm-none-eabi\include\c++\10.2.1\bits\std_abs.h **** #ifndef __CORRECT_ISO_CPP_STDLIB_H_PROTO
  55:c:\program files\daisytoolchain\arm-none-eabi\include\c++\10.2.1\bits\std_abs.h ****   inline long
ARM GAS  C:\Users\FINNDY~1\AppData\Local\Temp\cc0ACJmL.s 			page 32


  56:c:\program files\daisytoolchain\arm-none-eabi\include\c++\10.2.1\bits\std_abs.h ****   abs(long __i) { return __builtin_labs(__i); }
  57:c:\program files\daisytoolchain\arm-none-eabi\include\c++\10.2.1\bits\std_abs.h **** #endif
  58:c:\program files\daisytoolchain\arm-none-eabi\include\c++\10.2.1\bits\std_abs.h **** 
  59:c:\program files\daisytoolchain\arm-none-eabi\include\c++\10.2.1\bits\std_abs.h **** #ifdef _GLIBCXX_USE_LONG_LONG
  60:c:\program files\daisytoolchain\arm-none-eabi\include\c++\10.2.1\bits\std_abs.h ****   inline long long
  61:c:\program files\daisytoolchain\arm-none-eabi\include\c++\10.2.1\bits\std_abs.h ****   abs(long long __x) { return __builtin_llabs (__x); }
  62:c:\program files\daisytoolchain\arm-none-eabi\include\c++\10.2.1\bits\std_abs.h **** #endif
  63:c:\program files\daisytoolchain\arm-none-eabi\include\c++\10.2.1\bits\std_abs.h **** 
  64:c:\program files\daisytoolchain\arm-none-eabi\include\c++\10.2.1\bits\std_abs.h **** // _GLIBCXX_RESOLVE_LIB_DEFECTS
  65:c:\program files\daisytoolchain\arm-none-eabi\include\c++\10.2.1\bits\std_abs.h **** // 2192. Validity and return type of std::abs(0u) is unclear
  66:c:\program files\daisytoolchain\arm-none-eabi\include\c++\10.2.1\bits\std_abs.h **** // 2294. <cstdlib> should declare abs(double)
  67:c:\program files\daisytoolchain\arm-none-eabi\include\c++\10.2.1\bits\std_abs.h **** // 2735. std::abs(short), std::abs(signed char) and others should return int
  68:c:\program files\daisytoolchain\arm-none-eabi\include\c++\10.2.1\bits\std_abs.h **** 
  69:c:\program files\daisytoolchain\arm-none-eabi\include\c++\10.2.1\bits\std_abs.h **** #ifndef __CORRECT_ISO_CPP_MATH_H_PROTO
  70:c:\program files\daisytoolchain\arm-none-eabi\include\c++\10.2.1\bits\std_abs.h ****   inline _GLIBCXX_CONSTEXPR double
  71:c:\program files\daisytoolchain\arm-none-eabi\include\c++\10.2.1\bits\std_abs.h ****   abs(double __x)
  72:c:\program files\daisytoolchain\arm-none-eabi\include\c++\10.2.1\bits\std_abs.h ****   { return __builtin_fabs(__x); }
  73:c:\program files\daisytoolchain\arm-none-eabi\include\c++\10.2.1\bits\std_abs.h **** 
  74:c:\program files\daisytoolchain\arm-none-eabi\include\c++\10.2.1\bits\std_abs.h ****   inline _GLIBCXX_CONSTEXPR float
  75:c:\program files\daisytoolchain\arm-none-eabi\include\c++\10.2.1\bits\std_abs.h ****   abs(float __x)
 902              		.loc 4 75 3 view .LVU252
 903              	.LBB234:
  76:c:\program files\daisytoolchain\arm-none-eabi\include\c++\10.2.1\bits\std_abs.h ****   { return __builtin_fabsf(__x); }
 904              		.loc 4 76 5 view .LVU253
 905              		.loc 4 76 5 is_stmt 0 view .LVU254
 906              	.LBE234:
 907              	.LBE233:
  33:effect.cpp    ****         parameter->value = currentVal;
 908              		.loc 2 33 17 view .LVU255
 909 0018 D3ED007A 		vldr.32	s15, [r3]
 910 001c 70EE677A 		vsub.f32	s15, s0, s15
 911              	.LBB236:
 912              	.LBB235:
 913              		.loc 4 76 31 view .LVU256
 914 0020 F0EEE77A 		vabs.f32	s15, s15
 915              	.LBE235:
 916              	.LBE236:
  33:effect.cpp    ****         parameter->value = currentVal;
 917              		.loc 2 33 5 view .LVU257
 918 0024 F4EEC77A 		vcmpe.f32	s15, s14
 919 0028 F1EE10FA 		vmrs	APSR_nzcv, FPSCR
  34:effect.cpp    ****     
 920              		.loc 2 34 9 is_stmt 1 view .LVU258
  34:effect.cpp    ****     
 921              		.loc 2 34 26 is_stmt 0 view .LVU259
 922 002c A8BF     		it	ge
 923 002e 83ED000A 		vstrge.32	s0, [r3]
 924              	.LVL72:
  34:effect.cpp    ****     
 925              		.loc 2 34 26 view .LVU260
 926              	.LBE237:
 927              	.LBE238:
  36:effect.cpp    **** 
 928              		.loc 2 36 1 view .LVU261
 929 0032 10BD     		pop	{r4, pc}
 930              	.LVL73:
 931              	.L91:
ARM GAS  C:\Users\FINNDY~1\AppData\Local\Temp\cc0ACJmL.s 			page 33


 932              		.cfi_def_cfa_offset 0
 933              		.cfi_restore 4
 934              		.cfi_restore 14
  36:effect.cpp    **** 
 935              		.loc 2 36 1 view .LVU262
 936 0034 7047     		bx	lr
 937              	.L95:
 938 0036 00BF     		.align	2
 939              	.L94:
 940 0038 0AD7A33B 		.word	1000593162
 941              		.cfi_endproc
 942              	.LFE6775:
 944              		.section	.text._ZN13ToggleControl6updateEv,"ax",%progbits
 945              		.align	1
 946              		.p2align 2,,3
 947              		.global	_ZN13ToggleControl6updateEv
 948              		.syntax unified
 949              		.thumb
 950              		.thumb_func
 951              		.fpu fpv5-d16
 953              	_ZN13ToggleControl6updateEv:
 954              	.LVL74:
 955              	.LFB6771:
  10:effect.cpp    **** 
 956              		.loc 2 10 30 is_stmt 1 view -0
 957              		.cfi_startproc
 958              		@ args = 0, pretend = 0, frame = 0
 959              		@ frame_needed = 0, uses_anonymous_args = 0
  12:effect.cpp    **** 
 960              		.loc 2 12 5 view .LVU264
 961 0000 4369     		ldr	r3, [r0, #20]
 962 0002 6BB1     		cbz	r3, .L102
 963              	.LVL75:
 964              	.LBB243:
 965              	.LBI243:
  10:effect.cpp    **** 
 966              		.loc 2 10 6 view .LVU265
 967              	.LBB244:
  14:effect.cpp    ****     parameter->value = button.Pressed();
 968              		.loc 2 14 5 view .LVU266
 969              	.LBE244:
 970              	.LBE243:
  10:effect.cpp    **** 
 971              		.loc 2 10 30 is_stmt 0 view .LVU267
 972 0004 10B5     		push	{r4, lr}
 973              		.cfi_def_cfa_offset 8
 974              		.cfi_offset 4, -8
 975              		.cfi_offset 14, -4
 976 0006 0446     		mov	r4, r0
 977              	.LBB250:
 978              	.LBB249:
  14:effect.cpp    ****     parameter->value = button.Pressed();
 979              		.loc 2 14 20 view .LVU268
 980 0008 0430     		adds	r0, r0, #4
 981              	.LVL76:
  14:effect.cpp    ****     parameter->value = button.Pressed();
 982              		.loc 2 14 20 view .LVU269
ARM GAS  C:\Users\FINNDY~1\AppData\Local\Temp\cc0ACJmL.s 			page 34


 983 000a FFF7FEFF 		bl	_ZN5daisy6Switch8DebounceEv
 984              	.LVL77:
  15:effect.cpp    **** }   
 985              		.loc 2 15 5 is_stmt 1 view .LVU270
 986              	.LBB245:
 987              	.LBI245:
 988              		.file 5 "../../libDaisy/src/hid/switch.h"
   1:../../libDaisy/src/hid/switch.h **** #pragma once
   2:../../libDaisy/src/hid/switch.h **** #ifndef DSY_SWITCH_H
   3:../../libDaisy/src/hid/switch.h **** #define DSY_SWITCH_H
   4:../../libDaisy/src/hid/switch.h **** #include "daisy_core.h"
   5:../../libDaisy/src/hid/switch.h **** #include "per/gpio.h"
   6:../../libDaisy/src/hid/switch.h **** #include "sys/system.h"
   7:../../libDaisy/src/hid/switch.h **** 
   8:../../libDaisy/src/hid/switch.h **** namespace daisy
   9:../../libDaisy/src/hid/switch.h **** {
  10:../../libDaisy/src/hid/switch.h **** /** 
  11:../../libDaisy/src/hid/switch.h ****     Generic Class for handling momentary/latching switches \n 
  12:../../libDaisy/src/hid/switch.h ****     Inspired/influenced by Mutable Instruments (pichenettes) Switch classes
  13:../../libDaisy/src/hid/switch.h ****     @author Stephen Hensley
  14:../../libDaisy/src/hid/switch.h ****     @date December 2019
  15:../../libDaisy/src/hid/switch.h ****     @ingroup controls
  16:../../libDaisy/src/hid/switch.h **** */
  17:../../libDaisy/src/hid/switch.h **** class Switch
  18:../../libDaisy/src/hid/switch.h **** {
  19:../../libDaisy/src/hid/switch.h ****   public:
  20:../../libDaisy/src/hid/switch.h ****     /** Specifies the expected behavior of the switch */
  21:../../libDaisy/src/hid/switch.h ****     enum Type
  22:../../libDaisy/src/hid/switch.h ****     {
  23:../../libDaisy/src/hid/switch.h ****         TYPE_TOGGLE,    /**< & */
  24:../../libDaisy/src/hid/switch.h ****         TYPE_MOMENTARY, /**< & */
  25:../../libDaisy/src/hid/switch.h ****     };
  26:../../libDaisy/src/hid/switch.h ****     /** Specifies whether the pressed is HIGH or LOW. */
  27:../../libDaisy/src/hid/switch.h ****     enum Polarity
  28:../../libDaisy/src/hid/switch.h ****     {
  29:../../libDaisy/src/hid/switch.h ****         POLARITY_NORMAL,   /**< & */
  30:../../libDaisy/src/hid/switch.h ****         POLARITY_INVERTED, /**< & */
  31:../../libDaisy/src/hid/switch.h ****     };
  32:../../libDaisy/src/hid/switch.h **** 
  33:../../libDaisy/src/hid/switch.h ****     /** Specifies whether to use built-in Pull Up/Down resistors to hold button at a given state wh
  34:../../libDaisy/src/hid/switch.h ****     enum Pull
  35:../../libDaisy/src/hid/switch.h ****     {
  36:../../libDaisy/src/hid/switch.h ****         PULL_UP,   /**< & */
  37:../../libDaisy/src/hid/switch.h ****         PULL_DOWN, /**< & */
  38:../../libDaisy/src/hid/switch.h ****         PULL_NONE, /**< & */
  39:../../libDaisy/src/hid/switch.h ****     };
  40:../../libDaisy/src/hid/switch.h **** 
  41:../../libDaisy/src/hid/switch.h ****     Switch() {}
  42:../../libDaisy/src/hid/switch.h ****     ~Switch() {}
  43:../../libDaisy/src/hid/switch.h **** 
  44:../../libDaisy/src/hid/switch.h ****     /** 
  45:../../libDaisy/src/hid/switch.h ****     Initializes the switch object with a given port/pin combo.
  46:../../libDaisy/src/hid/switch.h ****     \param pin port/pin object to tell the switch which hardware pin to use.
  47:../../libDaisy/src/hid/switch.h ****     \param update_rate Does nothing. Backwards compatibility until next breaking update.
  48:../../libDaisy/src/hid/switch.h ****     \param t switch type -- Default: TYPE_MOMENTARY
  49:../../libDaisy/src/hid/switch.h ****     \param pol switch polarity -- Default: POLARITY_INVERTED
  50:../../libDaisy/src/hid/switch.h ****     \param pu switch pull up/down -- Default: PULL_UP
ARM GAS  C:\Users\FINNDY~1\AppData\Local\Temp\cc0ACJmL.s 			page 35


  51:../../libDaisy/src/hid/switch.h ****     */
  52:../../libDaisy/src/hid/switch.h ****     void
  53:../../libDaisy/src/hid/switch.h ****     Init(dsy_gpio_pin pin, float update_rate, Type t, Polarity pol, Pull pu);
  54:../../libDaisy/src/hid/switch.h **** 
  55:../../libDaisy/src/hid/switch.h ****     /**
  56:../../libDaisy/src/hid/switch.h ****        Simplified Init.
  57:../../libDaisy/src/hid/switch.h ****        \param pin port/pin object to tell the switch which hardware pin to use.
  58:../../libDaisy/src/hid/switch.h ****        \param update_rate Left for backwards compatibility until next breaking change.
  59:../../libDaisy/src/hid/switch.h ****     */
  60:../../libDaisy/src/hid/switch.h ****     void Init(dsy_gpio_pin pin, float update_rate = 0.f);
  61:../../libDaisy/src/hid/switch.h **** 
  62:../../libDaisy/src/hid/switch.h ****     /** 
  63:../../libDaisy/src/hid/switch.h ****     Called at update_rate to debounce and handle timing for the switch.
  64:../../libDaisy/src/hid/switch.h ****     In order for events not to be missed, its important that the Edge/Pressed checks
  65:../../libDaisy/src/hid/switch.h ****     be made at the same rate as the debounce function is being called.
  66:../../libDaisy/src/hid/switch.h ****     */
  67:../../libDaisy/src/hid/switch.h ****     void Debounce();
  68:../../libDaisy/src/hid/switch.h **** 
  69:../../libDaisy/src/hid/switch.h ****     /** \return true if a button was just pressed. */
  70:../../libDaisy/src/hid/switch.h ****     inline bool RisingEdge() const { return updated_ ? state_ == 0x7f : false; }
  71:../../libDaisy/src/hid/switch.h **** 
  72:../../libDaisy/src/hid/switch.h ****     /** \return true if the button was just released */
  73:../../libDaisy/src/hid/switch.h ****     inline bool FallingEdge() const
  74:../../libDaisy/src/hid/switch.h ****     {
  75:../../libDaisy/src/hid/switch.h ****         return updated_ ? state_ == 0x80 : false;
  76:../../libDaisy/src/hid/switch.h ****     }
  77:../../libDaisy/src/hid/switch.h **** 
  78:../../libDaisy/src/hid/switch.h ****     /** \return true if the button is held down (or if the toggle is on) */
  79:../../libDaisy/src/hid/switch.h ****     inline bool Pressed() const { return state_ == 0xff; }
 989              		.loc 5 79 17 view .LVU271
 990              	.LBB246:
 991              		.loc 5 79 35 view .LVU272
 992              		.loc 5 79 52 is_stmt 0 view .LVU273
 993 000e A37B     		ldrb	r3, [r4, #14]	@ zero_extendqisi2
 994              	.LBE246:
 995              	.LBE245:
  15:effect.cpp    **** }   
 996              		.loc 2 15 22 view .LVU274
 997 0010 6269     		ldr	r2, [r4, #20]
 998              	.LBB248:
 999              	.LBB247:
 1000              		.loc 5 79 52 view .LVU275
 1001 0012 A3F1FF03 		sub	r3, #255
 1002 0016 B3FA83F3 		clz	r3, r3
 1003 001a 5B09     		lsrs	r3, r3, #5
 1004 001c 1370     		strb	r3, [r2]
 1005              	.LVL78:
 1006              		.loc 5 79 52 view .LVU276
 1007              	.LBE247:
 1008              	.LBE248:
 1009              	.LBE249:
 1010              	.LBE250:
  16:effect.cpp    **** 
 1011              		.loc 2 16 1 view .LVU277
 1012 001e 10BD     		pop	{r4, pc}
 1013              	.LVL79:
 1014              	.L102:
ARM GAS  C:\Users\FINNDY~1\AppData\Local\Temp\cc0ACJmL.s 			page 36


 1015              		.cfi_def_cfa_offset 0
 1016              		.cfi_restore 4
 1017              		.cfi_restore 14
  16:effect.cpp    **** 
 1018              		.loc 2 16 1 view .LVU278
 1019 0020 7047     		bx	lr
 1020              		.cfi_endproc
 1021              	.LFE6771:
 1023 0022 00BF     		.section	.text._ZN5Tuner6updateEv,"ax",%progbits
 1024              		.align	1
 1025              		.p2align 2,,3
 1026              		.global	_ZN5Tuner6updateEv
 1027              		.syntax unified
 1028              		.thumb
 1029              		.thumb_func
 1030              		.fpu fpv5-d16
 1032              	_ZN5Tuner6updateEv:
 1033              	.LVL80:
 1034              	.LFB6798:
 195:effect.cpp    **** 
 1035              		.loc 2 195 22 is_stmt 1 view -0
 1036              		.cfi_startproc
 1037              		@ args = 0, pretend = 0, frame = 0
 1038              		@ frame_needed = 0, uses_anonymous_args = 0
 197:effect.cpp    **** 
 1039              		.loc 2 197 5 view .LVU280
 195:effect.cpp    **** 
 1040              		.loc 2 195 22 is_stmt 0 view .LVU281
 1041 0000 F8B5     		push	{r3, r4, r5, r6, r7, lr}
 1042              		.cfi_def_cfa_offset 24
 1043              		.cfi_offset 3, -24
 1044              		.cfi_offset 4, -20
 1045              		.cfi_offset 5, -16
 1046              		.cfi_offset 6, -12
 1047              		.cfi_offset 7, -8
 1048              		.cfi_offset 14, -4
 197:effect.cpp    **** 
 1049              		.loc 2 197 11 view .LVU282
 1050 0002 00F58026 		add	r6, r0, #262144
 197:effect.cpp    **** 
 1051              		.loc 2 197 5 view .LVU283
 1052 0006 96F82430 		ldrb	r3, [r6, #36]	@ zero_extendqisi2
 195:effect.cpp    **** 
 1053              		.loc 2 195 22 view .LVU284
 1054 000a 2DED028B 		vpush.64	{d8}
 1055              		.cfi_def_cfa_offset 32
 1056              		.cfi_offset 80, -32
 1057              		.cfi_offset 81, -28
 197:effect.cpp    **** 
 1058              		.loc 2 197 5 view .LVU285
 1059 000e 002B     		cmp	r3, #0
 1060 0010 52D0     		beq	.L105
 197:effect.cpp    **** 
 1061              		.loc 2 197 9 discriminator 2 view .LVU286
 1062 0012 0379     		ldrb	r3, [r0, #4]	@ zero_extendqisi2
 1063 0014 0746     		mov	r7, r0
 1064 0016 002B     		cmp	r3, #0
ARM GAS  C:\Users\FINNDY~1\AppData\Local\Temp\cc0ACJmL.s 			page 37


 1065 0018 4ED0     		beq	.L105
 1066              	.LVL81:
 1067              	.LBB271:
 1068              	.LBI271:
 195:effect.cpp    **** 
 1069              		.loc 2 195 6 is_stmt 1 view .LVU287
 1070              	.LBB272:
 199:effect.cpp    **** 
 1071              		.loc 2 199 5 view .LVU288
 199:effect.cpp    **** 
 1072              		.loc 2 199 17 is_stmt 0 view .LVU289
 1073 001a 0022     		movs	r2, #0
 202:effect.cpp    ****         ditfft2(dftTimeBufferB, DFT_WINDOW_SAMPLES, 1, dftFrequencyBuffer);
 1074              		.loc 2 202 5 view .LVU290
 1075 001c 037F     		ldrb	r3, [r0, #28]	@ zero_extendqisi2
 199:effect.cpp    **** 
 1076              		.loc 2 199 17 view .LVU291
 1077 001e 86F82420 		strb	r2, [r6, #36]
 202:effect.cpp    ****         ditfft2(dftTimeBufferB, DFT_WINDOW_SAMPLES, 1, dftFrequencyBuffer);
 1078              		.loc 2 202 5 is_stmt 1 view .LVU292
 1079 0022 002B     		cmp	r3, #0
 1080 0024 4BD0     		beq	.L107
 203:effect.cpp    ****     else 
 1081              		.loc 2 203 9 view .LVU293
 203:effect.cpp    ****     else 
 1082              		.loc 2 203 16 is_stmt 0 view .LVU294
 1083 0026 00F12403 		add	r3, r0, #36
 1084 002a 0122     		movs	r2, #1
 1085 002c 4FF40041 		mov	r1, #32768
 1086 0030 8069     		ldr	r0, [r0, #24]
 1087              	.LVL82:
 203:effect.cpp    ****     else 
 1088              		.loc 2 203 16 view .LVU295
 1089 0032 FFF7FEFF 		bl	_Z7ditfft2PfiiPSt7complexIfE
 1090              	.LVL83:
 1091              	.L108:
 1092              	.LBE272:
 1093              	.LBE271:
 195:effect.cpp    **** 
 1094              		.loc 2 195 22 view .LVU296
 1095 0036 0025     		movs	r5, #0
 1096 0038 DFED288A 		vldr.32	s17, .L128
 1097 003c 2C46     		mov	r4, r5
 1098              	.LVL84:
 1099              	.L116:
 1100              	.LBB309:
 1101              	.LBB307:
 1102              	.LBB273:
 1103              	.LBB274:
 211:effect.cpp    **** 
 1104              		.loc 2 211 9 is_stmt 1 view .LVU297
 1105              	.LBB275:
 1106              	.LBI275:
 1107              		.file 6 "c:\\program files\\daisytoolchain\\arm-none-eabi\\include\\c++\\10.2.1\\complex"
   1:c:\program files\daisytoolchain\arm-none-eabi\include\c++\10.2.1\complex **** // The template and inlines for the -*- C++ -*- complex number classes.
   2:c:\program files\daisytoolchain\arm-none-eabi\include\c++\10.2.1\complex **** 
   3:c:\program files\daisytoolchain\arm-none-eabi\include\c++\10.2.1\complex **** // Copyright (C) 1997-2020 Free Software Foundation, Inc.
ARM GAS  C:\Users\FINNDY~1\AppData\Local\Temp\cc0ACJmL.s 			page 38


   4:c:\program files\daisytoolchain\arm-none-eabi\include\c++\10.2.1\complex **** //
   5:c:\program files\daisytoolchain\arm-none-eabi\include\c++\10.2.1\complex **** // This file is part of the GNU ISO C++ Library.  This library is free
   6:c:\program files\daisytoolchain\arm-none-eabi\include\c++\10.2.1\complex **** // software; you can redistribute it and/or modify it under the
   7:c:\program files\daisytoolchain\arm-none-eabi\include\c++\10.2.1\complex **** // terms of the GNU General Public License as published by the
   8:c:\program files\daisytoolchain\arm-none-eabi\include\c++\10.2.1\complex **** // Free Software Foundation; either version 3, or (at your option)
   9:c:\program files\daisytoolchain\arm-none-eabi\include\c++\10.2.1\complex **** // any later version.
  10:c:\program files\daisytoolchain\arm-none-eabi\include\c++\10.2.1\complex **** 
  11:c:\program files\daisytoolchain\arm-none-eabi\include\c++\10.2.1\complex **** // This library is distributed in the hope that it will be useful,
  12:c:\program files\daisytoolchain\arm-none-eabi\include\c++\10.2.1\complex **** // but WITHOUT ANY WARRANTY; without even the implied warranty of
  13:c:\program files\daisytoolchain\arm-none-eabi\include\c++\10.2.1\complex **** // MERCHANTABILITY or FITNESS FOR A PARTICULAR PURPOSE.  See the
  14:c:\program files\daisytoolchain\arm-none-eabi\include\c++\10.2.1\complex **** // GNU General Public License for more details.
  15:c:\program files\daisytoolchain\arm-none-eabi\include\c++\10.2.1\complex **** 
  16:c:\program files\daisytoolchain\arm-none-eabi\include\c++\10.2.1\complex **** // Under Section 7 of GPL version 3, you are granted additional
  17:c:\program files\daisytoolchain\arm-none-eabi\include\c++\10.2.1\complex **** // permissions described in the GCC Runtime Library Exception, version
  18:c:\program files\daisytoolchain\arm-none-eabi\include\c++\10.2.1\complex **** // 3.1, as published by the Free Software Foundation.
  19:c:\program files\daisytoolchain\arm-none-eabi\include\c++\10.2.1\complex **** 
  20:c:\program files\daisytoolchain\arm-none-eabi\include\c++\10.2.1\complex **** // You should have received a copy of the GNU General Public License and
  21:c:\program files\daisytoolchain\arm-none-eabi\include\c++\10.2.1\complex **** // a copy of the GCC Runtime Library Exception along with this program;
  22:c:\program files\daisytoolchain\arm-none-eabi\include\c++\10.2.1\complex **** // see the files COPYING3 and COPYING.RUNTIME respectively.  If not, see
  23:c:\program files\daisytoolchain\arm-none-eabi\include\c++\10.2.1\complex **** // <http://www.gnu.org/licenses/>.
  24:c:\program files\daisytoolchain\arm-none-eabi\include\c++\10.2.1\complex **** 
  25:c:\program files\daisytoolchain\arm-none-eabi\include\c++\10.2.1\complex **** /** @file include/complex
  26:c:\program files\daisytoolchain\arm-none-eabi\include\c++\10.2.1\complex ****  *  This is a Standard C++ Library header.
  27:c:\program files\daisytoolchain\arm-none-eabi\include\c++\10.2.1\complex ****  */
  28:c:\program files\daisytoolchain\arm-none-eabi\include\c++\10.2.1\complex **** 
  29:c:\program files\daisytoolchain\arm-none-eabi\include\c++\10.2.1\complex **** //
  30:c:\program files\daisytoolchain\arm-none-eabi\include\c++\10.2.1\complex **** // ISO C++ 14882: 26.2  Complex Numbers
  31:c:\program files\daisytoolchain\arm-none-eabi\include\c++\10.2.1\complex **** // Note: this is not a conforming implementation.
  32:c:\program files\daisytoolchain\arm-none-eabi\include\c++\10.2.1\complex **** // Initially implemented by Ulrich Drepper <drepper@cygnus.com>
  33:c:\program files\daisytoolchain\arm-none-eabi\include\c++\10.2.1\complex **** // Improved by Gabriel Dos Reis <dosreis@cmla.ens-cachan.fr>
  34:c:\program files\daisytoolchain\arm-none-eabi\include\c++\10.2.1\complex **** //
  35:c:\program files\daisytoolchain\arm-none-eabi\include\c++\10.2.1\complex **** 
  36:c:\program files\daisytoolchain\arm-none-eabi\include\c++\10.2.1\complex **** #ifndef _GLIBCXX_COMPLEX
  37:c:\program files\daisytoolchain\arm-none-eabi\include\c++\10.2.1\complex **** #define _GLIBCXX_COMPLEX 1
  38:c:\program files\daisytoolchain\arm-none-eabi\include\c++\10.2.1\complex **** 
  39:c:\program files\daisytoolchain\arm-none-eabi\include\c++\10.2.1\complex **** #pragma GCC system_header
  40:c:\program files\daisytoolchain\arm-none-eabi\include\c++\10.2.1\complex **** 
  41:c:\program files\daisytoolchain\arm-none-eabi\include\c++\10.2.1\complex **** #include <bits/c++config.h>
  42:c:\program files\daisytoolchain\arm-none-eabi\include\c++\10.2.1\complex **** #include <bits/cpp_type_traits.h>
  43:c:\program files\daisytoolchain\arm-none-eabi\include\c++\10.2.1\complex **** #include <ext/type_traits.h>
  44:c:\program files\daisytoolchain\arm-none-eabi\include\c++\10.2.1\complex **** #include <cmath>
  45:c:\program files\daisytoolchain\arm-none-eabi\include\c++\10.2.1\complex **** #include <sstream>
  46:c:\program files\daisytoolchain\arm-none-eabi\include\c++\10.2.1\complex **** 
  47:c:\program files\daisytoolchain\arm-none-eabi\include\c++\10.2.1\complex **** // Get rid of a macro possibly defined in <complex.h>
  48:c:\program files\daisytoolchain\arm-none-eabi\include\c++\10.2.1\complex **** #undef complex
  49:c:\program files\daisytoolchain\arm-none-eabi\include\c++\10.2.1\complex **** 
  50:c:\program files\daisytoolchain\arm-none-eabi\include\c++\10.2.1\complex **** #if __cplusplus > 201703L
  51:c:\program files\daisytoolchain\arm-none-eabi\include\c++\10.2.1\complex **** # define __cpp_lib_constexpr_complex 201711L
  52:c:\program files\daisytoolchain\arm-none-eabi\include\c++\10.2.1\complex **** #endif
  53:c:\program files\daisytoolchain\arm-none-eabi\include\c++\10.2.1\complex **** 
  54:c:\program files\daisytoolchain\arm-none-eabi\include\c++\10.2.1\complex **** namespace std _GLIBCXX_VISIBILITY(default)
  55:c:\program files\daisytoolchain\arm-none-eabi\include\c++\10.2.1\complex **** {
  56:c:\program files\daisytoolchain\arm-none-eabi\include\c++\10.2.1\complex **** _GLIBCXX_BEGIN_NAMESPACE_VERSION
  57:c:\program files\daisytoolchain\arm-none-eabi\include\c++\10.2.1\complex **** 
  58:c:\program files\daisytoolchain\arm-none-eabi\include\c++\10.2.1\complex ****   /**
  59:c:\program files\daisytoolchain\arm-none-eabi\include\c++\10.2.1\complex ****    * @defgroup complex_numbers Complex Numbers
  60:c:\program files\daisytoolchain\arm-none-eabi\include\c++\10.2.1\complex ****    * @ingroup numerics
ARM GAS  C:\Users\FINNDY~1\AppData\Local\Temp\cc0ACJmL.s 			page 39


  61:c:\program files\daisytoolchain\arm-none-eabi\include\c++\10.2.1\complex ****    *
  62:c:\program files\daisytoolchain\arm-none-eabi\include\c++\10.2.1\complex ****    * Classes and functions for complex numbers.
  63:c:\program files\daisytoolchain\arm-none-eabi\include\c++\10.2.1\complex ****    * @{
  64:c:\program files\daisytoolchain\arm-none-eabi\include\c++\10.2.1\complex ****    */
  65:c:\program files\daisytoolchain\arm-none-eabi\include\c++\10.2.1\complex **** 
  66:c:\program files\daisytoolchain\arm-none-eabi\include\c++\10.2.1\complex ****   // Forward declarations.
  67:c:\program files\daisytoolchain\arm-none-eabi\include\c++\10.2.1\complex ****   template<typename _Tp> class complex;
  68:c:\program files\daisytoolchain\arm-none-eabi\include\c++\10.2.1\complex ****   template<> class complex<float>;
  69:c:\program files\daisytoolchain\arm-none-eabi\include\c++\10.2.1\complex ****   template<> class complex<double>;
  70:c:\program files\daisytoolchain\arm-none-eabi\include\c++\10.2.1\complex ****   template<> class complex<long double>;
  71:c:\program files\daisytoolchain\arm-none-eabi\include\c++\10.2.1\complex **** 
  72:c:\program files\daisytoolchain\arm-none-eabi\include\c++\10.2.1\complex ****   ///  Return magnitude of @a z.
  73:c:\program files\daisytoolchain\arm-none-eabi\include\c++\10.2.1\complex ****   template<typename _Tp> _Tp abs(const complex<_Tp>&);
  74:c:\program files\daisytoolchain\arm-none-eabi\include\c++\10.2.1\complex ****   ///  Return phase angle of @a z.
  75:c:\program files\daisytoolchain\arm-none-eabi\include\c++\10.2.1\complex ****   template<typename _Tp> _Tp arg(const complex<_Tp>&);
  76:c:\program files\daisytoolchain\arm-none-eabi\include\c++\10.2.1\complex ****   ///  Return @a z magnitude squared.
  77:c:\program files\daisytoolchain\arm-none-eabi\include\c++\10.2.1\complex ****   template<typename _Tp> _Tp _GLIBCXX20_CONSTEXPR norm(const complex<_Tp>&);
  78:c:\program files\daisytoolchain\arm-none-eabi\include\c++\10.2.1\complex **** 
  79:c:\program files\daisytoolchain\arm-none-eabi\include\c++\10.2.1\complex ****   ///  Return complex conjugate of @a z.
  80:c:\program files\daisytoolchain\arm-none-eabi\include\c++\10.2.1\complex ****   template<typename _Tp>
  81:c:\program files\daisytoolchain\arm-none-eabi\include\c++\10.2.1\complex ****     _GLIBCXX20_CONSTEXPR complex<_Tp> conj(const complex<_Tp>&);
  82:c:\program files\daisytoolchain\arm-none-eabi\include\c++\10.2.1\complex ****   ///  Return complex with magnitude @a rho and angle @a theta.
  83:c:\program files\daisytoolchain\arm-none-eabi\include\c++\10.2.1\complex ****   template<typename _Tp> complex<_Tp> polar(const _Tp&, const _Tp& = 0);
  84:c:\program files\daisytoolchain\arm-none-eabi\include\c++\10.2.1\complex **** 
  85:c:\program files\daisytoolchain\arm-none-eabi\include\c++\10.2.1\complex ****   // Transcendentals:
  86:c:\program files\daisytoolchain\arm-none-eabi\include\c++\10.2.1\complex ****   /// Return complex cosine of @a z.
  87:c:\program files\daisytoolchain\arm-none-eabi\include\c++\10.2.1\complex ****   template<typename _Tp> complex<_Tp> cos(const complex<_Tp>&);
  88:c:\program files\daisytoolchain\arm-none-eabi\include\c++\10.2.1\complex ****   /// Return complex hyperbolic cosine of @a z.
  89:c:\program files\daisytoolchain\arm-none-eabi\include\c++\10.2.1\complex ****   template<typename _Tp> complex<_Tp> cosh(const complex<_Tp>&);
  90:c:\program files\daisytoolchain\arm-none-eabi\include\c++\10.2.1\complex ****   /// Return complex base e exponential of @a z.
  91:c:\program files\daisytoolchain\arm-none-eabi\include\c++\10.2.1\complex ****   template<typename _Tp> complex<_Tp> exp(const complex<_Tp>&);
  92:c:\program files\daisytoolchain\arm-none-eabi\include\c++\10.2.1\complex ****   /// Return complex natural logarithm of @a z.
  93:c:\program files\daisytoolchain\arm-none-eabi\include\c++\10.2.1\complex ****   template<typename _Tp> complex<_Tp> log(const complex<_Tp>&);
  94:c:\program files\daisytoolchain\arm-none-eabi\include\c++\10.2.1\complex ****   /// Return complex base 10 logarithm of @a z.
  95:c:\program files\daisytoolchain\arm-none-eabi\include\c++\10.2.1\complex ****   template<typename _Tp> complex<_Tp> log10(const complex<_Tp>&);
  96:c:\program files\daisytoolchain\arm-none-eabi\include\c++\10.2.1\complex ****   /// Return @a x to the @a y'th power.
  97:c:\program files\daisytoolchain\arm-none-eabi\include\c++\10.2.1\complex ****   template<typename _Tp> complex<_Tp> pow(const complex<_Tp>&, int);
  98:c:\program files\daisytoolchain\arm-none-eabi\include\c++\10.2.1\complex ****   /// Return @a x to the @a y'th power.
  99:c:\program files\daisytoolchain\arm-none-eabi\include\c++\10.2.1\complex ****   template<typename _Tp> complex<_Tp> pow(const complex<_Tp>&, const _Tp&);
 100:c:\program files\daisytoolchain\arm-none-eabi\include\c++\10.2.1\complex ****   /// Return @a x to the @a y'th power.
 101:c:\program files\daisytoolchain\arm-none-eabi\include\c++\10.2.1\complex ****   template<typename _Tp> complex<_Tp> pow(const complex<_Tp>&,
 102:c:\program files\daisytoolchain\arm-none-eabi\include\c++\10.2.1\complex ****                                           const complex<_Tp>&);
 103:c:\program files\daisytoolchain\arm-none-eabi\include\c++\10.2.1\complex ****   /// Return @a x to the @a y'th power.
 104:c:\program files\daisytoolchain\arm-none-eabi\include\c++\10.2.1\complex ****   template<typename _Tp> complex<_Tp> pow(const _Tp&, const complex<_Tp>&);
 105:c:\program files\daisytoolchain\arm-none-eabi\include\c++\10.2.1\complex ****   /// Return complex sine of @a z.
 106:c:\program files\daisytoolchain\arm-none-eabi\include\c++\10.2.1\complex ****   template<typename _Tp> complex<_Tp> sin(const complex<_Tp>&);
 107:c:\program files\daisytoolchain\arm-none-eabi\include\c++\10.2.1\complex ****   /// Return complex hyperbolic sine of @a z.
 108:c:\program files\daisytoolchain\arm-none-eabi\include\c++\10.2.1\complex ****   template<typename _Tp> complex<_Tp> sinh(const complex<_Tp>&);
 109:c:\program files\daisytoolchain\arm-none-eabi\include\c++\10.2.1\complex ****   /// Return complex square root of @a z.
 110:c:\program files\daisytoolchain\arm-none-eabi\include\c++\10.2.1\complex ****   template<typename _Tp> complex<_Tp> sqrt(const complex<_Tp>&);
 111:c:\program files\daisytoolchain\arm-none-eabi\include\c++\10.2.1\complex ****   /// Return complex tangent of @a z.
 112:c:\program files\daisytoolchain\arm-none-eabi\include\c++\10.2.1\complex ****   template<typename _Tp> complex<_Tp> tan(const complex<_Tp>&);
 113:c:\program files\daisytoolchain\arm-none-eabi\include\c++\10.2.1\complex ****   /// Return complex hyperbolic tangent of @a z.
 114:c:\program files\daisytoolchain\arm-none-eabi\include\c++\10.2.1\complex ****   template<typename _Tp> complex<_Tp> tanh(const complex<_Tp>&);
 115:c:\program files\daisytoolchain\arm-none-eabi\include\c++\10.2.1\complex **** 
 116:c:\program files\daisytoolchain\arm-none-eabi\include\c++\10.2.1\complex **** 
 117:c:\program files\daisytoolchain\arm-none-eabi\include\c++\10.2.1\complex ****   // 26.2.2  Primary template class complex
ARM GAS  C:\Users\FINNDY~1\AppData\Local\Temp\cc0ACJmL.s 			page 40


 118:c:\program files\daisytoolchain\arm-none-eabi\include\c++\10.2.1\complex ****   /**
 119:c:\program files\daisytoolchain\arm-none-eabi\include\c++\10.2.1\complex ****    *  Template to represent complex numbers.
 120:c:\program files\daisytoolchain\arm-none-eabi\include\c++\10.2.1\complex ****    *
 121:c:\program files\daisytoolchain\arm-none-eabi\include\c++\10.2.1\complex ****    *  Specializations for float, double, and long double are part of the
 122:c:\program files\daisytoolchain\arm-none-eabi\include\c++\10.2.1\complex ****    *  library.  Results with any other type are not guaranteed.
 123:c:\program files\daisytoolchain\arm-none-eabi\include\c++\10.2.1\complex ****    *
 124:c:\program files\daisytoolchain\arm-none-eabi\include\c++\10.2.1\complex ****    *  @param  Tp  Type of real and imaginary values.
 125:c:\program files\daisytoolchain\arm-none-eabi\include\c++\10.2.1\complex ****   */
 126:c:\program files\daisytoolchain\arm-none-eabi\include\c++\10.2.1\complex ****   template<typename _Tp>
 127:c:\program files\daisytoolchain\arm-none-eabi\include\c++\10.2.1\complex ****     struct complex
 128:c:\program files\daisytoolchain\arm-none-eabi\include\c++\10.2.1\complex ****     {
 129:c:\program files\daisytoolchain\arm-none-eabi\include\c++\10.2.1\complex ****       /// Value typedef.
 130:c:\program files\daisytoolchain\arm-none-eabi\include\c++\10.2.1\complex ****       typedef _Tp value_type;
 131:c:\program files\daisytoolchain\arm-none-eabi\include\c++\10.2.1\complex **** 
 132:c:\program files\daisytoolchain\arm-none-eabi\include\c++\10.2.1\complex ****       ///  Default constructor.  First parameter is x, second parameter is y.
 133:c:\program files\daisytoolchain\arm-none-eabi\include\c++\10.2.1\complex ****       ///  Unspecified parameters default to 0.
 134:c:\program files\daisytoolchain\arm-none-eabi\include\c++\10.2.1\complex ****       _GLIBCXX_CONSTEXPR complex(const _Tp& __r = _Tp(), const _Tp& __i = _Tp())
 135:c:\program files\daisytoolchain\arm-none-eabi\include\c++\10.2.1\complex ****       : _M_real(__r), _M_imag(__i) { }
 136:c:\program files\daisytoolchain\arm-none-eabi\include\c++\10.2.1\complex **** 
 137:c:\program files\daisytoolchain\arm-none-eabi\include\c++\10.2.1\complex ****       // Let the compiler synthesize the copy constructor
 138:c:\program files\daisytoolchain\arm-none-eabi\include\c++\10.2.1\complex **** #if __cplusplus >= 201103L
 139:c:\program files\daisytoolchain\arm-none-eabi\include\c++\10.2.1\complex ****       constexpr complex(const complex&) = default;
 140:c:\program files\daisytoolchain\arm-none-eabi\include\c++\10.2.1\complex **** #endif
 141:c:\program files\daisytoolchain\arm-none-eabi\include\c++\10.2.1\complex **** 
 142:c:\program files\daisytoolchain\arm-none-eabi\include\c++\10.2.1\complex ****       ///  Converting constructor.
 143:c:\program files\daisytoolchain\arm-none-eabi\include\c++\10.2.1\complex ****       template<typename _Up>
 144:c:\program files\daisytoolchain\arm-none-eabi\include\c++\10.2.1\complex ****         _GLIBCXX_CONSTEXPR complex(const complex<_Up>& __z)
 145:c:\program files\daisytoolchain\arm-none-eabi\include\c++\10.2.1\complex **** 	: _M_real(__z.real()), _M_imag(__z.imag()) { }
 146:c:\program files\daisytoolchain\arm-none-eabi\include\c++\10.2.1\complex **** 
 147:c:\program files\daisytoolchain\arm-none-eabi\include\c++\10.2.1\complex **** #if __cplusplus >= 201103L
 148:c:\program files\daisytoolchain\arm-none-eabi\include\c++\10.2.1\complex ****       // _GLIBCXX_RESOLVE_LIB_DEFECTS
 149:c:\program files\daisytoolchain\arm-none-eabi\include\c++\10.2.1\complex ****       // DR 387. std::complex over-encapsulated.
 150:c:\program files\daisytoolchain\arm-none-eabi\include\c++\10.2.1\complex ****       _GLIBCXX_ABI_TAG_CXX11
 151:c:\program files\daisytoolchain\arm-none-eabi\include\c++\10.2.1\complex ****       constexpr _Tp
 152:c:\program files\daisytoolchain\arm-none-eabi\include\c++\10.2.1\complex ****       real() const { return _M_real; }
 153:c:\program files\daisytoolchain\arm-none-eabi\include\c++\10.2.1\complex **** 
 154:c:\program files\daisytoolchain\arm-none-eabi\include\c++\10.2.1\complex ****       _GLIBCXX_ABI_TAG_CXX11
 155:c:\program files\daisytoolchain\arm-none-eabi\include\c++\10.2.1\complex ****       constexpr _Tp
 156:c:\program files\daisytoolchain\arm-none-eabi\include\c++\10.2.1\complex ****       imag() const { return _M_imag; }
 157:c:\program files\daisytoolchain\arm-none-eabi\include\c++\10.2.1\complex **** #else
 158:c:\program files\daisytoolchain\arm-none-eabi\include\c++\10.2.1\complex ****       ///  Return real part of complex number.
 159:c:\program files\daisytoolchain\arm-none-eabi\include\c++\10.2.1\complex ****       _Tp&
 160:c:\program files\daisytoolchain\arm-none-eabi\include\c++\10.2.1\complex ****       real() { return _M_real; }
 161:c:\program files\daisytoolchain\arm-none-eabi\include\c++\10.2.1\complex **** 
 162:c:\program files\daisytoolchain\arm-none-eabi\include\c++\10.2.1\complex ****       ///  Return real part of complex number.
 163:c:\program files\daisytoolchain\arm-none-eabi\include\c++\10.2.1\complex ****       const _Tp&
 164:c:\program files\daisytoolchain\arm-none-eabi\include\c++\10.2.1\complex ****       real() const { return _M_real; }
 165:c:\program files\daisytoolchain\arm-none-eabi\include\c++\10.2.1\complex **** 
 166:c:\program files\daisytoolchain\arm-none-eabi\include\c++\10.2.1\complex ****       ///  Return imaginary part of complex number.
 167:c:\program files\daisytoolchain\arm-none-eabi\include\c++\10.2.1\complex ****       _Tp&
 168:c:\program files\daisytoolchain\arm-none-eabi\include\c++\10.2.1\complex ****       imag() { return _M_imag; }
 169:c:\program files\daisytoolchain\arm-none-eabi\include\c++\10.2.1\complex **** 
 170:c:\program files\daisytoolchain\arm-none-eabi\include\c++\10.2.1\complex ****       ///  Return imaginary part of complex number.
 171:c:\program files\daisytoolchain\arm-none-eabi\include\c++\10.2.1\complex ****       const _Tp&
 172:c:\program files\daisytoolchain\arm-none-eabi\include\c++\10.2.1\complex ****       imag() const { return _M_imag; }
 173:c:\program files\daisytoolchain\arm-none-eabi\include\c++\10.2.1\complex **** #endif
 174:c:\program files\daisytoolchain\arm-none-eabi\include\c++\10.2.1\complex **** 
ARM GAS  C:\Users\FINNDY~1\AppData\Local\Temp\cc0ACJmL.s 			page 41


 175:c:\program files\daisytoolchain\arm-none-eabi\include\c++\10.2.1\complex ****       // _GLIBCXX_RESOLVE_LIB_DEFECTS
 176:c:\program files\daisytoolchain\arm-none-eabi\include\c++\10.2.1\complex ****       // DR 387. std::complex over-encapsulated.
 177:c:\program files\daisytoolchain\arm-none-eabi\include\c++\10.2.1\complex ****       _GLIBCXX20_CONSTEXPR void
 178:c:\program files\daisytoolchain\arm-none-eabi\include\c++\10.2.1\complex ****       real(_Tp __val) { _M_real = __val; }
 179:c:\program files\daisytoolchain\arm-none-eabi\include\c++\10.2.1\complex **** 
 180:c:\program files\daisytoolchain\arm-none-eabi\include\c++\10.2.1\complex ****       _GLIBCXX20_CONSTEXPR void
 181:c:\program files\daisytoolchain\arm-none-eabi\include\c++\10.2.1\complex ****       imag(_Tp __val) { _M_imag = __val; }
 182:c:\program files\daisytoolchain\arm-none-eabi\include\c++\10.2.1\complex **** 
 183:c:\program files\daisytoolchain\arm-none-eabi\include\c++\10.2.1\complex ****       /// Assign a scalar to this complex number.
 184:c:\program files\daisytoolchain\arm-none-eabi\include\c++\10.2.1\complex ****       _GLIBCXX20_CONSTEXPR complex<_Tp>& operator=(const _Tp&);
 185:c:\program files\daisytoolchain\arm-none-eabi\include\c++\10.2.1\complex **** 
 186:c:\program files\daisytoolchain\arm-none-eabi\include\c++\10.2.1\complex ****       /// Add a scalar to this complex number.
 187:c:\program files\daisytoolchain\arm-none-eabi\include\c++\10.2.1\complex ****       // 26.2.5/1
 188:c:\program files\daisytoolchain\arm-none-eabi\include\c++\10.2.1\complex ****       _GLIBCXX20_CONSTEXPR complex<_Tp>&
 189:c:\program files\daisytoolchain\arm-none-eabi\include\c++\10.2.1\complex ****       operator+=(const _Tp& __t)
 190:c:\program files\daisytoolchain\arm-none-eabi\include\c++\10.2.1\complex ****       {
 191:c:\program files\daisytoolchain\arm-none-eabi\include\c++\10.2.1\complex **** 	_M_real += __t;
 192:c:\program files\daisytoolchain\arm-none-eabi\include\c++\10.2.1\complex **** 	return *this;
 193:c:\program files\daisytoolchain\arm-none-eabi\include\c++\10.2.1\complex ****       }
 194:c:\program files\daisytoolchain\arm-none-eabi\include\c++\10.2.1\complex **** 
 195:c:\program files\daisytoolchain\arm-none-eabi\include\c++\10.2.1\complex ****       /// Subtract a scalar from this complex number.
 196:c:\program files\daisytoolchain\arm-none-eabi\include\c++\10.2.1\complex ****       // 26.2.5/3
 197:c:\program files\daisytoolchain\arm-none-eabi\include\c++\10.2.1\complex ****       _GLIBCXX20_CONSTEXPR complex<_Tp>&
 198:c:\program files\daisytoolchain\arm-none-eabi\include\c++\10.2.1\complex ****       operator-=(const _Tp& __t)
 199:c:\program files\daisytoolchain\arm-none-eabi\include\c++\10.2.1\complex ****       {
 200:c:\program files\daisytoolchain\arm-none-eabi\include\c++\10.2.1\complex **** 	_M_real -= __t;
 201:c:\program files\daisytoolchain\arm-none-eabi\include\c++\10.2.1\complex **** 	return *this;
 202:c:\program files\daisytoolchain\arm-none-eabi\include\c++\10.2.1\complex ****       }
 203:c:\program files\daisytoolchain\arm-none-eabi\include\c++\10.2.1\complex **** 
 204:c:\program files\daisytoolchain\arm-none-eabi\include\c++\10.2.1\complex ****       /// Multiply this complex number by a scalar.
 205:c:\program files\daisytoolchain\arm-none-eabi\include\c++\10.2.1\complex ****       _GLIBCXX20_CONSTEXPR complex<_Tp>& operator*=(const _Tp&);
 206:c:\program files\daisytoolchain\arm-none-eabi\include\c++\10.2.1\complex ****       /// Divide this complex number by a scalar.
 207:c:\program files\daisytoolchain\arm-none-eabi\include\c++\10.2.1\complex ****       _GLIBCXX20_CONSTEXPR complex<_Tp>& operator/=(const _Tp&);
 208:c:\program files\daisytoolchain\arm-none-eabi\include\c++\10.2.1\complex **** 
 209:c:\program files\daisytoolchain\arm-none-eabi\include\c++\10.2.1\complex ****       // Let the compiler synthesize the copy assignment operator
 210:c:\program files\daisytoolchain\arm-none-eabi\include\c++\10.2.1\complex **** #if __cplusplus >= 201103L
 211:c:\program files\daisytoolchain\arm-none-eabi\include\c++\10.2.1\complex ****       _GLIBCXX20_CONSTEXPR complex& operator=(const complex&) = default;
 212:c:\program files\daisytoolchain\arm-none-eabi\include\c++\10.2.1\complex **** #endif
 213:c:\program files\daisytoolchain\arm-none-eabi\include\c++\10.2.1\complex **** 
 214:c:\program files\daisytoolchain\arm-none-eabi\include\c++\10.2.1\complex ****       /// Assign another complex number to this one.
 215:c:\program files\daisytoolchain\arm-none-eabi\include\c++\10.2.1\complex ****       template<typename _Up>
 216:c:\program files\daisytoolchain\arm-none-eabi\include\c++\10.2.1\complex ****         _GLIBCXX20_CONSTEXPR complex<_Tp>& operator=(const complex<_Up>&);
 217:c:\program files\daisytoolchain\arm-none-eabi\include\c++\10.2.1\complex ****       /// Add another complex number to this one.
 218:c:\program files\daisytoolchain\arm-none-eabi\include\c++\10.2.1\complex ****       template<typename _Up>
 219:c:\program files\daisytoolchain\arm-none-eabi\include\c++\10.2.1\complex ****         _GLIBCXX20_CONSTEXPR complex<_Tp>& operator+=(const complex<_Up>&);
 220:c:\program files\daisytoolchain\arm-none-eabi\include\c++\10.2.1\complex ****       /// Subtract another complex number from this one.
 221:c:\program files\daisytoolchain\arm-none-eabi\include\c++\10.2.1\complex ****       template<typename _Up>
 222:c:\program files\daisytoolchain\arm-none-eabi\include\c++\10.2.1\complex ****         _GLIBCXX20_CONSTEXPR complex<_Tp>& operator-=(const complex<_Up>&);
 223:c:\program files\daisytoolchain\arm-none-eabi\include\c++\10.2.1\complex ****       /// Multiply this complex number by another.
 224:c:\program files\daisytoolchain\arm-none-eabi\include\c++\10.2.1\complex ****       template<typename _Up>
 225:c:\program files\daisytoolchain\arm-none-eabi\include\c++\10.2.1\complex ****         _GLIBCXX20_CONSTEXPR complex<_Tp>& operator*=(const complex<_Up>&);
 226:c:\program files\daisytoolchain\arm-none-eabi\include\c++\10.2.1\complex ****       /// Divide this complex number by another.
 227:c:\program files\daisytoolchain\arm-none-eabi\include\c++\10.2.1\complex ****       template<typename _Up>
 228:c:\program files\daisytoolchain\arm-none-eabi\include\c++\10.2.1\complex ****         _GLIBCXX20_CONSTEXPR complex<_Tp>& operator/=(const complex<_Up>&);
 229:c:\program files\daisytoolchain\arm-none-eabi\include\c++\10.2.1\complex **** 
 230:c:\program files\daisytoolchain\arm-none-eabi\include\c++\10.2.1\complex ****       _GLIBCXX_CONSTEXPR complex __rep() const
 231:c:\program files\daisytoolchain\arm-none-eabi\include\c++\10.2.1\complex ****       { return *this; }
ARM GAS  C:\Users\FINNDY~1\AppData\Local\Temp\cc0ACJmL.s 			page 42


 232:c:\program files\daisytoolchain\arm-none-eabi\include\c++\10.2.1\complex **** 
 233:c:\program files\daisytoolchain\arm-none-eabi\include\c++\10.2.1\complex ****     private:
 234:c:\program files\daisytoolchain\arm-none-eabi\include\c++\10.2.1\complex ****       _Tp _M_real;
 235:c:\program files\daisytoolchain\arm-none-eabi\include\c++\10.2.1\complex ****       _Tp _M_imag;
 236:c:\program files\daisytoolchain\arm-none-eabi\include\c++\10.2.1\complex ****     };
 237:c:\program files\daisytoolchain\arm-none-eabi\include\c++\10.2.1\complex **** 
 238:c:\program files\daisytoolchain\arm-none-eabi\include\c++\10.2.1\complex ****   template<typename _Tp>
 239:c:\program files\daisytoolchain\arm-none-eabi\include\c++\10.2.1\complex ****     _GLIBCXX20_CONSTEXPR complex<_Tp>&
 240:c:\program files\daisytoolchain\arm-none-eabi\include\c++\10.2.1\complex ****     complex<_Tp>::operator=(const _Tp& __t)
 241:c:\program files\daisytoolchain\arm-none-eabi\include\c++\10.2.1\complex ****     {
 242:c:\program files\daisytoolchain\arm-none-eabi\include\c++\10.2.1\complex ****      _M_real = __t;
 243:c:\program files\daisytoolchain\arm-none-eabi\include\c++\10.2.1\complex ****      _M_imag = _Tp();
 244:c:\program files\daisytoolchain\arm-none-eabi\include\c++\10.2.1\complex ****      return *this;
 245:c:\program files\daisytoolchain\arm-none-eabi\include\c++\10.2.1\complex ****     }
 246:c:\program files\daisytoolchain\arm-none-eabi\include\c++\10.2.1\complex **** 
 247:c:\program files\daisytoolchain\arm-none-eabi\include\c++\10.2.1\complex ****   // 26.2.5/5
 248:c:\program files\daisytoolchain\arm-none-eabi\include\c++\10.2.1\complex ****   template<typename _Tp>
 249:c:\program files\daisytoolchain\arm-none-eabi\include\c++\10.2.1\complex ****     _GLIBCXX20_CONSTEXPR complex<_Tp>&
 250:c:\program files\daisytoolchain\arm-none-eabi\include\c++\10.2.1\complex ****     complex<_Tp>::operator*=(const _Tp& __t)
 251:c:\program files\daisytoolchain\arm-none-eabi\include\c++\10.2.1\complex ****     {
 252:c:\program files\daisytoolchain\arm-none-eabi\include\c++\10.2.1\complex ****       _M_real *= __t;
 253:c:\program files\daisytoolchain\arm-none-eabi\include\c++\10.2.1\complex ****       _M_imag *= __t;
 254:c:\program files\daisytoolchain\arm-none-eabi\include\c++\10.2.1\complex ****       return *this;
 255:c:\program files\daisytoolchain\arm-none-eabi\include\c++\10.2.1\complex ****     }
 256:c:\program files\daisytoolchain\arm-none-eabi\include\c++\10.2.1\complex **** 
 257:c:\program files\daisytoolchain\arm-none-eabi\include\c++\10.2.1\complex ****   // 26.2.5/7
 258:c:\program files\daisytoolchain\arm-none-eabi\include\c++\10.2.1\complex ****   template<typename _Tp>
 259:c:\program files\daisytoolchain\arm-none-eabi\include\c++\10.2.1\complex ****     _GLIBCXX20_CONSTEXPR complex<_Tp>&
 260:c:\program files\daisytoolchain\arm-none-eabi\include\c++\10.2.1\complex ****     complex<_Tp>::operator/=(const _Tp& __t)
 261:c:\program files\daisytoolchain\arm-none-eabi\include\c++\10.2.1\complex ****     {
 262:c:\program files\daisytoolchain\arm-none-eabi\include\c++\10.2.1\complex ****       _M_real /= __t;
 263:c:\program files\daisytoolchain\arm-none-eabi\include\c++\10.2.1\complex ****       _M_imag /= __t;
 264:c:\program files\daisytoolchain\arm-none-eabi\include\c++\10.2.1\complex ****       return *this;
 265:c:\program files\daisytoolchain\arm-none-eabi\include\c++\10.2.1\complex ****     }
 266:c:\program files\daisytoolchain\arm-none-eabi\include\c++\10.2.1\complex **** 
 267:c:\program files\daisytoolchain\arm-none-eabi\include\c++\10.2.1\complex ****   template<typename _Tp>
 268:c:\program files\daisytoolchain\arm-none-eabi\include\c++\10.2.1\complex ****     template<typename _Up>
 269:c:\program files\daisytoolchain\arm-none-eabi\include\c++\10.2.1\complex ****     _GLIBCXX20_CONSTEXPR complex<_Tp>&
 270:c:\program files\daisytoolchain\arm-none-eabi\include\c++\10.2.1\complex ****     complex<_Tp>::operator=(const complex<_Up>& __z)
 271:c:\program files\daisytoolchain\arm-none-eabi\include\c++\10.2.1\complex ****     {
 272:c:\program files\daisytoolchain\arm-none-eabi\include\c++\10.2.1\complex ****       _M_real = __z.real();
 273:c:\program files\daisytoolchain\arm-none-eabi\include\c++\10.2.1\complex ****       _M_imag = __z.imag();
 274:c:\program files\daisytoolchain\arm-none-eabi\include\c++\10.2.1\complex ****       return *this;
 275:c:\program files\daisytoolchain\arm-none-eabi\include\c++\10.2.1\complex ****     }
 276:c:\program files\daisytoolchain\arm-none-eabi\include\c++\10.2.1\complex **** 
 277:c:\program files\daisytoolchain\arm-none-eabi\include\c++\10.2.1\complex ****   // 26.2.5/9
 278:c:\program files\daisytoolchain\arm-none-eabi\include\c++\10.2.1\complex ****   template<typename _Tp>
 279:c:\program files\daisytoolchain\arm-none-eabi\include\c++\10.2.1\complex ****     template<typename _Up>
 280:c:\program files\daisytoolchain\arm-none-eabi\include\c++\10.2.1\complex ****     _GLIBCXX20_CONSTEXPR complex<_Tp>&
 281:c:\program files\daisytoolchain\arm-none-eabi\include\c++\10.2.1\complex ****     complex<_Tp>::operator+=(const complex<_Up>& __z)
 282:c:\program files\daisytoolchain\arm-none-eabi\include\c++\10.2.1\complex ****     {
 283:c:\program files\daisytoolchain\arm-none-eabi\include\c++\10.2.1\complex ****       _M_real += __z.real();
 284:c:\program files\daisytoolchain\arm-none-eabi\include\c++\10.2.1\complex ****       _M_imag += __z.imag();
 285:c:\program files\daisytoolchain\arm-none-eabi\include\c++\10.2.1\complex ****       return *this;
 286:c:\program files\daisytoolchain\arm-none-eabi\include\c++\10.2.1\complex ****     }
 287:c:\program files\daisytoolchain\arm-none-eabi\include\c++\10.2.1\complex **** 
 288:c:\program files\daisytoolchain\arm-none-eabi\include\c++\10.2.1\complex ****   // 26.2.5/11
ARM GAS  C:\Users\FINNDY~1\AppData\Local\Temp\cc0ACJmL.s 			page 43


 289:c:\program files\daisytoolchain\arm-none-eabi\include\c++\10.2.1\complex ****   template<typename _Tp>
 290:c:\program files\daisytoolchain\arm-none-eabi\include\c++\10.2.1\complex ****     template<typename _Up>
 291:c:\program files\daisytoolchain\arm-none-eabi\include\c++\10.2.1\complex ****     _GLIBCXX20_CONSTEXPR complex<_Tp>&
 292:c:\program files\daisytoolchain\arm-none-eabi\include\c++\10.2.1\complex ****     complex<_Tp>::operator-=(const complex<_Up>& __z)
 293:c:\program files\daisytoolchain\arm-none-eabi\include\c++\10.2.1\complex ****     {
 294:c:\program files\daisytoolchain\arm-none-eabi\include\c++\10.2.1\complex ****       _M_real -= __z.real();
 295:c:\program files\daisytoolchain\arm-none-eabi\include\c++\10.2.1\complex ****       _M_imag -= __z.imag();
 296:c:\program files\daisytoolchain\arm-none-eabi\include\c++\10.2.1\complex ****       return *this;
 297:c:\program files\daisytoolchain\arm-none-eabi\include\c++\10.2.1\complex ****     }
 298:c:\program files\daisytoolchain\arm-none-eabi\include\c++\10.2.1\complex **** 
 299:c:\program files\daisytoolchain\arm-none-eabi\include\c++\10.2.1\complex ****   // 26.2.5/13
 300:c:\program files\daisytoolchain\arm-none-eabi\include\c++\10.2.1\complex ****   // XXX: This is a grammar school implementation.
 301:c:\program files\daisytoolchain\arm-none-eabi\include\c++\10.2.1\complex ****   template<typename _Tp>
 302:c:\program files\daisytoolchain\arm-none-eabi\include\c++\10.2.1\complex ****     template<typename _Up>
 303:c:\program files\daisytoolchain\arm-none-eabi\include\c++\10.2.1\complex ****     _GLIBCXX20_CONSTEXPR complex<_Tp>&
 304:c:\program files\daisytoolchain\arm-none-eabi\include\c++\10.2.1\complex ****     complex<_Tp>::operator*=(const complex<_Up>& __z)
 305:c:\program files\daisytoolchain\arm-none-eabi\include\c++\10.2.1\complex ****     {
 306:c:\program files\daisytoolchain\arm-none-eabi\include\c++\10.2.1\complex ****       const _Tp __r = _M_real * __z.real() - _M_imag * __z.imag();
 307:c:\program files\daisytoolchain\arm-none-eabi\include\c++\10.2.1\complex ****       _M_imag = _M_real * __z.imag() + _M_imag * __z.real();
 308:c:\program files\daisytoolchain\arm-none-eabi\include\c++\10.2.1\complex ****       _M_real = __r;
 309:c:\program files\daisytoolchain\arm-none-eabi\include\c++\10.2.1\complex ****       return *this;
 310:c:\program files\daisytoolchain\arm-none-eabi\include\c++\10.2.1\complex ****     }
 311:c:\program files\daisytoolchain\arm-none-eabi\include\c++\10.2.1\complex **** 
 312:c:\program files\daisytoolchain\arm-none-eabi\include\c++\10.2.1\complex ****   // 26.2.5/15
 313:c:\program files\daisytoolchain\arm-none-eabi\include\c++\10.2.1\complex ****   // XXX: This is a grammar school implementation.
 314:c:\program files\daisytoolchain\arm-none-eabi\include\c++\10.2.1\complex ****   template<typename _Tp>
 315:c:\program files\daisytoolchain\arm-none-eabi\include\c++\10.2.1\complex ****     template<typename _Up>
 316:c:\program files\daisytoolchain\arm-none-eabi\include\c++\10.2.1\complex ****     _GLIBCXX20_CONSTEXPR complex<_Tp>&
 317:c:\program files\daisytoolchain\arm-none-eabi\include\c++\10.2.1\complex ****     complex<_Tp>::operator/=(const complex<_Up>& __z)
 318:c:\program files\daisytoolchain\arm-none-eabi\include\c++\10.2.1\complex ****     {
 319:c:\program files\daisytoolchain\arm-none-eabi\include\c++\10.2.1\complex ****       const _Tp __r =  _M_real * __z.real() + _M_imag * __z.imag();
 320:c:\program files\daisytoolchain\arm-none-eabi\include\c++\10.2.1\complex ****       const _Tp __n = std::norm(__z);
 321:c:\program files\daisytoolchain\arm-none-eabi\include\c++\10.2.1\complex ****       _M_imag = (_M_imag * __z.real() - _M_real * __z.imag()) / __n;
 322:c:\program files\daisytoolchain\arm-none-eabi\include\c++\10.2.1\complex ****       _M_real = __r / __n;
 323:c:\program files\daisytoolchain\arm-none-eabi\include\c++\10.2.1\complex ****       return *this;
 324:c:\program files\daisytoolchain\arm-none-eabi\include\c++\10.2.1\complex ****     }
 325:c:\program files\daisytoolchain\arm-none-eabi\include\c++\10.2.1\complex **** 
 326:c:\program files\daisytoolchain\arm-none-eabi\include\c++\10.2.1\complex ****   // Operators:
 327:c:\program files\daisytoolchain\arm-none-eabi\include\c++\10.2.1\complex ****   //@{
 328:c:\program files\daisytoolchain\arm-none-eabi\include\c++\10.2.1\complex ****   ///  Return new complex value @a x plus @a y.
 329:c:\program files\daisytoolchain\arm-none-eabi\include\c++\10.2.1\complex ****   template<typename _Tp>
 330:c:\program files\daisytoolchain\arm-none-eabi\include\c++\10.2.1\complex ****     inline _GLIBCXX20_CONSTEXPR complex<_Tp>
 331:c:\program files\daisytoolchain\arm-none-eabi\include\c++\10.2.1\complex ****     operator+(const complex<_Tp>& __x, const complex<_Tp>& __y)
 332:c:\program files\daisytoolchain\arm-none-eabi\include\c++\10.2.1\complex ****     {
 333:c:\program files\daisytoolchain\arm-none-eabi\include\c++\10.2.1\complex ****       complex<_Tp> __r = __x;
 334:c:\program files\daisytoolchain\arm-none-eabi\include\c++\10.2.1\complex ****       __r += __y;
 335:c:\program files\daisytoolchain\arm-none-eabi\include\c++\10.2.1\complex ****       return __r;
 336:c:\program files\daisytoolchain\arm-none-eabi\include\c++\10.2.1\complex ****     }
 337:c:\program files\daisytoolchain\arm-none-eabi\include\c++\10.2.1\complex **** 
 338:c:\program files\daisytoolchain\arm-none-eabi\include\c++\10.2.1\complex ****   template<typename _Tp>
 339:c:\program files\daisytoolchain\arm-none-eabi\include\c++\10.2.1\complex ****     inline _GLIBCXX20_CONSTEXPR complex<_Tp>
 340:c:\program files\daisytoolchain\arm-none-eabi\include\c++\10.2.1\complex ****     operator+(const complex<_Tp>& __x, const _Tp& __y)
 341:c:\program files\daisytoolchain\arm-none-eabi\include\c++\10.2.1\complex ****     {
 342:c:\program files\daisytoolchain\arm-none-eabi\include\c++\10.2.1\complex ****       complex<_Tp> __r = __x;
 343:c:\program files\daisytoolchain\arm-none-eabi\include\c++\10.2.1\complex ****       __r += __y;
 344:c:\program files\daisytoolchain\arm-none-eabi\include\c++\10.2.1\complex ****       return __r;
 345:c:\program files\daisytoolchain\arm-none-eabi\include\c++\10.2.1\complex ****     }
ARM GAS  C:\Users\FINNDY~1\AppData\Local\Temp\cc0ACJmL.s 			page 44


 346:c:\program files\daisytoolchain\arm-none-eabi\include\c++\10.2.1\complex **** 
 347:c:\program files\daisytoolchain\arm-none-eabi\include\c++\10.2.1\complex ****   template<typename _Tp>
 348:c:\program files\daisytoolchain\arm-none-eabi\include\c++\10.2.1\complex ****     inline _GLIBCXX20_CONSTEXPR complex<_Tp>
 349:c:\program files\daisytoolchain\arm-none-eabi\include\c++\10.2.1\complex ****     operator+(const _Tp& __x, const complex<_Tp>& __y)
 350:c:\program files\daisytoolchain\arm-none-eabi\include\c++\10.2.1\complex ****     {
 351:c:\program files\daisytoolchain\arm-none-eabi\include\c++\10.2.1\complex ****       complex<_Tp> __r = __y;
 352:c:\program files\daisytoolchain\arm-none-eabi\include\c++\10.2.1\complex ****       __r += __x;
 353:c:\program files\daisytoolchain\arm-none-eabi\include\c++\10.2.1\complex ****       return __r;
 354:c:\program files\daisytoolchain\arm-none-eabi\include\c++\10.2.1\complex ****     }
 355:c:\program files\daisytoolchain\arm-none-eabi\include\c++\10.2.1\complex ****   //@}
 356:c:\program files\daisytoolchain\arm-none-eabi\include\c++\10.2.1\complex **** 
 357:c:\program files\daisytoolchain\arm-none-eabi\include\c++\10.2.1\complex ****   //@{
 358:c:\program files\daisytoolchain\arm-none-eabi\include\c++\10.2.1\complex ****   ///  Return new complex value @a x minus @a y.
 359:c:\program files\daisytoolchain\arm-none-eabi\include\c++\10.2.1\complex ****   template<typename _Tp>
 360:c:\program files\daisytoolchain\arm-none-eabi\include\c++\10.2.1\complex ****     inline _GLIBCXX20_CONSTEXPR complex<_Tp>
 361:c:\program files\daisytoolchain\arm-none-eabi\include\c++\10.2.1\complex ****     operator-(const complex<_Tp>& __x, const complex<_Tp>& __y)
 362:c:\program files\daisytoolchain\arm-none-eabi\include\c++\10.2.1\complex ****     {
 363:c:\program files\daisytoolchain\arm-none-eabi\include\c++\10.2.1\complex ****       complex<_Tp> __r = __x;
 364:c:\program files\daisytoolchain\arm-none-eabi\include\c++\10.2.1\complex ****       __r -= __y;
 365:c:\program files\daisytoolchain\arm-none-eabi\include\c++\10.2.1\complex ****       return __r;
 366:c:\program files\daisytoolchain\arm-none-eabi\include\c++\10.2.1\complex ****     }
 367:c:\program files\daisytoolchain\arm-none-eabi\include\c++\10.2.1\complex **** 
 368:c:\program files\daisytoolchain\arm-none-eabi\include\c++\10.2.1\complex ****   template<typename _Tp>
 369:c:\program files\daisytoolchain\arm-none-eabi\include\c++\10.2.1\complex ****     inline _GLIBCXX20_CONSTEXPR complex<_Tp>
 370:c:\program files\daisytoolchain\arm-none-eabi\include\c++\10.2.1\complex ****     operator-(const complex<_Tp>& __x, const _Tp& __y)
 371:c:\program files\daisytoolchain\arm-none-eabi\include\c++\10.2.1\complex ****     {
 372:c:\program files\daisytoolchain\arm-none-eabi\include\c++\10.2.1\complex ****       complex<_Tp> __r = __x;
 373:c:\program files\daisytoolchain\arm-none-eabi\include\c++\10.2.1\complex ****       __r -= __y;
 374:c:\program files\daisytoolchain\arm-none-eabi\include\c++\10.2.1\complex ****       return __r;
 375:c:\program files\daisytoolchain\arm-none-eabi\include\c++\10.2.1\complex ****     }
 376:c:\program files\daisytoolchain\arm-none-eabi\include\c++\10.2.1\complex **** 
 377:c:\program files\daisytoolchain\arm-none-eabi\include\c++\10.2.1\complex ****   template<typename _Tp>
 378:c:\program files\daisytoolchain\arm-none-eabi\include\c++\10.2.1\complex ****     inline _GLIBCXX20_CONSTEXPR complex<_Tp>
 379:c:\program files\daisytoolchain\arm-none-eabi\include\c++\10.2.1\complex ****     operator-(const _Tp& __x, const complex<_Tp>& __y)
 380:c:\program files\daisytoolchain\arm-none-eabi\include\c++\10.2.1\complex ****     {
 381:c:\program files\daisytoolchain\arm-none-eabi\include\c++\10.2.1\complex ****       complex<_Tp> __r = -__y;
 382:c:\program files\daisytoolchain\arm-none-eabi\include\c++\10.2.1\complex ****       __r += __x;
 383:c:\program files\daisytoolchain\arm-none-eabi\include\c++\10.2.1\complex ****       return __r;
 384:c:\program files\daisytoolchain\arm-none-eabi\include\c++\10.2.1\complex ****     }
 385:c:\program files\daisytoolchain\arm-none-eabi\include\c++\10.2.1\complex ****   //@}
 386:c:\program files\daisytoolchain\arm-none-eabi\include\c++\10.2.1\complex **** 
 387:c:\program files\daisytoolchain\arm-none-eabi\include\c++\10.2.1\complex ****   //@{
 388:c:\program files\daisytoolchain\arm-none-eabi\include\c++\10.2.1\complex ****   ///  Return new complex value @a x times @a y.
 389:c:\program files\daisytoolchain\arm-none-eabi\include\c++\10.2.1\complex ****   template<typename _Tp>
 390:c:\program files\daisytoolchain\arm-none-eabi\include\c++\10.2.1\complex ****     inline _GLIBCXX20_CONSTEXPR complex<_Tp>
 391:c:\program files\daisytoolchain\arm-none-eabi\include\c++\10.2.1\complex ****     operator*(const complex<_Tp>& __x, const complex<_Tp>& __y)
 392:c:\program files\daisytoolchain\arm-none-eabi\include\c++\10.2.1\complex ****     {
 393:c:\program files\daisytoolchain\arm-none-eabi\include\c++\10.2.1\complex ****       complex<_Tp> __r = __x;
 394:c:\program files\daisytoolchain\arm-none-eabi\include\c++\10.2.1\complex ****       __r *= __y;
 395:c:\program files\daisytoolchain\arm-none-eabi\include\c++\10.2.1\complex ****       return __r;
 396:c:\program files\daisytoolchain\arm-none-eabi\include\c++\10.2.1\complex ****     }
 397:c:\program files\daisytoolchain\arm-none-eabi\include\c++\10.2.1\complex **** 
 398:c:\program files\daisytoolchain\arm-none-eabi\include\c++\10.2.1\complex ****   template<typename _Tp>
 399:c:\program files\daisytoolchain\arm-none-eabi\include\c++\10.2.1\complex ****     inline _GLIBCXX20_CONSTEXPR complex<_Tp>
 400:c:\program files\daisytoolchain\arm-none-eabi\include\c++\10.2.1\complex ****     operator*(const complex<_Tp>& __x, const _Tp& __y)
 401:c:\program files\daisytoolchain\arm-none-eabi\include\c++\10.2.1\complex ****     {
 402:c:\program files\daisytoolchain\arm-none-eabi\include\c++\10.2.1\complex ****       complex<_Tp> __r = __x;
ARM GAS  C:\Users\FINNDY~1\AppData\Local\Temp\cc0ACJmL.s 			page 45


 403:c:\program files\daisytoolchain\arm-none-eabi\include\c++\10.2.1\complex ****       __r *= __y;
 404:c:\program files\daisytoolchain\arm-none-eabi\include\c++\10.2.1\complex ****       return __r;
 405:c:\program files\daisytoolchain\arm-none-eabi\include\c++\10.2.1\complex ****     }
 406:c:\program files\daisytoolchain\arm-none-eabi\include\c++\10.2.1\complex **** 
 407:c:\program files\daisytoolchain\arm-none-eabi\include\c++\10.2.1\complex ****   template<typename _Tp>
 408:c:\program files\daisytoolchain\arm-none-eabi\include\c++\10.2.1\complex ****     inline _GLIBCXX20_CONSTEXPR complex<_Tp>
 409:c:\program files\daisytoolchain\arm-none-eabi\include\c++\10.2.1\complex ****     operator*(const _Tp& __x, const complex<_Tp>& __y)
 410:c:\program files\daisytoolchain\arm-none-eabi\include\c++\10.2.1\complex ****     {
 411:c:\program files\daisytoolchain\arm-none-eabi\include\c++\10.2.1\complex ****       complex<_Tp> __r = __y;
 412:c:\program files\daisytoolchain\arm-none-eabi\include\c++\10.2.1\complex ****       __r *= __x;
 413:c:\program files\daisytoolchain\arm-none-eabi\include\c++\10.2.1\complex ****       return __r;
 414:c:\program files\daisytoolchain\arm-none-eabi\include\c++\10.2.1\complex ****     }
 415:c:\program files\daisytoolchain\arm-none-eabi\include\c++\10.2.1\complex ****   //@}
 416:c:\program files\daisytoolchain\arm-none-eabi\include\c++\10.2.1\complex **** 
 417:c:\program files\daisytoolchain\arm-none-eabi\include\c++\10.2.1\complex ****   //@{
 418:c:\program files\daisytoolchain\arm-none-eabi\include\c++\10.2.1\complex ****   ///  Return new complex value @a x divided by @a y.
 419:c:\program files\daisytoolchain\arm-none-eabi\include\c++\10.2.1\complex ****   template<typename _Tp>
 420:c:\program files\daisytoolchain\arm-none-eabi\include\c++\10.2.1\complex ****     inline _GLIBCXX20_CONSTEXPR complex<_Tp>
 421:c:\program files\daisytoolchain\arm-none-eabi\include\c++\10.2.1\complex ****     operator/(const complex<_Tp>& __x, const complex<_Tp>& __y)
 422:c:\program files\daisytoolchain\arm-none-eabi\include\c++\10.2.1\complex ****     {
 423:c:\program files\daisytoolchain\arm-none-eabi\include\c++\10.2.1\complex ****       complex<_Tp> __r = __x;
 424:c:\program files\daisytoolchain\arm-none-eabi\include\c++\10.2.1\complex ****       __r /= __y;
 425:c:\program files\daisytoolchain\arm-none-eabi\include\c++\10.2.1\complex ****       return __r;
 426:c:\program files\daisytoolchain\arm-none-eabi\include\c++\10.2.1\complex ****     }
 427:c:\program files\daisytoolchain\arm-none-eabi\include\c++\10.2.1\complex **** 
 428:c:\program files\daisytoolchain\arm-none-eabi\include\c++\10.2.1\complex ****   template<typename _Tp>
 429:c:\program files\daisytoolchain\arm-none-eabi\include\c++\10.2.1\complex ****     inline _GLIBCXX20_CONSTEXPR complex<_Tp>
 430:c:\program files\daisytoolchain\arm-none-eabi\include\c++\10.2.1\complex ****     operator/(const complex<_Tp>& __x, const _Tp& __y)
 431:c:\program files\daisytoolchain\arm-none-eabi\include\c++\10.2.1\complex ****     {
 432:c:\program files\daisytoolchain\arm-none-eabi\include\c++\10.2.1\complex ****       complex<_Tp> __r = __x;
 433:c:\program files\daisytoolchain\arm-none-eabi\include\c++\10.2.1\complex ****       __r /= __y;
 434:c:\program files\daisytoolchain\arm-none-eabi\include\c++\10.2.1\complex ****       return __r;
 435:c:\program files\daisytoolchain\arm-none-eabi\include\c++\10.2.1\complex ****     }
 436:c:\program files\daisytoolchain\arm-none-eabi\include\c++\10.2.1\complex **** 
 437:c:\program files\daisytoolchain\arm-none-eabi\include\c++\10.2.1\complex ****   template<typename _Tp>
 438:c:\program files\daisytoolchain\arm-none-eabi\include\c++\10.2.1\complex ****     inline _GLIBCXX20_CONSTEXPR complex<_Tp>
 439:c:\program files\daisytoolchain\arm-none-eabi\include\c++\10.2.1\complex ****     operator/(const _Tp& __x, const complex<_Tp>& __y)
 440:c:\program files\daisytoolchain\arm-none-eabi\include\c++\10.2.1\complex ****     {
 441:c:\program files\daisytoolchain\arm-none-eabi\include\c++\10.2.1\complex ****       complex<_Tp> __r = __x;
 442:c:\program files\daisytoolchain\arm-none-eabi\include\c++\10.2.1\complex ****       __r /= __y;
 443:c:\program files\daisytoolchain\arm-none-eabi\include\c++\10.2.1\complex ****       return __r;
 444:c:\program files\daisytoolchain\arm-none-eabi\include\c++\10.2.1\complex ****     }
 445:c:\program files\daisytoolchain\arm-none-eabi\include\c++\10.2.1\complex ****   //@}
 446:c:\program files\daisytoolchain\arm-none-eabi\include\c++\10.2.1\complex **** 
 447:c:\program files\daisytoolchain\arm-none-eabi\include\c++\10.2.1\complex ****   ///  Return @a x.
 448:c:\program files\daisytoolchain\arm-none-eabi\include\c++\10.2.1\complex ****   template<typename _Tp>
 449:c:\program files\daisytoolchain\arm-none-eabi\include\c++\10.2.1\complex ****     inline _GLIBCXX20_CONSTEXPR complex<_Tp>
 450:c:\program files\daisytoolchain\arm-none-eabi\include\c++\10.2.1\complex ****     operator+(const complex<_Tp>& __x)
 451:c:\program files\daisytoolchain\arm-none-eabi\include\c++\10.2.1\complex ****     { return __x; }
 452:c:\program files\daisytoolchain\arm-none-eabi\include\c++\10.2.1\complex **** 
 453:c:\program files\daisytoolchain\arm-none-eabi\include\c++\10.2.1\complex ****   ///  Return complex negation of @a x.
 454:c:\program files\daisytoolchain\arm-none-eabi\include\c++\10.2.1\complex ****   template<typename _Tp>
 455:c:\program files\daisytoolchain\arm-none-eabi\include\c++\10.2.1\complex ****     inline _GLIBCXX20_CONSTEXPR complex<_Tp>
 456:c:\program files\daisytoolchain\arm-none-eabi\include\c++\10.2.1\complex ****     operator-(const complex<_Tp>& __x)
 457:c:\program files\daisytoolchain\arm-none-eabi\include\c++\10.2.1\complex ****     { return complex<_Tp>(-__x.real(), -__x.imag()); }
 458:c:\program files\daisytoolchain\arm-none-eabi\include\c++\10.2.1\complex **** 
 459:c:\program files\daisytoolchain\arm-none-eabi\include\c++\10.2.1\complex ****   //@{
ARM GAS  C:\Users\FINNDY~1\AppData\Local\Temp\cc0ACJmL.s 			page 46


 460:c:\program files\daisytoolchain\arm-none-eabi\include\c++\10.2.1\complex ****   ///  Return true if @a x is equal to @a y.
 461:c:\program files\daisytoolchain\arm-none-eabi\include\c++\10.2.1\complex ****   template<typename _Tp>
 462:c:\program files\daisytoolchain\arm-none-eabi\include\c++\10.2.1\complex ****     inline _GLIBCXX_CONSTEXPR bool
 463:c:\program files\daisytoolchain\arm-none-eabi\include\c++\10.2.1\complex ****     operator==(const complex<_Tp>& __x, const complex<_Tp>& __y)
 464:c:\program files\daisytoolchain\arm-none-eabi\include\c++\10.2.1\complex ****     { return __x.real() == __y.real() && __x.imag() == __y.imag(); }
 465:c:\program files\daisytoolchain\arm-none-eabi\include\c++\10.2.1\complex **** 
 466:c:\program files\daisytoolchain\arm-none-eabi\include\c++\10.2.1\complex ****   template<typename _Tp>
 467:c:\program files\daisytoolchain\arm-none-eabi\include\c++\10.2.1\complex ****     inline _GLIBCXX_CONSTEXPR bool
 468:c:\program files\daisytoolchain\arm-none-eabi\include\c++\10.2.1\complex ****     operator==(const complex<_Tp>& __x, const _Tp& __y)
 469:c:\program files\daisytoolchain\arm-none-eabi\include\c++\10.2.1\complex ****     { return __x.real() == __y && __x.imag() == _Tp(); }
 470:c:\program files\daisytoolchain\arm-none-eabi\include\c++\10.2.1\complex **** 
 471:c:\program files\daisytoolchain\arm-none-eabi\include\c++\10.2.1\complex **** #if !(__cpp_impl_three_way_comparison >= 201907L)
 472:c:\program files\daisytoolchain\arm-none-eabi\include\c++\10.2.1\complex ****   template<typename _Tp>
 473:c:\program files\daisytoolchain\arm-none-eabi\include\c++\10.2.1\complex ****     inline _GLIBCXX_CONSTEXPR bool
 474:c:\program files\daisytoolchain\arm-none-eabi\include\c++\10.2.1\complex ****     operator==(const _Tp& __x, const complex<_Tp>& __y)
 475:c:\program files\daisytoolchain\arm-none-eabi\include\c++\10.2.1\complex ****     { return __x == __y.real() && _Tp() == __y.imag(); }
 476:c:\program files\daisytoolchain\arm-none-eabi\include\c++\10.2.1\complex ****   //@}
 477:c:\program files\daisytoolchain\arm-none-eabi\include\c++\10.2.1\complex **** 
 478:c:\program files\daisytoolchain\arm-none-eabi\include\c++\10.2.1\complex ****   //@{
 479:c:\program files\daisytoolchain\arm-none-eabi\include\c++\10.2.1\complex ****   ///  Return false if @a x is equal to @a y.
 480:c:\program files\daisytoolchain\arm-none-eabi\include\c++\10.2.1\complex ****   template<typename _Tp>
 481:c:\program files\daisytoolchain\arm-none-eabi\include\c++\10.2.1\complex ****     inline _GLIBCXX_CONSTEXPR bool
 482:c:\program files\daisytoolchain\arm-none-eabi\include\c++\10.2.1\complex ****     operator!=(const complex<_Tp>& __x, const complex<_Tp>& __y)
 483:c:\program files\daisytoolchain\arm-none-eabi\include\c++\10.2.1\complex ****     { return __x.real() != __y.real() || __x.imag() != __y.imag(); }
 484:c:\program files\daisytoolchain\arm-none-eabi\include\c++\10.2.1\complex **** 
 485:c:\program files\daisytoolchain\arm-none-eabi\include\c++\10.2.1\complex ****   template<typename _Tp>
 486:c:\program files\daisytoolchain\arm-none-eabi\include\c++\10.2.1\complex ****     inline _GLIBCXX_CONSTEXPR bool
 487:c:\program files\daisytoolchain\arm-none-eabi\include\c++\10.2.1\complex ****     operator!=(const complex<_Tp>& __x, const _Tp& __y)
 488:c:\program files\daisytoolchain\arm-none-eabi\include\c++\10.2.1\complex ****     { return __x.real() != __y || __x.imag() != _Tp(); }
 489:c:\program files\daisytoolchain\arm-none-eabi\include\c++\10.2.1\complex **** 
 490:c:\program files\daisytoolchain\arm-none-eabi\include\c++\10.2.1\complex ****   template<typename _Tp>
 491:c:\program files\daisytoolchain\arm-none-eabi\include\c++\10.2.1\complex ****     inline _GLIBCXX_CONSTEXPR bool
 492:c:\program files\daisytoolchain\arm-none-eabi\include\c++\10.2.1\complex ****     operator!=(const _Tp& __x, const complex<_Tp>& __y)
 493:c:\program files\daisytoolchain\arm-none-eabi\include\c++\10.2.1\complex ****     { return __x != __y.real() || _Tp() != __y.imag(); }
 494:c:\program files\daisytoolchain\arm-none-eabi\include\c++\10.2.1\complex **** #endif
 495:c:\program files\daisytoolchain\arm-none-eabi\include\c++\10.2.1\complex ****   //@}
 496:c:\program files\daisytoolchain\arm-none-eabi\include\c++\10.2.1\complex **** 
 497:c:\program files\daisytoolchain\arm-none-eabi\include\c++\10.2.1\complex ****   ///  Extraction operator for complex values.
 498:c:\program files\daisytoolchain\arm-none-eabi\include\c++\10.2.1\complex ****   template<typename _Tp, typename _CharT, class _Traits>
 499:c:\program files\daisytoolchain\arm-none-eabi\include\c++\10.2.1\complex ****     basic_istream<_CharT, _Traits>&
 500:c:\program files\daisytoolchain\arm-none-eabi\include\c++\10.2.1\complex ****     operator>>(basic_istream<_CharT, _Traits>& __is, complex<_Tp>& __x)
 501:c:\program files\daisytoolchain\arm-none-eabi\include\c++\10.2.1\complex ****     {
 502:c:\program files\daisytoolchain\arm-none-eabi\include\c++\10.2.1\complex ****       bool __fail = true;
 503:c:\program files\daisytoolchain\arm-none-eabi\include\c++\10.2.1\complex ****       _CharT __ch;
 504:c:\program files\daisytoolchain\arm-none-eabi\include\c++\10.2.1\complex ****       if (__is >> __ch)
 505:c:\program files\daisytoolchain\arm-none-eabi\include\c++\10.2.1\complex **** 	{
 506:c:\program files\daisytoolchain\arm-none-eabi\include\c++\10.2.1\complex **** 	  if (_Traits::eq(__ch, __is.widen('(')))
 507:c:\program files\daisytoolchain\arm-none-eabi\include\c++\10.2.1\complex **** 	    {
 508:c:\program files\daisytoolchain\arm-none-eabi\include\c++\10.2.1\complex **** 	      _Tp __u;
 509:c:\program files\daisytoolchain\arm-none-eabi\include\c++\10.2.1\complex **** 	      if (__is >> __u >> __ch)
 510:c:\program files\daisytoolchain\arm-none-eabi\include\c++\10.2.1\complex **** 		{
 511:c:\program files\daisytoolchain\arm-none-eabi\include\c++\10.2.1\complex **** 		  const _CharT __rparen = __is.widen(')');
 512:c:\program files\daisytoolchain\arm-none-eabi\include\c++\10.2.1\complex **** 		  if (_Traits::eq(__ch, __rparen))
 513:c:\program files\daisytoolchain\arm-none-eabi\include\c++\10.2.1\complex **** 		    {
 514:c:\program files\daisytoolchain\arm-none-eabi\include\c++\10.2.1\complex **** 		      __x = __u;
 515:c:\program files\daisytoolchain\arm-none-eabi\include\c++\10.2.1\complex **** 		      __fail = false;
 516:c:\program files\daisytoolchain\arm-none-eabi\include\c++\10.2.1\complex **** 		    }
ARM GAS  C:\Users\FINNDY~1\AppData\Local\Temp\cc0ACJmL.s 			page 47


 517:c:\program files\daisytoolchain\arm-none-eabi\include\c++\10.2.1\complex **** 		  else if (_Traits::eq(__ch, __is.widen(',')))
 518:c:\program files\daisytoolchain\arm-none-eabi\include\c++\10.2.1\complex **** 		    {
 519:c:\program files\daisytoolchain\arm-none-eabi\include\c++\10.2.1\complex **** 		      _Tp __v;
 520:c:\program files\daisytoolchain\arm-none-eabi\include\c++\10.2.1\complex **** 		      if (__is >> __v >> __ch)
 521:c:\program files\daisytoolchain\arm-none-eabi\include\c++\10.2.1\complex **** 			{
 522:c:\program files\daisytoolchain\arm-none-eabi\include\c++\10.2.1\complex **** 			  if (_Traits::eq(__ch, __rparen))
 523:c:\program files\daisytoolchain\arm-none-eabi\include\c++\10.2.1\complex **** 			    {
 524:c:\program files\daisytoolchain\arm-none-eabi\include\c++\10.2.1\complex **** 			      __x = complex<_Tp>(__u, __v);
 525:c:\program files\daisytoolchain\arm-none-eabi\include\c++\10.2.1\complex **** 			      __fail = false;
 526:c:\program files\daisytoolchain\arm-none-eabi\include\c++\10.2.1\complex **** 			    }
 527:c:\program files\daisytoolchain\arm-none-eabi\include\c++\10.2.1\complex **** 			  else
 528:c:\program files\daisytoolchain\arm-none-eabi\include\c++\10.2.1\complex **** 			    __is.putback(__ch);
 529:c:\program files\daisytoolchain\arm-none-eabi\include\c++\10.2.1\complex **** 			}
 530:c:\program files\daisytoolchain\arm-none-eabi\include\c++\10.2.1\complex **** 		    }
 531:c:\program files\daisytoolchain\arm-none-eabi\include\c++\10.2.1\complex **** 		  else
 532:c:\program files\daisytoolchain\arm-none-eabi\include\c++\10.2.1\complex **** 		    __is.putback(__ch);
 533:c:\program files\daisytoolchain\arm-none-eabi\include\c++\10.2.1\complex **** 		}
 534:c:\program files\daisytoolchain\arm-none-eabi\include\c++\10.2.1\complex **** 	    }
 535:c:\program files\daisytoolchain\arm-none-eabi\include\c++\10.2.1\complex **** 	  else
 536:c:\program files\daisytoolchain\arm-none-eabi\include\c++\10.2.1\complex **** 	    {
 537:c:\program files\daisytoolchain\arm-none-eabi\include\c++\10.2.1\complex **** 	      __is.putback(__ch);
 538:c:\program files\daisytoolchain\arm-none-eabi\include\c++\10.2.1\complex **** 	      _Tp __u;
 539:c:\program files\daisytoolchain\arm-none-eabi\include\c++\10.2.1\complex **** 	      if (__is >> __u)
 540:c:\program files\daisytoolchain\arm-none-eabi\include\c++\10.2.1\complex **** 		{
 541:c:\program files\daisytoolchain\arm-none-eabi\include\c++\10.2.1\complex **** 		  __x = __u;
 542:c:\program files\daisytoolchain\arm-none-eabi\include\c++\10.2.1\complex **** 		  __fail = false;
 543:c:\program files\daisytoolchain\arm-none-eabi\include\c++\10.2.1\complex **** 		}
 544:c:\program files\daisytoolchain\arm-none-eabi\include\c++\10.2.1\complex **** 	    }
 545:c:\program files\daisytoolchain\arm-none-eabi\include\c++\10.2.1\complex **** 	}
 546:c:\program files\daisytoolchain\arm-none-eabi\include\c++\10.2.1\complex ****       if (__fail)
 547:c:\program files\daisytoolchain\arm-none-eabi\include\c++\10.2.1\complex **** 	__is.setstate(ios_base::failbit);
 548:c:\program files\daisytoolchain\arm-none-eabi\include\c++\10.2.1\complex ****       return __is;
 549:c:\program files\daisytoolchain\arm-none-eabi\include\c++\10.2.1\complex ****     }
 550:c:\program files\daisytoolchain\arm-none-eabi\include\c++\10.2.1\complex **** 
 551:c:\program files\daisytoolchain\arm-none-eabi\include\c++\10.2.1\complex ****   ///  Insertion operator for complex values.
 552:c:\program files\daisytoolchain\arm-none-eabi\include\c++\10.2.1\complex ****   template<typename _Tp, typename _CharT, class _Traits>
 553:c:\program files\daisytoolchain\arm-none-eabi\include\c++\10.2.1\complex ****     basic_ostream<_CharT, _Traits>&
 554:c:\program files\daisytoolchain\arm-none-eabi\include\c++\10.2.1\complex ****     operator<<(basic_ostream<_CharT, _Traits>& __os, const complex<_Tp>& __x)
 555:c:\program files\daisytoolchain\arm-none-eabi\include\c++\10.2.1\complex ****     {
 556:c:\program files\daisytoolchain\arm-none-eabi\include\c++\10.2.1\complex ****       basic_ostringstream<_CharT, _Traits> __s;
 557:c:\program files\daisytoolchain\arm-none-eabi\include\c++\10.2.1\complex ****       __s.flags(__os.flags());
 558:c:\program files\daisytoolchain\arm-none-eabi\include\c++\10.2.1\complex ****       __s.imbue(__os.getloc());
 559:c:\program files\daisytoolchain\arm-none-eabi\include\c++\10.2.1\complex ****       __s.precision(__os.precision());
 560:c:\program files\daisytoolchain\arm-none-eabi\include\c++\10.2.1\complex ****       __s << '(' << __x.real() << ',' << __x.imag() << ')';
 561:c:\program files\daisytoolchain\arm-none-eabi\include\c++\10.2.1\complex ****       return __os << __s.str();
 562:c:\program files\daisytoolchain\arm-none-eabi\include\c++\10.2.1\complex ****     }
 563:c:\program files\daisytoolchain\arm-none-eabi\include\c++\10.2.1\complex **** 
 564:c:\program files\daisytoolchain\arm-none-eabi\include\c++\10.2.1\complex ****   // Values
 565:c:\program files\daisytoolchain\arm-none-eabi\include\c++\10.2.1\complex **** #if __cplusplus >= 201103L
 566:c:\program files\daisytoolchain\arm-none-eabi\include\c++\10.2.1\complex ****   template<typename _Tp>
 567:c:\program files\daisytoolchain\arm-none-eabi\include\c++\10.2.1\complex ****     constexpr _Tp
 568:c:\program files\daisytoolchain\arm-none-eabi\include\c++\10.2.1\complex ****     real(const complex<_Tp>& __z)
 569:c:\program files\daisytoolchain\arm-none-eabi\include\c++\10.2.1\complex ****     { return __z.real(); }
 570:c:\program files\daisytoolchain\arm-none-eabi\include\c++\10.2.1\complex **** 
 571:c:\program files\daisytoolchain\arm-none-eabi\include\c++\10.2.1\complex ****   template<typename _Tp>
 572:c:\program files\daisytoolchain\arm-none-eabi\include\c++\10.2.1\complex ****     constexpr _Tp
 573:c:\program files\daisytoolchain\arm-none-eabi\include\c++\10.2.1\complex ****     imag(const complex<_Tp>& __z)
ARM GAS  C:\Users\FINNDY~1\AppData\Local\Temp\cc0ACJmL.s 			page 48


 574:c:\program files\daisytoolchain\arm-none-eabi\include\c++\10.2.1\complex ****     { return __z.imag(); }
 575:c:\program files\daisytoolchain\arm-none-eabi\include\c++\10.2.1\complex **** #else
 576:c:\program files\daisytoolchain\arm-none-eabi\include\c++\10.2.1\complex ****   template<typename _Tp>
 577:c:\program files\daisytoolchain\arm-none-eabi\include\c++\10.2.1\complex ****     inline _Tp&
 578:c:\program files\daisytoolchain\arm-none-eabi\include\c++\10.2.1\complex ****     real(complex<_Tp>& __z)
 579:c:\program files\daisytoolchain\arm-none-eabi\include\c++\10.2.1\complex ****     { return __z.real(); }
 580:c:\program files\daisytoolchain\arm-none-eabi\include\c++\10.2.1\complex **** 
 581:c:\program files\daisytoolchain\arm-none-eabi\include\c++\10.2.1\complex ****   template<typename _Tp>
 582:c:\program files\daisytoolchain\arm-none-eabi\include\c++\10.2.1\complex ****     inline const _Tp&
 583:c:\program files\daisytoolchain\arm-none-eabi\include\c++\10.2.1\complex ****     real(const complex<_Tp>& __z)
 584:c:\program files\daisytoolchain\arm-none-eabi\include\c++\10.2.1\complex ****     { return __z.real(); }
 585:c:\program files\daisytoolchain\arm-none-eabi\include\c++\10.2.1\complex **** 
 586:c:\program files\daisytoolchain\arm-none-eabi\include\c++\10.2.1\complex ****   template<typename _Tp>
 587:c:\program files\daisytoolchain\arm-none-eabi\include\c++\10.2.1\complex ****     inline _Tp&
 588:c:\program files\daisytoolchain\arm-none-eabi\include\c++\10.2.1\complex ****     imag(complex<_Tp>& __z)
 589:c:\program files\daisytoolchain\arm-none-eabi\include\c++\10.2.1\complex ****     { return __z.imag(); }
 590:c:\program files\daisytoolchain\arm-none-eabi\include\c++\10.2.1\complex **** 
 591:c:\program files\daisytoolchain\arm-none-eabi\include\c++\10.2.1\complex ****   template<typename _Tp>
 592:c:\program files\daisytoolchain\arm-none-eabi\include\c++\10.2.1\complex ****     inline const _Tp&
 593:c:\program files\daisytoolchain\arm-none-eabi\include\c++\10.2.1\complex ****     imag(const complex<_Tp>& __z)
 594:c:\program files\daisytoolchain\arm-none-eabi\include\c++\10.2.1\complex ****     { return __z.imag(); }
 595:c:\program files\daisytoolchain\arm-none-eabi\include\c++\10.2.1\complex **** #endif
 596:c:\program files\daisytoolchain\arm-none-eabi\include\c++\10.2.1\complex **** 
 597:c:\program files\daisytoolchain\arm-none-eabi\include\c++\10.2.1\complex ****   // 26.2.7/3 abs(__z):  Returns the magnitude of __z.
 598:c:\program files\daisytoolchain\arm-none-eabi\include\c++\10.2.1\complex ****   template<typename _Tp>
 599:c:\program files\daisytoolchain\arm-none-eabi\include\c++\10.2.1\complex ****     inline _Tp
 600:c:\program files\daisytoolchain\arm-none-eabi\include\c++\10.2.1\complex ****     __complex_abs(const complex<_Tp>& __z)
 601:c:\program files\daisytoolchain\arm-none-eabi\include\c++\10.2.1\complex ****     {
 602:c:\program files\daisytoolchain\arm-none-eabi\include\c++\10.2.1\complex ****       _Tp __x = __z.real();
 603:c:\program files\daisytoolchain\arm-none-eabi\include\c++\10.2.1\complex ****       _Tp __y = __z.imag();
 604:c:\program files\daisytoolchain\arm-none-eabi\include\c++\10.2.1\complex ****       const _Tp __s = std::max(abs(__x), abs(__y));
 605:c:\program files\daisytoolchain\arm-none-eabi\include\c++\10.2.1\complex ****       if (__s == _Tp())  // well ...
 606:c:\program files\daisytoolchain\arm-none-eabi\include\c++\10.2.1\complex ****         return __s;
 607:c:\program files\daisytoolchain\arm-none-eabi\include\c++\10.2.1\complex ****       __x /= __s;
 608:c:\program files\daisytoolchain\arm-none-eabi\include\c++\10.2.1\complex ****       __y /= __s;
 609:c:\program files\daisytoolchain\arm-none-eabi\include\c++\10.2.1\complex ****       return __s * sqrt(__x * __x + __y * __y);
 610:c:\program files\daisytoolchain\arm-none-eabi\include\c++\10.2.1\complex ****     }
 611:c:\program files\daisytoolchain\arm-none-eabi\include\c++\10.2.1\complex **** 
 612:c:\program files\daisytoolchain\arm-none-eabi\include\c++\10.2.1\complex **** #if _GLIBCXX_USE_C99_COMPLEX
 613:c:\program files\daisytoolchain\arm-none-eabi\include\c++\10.2.1\complex ****   inline float
 614:c:\program files\daisytoolchain\arm-none-eabi\include\c++\10.2.1\complex ****   __complex_abs(__complex__ float __z) { return __builtin_cabsf(__z); }
 615:c:\program files\daisytoolchain\arm-none-eabi\include\c++\10.2.1\complex **** 
 616:c:\program files\daisytoolchain\arm-none-eabi\include\c++\10.2.1\complex ****   inline double
 617:c:\program files\daisytoolchain\arm-none-eabi\include\c++\10.2.1\complex ****   __complex_abs(__complex__ double __z) { return __builtin_cabs(__z); }
 618:c:\program files\daisytoolchain\arm-none-eabi\include\c++\10.2.1\complex **** 
 619:c:\program files\daisytoolchain\arm-none-eabi\include\c++\10.2.1\complex ****   inline long double
 620:c:\program files\daisytoolchain\arm-none-eabi\include\c++\10.2.1\complex ****   __complex_abs(const __complex__ long double& __z)
 621:c:\program files\daisytoolchain\arm-none-eabi\include\c++\10.2.1\complex ****   { return __builtin_cabsl(__z); }
 622:c:\program files\daisytoolchain\arm-none-eabi\include\c++\10.2.1\complex **** 
 623:c:\program files\daisytoolchain\arm-none-eabi\include\c++\10.2.1\complex ****   template<typename _Tp>
 624:c:\program files\daisytoolchain\arm-none-eabi\include\c++\10.2.1\complex ****     inline _Tp
 625:c:\program files\daisytoolchain\arm-none-eabi\include\c++\10.2.1\complex ****     abs(const complex<_Tp>& __z) { return __complex_abs(__z.__rep()); }
 626:c:\program files\daisytoolchain\arm-none-eabi\include\c++\10.2.1\complex **** #else
 627:c:\program files\daisytoolchain\arm-none-eabi\include\c++\10.2.1\complex ****   template<typename _Tp>
 628:c:\program files\daisytoolchain\arm-none-eabi\include\c++\10.2.1\complex ****     inline _Tp
 629:c:\program files\daisytoolchain\arm-none-eabi\include\c++\10.2.1\complex ****     abs(const complex<_Tp>& __z) { return __complex_abs(__z); }
 1108              		.loc 6 629 5 view .LVU298
ARM GAS  C:\Users\FINNDY~1\AppData\Local\Temp\cc0ACJmL.s 			page 49


 1109              	.LBB276:
 1110              	.LBB277:
 1111              	.LBB278:
 1112              	.LBB279:
 630:c:\program files\daisytoolchain\arm-none-eabi\include\c++\10.2.1\complex **** #endif
 631:c:\program files\daisytoolchain\arm-none-eabi\include\c++\10.2.1\complex **** 
 632:c:\program files\daisytoolchain\arm-none-eabi\include\c++\10.2.1\complex **** 
 633:c:\program files\daisytoolchain\arm-none-eabi\include\c++\10.2.1\complex ****   // 26.2.7/4: arg(__z): Returns the phase angle of __z.
 634:c:\program files\daisytoolchain\arm-none-eabi\include\c++\10.2.1\complex ****   template<typename _Tp>
 635:c:\program files\daisytoolchain\arm-none-eabi\include\c++\10.2.1\complex ****     inline _Tp
 636:c:\program files\daisytoolchain\arm-none-eabi\include\c++\10.2.1\complex ****     __complex_arg(const complex<_Tp>& __z)
 637:c:\program files\daisytoolchain\arm-none-eabi\include\c++\10.2.1\complex ****     { return  atan2(__z.imag(), __z.real()); }
 638:c:\program files\daisytoolchain\arm-none-eabi\include\c++\10.2.1\complex **** 
 639:c:\program files\daisytoolchain\arm-none-eabi\include\c++\10.2.1\complex **** #if _GLIBCXX_USE_C99_COMPLEX
 640:c:\program files\daisytoolchain\arm-none-eabi\include\c++\10.2.1\complex ****   inline float
 641:c:\program files\daisytoolchain\arm-none-eabi\include\c++\10.2.1\complex ****   __complex_arg(__complex__ float __z) { return __builtin_cargf(__z); }
 642:c:\program files\daisytoolchain\arm-none-eabi\include\c++\10.2.1\complex **** 
 643:c:\program files\daisytoolchain\arm-none-eabi\include\c++\10.2.1\complex ****   inline double
 644:c:\program files\daisytoolchain\arm-none-eabi\include\c++\10.2.1\complex ****   __complex_arg(__complex__ double __z) { return __builtin_carg(__z); }
 645:c:\program files\daisytoolchain\arm-none-eabi\include\c++\10.2.1\complex **** 
 646:c:\program files\daisytoolchain\arm-none-eabi\include\c++\10.2.1\complex ****   inline long double
 647:c:\program files\daisytoolchain\arm-none-eabi\include\c++\10.2.1\complex ****   __complex_arg(const __complex__ long double& __z)
 648:c:\program files\daisytoolchain\arm-none-eabi\include\c++\10.2.1\complex ****   { return __builtin_cargl(__z); }
 649:c:\program files\daisytoolchain\arm-none-eabi\include\c++\10.2.1\complex **** 
 650:c:\program files\daisytoolchain\arm-none-eabi\include\c++\10.2.1\complex ****   template<typename _Tp>
 651:c:\program files\daisytoolchain\arm-none-eabi\include\c++\10.2.1\complex ****     inline _Tp
 652:c:\program files\daisytoolchain\arm-none-eabi\include\c++\10.2.1\complex ****     arg(const complex<_Tp>& __z) { return __complex_arg(__z.__rep()); }
 653:c:\program files\daisytoolchain\arm-none-eabi\include\c++\10.2.1\complex **** #else
 654:c:\program files\daisytoolchain\arm-none-eabi\include\c++\10.2.1\complex ****   template<typename _Tp>
 655:c:\program files\daisytoolchain\arm-none-eabi\include\c++\10.2.1\complex ****     inline _Tp
 656:c:\program files\daisytoolchain\arm-none-eabi\include\c++\10.2.1\complex ****     arg(const complex<_Tp>& __z) { return __complex_arg(__z); }
 657:c:\program files\daisytoolchain\arm-none-eabi\include\c++\10.2.1\complex **** #endif
 658:c:\program files\daisytoolchain\arm-none-eabi\include\c++\10.2.1\complex **** 
 659:c:\program files\daisytoolchain\arm-none-eabi\include\c++\10.2.1\complex ****   // 26.2.7/5: norm(__z) returns the squared magnitude of __z.
 660:c:\program files\daisytoolchain\arm-none-eabi\include\c++\10.2.1\complex ****   //     As defined, norm() is -not- a norm is the common mathematical
 661:c:\program files\daisytoolchain\arm-none-eabi\include\c++\10.2.1\complex ****   //     sense used in numerics.  The helper class _Norm_helper<> tries to
 662:c:\program files\daisytoolchain\arm-none-eabi\include\c++\10.2.1\complex ****   //     distinguish between builtin floating point and the rest, so as
 663:c:\program files\daisytoolchain\arm-none-eabi\include\c++\10.2.1\complex ****   //     to deliver an answer as close as possible to the real value.
 664:c:\program files\daisytoolchain\arm-none-eabi\include\c++\10.2.1\complex ****   template<bool>
 665:c:\program files\daisytoolchain\arm-none-eabi\include\c++\10.2.1\complex ****     struct _Norm_helper
 666:c:\program files\daisytoolchain\arm-none-eabi\include\c++\10.2.1\complex ****     {
 667:c:\program files\daisytoolchain\arm-none-eabi\include\c++\10.2.1\complex ****       template<typename _Tp>
 668:c:\program files\daisytoolchain\arm-none-eabi\include\c++\10.2.1\complex ****         static inline _GLIBCXX20_CONSTEXPR _Tp _S_do_it(const complex<_Tp>& __z)
 669:c:\program files\daisytoolchain\arm-none-eabi\include\c++\10.2.1\complex ****         {
 670:c:\program files\daisytoolchain\arm-none-eabi\include\c++\10.2.1\complex ****           const _Tp __x = __z.real();
 671:c:\program files\daisytoolchain\arm-none-eabi\include\c++\10.2.1\complex ****           const _Tp __y = __z.imag();
 672:c:\program files\daisytoolchain\arm-none-eabi\include\c++\10.2.1\complex ****           return __x * __x + __y * __y;
 673:c:\program files\daisytoolchain\arm-none-eabi\include\c++\10.2.1\complex ****         }
 674:c:\program files\daisytoolchain\arm-none-eabi\include\c++\10.2.1\complex ****     };
 675:c:\program files\daisytoolchain\arm-none-eabi\include\c++\10.2.1\complex **** 
 676:c:\program files\daisytoolchain\arm-none-eabi\include\c++\10.2.1\complex ****   template<>
 677:c:\program files\daisytoolchain\arm-none-eabi\include\c++\10.2.1\complex ****     struct _Norm_helper<true>
 678:c:\program files\daisytoolchain\arm-none-eabi\include\c++\10.2.1\complex ****     {
 679:c:\program files\daisytoolchain\arm-none-eabi\include\c++\10.2.1\complex ****       template<typename _Tp>
 680:c:\program files\daisytoolchain\arm-none-eabi\include\c++\10.2.1\complex ****         static inline _GLIBCXX20_CONSTEXPR _Tp _S_do_it(const complex<_Tp>& __z)
 681:c:\program files\daisytoolchain\arm-none-eabi\include\c++\10.2.1\complex ****         {
 682:c:\program files\daisytoolchain\arm-none-eabi\include\c++\10.2.1\complex ****           //_Tp __res = std::abs(__z);
ARM GAS  C:\Users\FINNDY~1\AppData\Local\Temp\cc0ACJmL.s 			page 50


 683:c:\program files\daisytoolchain\arm-none-eabi\include\c++\10.2.1\complex ****           //return __res * __res;
 684:c:\program files\daisytoolchain\arm-none-eabi\include\c++\10.2.1\complex ****           const _Tp __x = __z.real();
 685:c:\program files\daisytoolchain\arm-none-eabi\include\c++\10.2.1\complex ****           const _Tp __y = __z.imag();
 686:c:\program files\daisytoolchain\arm-none-eabi\include\c++\10.2.1\complex ****           return __x * __x + __y * __y;
 687:c:\program files\daisytoolchain\arm-none-eabi\include\c++\10.2.1\complex ****         }
 688:c:\program files\daisytoolchain\arm-none-eabi\include\c++\10.2.1\complex ****     };
 689:c:\program files\daisytoolchain\arm-none-eabi\include\c++\10.2.1\complex **** 
 690:c:\program files\daisytoolchain\arm-none-eabi\include\c++\10.2.1\complex ****   template<typename _Tp>
 691:c:\program files\daisytoolchain\arm-none-eabi\include\c++\10.2.1\complex ****     inline _GLIBCXX20_CONSTEXPR _Tp
 692:c:\program files\daisytoolchain\arm-none-eabi\include\c++\10.2.1\complex ****     norm(const complex<_Tp>& __z)
 693:c:\program files\daisytoolchain\arm-none-eabi\include\c++\10.2.1\complex ****     {
 694:c:\program files\daisytoolchain\arm-none-eabi\include\c++\10.2.1\complex ****       return _Norm_helper<__is_floating<_Tp>::__value
 695:c:\program files\daisytoolchain\arm-none-eabi\include\c++\10.2.1\complex **** 	&& !_GLIBCXX_FAST_MATH>::_S_do_it(__z);
 696:c:\program files\daisytoolchain\arm-none-eabi\include\c++\10.2.1\complex ****     }
 697:c:\program files\daisytoolchain\arm-none-eabi\include\c++\10.2.1\complex **** 
 698:c:\program files\daisytoolchain\arm-none-eabi\include\c++\10.2.1\complex ****   template<typename _Tp>
 699:c:\program files\daisytoolchain\arm-none-eabi\include\c++\10.2.1\complex ****     inline complex<_Tp>
 700:c:\program files\daisytoolchain\arm-none-eabi\include\c++\10.2.1\complex ****     polar(const _Tp& __rho, const _Tp& __theta)
 701:c:\program files\daisytoolchain\arm-none-eabi\include\c++\10.2.1\complex ****     {
 702:c:\program files\daisytoolchain\arm-none-eabi\include\c++\10.2.1\complex ****       __glibcxx_assert( __rho >= 0 );
 703:c:\program files\daisytoolchain\arm-none-eabi\include\c++\10.2.1\complex ****       return complex<_Tp>(__rho * cos(__theta), __rho * sin(__theta));
 704:c:\program files\daisytoolchain\arm-none-eabi\include\c++\10.2.1\complex ****     }
 705:c:\program files\daisytoolchain\arm-none-eabi\include\c++\10.2.1\complex **** 
 706:c:\program files\daisytoolchain\arm-none-eabi\include\c++\10.2.1\complex ****   template<typename _Tp>
 707:c:\program files\daisytoolchain\arm-none-eabi\include\c++\10.2.1\complex ****     inline _GLIBCXX20_CONSTEXPR complex<_Tp>
 708:c:\program files\daisytoolchain\arm-none-eabi\include\c++\10.2.1\complex ****     conj(const complex<_Tp>& __z)
 709:c:\program files\daisytoolchain\arm-none-eabi\include\c++\10.2.1\complex ****     { return complex<_Tp>(__z.real(), -__z.imag()); }
 710:c:\program files\daisytoolchain\arm-none-eabi\include\c++\10.2.1\complex **** 
 711:c:\program files\daisytoolchain\arm-none-eabi\include\c++\10.2.1\complex ****   // Transcendentals
 712:c:\program files\daisytoolchain\arm-none-eabi\include\c++\10.2.1\complex **** 
 713:c:\program files\daisytoolchain\arm-none-eabi\include\c++\10.2.1\complex ****   // 26.2.8/1 cos(__z):  Returns the cosine of __z.
 714:c:\program files\daisytoolchain\arm-none-eabi\include\c++\10.2.1\complex ****   template<typename _Tp>
 715:c:\program files\daisytoolchain\arm-none-eabi\include\c++\10.2.1\complex ****     inline complex<_Tp>
 716:c:\program files\daisytoolchain\arm-none-eabi\include\c++\10.2.1\complex ****     __complex_cos(const complex<_Tp>& __z)
 717:c:\program files\daisytoolchain\arm-none-eabi\include\c++\10.2.1\complex ****     {
 718:c:\program files\daisytoolchain\arm-none-eabi\include\c++\10.2.1\complex ****       const _Tp __x = __z.real();
 719:c:\program files\daisytoolchain\arm-none-eabi\include\c++\10.2.1\complex ****       const _Tp __y = __z.imag();
 720:c:\program files\daisytoolchain\arm-none-eabi\include\c++\10.2.1\complex ****       return complex<_Tp>(cos(__x) * cosh(__y), -sin(__x) * sinh(__y));
 721:c:\program files\daisytoolchain\arm-none-eabi\include\c++\10.2.1\complex ****     }
 722:c:\program files\daisytoolchain\arm-none-eabi\include\c++\10.2.1\complex **** 
 723:c:\program files\daisytoolchain\arm-none-eabi\include\c++\10.2.1\complex **** #if _GLIBCXX_USE_C99_COMPLEX
 724:c:\program files\daisytoolchain\arm-none-eabi\include\c++\10.2.1\complex ****   inline __complex__ float
 725:c:\program files\daisytoolchain\arm-none-eabi\include\c++\10.2.1\complex ****   __complex_cos(__complex__ float __z) { return __builtin_ccosf(__z); }
 726:c:\program files\daisytoolchain\arm-none-eabi\include\c++\10.2.1\complex **** 
 727:c:\program files\daisytoolchain\arm-none-eabi\include\c++\10.2.1\complex ****   inline __complex__ double
 728:c:\program files\daisytoolchain\arm-none-eabi\include\c++\10.2.1\complex ****   __complex_cos(__complex__ double __z) { return __builtin_ccos(__z); }
 729:c:\program files\daisytoolchain\arm-none-eabi\include\c++\10.2.1\complex **** 
 730:c:\program files\daisytoolchain\arm-none-eabi\include\c++\10.2.1\complex ****   inline __complex__ long double
 731:c:\program files\daisytoolchain\arm-none-eabi\include\c++\10.2.1\complex ****   __complex_cos(const __complex__ long double& __z)
 732:c:\program files\daisytoolchain\arm-none-eabi\include\c++\10.2.1\complex ****   { return __builtin_ccosl(__z); }
 733:c:\program files\daisytoolchain\arm-none-eabi\include\c++\10.2.1\complex **** 
 734:c:\program files\daisytoolchain\arm-none-eabi\include\c++\10.2.1\complex ****   template<typename _Tp>
 735:c:\program files\daisytoolchain\arm-none-eabi\include\c++\10.2.1\complex ****     inline complex<_Tp>
 736:c:\program files\daisytoolchain\arm-none-eabi\include\c++\10.2.1\complex ****     cos(const complex<_Tp>& __z) { return __complex_cos(__z.__rep()); }
 737:c:\program files\daisytoolchain\arm-none-eabi\include\c++\10.2.1\complex **** #else
 738:c:\program files\daisytoolchain\arm-none-eabi\include\c++\10.2.1\complex ****   template<typename _Tp>
 739:c:\program files\daisytoolchain\arm-none-eabi\include\c++\10.2.1\complex ****     inline complex<_Tp>
ARM GAS  C:\Users\FINNDY~1\AppData\Local\Temp\cc0ACJmL.s 			page 51


 740:c:\program files\daisytoolchain\arm-none-eabi\include\c++\10.2.1\complex ****     cos(const complex<_Tp>& __z) { return __complex_cos(__z); }
 741:c:\program files\daisytoolchain\arm-none-eabi\include\c++\10.2.1\complex **** #endif
 742:c:\program files\daisytoolchain\arm-none-eabi\include\c++\10.2.1\complex **** 
 743:c:\program files\daisytoolchain\arm-none-eabi\include\c++\10.2.1\complex ****   // 26.2.8/2 cosh(__z): Returns the hyperbolic cosine of __z.
 744:c:\program files\daisytoolchain\arm-none-eabi\include\c++\10.2.1\complex ****   template<typename _Tp>
 745:c:\program files\daisytoolchain\arm-none-eabi\include\c++\10.2.1\complex ****     inline complex<_Tp>
 746:c:\program files\daisytoolchain\arm-none-eabi\include\c++\10.2.1\complex ****     __complex_cosh(const complex<_Tp>& __z)
 747:c:\program files\daisytoolchain\arm-none-eabi\include\c++\10.2.1\complex ****     {
 748:c:\program files\daisytoolchain\arm-none-eabi\include\c++\10.2.1\complex ****       const _Tp __x = __z.real();
 749:c:\program files\daisytoolchain\arm-none-eabi\include\c++\10.2.1\complex ****       const _Tp __y = __z.imag();
 750:c:\program files\daisytoolchain\arm-none-eabi\include\c++\10.2.1\complex ****       return complex<_Tp>(cosh(__x) * cos(__y), sinh(__x) * sin(__y));
 751:c:\program files\daisytoolchain\arm-none-eabi\include\c++\10.2.1\complex ****     }
 752:c:\program files\daisytoolchain\arm-none-eabi\include\c++\10.2.1\complex **** 
 753:c:\program files\daisytoolchain\arm-none-eabi\include\c++\10.2.1\complex **** #if _GLIBCXX_USE_C99_COMPLEX
 754:c:\program files\daisytoolchain\arm-none-eabi\include\c++\10.2.1\complex ****   inline __complex__ float
 755:c:\program files\daisytoolchain\arm-none-eabi\include\c++\10.2.1\complex ****   __complex_cosh(__complex__ float __z) { return __builtin_ccoshf(__z); }
 756:c:\program files\daisytoolchain\arm-none-eabi\include\c++\10.2.1\complex **** 
 757:c:\program files\daisytoolchain\arm-none-eabi\include\c++\10.2.1\complex ****   inline __complex__ double
 758:c:\program files\daisytoolchain\arm-none-eabi\include\c++\10.2.1\complex ****   __complex_cosh(__complex__ double __z) { return __builtin_ccosh(__z); }
 759:c:\program files\daisytoolchain\arm-none-eabi\include\c++\10.2.1\complex **** 
 760:c:\program files\daisytoolchain\arm-none-eabi\include\c++\10.2.1\complex ****   inline __complex__ long double
 761:c:\program files\daisytoolchain\arm-none-eabi\include\c++\10.2.1\complex ****   __complex_cosh(const __complex__ long double& __z)
 762:c:\program files\daisytoolchain\arm-none-eabi\include\c++\10.2.1\complex ****   { return __builtin_ccoshl(__z); }
 763:c:\program files\daisytoolchain\arm-none-eabi\include\c++\10.2.1\complex **** 
 764:c:\program files\daisytoolchain\arm-none-eabi\include\c++\10.2.1\complex ****   template<typename _Tp>
 765:c:\program files\daisytoolchain\arm-none-eabi\include\c++\10.2.1\complex ****     inline complex<_Tp>
 766:c:\program files\daisytoolchain\arm-none-eabi\include\c++\10.2.1\complex ****     cosh(const complex<_Tp>& __z) { return __complex_cosh(__z.__rep()); }
 767:c:\program files\daisytoolchain\arm-none-eabi\include\c++\10.2.1\complex **** #else
 768:c:\program files\daisytoolchain\arm-none-eabi\include\c++\10.2.1\complex ****   template<typename _Tp>
 769:c:\program files\daisytoolchain\arm-none-eabi\include\c++\10.2.1\complex ****     inline complex<_Tp>
 770:c:\program files\daisytoolchain\arm-none-eabi\include\c++\10.2.1\complex ****     cosh(const complex<_Tp>& __z) { return __complex_cosh(__z); }
 771:c:\program files\daisytoolchain\arm-none-eabi\include\c++\10.2.1\complex **** #endif
 772:c:\program files\daisytoolchain\arm-none-eabi\include\c++\10.2.1\complex **** 
 773:c:\program files\daisytoolchain\arm-none-eabi\include\c++\10.2.1\complex ****   // 26.2.8/3 exp(__z): Returns the complex base e exponential of x
 774:c:\program files\daisytoolchain\arm-none-eabi\include\c++\10.2.1\complex ****   template<typename _Tp>
 775:c:\program files\daisytoolchain\arm-none-eabi\include\c++\10.2.1\complex ****     inline complex<_Tp>
 776:c:\program files\daisytoolchain\arm-none-eabi\include\c++\10.2.1\complex ****     __complex_exp(const complex<_Tp>& __z)
 777:c:\program files\daisytoolchain\arm-none-eabi\include\c++\10.2.1\complex ****     { return std::polar<_Tp>(exp(__z.real()), __z.imag()); }
 778:c:\program files\daisytoolchain\arm-none-eabi\include\c++\10.2.1\complex **** 
 779:c:\program files\daisytoolchain\arm-none-eabi\include\c++\10.2.1\complex **** #if _GLIBCXX_USE_C99_COMPLEX
 780:c:\program files\daisytoolchain\arm-none-eabi\include\c++\10.2.1\complex ****   inline __complex__ float
 781:c:\program files\daisytoolchain\arm-none-eabi\include\c++\10.2.1\complex ****   __complex_exp(__complex__ float __z) { return __builtin_cexpf(__z); }
 782:c:\program files\daisytoolchain\arm-none-eabi\include\c++\10.2.1\complex **** 
 783:c:\program files\daisytoolchain\arm-none-eabi\include\c++\10.2.1\complex ****   inline __complex__ double
 784:c:\program files\daisytoolchain\arm-none-eabi\include\c++\10.2.1\complex ****   __complex_exp(__complex__ double __z) { return __builtin_cexp(__z); }
 785:c:\program files\daisytoolchain\arm-none-eabi\include\c++\10.2.1\complex **** 
 786:c:\program files\daisytoolchain\arm-none-eabi\include\c++\10.2.1\complex ****   inline __complex__ long double
 787:c:\program files\daisytoolchain\arm-none-eabi\include\c++\10.2.1\complex ****   __complex_exp(const __complex__ long double& __z)
 788:c:\program files\daisytoolchain\arm-none-eabi\include\c++\10.2.1\complex ****   { return __builtin_cexpl(__z); }
 789:c:\program files\daisytoolchain\arm-none-eabi\include\c++\10.2.1\complex **** 
 790:c:\program files\daisytoolchain\arm-none-eabi\include\c++\10.2.1\complex ****   template<typename _Tp>
 791:c:\program files\daisytoolchain\arm-none-eabi\include\c++\10.2.1\complex ****     inline complex<_Tp>
 792:c:\program files\daisytoolchain\arm-none-eabi\include\c++\10.2.1\complex ****     exp(const complex<_Tp>& __z) { return __complex_exp(__z.__rep()); }
 793:c:\program files\daisytoolchain\arm-none-eabi\include\c++\10.2.1\complex **** #else
 794:c:\program files\daisytoolchain\arm-none-eabi\include\c++\10.2.1\complex ****   template<typename _Tp>
 795:c:\program files\daisytoolchain\arm-none-eabi\include\c++\10.2.1\complex ****     inline complex<_Tp>
 796:c:\program files\daisytoolchain\arm-none-eabi\include\c++\10.2.1\complex ****     exp(const complex<_Tp>& __z) { return __complex_exp(__z); }
ARM GAS  C:\Users\FINNDY~1\AppData\Local\Temp\cc0ACJmL.s 			page 52


 797:c:\program files\daisytoolchain\arm-none-eabi\include\c++\10.2.1\complex **** #endif
 798:c:\program files\daisytoolchain\arm-none-eabi\include\c++\10.2.1\complex **** 
 799:c:\program files\daisytoolchain\arm-none-eabi\include\c++\10.2.1\complex ****   // 26.2.8/5 log(__z): Returns the natural complex logarithm of __z.
 800:c:\program files\daisytoolchain\arm-none-eabi\include\c++\10.2.1\complex ****   //                    The branch cut is along the negative axis.
 801:c:\program files\daisytoolchain\arm-none-eabi\include\c++\10.2.1\complex ****   template<typename _Tp>
 802:c:\program files\daisytoolchain\arm-none-eabi\include\c++\10.2.1\complex ****     inline complex<_Tp>
 803:c:\program files\daisytoolchain\arm-none-eabi\include\c++\10.2.1\complex ****     __complex_log(const complex<_Tp>& __z)
 804:c:\program files\daisytoolchain\arm-none-eabi\include\c++\10.2.1\complex ****     { return complex<_Tp>(log(std::abs(__z)), std::arg(__z)); }
 805:c:\program files\daisytoolchain\arm-none-eabi\include\c++\10.2.1\complex **** 
 806:c:\program files\daisytoolchain\arm-none-eabi\include\c++\10.2.1\complex **** #if _GLIBCXX_USE_C99_COMPLEX
 807:c:\program files\daisytoolchain\arm-none-eabi\include\c++\10.2.1\complex ****   inline __complex__ float
 808:c:\program files\daisytoolchain\arm-none-eabi\include\c++\10.2.1\complex ****   __complex_log(__complex__ float __z) { return __builtin_clogf(__z); }
 809:c:\program files\daisytoolchain\arm-none-eabi\include\c++\10.2.1\complex **** 
 810:c:\program files\daisytoolchain\arm-none-eabi\include\c++\10.2.1\complex ****   inline __complex__ double
 811:c:\program files\daisytoolchain\arm-none-eabi\include\c++\10.2.1\complex ****   __complex_log(__complex__ double __z) { return __builtin_clog(__z); }
 812:c:\program files\daisytoolchain\arm-none-eabi\include\c++\10.2.1\complex **** 
 813:c:\program files\daisytoolchain\arm-none-eabi\include\c++\10.2.1\complex ****   inline __complex__ long double
 814:c:\program files\daisytoolchain\arm-none-eabi\include\c++\10.2.1\complex ****   __complex_log(const __complex__ long double& __z)
 815:c:\program files\daisytoolchain\arm-none-eabi\include\c++\10.2.1\complex ****   { return __builtin_clogl(__z); }
 816:c:\program files\daisytoolchain\arm-none-eabi\include\c++\10.2.1\complex **** 
 817:c:\program files\daisytoolchain\arm-none-eabi\include\c++\10.2.1\complex ****   template<typename _Tp>
 818:c:\program files\daisytoolchain\arm-none-eabi\include\c++\10.2.1\complex ****     inline complex<_Tp>
 819:c:\program files\daisytoolchain\arm-none-eabi\include\c++\10.2.1\complex ****     log(const complex<_Tp>& __z) { return __complex_log(__z.__rep()); }
 820:c:\program files\daisytoolchain\arm-none-eabi\include\c++\10.2.1\complex **** #else
 821:c:\program files\daisytoolchain\arm-none-eabi\include\c++\10.2.1\complex ****   template<typename _Tp>
 822:c:\program files\daisytoolchain\arm-none-eabi\include\c++\10.2.1\complex ****     inline complex<_Tp>
 823:c:\program files\daisytoolchain\arm-none-eabi\include\c++\10.2.1\complex ****     log(const complex<_Tp>& __z) { return __complex_log(__z); }
 824:c:\program files\daisytoolchain\arm-none-eabi\include\c++\10.2.1\complex **** #endif
 825:c:\program files\daisytoolchain\arm-none-eabi\include\c++\10.2.1\complex **** 
 826:c:\program files\daisytoolchain\arm-none-eabi\include\c++\10.2.1\complex ****   template<typename _Tp>
 827:c:\program files\daisytoolchain\arm-none-eabi\include\c++\10.2.1\complex ****     inline complex<_Tp>
 828:c:\program files\daisytoolchain\arm-none-eabi\include\c++\10.2.1\complex ****     log10(const complex<_Tp>& __z)
 829:c:\program files\daisytoolchain\arm-none-eabi\include\c++\10.2.1\complex ****     { return std::log(__z) / log(_Tp(10.0)); }
 830:c:\program files\daisytoolchain\arm-none-eabi\include\c++\10.2.1\complex **** 
 831:c:\program files\daisytoolchain\arm-none-eabi\include\c++\10.2.1\complex ****   // 26.2.8/10 sin(__z): Returns the sine of __z.
 832:c:\program files\daisytoolchain\arm-none-eabi\include\c++\10.2.1\complex ****   template<typename _Tp>
 833:c:\program files\daisytoolchain\arm-none-eabi\include\c++\10.2.1\complex ****     inline complex<_Tp>
 834:c:\program files\daisytoolchain\arm-none-eabi\include\c++\10.2.1\complex ****     __complex_sin(const complex<_Tp>& __z)
 835:c:\program files\daisytoolchain\arm-none-eabi\include\c++\10.2.1\complex ****     {
 836:c:\program files\daisytoolchain\arm-none-eabi\include\c++\10.2.1\complex ****       const _Tp __x = __z.real();
 837:c:\program files\daisytoolchain\arm-none-eabi\include\c++\10.2.1\complex ****       const _Tp __y = __z.imag();
 838:c:\program files\daisytoolchain\arm-none-eabi\include\c++\10.2.1\complex ****       return complex<_Tp>(sin(__x) * cosh(__y), cos(__x) * sinh(__y));
 839:c:\program files\daisytoolchain\arm-none-eabi\include\c++\10.2.1\complex ****     }
 840:c:\program files\daisytoolchain\arm-none-eabi\include\c++\10.2.1\complex **** 
 841:c:\program files\daisytoolchain\arm-none-eabi\include\c++\10.2.1\complex **** #if _GLIBCXX_USE_C99_COMPLEX
 842:c:\program files\daisytoolchain\arm-none-eabi\include\c++\10.2.1\complex ****   inline __complex__ float
 843:c:\program files\daisytoolchain\arm-none-eabi\include\c++\10.2.1\complex ****   __complex_sin(__complex__ float __z) { return __builtin_csinf(__z); }
 844:c:\program files\daisytoolchain\arm-none-eabi\include\c++\10.2.1\complex **** 
 845:c:\program files\daisytoolchain\arm-none-eabi\include\c++\10.2.1\complex ****   inline __complex__ double
 846:c:\program files\daisytoolchain\arm-none-eabi\include\c++\10.2.1\complex ****   __complex_sin(__complex__ double __z) { return __builtin_csin(__z); }
 847:c:\program files\daisytoolchain\arm-none-eabi\include\c++\10.2.1\complex **** 
 848:c:\program files\daisytoolchain\arm-none-eabi\include\c++\10.2.1\complex ****   inline __complex__ long double
 849:c:\program files\daisytoolchain\arm-none-eabi\include\c++\10.2.1\complex ****   __complex_sin(const __complex__ long double& __z)
 850:c:\program files\daisytoolchain\arm-none-eabi\include\c++\10.2.1\complex ****   { return __builtin_csinl(__z); }
 851:c:\program files\daisytoolchain\arm-none-eabi\include\c++\10.2.1\complex **** 
 852:c:\program files\daisytoolchain\arm-none-eabi\include\c++\10.2.1\complex ****   template<typename _Tp>
 853:c:\program files\daisytoolchain\arm-none-eabi\include\c++\10.2.1\complex ****     inline complex<_Tp>
ARM GAS  C:\Users\FINNDY~1\AppData\Local\Temp\cc0ACJmL.s 			page 53


 854:c:\program files\daisytoolchain\arm-none-eabi\include\c++\10.2.1\complex ****     sin(const complex<_Tp>& __z) { return __complex_sin(__z.__rep()); }
 855:c:\program files\daisytoolchain\arm-none-eabi\include\c++\10.2.1\complex **** #else
 856:c:\program files\daisytoolchain\arm-none-eabi\include\c++\10.2.1\complex ****   template<typename _Tp>
 857:c:\program files\daisytoolchain\arm-none-eabi\include\c++\10.2.1\complex ****     inline complex<_Tp>
 858:c:\program files\daisytoolchain\arm-none-eabi\include\c++\10.2.1\complex ****     sin(const complex<_Tp>& __z) { return __complex_sin(__z); }
 859:c:\program files\daisytoolchain\arm-none-eabi\include\c++\10.2.1\complex **** #endif
 860:c:\program files\daisytoolchain\arm-none-eabi\include\c++\10.2.1\complex **** 
 861:c:\program files\daisytoolchain\arm-none-eabi\include\c++\10.2.1\complex ****   // 26.2.8/11 sinh(__z): Returns the hyperbolic sine of __z.
 862:c:\program files\daisytoolchain\arm-none-eabi\include\c++\10.2.1\complex ****   template<typename _Tp>
 863:c:\program files\daisytoolchain\arm-none-eabi\include\c++\10.2.1\complex ****     inline complex<_Tp>
 864:c:\program files\daisytoolchain\arm-none-eabi\include\c++\10.2.1\complex ****     __complex_sinh(const complex<_Tp>& __z)
 865:c:\program files\daisytoolchain\arm-none-eabi\include\c++\10.2.1\complex ****     {
 866:c:\program files\daisytoolchain\arm-none-eabi\include\c++\10.2.1\complex ****       const _Tp __x = __z.real();
 867:c:\program files\daisytoolchain\arm-none-eabi\include\c++\10.2.1\complex ****       const _Tp  __y = __z.imag();
 868:c:\program files\daisytoolchain\arm-none-eabi\include\c++\10.2.1\complex ****       return complex<_Tp>(sinh(__x) * cos(__y), cosh(__x) * sin(__y));
 869:c:\program files\daisytoolchain\arm-none-eabi\include\c++\10.2.1\complex ****     }
 870:c:\program files\daisytoolchain\arm-none-eabi\include\c++\10.2.1\complex **** 
 871:c:\program files\daisytoolchain\arm-none-eabi\include\c++\10.2.1\complex **** #if _GLIBCXX_USE_C99_COMPLEX
 872:c:\program files\daisytoolchain\arm-none-eabi\include\c++\10.2.1\complex ****   inline __complex__ float
 873:c:\program files\daisytoolchain\arm-none-eabi\include\c++\10.2.1\complex ****   __complex_sinh(__complex__ float __z) { return __builtin_csinhf(__z); }
 874:c:\program files\daisytoolchain\arm-none-eabi\include\c++\10.2.1\complex **** 
 875:c:\program files\daisytoolchain\arm-none-eabi\include\c++\10.2.1\complex ****   inline __complex__ double
 876:c:\program files\daisytoolchain\arm-none-eabi\include\c++\10.2.1\complex ****   __complex_sinh(__complex__ double __z) { return __builtin_csinh(__z); }
 877:c:\program files\daisytoolchain\arm-none-eabi\include\c++\10.2.1\complex **** 
 878:c:\program files\daisytoolchain\arm-none-eabi\include\c++\10.2.1\complex ****   inline __complex__ long double
 879:c:\program files\daisytoolchain\arm-none-eabi\include\c++\10.2.1\complex ****   __complex_sinh(const __complex__ long double& __z)
 880:c:\program files\daisytoolchain\arm-none-eabi\include\c++\10.2.1\complex ****   { return __builtin_csinhl(__z); }
 881:c:\program files\daisytoolchain\arm-none-eabi\include\c++\10.2.1\complex **** 
 882:c:\program files\daisytoolchain\arm-none-eabi\include\c++\10.2.1\complex ****   template<typename _Tp>
 883:c:\program files\daisytoolchain\arm-none-eabi\include\c++\10.2.1\complex ****     inline complex<_Tp>
 884:c:\program files\daisytoolchain\arm-none-eabi\include\c++\10.2.1\complex ****     sinh(const complex<_Tp>& __z) { return __complex_sinh(__z.__rep()); }
 885:c:\program files\daisytoolchain\arm-none-eabi\include\c++\10.2.1\complex **** #else
 886:c:\program files\daisytoolchain\arm-none-eabi\include\c++\10.2.1\complex ****   template<typename _Tp>
 887:c:\program files\daisytoolchain\arm-none-eabi\include\c++\10.2.1\complex ****     inline complex<_Tp>
 888:c:\program files\daisytoolchain\arm-none-eabi\include\c++\10.2.1\complex ****     sinh(const complex<_Tp>& __z) { return __complex_sinh(__z); }
 889:c:\program files\daisytoolchain\arm-none-eabi\include\c++\10.2.1\complex **** #endif
 890:c:\program files\daisytoolchain\arm-none-eabi\include\c++\10.2.1\complex **** 
 891:c:\program files\daisytoolchain\arm-none-eabi\include\c++\10.2.1\complex ****   // 26.2.8/13 sqrt(__z): Returns the complex square root of __z.
 892:c:\program files\daisytoolchain\arm-none-eabi\include\c++\10.2.1\complex ****   //                     The branch cut is on the negative axis.
 893:c:\program files\daisytoolchain\arm-none-eabi\include\c++\10.2.1\complex ****   template<typename _Tp>
 894:c:\program files\daisytoolchain\arm-none-eabi\include\c++\10.2.1\complex ****     complex<_Tp>
 895:c:\program files\daisytoolchain\arm-none-eabi\include\c++\10.2.1\complex ****     __complex_sqrt(const complex<_Tp>& __z)
 896:c:\program files\daisytoolchain\arm-none-eabi\include\c++\10.2.1\complex ****     {
 897:c:\program files\daisytoolchain\arm-none-eabi\include\c++\10.2.1\complex ****       _Tp __x = __z.real();
 898:c:\program files\daisytoolchain\arm-none-eabi\include\c++\10.2.1\complex ****       _Tp __y = __z.imag();
 899:c:\program files\daisytoolchain\arm-none-eabi\include\c++\10.2.1\complex **** 
 900:c:\program files\daisytoolchain\arm-none-eabi\include\c++\10.2.1\complex ****       if (__x == _Tp())
 901:c:\program files\daisytoolchain\arm-none-eabi\include\c++\10.2.1\complex ****         {
 902:c:\program files\daisytoolchain\arm-none-eabi\include\c++\10.2.1\complex ****           _Tp __t = sqrt(abs(__y) / 2);
 903:c:\program files\daisytoolchain\arm-none-eabi\include\c++\10.2.1\complex ****           return complex<_Tp>(__t, __y < _Tp() ? -__t : __t);
 904:c:\program files\daisytoolchain\arm-none-eabi\include\c++\10.2.1\complex ****         }
 905:c:\program files\daisytoolchain\arm-none-eabi\include\c++\10.2.1\complex ****       else
 906:c:\program files\daisytoolchain\arm-none-eabi\include\c++\10.2.1\complex ****         {
 907:c:\program files\daisytoolchain\arm-none-eabi\include\c++\10.2.1\complex ****           _Tp __t = sqrt(2 * (std::abs(__z) + abs(__x)));
 908:c:\program files\daisytoolchain\arm-none-eabi\include\c++\10.2.1\complex ****           _Tp __u = __t / 2;
 909:c:\program files\daisytoolchain\arm-none-eabi\include\c++\10.2.1\complex ****           return __x > _Tp()
 910:c:\program files\daisytoolchain\arm-none-eabi\include\c++\10.2.1\complex ****             ? complex<_Tp>(__u, __y / __t)
ARM GAS  C:\Users\FINNDY~1\AppData\Local\Temp\cc0ACJmL.s 			page 54


 911:c:\program files\daisytoolchain\arm-none-eabi\include\c++\10.2.1\complex ****             : complex<_Tp>(abs(__y) / __t, __y < _Tp() ? -__u : __u);
 912:c:\program files\daisytoolchain\arm-none-eabi\include\c++\10.2.1\complex ****         }
 913:c:\program files\daisytoolchain\arm-none-eabi\include\c++\10.2.1\complex ****     }
 914:c:\program files\daisytoolchain\arm-none-eabi\include\c++\10.2.1\complex **** 
 915:c:\program files\daisytoolchain\arm-none-eabi\include\c++\10.2.1\complex **** #if _GLIBCXX_USE_C99_COMPLEX
 916:c:\program files\daisytoolchain\arm-none-eabi\include\c++\10.2.1\complex ****   inline __complex__ float
 917:c:\program files\daisytoolchain\arm-none-eabi\include\c++\10.2.1\complex ****   __complex_sqrt(__complex__ float __z) { return __builtin_csqrtf(__z); }
 918:c:\program files\daisytoolchain\arm-none-eabi\include\c++\10.2.1\complex **** 
 919:c:\program files\daisytoolchain\arm-none-eabi\include\c++\10.2.1\complex ****   inline __complex__ double
 920:c:\program files\daisytoolchain\arm-none-eabi\include\c++\10.2.1\complex ****   __complex_sqrt(__complex__ double __z) { return __builtin_csqrt(__z); }
 921:c:\program files\daisytoolchain\arm-none-eabi\include\c++\10.2.1\complex **** 
 922:c:\program files\daisytoolchain\arm-none-eabi\include\c++\10.2.1\complex ****   inline __complex__ long double
 923:c:\program files\daisytoolchain\arm-none-eabi\include\c++\10.2.1\complex ****   __complex_sqrt(const __complex__ long double& __z)
 924:c:\program files\daisytoolchain\arm-none-eabi\include\c++\10.2.1\complex ****   { return __builtin_csqrtl(__z); }
 925:c:\program files\daisytoolchain\arm-none-eabi\include\c++\10.2.1\complex **** 
 926:c:\program files\daisytoolchain\arm-none-eabi\include\c++\10.2.1\complex ****   template<typename _Tp>
 927:c:\program files\daisytoolchain\arm-none-eabi\include\c++\10.2.1\complex ****     inline complex<_Tp>
 928:c:\program files\daisytoolchain\arm-none-eabi\include\c++\10.2.1\complex ****     sqrt(const complex<_Tp>& __z) { return __complex_sqrt(__z.__rep()); }
 929:c:\program files\daisytoolchain\arm-none-eabi\include\c++\10.2.1\complex **** #else
 930:c:\program files\daisytoolchain\arm-none-eabi\include\c++\10.2.1\complex ****   template<typename _Tp>
 931:c:\program files\daisytoolchain\arm-none-eabi\include\c++\10.2.1\complex ****     inline complex<_Tp>
 932:c:\program files\daisytoolchain\arm-none-eabi\include\c++\10.2.1\complex ****     sqrt(const complex<_Tp>& __z) { return __complex_sqrt(__z); }
 933:c:\program files\daisytoolchain\arm-none-eabi\include\c++\10.2.1\complex **** #endif
 934:c:\program files\daisytoolchain\arm-none-eabi\include\c++\10.2.1\complex **** 
 935:c:\program files\daisytoolchain\arm-none-eabi\include\c++\10.2.1\complex ****   // 26.2.8/14 tan(__z):  Return the complex tangent of __z.
 936:c:\program files\daisytoolchain\arm-none-eabi\include\c++\10.2.1\complex **** 
 937:c:\program files\daisytoolchain\arm-none-eabi\include\c++\10.2.1\complex ****   template<typename _Tp>
 938:c:\program files\daisytoolchain\arm-none-eabi\include\c++\10.2.1\complex ****     inline complex<_Tp>
 939:c:\program files\daisytoolchain\arm-none-eabi\include\c++\10.2.1\complex ****     __complex_tan(const complex<_Tp>& __z)
 940:c:\program files\daisytoolchain\arm-none-eabi\include\c++\10.2.1\complex ****     { return std::sin(__z) / std::cos(__z); }
 941:c:\program files\daisytoolchain\arm-none-eabi\include\c++\10.2.1\complex **** 
 942:c:\program files\daisytoolchain\arm-none-eabi\include\c++\10.2.1\complex **** #if _GLIBCXX_USE_C99_COMPLEX
 943:c:\program files\daisytoolchain\arm-none-eabi\include\c++\10.2.1\complex ****   inline __complex__ float
 944:c:\program files\daisytoolchain\arm-none-eabi\include\c++\10.2.1\complex ****   __complex_tan(__complex__ float __z) { return __builtin_ctanf(__z); }
 945:c:\program files\daisytoolchain\arm-none-eabi\include\c++\10.2.1\complex **** 
 946:c:\program files\daisytoolchain\arm-none-eabi\include\c++\10.2.1\complex ****   inline __complex__ double
 947:c:\program files\daisytoolchain\arm-none-eabi\include\c++\10.2.1\complex ****   __complex_tan(__complex__ double __z) { return __builtin_ctan(__z); }
 948:c:\program files\daisytoolchain\arm-none-eabi\include\c++\10.2.1\complex **** 
 949:c:\program files\daisytoolchain\arm-none-eabi\include\c++\10.2.1\complex ****   inline __complex__ long double
 950:c:\program files\daisytoolchain\arm-none-eabi\include\c++\10.2.1\complex ****   __complex_tan(const __complex__ long double& __z)
 951:c:\program files\daisytoolchain\arm-none-eabi\include\c++\10.2.1\complex ****   { return __builtin_ctanl(__z); }
 952:c:\program files\daisytoolchain\arm-none-eabi\include\c++\10.2.1\complex **** 
 953:c:\program files\daisytoolchain\arm-none-eabi\include\c++\10.2.1\complex ****   template<typename _Tp>
 954:c:\program files\daisytoolchain\arm-none-eabi\include\c++\10.2.1\complex ****     inline complex<_Tp>
 955:c:\program files\daisytoolchain\arm-none-eabi\include\c++\10.2.1\complex ****     tan(const complex<_Tp>& __z) { return __complex_tan(__z.__rep()); }
 956:c:\program files\daisytoolchain\arm-none-eabi\include\c++\10.2.1\complex **** #else
 957:c:\program files\daisytoolchain\arm-none-eabi\include\c++\10.2.1\complex ****   template<typename _Tp>
 958:c:\program files\daisytoolchain\arm-none-eabi\include\c++\10.2.1\complex ****     inline complex<_Tp>
 959:c:\program files\daisytoolchain\arm-none-eabi\include\c++\10.2.1\complex ****     tan(const complex<_Tp>& __z) { return __complex_tan(__z); }
 960:c:\program files\daisytoolchain\arm-none-eabi\include\c++\10.2.1\complex **** #endif
 961:c:\program files\daisytoolchain\arm-none-eabi\include\c++\10.2.1\complex **** 
 962:c:\program files\daisytoolchain\arm-none-eabi\include\c++\10.2.1\complex **** 
 963:c:\program files\daisytoolchain\arm-none-eabi\include\c++\10.2.1\complex ****   // 26.2.8/15 tanh(__z):  Returns the hyperbolic tangent of __z.
 964:c:\program files\daisytoolchain\arm-none-eabi\include\c++\10.2.1\complex **** 
 965:c:\program files\daisytoolchain\arm-none-eabi\include\c++\10.2.1\complex ****   template<typename _Tp>
 966:c:\program files\daisytoolchain\arm-none-eabi\include\c++\10.2.1\complex ****     inline complex<_Tp>
 967:c:\program files\daisytoolchain\arm-none-eabi\include\c++\10.2.1\complex ****     __complex_tanh(const complex<_Tp>& __z)
ARM GAS  C:\Users\FINNDY~1\AppData\Local\Temp\cc0ACJmL.s 			page 55


 968:c:\program files\daisytoolchain\arm-none-eabi\include\c++\10.2.1\complex ****     { return std::sinh(__z) / std::cosh(__z); }
 969:c:\program files\daisytoolchain\arm-none-eabi\include\c++\10.2.1\complex **** 
 970:c:\program files\daisytoolchain\arm-none-eabi\include\c++\10.2.1\complex **** #if _GLIBCXX_USE_C99_COMPLEX
 971:c:\program files\daisytoolchain\arm-none-eabi\include\c++\10.2.1\complex ****   inline __complex__ float
 972:c:\program files\daisytoolchain\arm-none-eabi\include\c++\10.2.1\complex ****   __complex_tanh(__complex__ float __z) { return __builtin_ctanhf(__z); }
 973:c:\program files\daisytoolchain\arm-none-eabi\include\c++\10.2.1\complex **** 
 974:c:\program files\daisytoolchain\arm-none-eabi\include\c++\10.2.1\complex ****   inline __complex__ double
 975:c:\program files\daisytoolchain\arm-none-eabi\include\c++\10.2.1\complex ****   __complex_tanh(__complex__ double __z) { return __builtin_ctanh(__z); }
 976:c:\program files\daisytoolchain\arm-none-eabi\include\c++\10.2.1\complex **** 
 977:c:\program files\daisytoolchain\arm-none-eabi\include\c++\10.2.1\complex ****   inline __complex__ long double
 978:c:\program files\daisytoolchain\arm-none-eabi\include\c++\10.2.1\complex ****   __complex_tanh(const __complex__ long double& __z)
 979:c:\program files\daisytoolchain\arm-none-eabi\include\c++\10.2.1\complex ****   { return __builtin_ctanhl(__z); }
 980:c:\program files\daisytoolchain\arm-none-eabi\include\c++\10.2.1\complex **** 
 981:c:\program files\daisytoolchain\arm-none-eabi\include\c++\10.2.1\complex ****   template<typename _Tp>
 982:c:\program files\daisytoolchain\arm-none-eabi\include\c++\10.2.1\complex ****     inline complex<_Tp>
 983:c:\program files\daisytoolchain\arm-none-eabi\include\c++\10.2.1\complex ****     tanh(const complex<_Tp>& __z) { return __complex_tanh(__z.__rep()); }
 984:c:\program files\daisytoolchain\arm-none-eabi\include\c++\10.2.1\complex **** #else
 985:c:\program files\daisytoolchain\arm-none-eabi\include\c++\10.2.1\complex ****   template<typename _Tp>
 986:c:\program files\daisytoolchain\arm-none-eabi\include\c++\10.2.1\complex ****     inline complex<_Tp>
 987:c:\program files\daisytoolchain\arm-none-eabi\include\c++\10.2.1\complex ****     tanh(const complex<_Tp>& __z) { return __complex_tanh(__z); }
 988:c:\program files\daisytoolchain\arm-none-eabi\include\c++\10.2.1\complex **** #endif
 989:c:\program files\daisytoolchain\arm-none-eabi\include\c++\10.2.1\complex **** 
 990:c:\program files\daisytoolchain\arm-none-eabi\include\c++\10.2.1\complex **** 
 991:c:\program files\daisytoolchain\arm-none-eabi\include\c++\10.2.1\complex ****   // 26.2.8/9  pow(__x, __y): Returns the complex power base of __x
 992:c:\program files\daisytoolchain\arm-none-eabi\include\c++\10.2.1\complex ****   //                          raised to the __y-th power.  The branch
 993:c:\program files\daisytoolchain\arm-none-eabi\include\c++\10.2.1\complex ****   //                          cut is on the negative axis.
 994:c:\program files\daisytoolchain\arm-none-eabi\include\c++\10.2.1\complex ****   template<typename _Tp>
 995:c:\program files\daisytoolchain\arm-none-eabi\include\c++\10.2.1\complex ****     complex<_Tp>
 996:c:\program files\daisytoolchain\arm-none-eabi\include\c++\10.2.1\complex ****     __complex_pow_unsigned(complex<_Tp> __x, unsigned __n)
 997:c:\program files\daisytoolchain\arm-none-eabi\include\c++\10.2.1\complex ****     {
 998:c:\program files\daisytoolchain\arm-none-eabi\include\c++\10.2.1\complex ****       complex<_Tp> __y = __n % 2 ? __x : complex<_Tp>(1);
 999:c:\program files\daisytoolchain\arm-none-eabi\include\c++\10.2.1\complex **** 
1000:c:\program files\daisytoolchain\arm-none-eabi\include\c++\10.2.1\complex ****       while (__n >>= 1)
1001:c:\program files\daisytoolchain\arm-none-eabi\include\c++\10.2.1\complex ****         {
1002:c:\program files\daisytoolchain\arm-none-eabi\include\c++\10.2.1\complex ****           __x *= __x;
1003:c:\program files\daisytoolchain\arm-none-eabi\include\c++\10.2.1\complex ****           if (__n % 2)
1004:c:\program files\daisytoolchain\arm-none-eabi\include\c++\10.2.1\complex ****             __y *= __x;
1005:c:\program files\daisytoolchain\arm-none-eabi\include\c++\10.2.1\complex ****         }
1006:c:\program files\daisytoolchain\arm-none-eabi\include\c++\10.2.1\complex **** 
1007:c:\program files\daisytoolchain\arm-none-eabi\include\c++\10.2.1\complex ****       return __y;
1008:c:\program files\daisytoolchain\arm-none-eabi\include\c++\10.2.1\complex ****     }
1009:c:\program files\daisytoolchain\arm-none-eabi\include\c++\10.2.1\complex **** 
1010:c:\program files\daisytoolchain\arm-none-eabi\include\c++\10.2.1\complex ****   // In C++11 mode we used to implement the resolution of
1011:c:\program files\daisytoolchain\arm-none-eabi\include\c++\10.2.1\complex ****   // DR 844. complex pow return type is ambiguous.
1012:c:\program files\daisytoolchain\arm-none-eabi\include\c++\10.2.1\complex ****   // thus the following overload was disabled in that mode.  However, doing
1013:c:\program files\daisytoolchain\arm-none-eabi\include\c++\10.2.1\complex ****   // that causes all sorts of issues, see, for example:
1014:c:\program files\daisytoolchain\arm-none-eabi\include\c++\10.2.1\complex ****   //   http://gcc.gnu.org/ml/libstdc++/2013-01/msg00058.html
1015:c:\program files\daisytoolchain\arm-none-eabi\include\c++\10.2.1\complex ****   // and also PR57974.
1016:c:\program files\daisytoolchain\arm-none-eabi\include\c++\10.2.1\complex ****   template<typename _Tp>
1017:c:\program files\daisytoolchain\arm-none-eabi\include\c++\10.2.1\complex ****     inline complex<_Tp>
1018:c:\program files\daisytoolchain\arm-none-eabi\include\c++\10.2.1\complex ****     pow(const complex<_Tp>& __z, int __n)
1019:c:\program files\daisytoolchain\arm-none-eabi\include\c++\10.2.1\complex ****     {
1020:c:\program files\daisytoolchain\arm-none-eabi\include\c++\10.2.1\complex ****       return __n < 0
1021:c:\program files\daisytoolchain\arm-none-eabi\include\c++\10.2.1\complex **** 	? complex<_Tp>(1) / std::__complex_pow_unsigned(__z, -(unsigned)__n)
1022:c:\program files\daisytoolchain\arm-none-eabi\include\c++\10.2.1\complex ****         : std::__complex_pow_unsigned(__z, __n);
1023:c:\program files\daisytoolchain\arm-none-eabi\include\c++\10.2.1\complex ****     }
1024:c:\program files\daisytoolchain\arm-none-eabi\include\c++\10.2.1\complex **** 
ARM GAS  C:\Users\FINNDY~1\AppData\Local\Temp\cc0ACJmL.s 			page 56


1025:c:\program files\daisytoolchain\arm-none-eabi\include\c++\10.2.1\complex ****   template<typename _Tp>
1026:c:\program files\daisytoolchain\arm-none-eabi\include\c++\10.2.1\complex ****     complex<_Tp>
1027:c:\program files\daisytoolchain\arm-none-eabi\include\c++\10.2.1\complex ****     pow(const complex<_Tp>& __x, const _Tp& __y)
1028:c:\program files\daisytoolchain\arm-none-eabi\include\c++\10.2.1\complex ****     {
1029:c:\program files\daisytoolchain\arm-none-eabi\include\c++\10.2.1\complex **** #if ! _GLIBCXX_USE_C99_COMPLEX
1030:c:\program files\daisytoolchain\arm-none-eabi\include\c++\10.2.1\complex ****       if (__x == _Tp())
1031:c:\program files\daisytoolchain\arm-none-eabi\include\c++\10.2.1\complex **** 	return _Tp();
1032:c:\program files\daisytoolchain\arm-none-eabi\include\c++\10.2.1\complex **** #endif
1033:c:\program files\daisytoolchain\arm-none-eabi\include\c++\10.2.1\complex ****       if (__x.imag() == _Tp() && __x.real() > _Tp())
1034:c:\program files\daisytoolchain\arm-none-eabi\include\c++\10.2.1\complex ****         return pow(__x.real(), __y);
1035:c:\program files\daisytoolchain\arm-none-eabi\include\c++\10.2.1\complex **** 
1036:c:\program files\daisytoolchain\arm-none-eabi\include\c++\10.2.1\complex ****       complex<_Tp> __t = std::log(__x);
1037:c:\program files\daisytoolchain\arm-none-eabi\include\c++\10.2.1\complex ****       return std::polar<_Tp>(exp(__y * __t.real()), __y * __t.imag());
1038:c:\program files\daisytoolchain\arm-none-eabi\include\c++\10.2.1\complex ****     }
1039:c:\program files\daisytoolchain\arm-none-eabi\include\c++\10.2.1\complex **** 
1040:c:\program files\daisytoolchain\arm-none-eabi\include\c++\10.2.1\complex ****   template<typename _Tp>
1041:c:\program files\daisytoolchain\arm-none-eabi\include\c++\10.2.1\complex ****     inline complex<_Tp>
1042:c:\program files\daisytoolchain\arm-none-eabi\include\c++\10.2.1\complex ****     __complex_pow(const complex<_Tp>& __x, const complex<_Tp>& __y)
1043:c:\program files\daisytoolchain\arm-none-eabi\include\c++\10.2.1\complex ****     { return __x == _Tp() ? _Tp() : std::exp(__y * std::log(__x)); }
1044:c:\program files\daisytoolchain\arm-none-eabi\include\c++\10.2.1\complex **** 
1045:c:\program files\daisytoolchain\arm-none-eabi\include\c++\10.2.1\complex **** #if _GLIBCXX_USE_C99_COMPLEX
1046:c:\program files\daisytoolchain\arm-none-eabi\include\c++\10.2.1\complex ****   inline __complex__ float
1047:c:\program files\daisytoolchain\arm-none-eabi\include\c++\10.2.1\complex ****   __complex_pow(__complex__ float __x, __complex__ float __y)
1048:c:\program files\daisytoolchain\arm-none-eabi\include\c++\10.2.1\complex ****   { return __builtin_cpowf(__x, __y); }
1049:c:\program files\daisytoolchain\arm-none-eabi\include\c++\10.2.1\complex **** 
1050:c:\program files\daisytoolchain\arm-none-eabi\include\c++\10.2.1\complex ****   inline __complex__ double
1051:c:\program files\daisytoolchain\arm-none-eabi\include\c++\10.2.1\complex ****   __complex_pow(__complex__ double __x, __complex__ double __y)
1052:c:\program files\daisytoolchain\arm-none-eabi\include\c++\10.2.1\complex ****   { return __builtin_cpow(__x, __y); }
1053:c:\program files\daisytoolchain\arm-none-eabi\include\c++\10.2.1\complex **** 
1054:c:\program files\daisytoolchain\arm-none-eabi\include\c++\10.2.1\complex ****   inline __complex__ long double
1055:c:\program files\daisytoolchain\arm-none-eabi\include\c++\10.2.1\complex ****   __complex_pow(const __complex__ long double& __x,
1056:c:\program files\daisytoolchain\arm-none-eabi\include\c++\10.2.1\complex **** 		const __complex__ long double& __y)
1057:c:\program files\daisytoolchain\arm-none-eabi\include\c++\10.2.1\complex ****   { return __builtin_cpowl(__x, __y); }
1058:c:\program files\daisytoolchain\arm-none-eabi\include\c++\10.2.1\complex **** 
1059:c:\program files\daisytoolchain\arm-none-eabi\include\c++\10.2.1\complex ****   template<typename _Tp>
1060:c:\program files\daisytoolchain\arm-none-eabi\include\c++\10.2.1\complex ****     inline complex<_Tp>
1061:c:\program files\daisytoolchain\arm-none-eabi\include\c++\10.2.1\complex ****     pow(const complex<_Tp>& __x, const complex<_Tp>& __y)
1062:c:\program files\daisytoolchain\arm-none-eabi\include\c++\10.2.1\complex ****     { return __complex_pow(__x.__rep(), __y.__rep()); }
1063:c:\program files\daisytoolchain\arm-none-eabi\include\c++\10.2.1\complex **** #else
1064:c:\program files\daisytoolchain\arm-none-eabi\include\c++\10.2.1\complex ****   template<typename _Tp>
1065:c:\program files\daisytoolchain\arm-none-eabi\include\c++\10.2.1\complex ****     inline complex<_Tp>
1066:c:\program files\daisytoolchain\arm-none-eabi\include\c++\10.2.1\complex ****     pow(const complex<_Tp>& __x, const complex<_Tp>& __y)
1067:c:\program files\daisytoolchain\arm-none-eabi\include\c++\10.2.1\complex ****     { return __complex_pow(__x, __y); }
1068:c:\program files\daisytoolchain\arm-none-eabi\include\c++\10.2.1\complex **** #endif
1069:c:\program files\daisytoolchain\arm-none-eabi\include\c++\10.2.1\complex **** 
1070:c:\program files\daisytoolchain\arm-none-eabi\include\c++\10.2.1\complex ****   template<typename _Tp>
1071:c:\program files\daisytoolchain\arm-none-eabi\include\c++\10.2.1\complex ****     inline complex<_Tp>
1072:c:\program files\daisytoolchain\arm-none-eabi\include\c++\10.2.1\complex ****     pow(const _Tp& __x, const complex<_Tp>& __y)
1073:c:\program files\daisytoolchain\arm-none-eabi\include\c++\10.2.1\complex ****     {
1074:c:\program files\daisytoolchain\arm-none-eabi\include\c++\10.2.1\complex ****       return __x > _Tp() ? std::polar<_Tp>(pow(__x, __y.real()),
1075:c:\program files\daisytoolchain\arm-none-eabi\include\c++\10.2.1\complex **** 					   __y.imag() * log(__x))
1076:c:\program files\daisytoolchain\arm-none-eabi\include\c++\10.2.1\complex **** 	                 : std::pow(complex<_Tp>(__x), __y);
1077:c:\program files\daisytoolchain\arm-none-eabi\include\c++\10.2.1\complex ****     }
1078:c:\program files\daisytoolchain\arm-none-eabi\include\c++\10.2.1\complex **** 
1079:c:\program files\daisytoolchain\arm-none-eabi\include\c++\10.2.1\complex ****   /// 26.2.3  complex specializations
1080:c:\program files\daisytoolchain\arm-none-eabi\include\c++\10.2.1\complex ****   /// complex<float> specialization
1081:c:\program files\daisytoolchain\arm-none-eabi\include\c++\10.2.1\complex ****   template<>
ARM GAS  C:\Users\FINNDY~1\AppData\Local\Temp\cc0ACJmL.s 			page 57


1082:c:\program files\daisytoolchain\arm-none-eabi\include\c++\10.2.1\complex ****     struct complex<float>
1083:c:\program files\daisytoolchain\arm-none-eabi\include\c++\10.2.1\complex ****     {
1084:c:\program files\daisytoolchain\arm-none-eabi\include\c++\10.2.1\complex ****       typedef float value_type;
1085:c:\program files\daisytoolchain\arm-none-eabi\include\c++\10.2.1\complex ****       typedef __complex__ float _ComplexT;
1086:c:\program files\daisytoolchain\arm-none-eabi\include\c++\10.2.1\complex **** 
1087:c:\program files\daisytoolchain\arm-none-eabi\include\c++\10.2.1\complex ****       _GLIBCXX_CONSTEXPR complex(_ComplexT __z) : _M_value(__z) { }
1088:c:\program files\daisytoolchain\arm-none-eabi\include\c++\10.2.1\complex **** 
1089:c:\program files\daisytoolchain\arm-none-eabi\include\c++\10.2.1\complex ****       _GLIBCXX_CONSTEXPR complex(float __r = 0.0f, float __i = 0.0f)
1090:c:\program files\daisytoolchain\arm-none-eabi\include\c++\10.2.1\complex **** #if __cplusplus >= 201103L
1091:c:\program files\daisytoolchain\arm-none-eabi\include\c++\10.2.1\complex ****       : _M_value{ __r, __i } { }
1092:c:\program files\daisytoolchain\arm-none-eabi\include\c++\10.2.1\complex **** #else
1093:c:\program files\daisytoolchain\arm-none-eabi\include\c++\10.2.1\complex ****       {
1094:c:\program files\daisytoolchain\arm-none-eabi\include\c++\10.2.1\complex **** 	__real__ _M_value = __r;
1095:c:\program files\daisytoolchain\arm-none-eabi\include\c++\10.2.1\complex **** 	__imag__ _M_value = __i;
1096:c:\program files\daisytoolchain\arm-none-eabi\include\c++\10.2.1\complex ****       }
1097:c:\program files\daisytoolchain\arm-none-eabi\include\c++\10.2.1\complex **** #endif
1098:c:\program files\daisytoolchain\arm-none-eabi\include\c++\10.2.1\complex **** 
1099:c:\program files\daisytoolchain\arm-none-eabi\include\c++\10.2.1\complex ****       explicit _GLIBCXX_CONSTEXPR complex(const complex<double>&);
1100:c:\program files\daisytoolchain\arm-none-eabi\include\c++\10.2.1\complex ****       explicit _GLIBCXX_CONSTEXPR complex(const complex<long double>&);
1101:c:\program files\daisytoolchain\arm-none-eabi\include\c++\10.2.1\complex **** 
1102:c:\program files\daisytoolchain\arm-none-eabi\include\c++\10.2.1\complex **** #if __cplusplus >= 201103L
1103:c:\program files\daisytoolchain\arm-none-eabi\include\c++\10.2.1\complex ****       // _GLIBCXX_RESOLVE_LIB_DEFECTS
1104:c:\program files\daisytoolchain\arm-none-eabi\include\c++\10.2.1\complex ****       // DR 387. std::complex over-encapsulated.
1105:c:\program files\daisytoolchain\arm-none-eabi\include\c++\10.2.1\complex ****       __attribute ((__abi_tag__ ("cxx11")))
1106:c:\program files\daisytoolchain\arm-none-eabi\include\c++\10.2.1\complex ****       constexpr float
1107:c:\program files\daisytoolchain\arm-none-eabi\include\c++\10.2.1\complex ****       real() const { return __real__ _M_value; }
1108:c:\program files\daisytoolchain\arm-none-eabi\include\c++\10.2.1\complex **** 
1109:c:\program files\daisytoolchain\arm-none-eabi\include\c++\10.2.1\complex ****       __attribute ((__abi_tag__ ("cxx11")))
1110:c:\program files\daisytoolchain\arm-none-eabi\include\c++\10.2.1\complex ****       constexpr float
1111:c:\program files\daisytoolchain\arm-none-eabi\include\c++\10.2.1\complex ****       imag() const { return __imag__ _M_value; }
 1113              		.loc 6 1111 38 is_stmt 0 view .LVU299
 1114 003e D7ED0A6A 		vldr.32	s13, [r7, #40]
 1115              	.LBE279:
 1116              	.LBE278:
 1117              	.LBB281:
 1118              	.LBB282:
1107:c:\program files\daisytoolchain\arm-none-eabi\include\c++\10.2.1\complex **** 
 1119              		.loc 6 1107 38 view .LVU300
 1120 0042 97ED097A 		vldr.32	s14, [r7, #36]
 1121              	.LBE282:
 1122              	.LBE281:
 1123              	.LBE277:
 1124              	.LBI276:
 600:c:\program files\daisytoolchain\arm-none-eabi\include\c++\10.2.1\complex ****     {
 1125              		.loc 6 600 5 is_stmt 1 view .LVU301
 1126              	.LVL85:
 1127              	.LBB300:
 1128              	.LBB284:
 1129              	.LBI281:
1107:c:\program files\daisytoolchain\arm-none-eabi\include\c++\10.2.1\complex **** 
 1130              		.loc 6 1107 7 view .LVU302
 1131              	.LBB283:
1107:c:\program files\daisytoolchain\arm-none-eabi\include\c++\10.2.1\complex **** 
 1132              		.loc 6 1107 22 view .LVU303
1107:c:\program files\daisytoolchain\arm-none-eabi\include\c++\10.2.1\complex **** 
 1133              		.loc 6 1107 22 is_stmt 0 view .LVU304
 1134              	.LBE283:
ARM GAS  C:\Users\FINNDY~1\AppData\Local\Temp\cc0ACJmL.s 			page 58


 1135              	.LBE284:
 1136              	.LBB285:
 1137              	.LBI278:
 1138              		.loc 6 1111 7 is_stmt 1 view .LVU305
 1139              	.LBB280:
 1140              		.loc 6 1111 22 view .LVU306
 1141              		.loc 6 1111 22 is_stmt 0 view .LVU307
 1142              	.LBE280:
 1143              	.LBE285:
 1144              	.LBB286:
 1145              	.LBI286:
  75:c:\program files\daisytoolchain\arm-none-eabi\include\c++\10.2.1\bits\std_abs.h ****   { return __builtin_fabsf(__x); }
 1146              		.loc 4 75 3 is_stmt 1 view .LVU308
 1147              	.LBB287:
 1148              		.loc 4 76 5 view .LVU309
 1149              	.LBE287:
 1150              	.LBE286:
 1151              	.LBB289:
 1152              	.LBB290:
 1153              		.loc 4 76 31 is_stmt 0 view .LVU310
 1154 0046 B0EEE68A 		vabs.f32	s16, s13
 1155              	.LBE290:
 1156              	.LBE289:
 1157              	.LBB292:
 1158              	.LBB288:
 1159 004a F0EEC77A 		vabs.f32	s15, s14
 1160              	.LVL86:
 1161              		.loc 4 76 31 view .LVU311
 1162              	.LBE288:
 1163              	.LBE292:
 1164              	.LBB293:
 1165              	.LBI289:
  75:c:\program files\daisytoolchain\arm-none-eabi\include\c++\10.2.1\bits\std_abs.h ****   { return __builtin_fabsf(__x); }
 1166              		.loc 4 75 3 is_stmt 1 view .LVU312
 1167              	.LBB291:
 1168              		.loc 4 76 5 view .LVU313
 1169              		.loc 4 76 5 is_stmt 0 view .LVU314
 1170              	.LBE291:
 1171              	.LBE293:
 1172              	.LBB294:
 1173              	.LBI294:
 1174              		.file 7 "c:\\program files\\daisytoolchain\\arm-none-eabi\\include\\c++\\10.2.1\\bits\\stl_algobas
   1:c:\program files\daisytoolchain\arm-none-eabi\include\c++\10.2.1\bits\stl_algobase.h **** // Core algorithmic facilities -*- C++ -*-
   2:c:\program files\daisytoolchain\arm-none-eabi\include\c++\10.2.1\bits\stl_algobase.h **** 
   3:c:\program files\daisytoolchain\arm-none-eabi\include\c++\10.2.1\bits\stl_algobase.h **** // Copyright (C) 2001-2020 Free Software Foundation, Inc.
   4:c:\program files\daisytoolchain\arm-none-eabi\include\c++\10.2.1\bits\stl_algobase.h **** //
   5:c:\program files\daisytoolchain\arm-none-eabi\include\c++\10.2.1\bits\stl_algobase.h **** // This file is part of the GNU ISO C++ Library.  This library is free
   6:c:\program files\daisytoolchain\arm-none-eabi\include\c++\10.2.1\bits\stl_algobase.h **** // software; you can redistribute it and/or modify it under the
   7:c:\program files\daisytoolchain\arm-none-eabi\include\c++\10.2.1\bits\stl_algobase.h **** // terms of the GNU General Public License as published by the
   8:c:\program files\daisytoolchain\arm-none-eabi\include\c++\10.2.1\bits\stl_algobase.h **** // Free Software Foundation; either version 3, or (at your option)
   9:c:\program files\daisytoolchain\arm-none-eabi\include\c++\10.2.1\bits\stl_algobase.h **** // any later version.
  10:c:\program files\daisytoolchain\arm-none-eabi\include\c++\10.2.1\bits\stl_algobase.h **** 
  11:c:\program files\daisytoolchain\arm-none-eabi\include\c++\10.2.1\bits\stl_algobase.h **** // This library is distributed in the hope that it will be useful,
  12:c:\program files\daisytoolchain\arm-none-eabi\include\c++\10.2.1\bits\stl_algobase.h **** // but WITHOUT ANY WARRANTY; without even the implied warranty of
  13:c:\program files\daisytoolchain\arm-none-eabi\include\c++\10.2.1\bits\stl_algobase.h **** // MERCHANTABILITY or FITNESS FOR A PARTICULAR PURPOSE.  See the
  14:c:\program files\daisytoolchain\arm-none-eabi\include\c++\10.2.1\bits\stl_algobase.h **** // GNU General Public License for more details.
  15:c:\program files\daisytoolchain\arm-none-eabi\include\c++\10.2.1\bits\stl_algobase.h **** 
ARM GAS  C:\Users\FINNDY~1\AppData\Local\Temp\cc0ACJmL.s 			page 59


  16:c:\program files\daisytoolchain\arm-none-eabi\include\c++\10.2.1\bits\stl_algobase.h **** // Under Section 7 of GPL version 3, you are granted additional
  17:c:\program files\daisytoolchain\arm-none-eabi\include\c++\10.2.1\bits\stl_algobase.h **** // permissions described in the GCC Runtime Library Exception, version
  18:c:\program files\daisytoolchain\arm-none-eabi\include\c++\10.2.1\bits\stl_algobase.h **** // 3.1, as published by the Free Software Foundation.
  19:c:\program files\daisytoolchain\arm-none-eabi\include\c++\10.2.1\bits\stl_algobase.h **** 
  20:c:\program files\daisytoolchain\arm-none-eabi\include\c++\10.2.1\bits\stl_algobase.h **** // You should have received a copy of the GNU General Public License and
  21:c:\program files\daisytoolchain\arm-none-eabi\include\c++\10.2.1\bits\stl_algobase.h **** // a copy of the GCC Runtime Library Exception along with this program;
  22:c:\program files\daisytoolchain\arm-none-eabi\include\c++\10.2.1\bits\stl_algobase.h **** // see the files COPYING3 and COPYING.RUNTIME respectively.  If not, see
  23:c:\program files\daisytoolchain\arm-none-eabi\include\c++\10.2.1\bits\stl_algobase.h **** // <http://www.gnu.org/licenses/>.
  24:c:\program files\daisytoolchain\arm-none-eabi\include\c++\10.2.1\bits\stl_algobase.h **** 
  25:c:\program files\daisytoolchain\arm-none-eabi\include\c++\10.2.1\bits\stl_algobase.h **** /*
  26:c:\program files\daisytoolchain\arm-none-eabi\include\c++\10.2.1\bits\stl_algobase.h ****  *
  27:c:\program files\daisytoolchain\arm-none-eabi\include\c++\10.2.1\bits\stl_algobase.h ****  * Copyright (c) 1994
  28:c:\program files\daisytoolchain\arm-none-eabi\include\c++\10.2.1\bits\stl_algobase.h ****  * Hewlett-Packard Company
  29:c:\program files\daisytoolchain\arm-none-eabi\include\c++\10.2.1\bits\stl_algobase.h ****  *
  30:c:\program files\daisytoolchain\arm-none-eabi\include\c++\10.2.1\bits\stl_algobase.h ****  * Permission to use, copy, modify, distribute and sell this software
  31:c:\program files\daisytoolchain\arm-none-eabi\include\c++\10.2.1\bits\stl_algobase.h ****  * and its documentation for any purpose is hereby granted without fee,
  32:c:\program files\daisytoolchain\arm-none-eabi\include\c++\10.2.1\bits\stl_algobase.h ****  * provided that the above copyright notice appear in all copies and
  33:c:\program files\daisytoolchain\arm-none-eabi\include\c++\10.2.1\bits\stl_algobase.h ****  * that both that copyright notice and this permission notice appear
  34:c:\program files\daisytoolchain\arm-none-eabi\include\c++\10.2.1\bits\stl_algobase.h ****  * in supporting documentation.  Hewlett-Packard Company makes no
  35:c:\program files\daisytoolchain\arm-none-eabi\include\c++\10.2.1\bits\stl_algobase.h ****  * representations about the suitability of this software for any
  36:c:\program files\daisytoolchain\arm-none-eabi\include\c++\10.2.1\bits\stl_algobase.h ****  * purpose.  It is provided "as is" without express or implied warranty.
  37:c:\program files\daisytoolchain\arm-none-eabi\include\c++\10.2.1\bits\stl_algobase.h ****  *
  38:c:\program files\daisytoolchain\arm-none-eabi\include\c++\10.2.1\bits\stl_algobase.h ****  *
  39:c:\program files\daisytoolchain\arm-none-eabi\include\c++\10.2.1\bits\stl_algobase.h ****  * Copyright (c) 1996-1998
  40:c:\program files\daisytoolchain\arm-none-eabi\include\c++\10.2.1\bits\stl_algobase.h ****  * Silicon Graphics Computer Systems, Inc.
  41:c:\program files\daisytoolchain\arm-none-eabi\include\c++\10.2.1\bits\stl_algobase.h ****  *
  42:c:\program files\daisytoolchain\arm-none-eabi\include\c++\10.2.1\bits\stl_algobase.h ****  * Permission to use, copy, modify, distribute and sell this software
  43:c:\program files\daisytoolchain\arm-none-eabi\include\c++\10.2.1\bits\stl_algobase.h ****  * and its documentation for any purpose is hereby granted without fee,
  44:c:\program files\daisytoolchain\arm-none-eabi\include\c++\10.2.1\bits\stl_algobase.h ****  * provided that the above copyright notice appear in all copies and
  45:c:\program files\daisytoolchain\arm-none-eabi\include\c++\10.2.1\bits\stl_algobase.h ****  * that both that copyright notice and this permission notice appear
  46:c:\program files\daisytoolchain\arm-none-eabi\include\c++\10.2.1\bits\stl_algobase.h ****  * in supporting documentation.  Silicon Graphics makes no
  47:c:\program files\daisytoolchain\arm-none-eabi\include\c++\10.2.1\bits\stl_algobase.h ****  * representations about the suitability of this software for any
  48:c:\program files\daisytoolchain\arm-none-eabi\include\c++\10.2.1\bits\stl_algobase.h ****  * purpose.  It is provided "as is" without express or implied warranty.
  49:c:\program files\daisytoolchain\arm-none-eabi\include\c++\10.2.1\bits\stl_algobase.h ****  */
  50:c:\program files\daisytoolchain\arm-none-eabi\include\c++\10.2.1\bits\stl_algobase.h **** 
  51:c:\program files\daisytoolchain\arm-none-eabi\include\c++\10.2.1\bits\stl_algobase.h **** /** @file bits/stl_algobase.h
  52:c:\program files\daisytoolchain\arm-none-eabi\include\c++\10.2.1\bits\stl_algobase.h ****  *  This is an internal header file, included by other library headers.
  53:c:\program files\daisytoolchain\arm-none-eabi\include\c++\10.2.1\bits\stl_algobase.h ****  *  Do not attempt to use it directly. @headername{algorithm}
  54:c:\program files\daisytoolchain\arm-none-eabi\include\c++\10.2.1\bits\stl_algobase.h ****  */
  55:c:\program files\daisytoolchain\arm-none-eabi\include\c++\10.2.1\bits\stl_algobase.h **** 
  56:c:\program files\daisytoolchain\arm-none-eabi\include\c++\10.2.1\bits\stl_algobase.h **** #ifndef _STL_ALGOBASE_H
  57:c:\program files\daisytoolchain\arm-none-eabi\include\c++\10.2.1\bits\stl_algobase.h **** #define _STL_ALGOBASE_H 1
  58:c:\program files\daisytoolchain\arm-none-eabi\include\c++\10.2.1\bits\stl_algobase.h **** 
  59:c:\program files\daisytoolchain\arm-none-eabi\include\c++\10.2.1\bits\stl_algobase.h **** #include <bits/c++config.h>
  60:c:\program files\daisytoolchain\arm-none-eabi\include\c++\10.2.1\bits\stl_algobase.h **** #include <bits/functexcept.h>
  61:c:\program files\daisytoolchain\arm-none-eabi\include\c++\10.2.1\bits\stl_algobase.h **** #include <bits/cpp_type_traits.h>
  62:c:\program files\daisytoolchain\arm-none-eabi\include\c++\10.2.1\bits\stl_algobase.h **** #include <ext/type_traits.h>
  63:c:\program files\daisytoolchain\arm-none-eabi\include\c++\10.2.1\bits\stl_algobase.h **** #include <ext/numeric_traits.h>
  64:c:\program files\daisytoolchain\arm-none-eabi\include\c++\10.2.1\bits\stl_algobase.h **** #include <bits/stl_pair.h>
  65:c:\program files\daisytoolchain\arm-none-eabi\include\c++\10.2.1\bits\stl_algobase.h **** #include <bits/stl_iterator_base_types.h>
  66:c:\program files\daisytoolchain\arm-none-eabi\include\c++\10.2.1\bits\stl_algobase.h **** #include <bits/stl_iterator_base_funcs.h>
  67:c:\program files\daisytoolchain\arm-none-eabi\include\c++\10.2.1\bits\stl_algobase.h **** #include <bits/stl_iterator.h>
  68:c:\program files\daisytoolchain\arm-none-eabi\include\c++\10.2.1\bits\stl_algobase.h **** #include <bits/concept_check.h>
  69:c:\program files\daisytoolchain\arm-none-eabi\include\c++\10.2.1\bits\stl_algobase.h **** #include <debug/debug.h>
  70:c:\program files\daisytoolchain\arm-none-eabi\include\c++\10.2.1\bits\stl_algobase.h **** #include <bits/move.h> // For std::swap
  71:c:\program files\daisytoolchain\arm-none-eabi\include\c++\10.2.1\bits\stl_algobase.h **** #include <bits/predefined_ops.h>
  72:c:\program files\daisytoolchain\arm-none-eabi\include\c++\10.2.1\bits\stl_algobase.h **** #if __cplusplus >= 201103L
ARM GAS  C:\Users\FINNDY~1\AppData\Local\Temp\cc0ACJmL.s 			page 60


  73:c:\program files\daisytoolchain\arm-none-eabi\include\c++\10.2.1\bits\stl_algobase.h **** # include <type_traits>
  74:c:\program files\daisytoolchain\arm-none-eabi\include\c++\10.2.1\bits\stl_algobase.h **** #endif
  75:c:\program files\daisytoolchain\arm-none-eabi\include\c++\10.2.1\bits\stl_algobase.h **** #if __cplusplus > 201703L
  76:c:\program files\daisytoolchain\arm-none-eabi\include\c++\10.2.1\bits\stl_algobase.h **** # include <compare>
  77:c:\program files\daisytoolchain\arm-none-eabi\include\c++\10.2.1\bits\stl_algobase.h **** #endif
  78:c:\program files\daisytoolchain\arm-none-eabi\include\c++\10.2.1\bits\stl_algobase.h **** 
  79:c:\program files\daisytoolchain\arm-none-eabi\include\c++\10.2.1\bits\stl_algobase.h **** namespace std _GLIBCXX_VISIBILITY(default)
  80:c:\program files\daisytoolchain\arm-none-eabi\include\c++\10.2.1\bits\stl_algobase.h **** {
  81:c:\program files\daisytoolchain\arm-none-eabi\include\c++\10.2.1\bits\stl_algobase.h **** _GLIBCXX_BEGIN_NAMESPACE_VERSION
  82:c:\program files\daisytoolchain\arm-none-eabi\include\c++\10.2.1\bits\stl_algobase.h **** 
  83:c:\program files\daisytoolchain\arm-none-eabi\include\c++\10.2.1\bits\stl_algobase.h ****   /*
  84:c:\program files\daisytoolchain\arm-none-eabi\include\c++\10.2.1\bits\stl_algobase.h ****    * A constexpr wrapper for __builtin_memcmp.
  85:c:\program files\daisytoolchain\arm-none-eabi\include\c++\10.2.1\bits\stl_algobase.h ****    * @param __num The number of elements of type _Tp (not bytes).
  86:c:\program files\daisytoolchain\arm-none-eabi\include\c++\10.2.1\bits\stl_algobase.h ****    */
  87:c:\program files\daisytoolchain\arm-none-eabi\include\c++\10.2.1\bits\stl_algobase.h ****   template<typename _Tp, typename _Up>
  88:c:\program files\daisytoolchain\arm-none-eabi\include\c++\10.2.1\bits\stl_algobase.h ****     _GLIBCXX14_CONSTEXPR
  89:c:\program files\daisytoolchain\arm-none-eabi\include\c++\10.2.1\bits\stl_algobase.h ****     inline int
  90:c:\program files\daisytoolchain\arm-none-eabi\include\c++\10.2.1\bits\stl_algobase.h ****     __memcmp(const _Tp* __first1, const _Up* __first2, size_t __num)
  91:c:\program files\daisytoolchain\arm-none-eabi\include\c++\10.2.1\bits\stl_algobase.h ****     {
  92:c:\program files\daisytoolchain\arm-none-eabi\include\c++\10.2.1\bits\stl_algobase.h **** #if __cplusplus >= 201103L
  93:c:\program files\daisytoolchain\arm-none-eabi\include\c++\10.2.1\bits\stl_algobase.h ****       static_assert(sizeof(_Tp) == sizeof(_Up), "can be compared with memcmp");
  94:c:\program files\daisytoolchain\arm-none-eabi\include\c++\10.2.1\bits\stl_algobase.h **** #endif
  95:c:\program files\daisytoolchain\arm-none-eabi\include\c++\10.2.1\bits\stl_algobase.h **** #ifdef __cpp_lib_is_constant_evaluated
  96:c:\program files\daisytoolchain\arm-none-eabi\include\c++\10.2.1\bits\stl_algobase.h ****       if (std::is_constant_evaluated())
  97:c:\program files\daisytoolchain\arm-none-eabi\include\c++\10.2.1\bits\stl_algobase.h **** 	{
  98:c:\program files\daisytoolchain\arm-none-eabi\include\c++\10.2.1\bits\stl_algobase.h **** 	  for(; __num > 0; ++__first1, ++__first2, --__num)
  99:c:\program files\daisytoolchain\arm-none-eabi\include\c++\10.2.1\bits\stl_algobase.h **** 	    if (*__first1 != *__first2)
 100:c:\program files\daisytoolchain\arm-none-eabi\include\c++\10.2.1\bits\stl_algobase.h **** 	      return *__first1 < *__first2 ? -1 : 1;
 101:c:\program files\daisytoolchain\arm-none-eabi\include\c++\10.2.1\bits\stl_algobase.h **** 	  return 0;
 102:c:\program files\daisytoolchain\arm-none-eabi\include\c++\10.2.1\bits\stl_algobase.h **** 	}
 103:c:\program files\daisytoolchain\arm-none-eabi\include\c++\10.2.1\bits\stl_algobase.h ****       else
 104:c:\program files\daisytoolchain\arm-none-eabi\include\c++\10.2.1\bits\stl_algobase.h **** #endif
 105:c:\program files\daisytoolchain\arm-none-eabi\include\c++\10.2.1\bits\stl_algobase.h **** 	return __builtin_memcmp(__first1, __first2, sizeof(_Tp) * __num);
 106:c:\program files\daisytoolchain\arm-none-eabi\include\c++\10.2.1\bits\stl_algobase.h ****     }
 107:c:\program files\daisytoolchain\arm-none-eabi\include\c++\10.2.1\bits\stl_algobase.h **** 
 108:c:\program files\daisytoolchain\arm-none-eabi\include\c++\10.2.1\bits\stl_algobase.h **** #if __cplusplus < 201103L
 109:c:\program files\daisytoolchain\arm-none-eabi\include\c++\10.2.1\bits\stl_algobase.h ****   // See http://gcc.gnu.org/ml/libstdc++/2004-08/msg00167.html: in a
 110:c:\program files\daisytoolchain\arm-none-eabi\include\c++\10.2.1\bits\stl_algobase.h ****   // nutshell, we are partially implementing the resolution of DR 187,
 111:c:\program files\daisytoolchain\arm-none-eabi\include\c++\10.2.1\bits\stl_algobase.h ****   // when it's safe, i.e., the value_types are equal.
 112:c:\program files\daisytoolchain\arm-none-eabi\include\c++\10.2.1\bits\stl_algobase.h ****   template<bool _BoolType>
 113:c:\program files\daisytoolchain\arm-none-eabi\include\c++\10.2.1\bits\stl_algobase.h ****     struct __iter_swap
 114:c:\program files\daisytoolchain\arm-none-eabi\include\c++\10.2.1\bits\stl_algobase.h ****     {
 115:c:\program files\daisytoolchain\arm-none-eabi\include\c++\10.2.1\bits\stl_algobase.h ****       template<typename _ForwardIterator1, typename _ForwardIterator2>
 116:c:\program files\daisytoolchain\arm-none-eabi\include\c++\10.2.1\bits\stl_algobase.h **** 	static void
 117:c:\program files\daisytoolchain\arm-none-eabi\include\c++\10.2.1\bits\stl_algobase.h **** 	iter_swap(_ForwardIterator1 __a, _ForwardIterator2 __b)
 118:c:\program files\daisytoolchain\arm-none-eabi\include\c++\10.2.1\bits\stl_algobase.h **** 	{
 119:c:\program files\daisytoolchain\arm-none-eabi\include\c++\10.2.1\bits\stl_algobase.h **** 	  typedef typename iterator_traits<_ForwardIterator1>::value_type
 120:c:\program files\daisytoolchain\arm-none-eabi\include\c++\10.2.1\bits\stl_algobase.h **** 	    _ValueType1;
 121:c:\program files\daisytoolchain\arm-none-eabi\include\c++\10.2.1\bits\stl_algobase.h **** 	  _ValueType1 __tmp = *__a;
 122:c:\program files\daisytoolchain\arm-none-eabi\include\c++\10.2.1\bits\stl_algobase.h **** 	  *__a = *__b;
 123:c:\program files\daisytoolchain\arm-none-eabi\include\c++\10.2.1\bits\stl_algobase.h **** 	  *__b = __tmp;
 124:c:\program files\daisytoolchain\arm-none-eabi\include\c++\10.2.1\bits\stl_algobase.h **** 	}
 125:c:\program files\daisytoolchain\arm-none-eabi\include\c++\10.2.1\bits\stl_algobase.h ****     };
 126:c:\program files\daisytoolchain\arm-none-eabi\include\c++\10.2.1\bits\stl_algobase.h **** 
 127:c:\program files\daisytoolchain\arm-none-eabi\include\c++\10.2.1\bits\stl_algobase.h ****   template<>
 128:c:\program files\daisytoolchain\arm-none-eabi\include\c++\10.2.1\bits\stl_algobase.h ****     struct __iter_swap<true>
 129:c:\program files\daisytoolchain\arm-none-eabi\include\c++\10.2.1\bits\stl_algobase.h ****     {
ARM GAS  C:\Users\FINNDY~1\AppData\Local\Temp\cc0ACJmL.s 			page 61


 130:c:\program files\daisytoolchain\arm-none-eabi\include\c++\10.2.1\bits\stl_algobase.h ****       template<typename _ForwardIterator1, typename _ForwardIterator2>
 131:c:\program files\daisytoolchain\arm-none-eabi\include\c++\10.2.1\bits\stl_algobase.h **** 	static void
 132:c:\program files\daisytoolchain\arm-none-eabi\include\c++\10.2.1\bits\stl_algobase.h **** 	iter_swap(_ForwardIterator1 __a, _ForwardIterator2 __b)
 133:c:\program files\daisytoolchain\arm-none-eabi\include\c++\10.2.1\bits\stl_algobase.h **** 	{
 134:c:\program files\daisytoolchain\arm-none-eabi\include\c++\10.2.1\bits\stl_algobase.h **** 	  swap(*__a, *__b);
 135:c:\program files\daisytoolchain\arm-none-eabi\include\c++\10.2.1\bits\stl_algobase.h **** 	}
 136:c:\program files\daisytoolchain\arm-none-eabi\include\c++\10.2.1\bits\stl_algobase.h ****     };
 137:c:\program files\daisytoolchain\arm-none-eabi\include\c++\10.2.1\bits\stl_algobase.h **** #endif // C++03
 138:c:\program files\daisytoolchain\arm-none-eabi\include\c++\10.2.1\bits\stl_algobase.h **** 
 139:c:\program files\daisytoolchain\arm-none-eabi\include\c++\10.2.1\bits\stl_algobase.h ****   /**
 140:c:\program files\daisytoolchain\arm-none-eabi\include\c++\10.2.1\bits\stl_algobase.h ****    *  @brief Swaps the contents of two iterators.
 141:c:\program files\daisytoolchain\arm-none-eabi\include\c++\10.2.1\bits\stl_algobase.h ****    *  @ingroup mutating_algorithms
 142:c:\program files\daisytoolchain\arm-none-eabi\include\c++\10.2.1\bits\stl_algobase.h ****    *  @param  __a  An iterator.
 143:c:\program files\daisytoolchain\arm-none-eabi\include\c++\10.2.1\bits\stl_algobase.h ****    *  @param  __b  Another iterator.
 144:c:\program files\daisytoolchain\arm-none-eabi\include\c++\10.2.1\bits\stl_algobase.h ****    *  @return   Nothing.
 145:c:\program files\daisytoolchain\arm-none-eabi\include\c++\10.2.1\bits\stl_algobase.h ****    *
 146:c:\program files\daisytoolchain\arm-none-eabi\include\c++\10.2.1\bits\stl_algobase.h ****    *  This function swaps the values pointed to by two iterators, not the
 147:c:\program files\daisytoolchain\arm-none-eabi\include\c++\10.2.1\bits\stl_algobase.h ****    *  iterators themselves.
 148:c:\program files\daisytoolchain\arm-none-eabi\include\c++\10.2.1\bits\stl_algobase.h ****   */
 149:c:\program files\daisytoolchain\arm-none-eabi\include\c++\10.2.1\bits\stl_algobase.h ****   template<typename _ForwardIterator1, typename _ForwardIterator2>
 150:c:\program files\daisytoolchain\arm-none-eabi\include\c++\10.2.1\bits\stl_algobase.h ****     _GLIBCXX20_CONSTEXPR
 151:c:\program files\daisytoolchain\arm-none-eabi\include\c++\10.2.1\bits\stl_algobase.h ****     inline void
 152:c:\program files\daisytoolchain\arm-none-eabi\include\c++\10.2.1\bits\stl_algobase.h ****     iter_swap(_ForwardIterator1 __a, _ForwardIterator2 __b)
 153:c:\program files\daisytoolchain\arm-none-eabi\include\c++\10.2.1\bits\stl_algobase.h ****     {
 154:c:\program files\daisytoolchain\arm-none-eabi\include\c++\10.2.1\bits\stl_algobase.h ****       // concept requirements
 155:c:\program files\daisytoolchain\arm-none-eabi\include\c++\10.2.1\bits\stl_algobase.h ****       __glibcxx_function_requires(_Mutable_ForwardIteratorConcept<
 156:c:\program files\daisytoolchain\arm-none-eabi\include\c++\10.2.1\bits\stl_algobase.h **** 				  _ForwardIterator1>)
 157:c:\program files\daisytoolchain\arm-none-eabi\include\c++\10.2.1\bits\stl_algobase.h ****       __glibcxx_function_requires(_Mutable_ForwardIteratorConcept<
 158:c:\program files\daisytoolchain\arm-none-eabi\include\c++\10.2.1\bits\stl_algobase.h **** 				  _ForwardIterator2>)
 159:c:\program files\daisytoolchain\arm-none-eabi\include\c++\10.2.1\bits\stl_algobase.h **** 
 160:c:\program files\daisytoolchain\arm-none-eabi\include\c++\10.2.1\bits\stl_algobase.h **** #if __cplusplus < 201103L
 161:c:\program files\daisytoolchain\arm-none-eabi\include\c++\10.2.1\bits\stl_algobase.h ****       typedef typename iterator_traits<_ForwardIterator1>::value_type
 162:c:\program files\daisytoolchain\arm-none-eabi\include\c++\10.2.1\bits\stl_algobase.h **** 	_ValueType1;
 163:c:\program files\daisytoolchain\arm-none-eabi\include\c++\10.2.1\bits\stl_algobase.h ****       typedef typename iterator_traits<_ForwardIterator2>::value_type
 164:c:\program files\daisytoolchain\arm-none-eabi\include\c++\10.2.1\bits\stl_algobase.h **** 	_ValueType2;
 165:c:\program files\daisytoolchain\arm-none-eabi\include\c++\10.2.1\bits\stl_algobase.h **** 
 166:c:\program files\daisytoolchain\arm-none-eabi\include\c++\10.2.1\bits\stl_algobase.h ****       __glibcxx_function_requires(_ConvertibleConcept<_ValueType1,
 167:c:\program files\daisytoolchain\arm-none-eabi\include\c++\10.2.1\bits\stl_algobase.h **** 				  _ValueType2>)
 168:c:\program files\daisytoolchain\arm-none-eabi\include\c++\10.2.1\bits\stl_algobase.h ****       __glibcxx_function_requires(_ConvertibleConcept<_ValueType2,
 169:c:\program files\daisytoolchain\arm-none-eabi\include\c++\10.2.1\bits\stl_algobase.h **** 				  _ValueType1>)
 170:c:\program files\daisytoolchain\arm-none-eabi\include\c++\10.2.1\bits\stl_algobase.h **** 
 171:c:\program files\daisytoolchain\arm-none-eabi\include\c++\10.2.1\bits\stl_algobase.h ****       typedef typename iterator_traits<_ForwardIterator1>::reference
 172:c:\program files\daisytoolchain\arm-none-eabi\include\c++\10.2.1\bits\stl_algobase.h **** 	_ReferenceType1;
 173:c:\program files\daisytoolchain\arm-none-eabi\include\c++\10.2.1\bits\stl_algobase.h ****       typedef typename iterator_traits<_ForwardIterator2>::reference
 174:c:\program files\daisytoolchain\arm-none-eabi\include\c++\10.2.1\bits\stl_algobase.h **** 	_ReferenceType2;
 175:c:\program files\daisytoolchain\arm-none-eabi\include\c++\10.2.1\bits\stl_algobase.h ****       std::__iter_swap<__are_same<_ValueType1, _ValueType2>::__value
 176:c:\program files\daisytoolchain\arm-none-eabi\include\c++\10.2.1\bits\stl_algobase.h **** 	&& __are_same<_ValueType1&, _ReferenceType1>::__value
 177:c:\program files\daisytoolchain\arm-none-eabi\include\c++\10.2.1\bits\stl_algobase.h **** 	&& __are_same<_ValueType2&, _ReferenceType2>::__value>::
 178:c:\program files\daisytoolchain\arm-none-eabi\include\c++\10.2.1\bits\stl_algobase.h **** 	iter_swap(__a, __b);
 179:c:\program files\daisytoolchain\arm-none-eabi\include\c++\10.2.1\bits\stl_algobase.h **** #else
 180:c:\program files\daisytoolchain\arm-none-eabi\include\c++\10.2.1\bits\stl_algobase.h ****       // _GLIBCXX_RESOLVE_LIB_DEFECTS
 181:c:\program files\daisytoolchain\arm-none-eabi\include\c++\10.2.1\bits\stl_algobase.h ****       // 187. iter_swap underspecified
 182:c:\program files\daisytoolchain\arm-none-eabi\include\c++\10.2.1\bits\stl_algobase.h ****       swap(*__a, *__b);
 183:c:\program files\daisytoolchain\arm-none-eabi\include\c++\10.2.1\bits\stl_algobase.h **** #endif
 184:c:\program files\daisytoolchain\arm-none-eabi\include\c++\10.2.1\bits\stl_algobase.h ****     }
 185:c:\program files\daisytoolchain\arm-none-eabi\include\c++\10.2.1\bits\stl_algobase.h **** 
 186:c:\program files\daisytoolchain\arm-none-eabi\include\c++\10.2.1\bits\stl_algobase.h ****   /**
ARM GAS  C:\Users\FINNDY~1\AppData\Local\Temp\cc0ACJmL.s 			page 62


 187:c:\program files\daisytoolchain\arm-none-eabi\include\c++\10.2.1\bits\stl_algobase.h ****    *  @brief Swap the elements of two sequences.
 188:c:\program files\daisytoolchain\arm-none-eabi\include\c++\10.2.1\bits\stl_algobase.h ****    *  @ingroup mutating_algorithms
 189:c:\program files\daisytoolchain\arm-none-eabi\include\c++\10.2.1\bits\stl_algobase.h ****    *  @param  __first1  A forward iterator.
 190:c:\program files\daisytoolchain\arm-none-eabi\include\c++\10.2.1\bits\stl_algobase.h ****    *  @param  __last1   A forward iterator.
 191:c:\program files\daisytoolchain\arm-none-eabi\include\c++\10.2.1\bits\stl_algobase.h ****    *  @param  __first2  A forward iterator.
 192:c:\program files\daisytoolchain\arm-none-eabi\include\c++\10.2.1\bits\stl_algobase.h ****    *  @return   An iterator equal to @p first2+(last1-first1).
 193:c:\program files\daisytoolchain\arm-none-eabi\include\c++\10.2.1\bits\stl_algobase.h ****    *
 194:c:\program files\daisytoolchain\arm-none-eabi\include\c++\10.2.1\bits\stl_algobase.h ****    *  Swaps each element in the range @p [first1,last1) with the
 195:c:\program files\daisytoolchain\arm-none-eabi\include\c++\10.2.1\bits\stl_algobase.h ****    *  corresponding element in the range @p [first2,(last1-first1)).
 196:c:\program files\daisytoolchain\arm-none-eabi\include\c++\10.2.1\bits\stl_algobase.h ****    *  The ranges must not overlap.
 197:c:\program files\daisytoolchain\arm-none-eabi\include\c++\10.2.1\bits\stl_algobase.h ****   */
 198:c:\program files\daisytoolchain\arm-none-eabi\include\c++\10.2.1\bits\stl_algobase.h ****   template<typename _ForwardIterator1, typename _ForwardIterator2>
 199:c:\program files\daisytoolchain\arm-none-eabi\include\c++\10.2.1\bits\stl_algobase.h ****     _GLIBCXX20_CONSTEXPR
 200:c:\program files\daisytoolchain\arm-none-eabi\include\c++\10.2.1\bits\stl_algobase.h ****     _ForwardIterator2
 201:c:\program files\daisytoolchain\arm-none-eabi\include\c++\10.2.1\bits\stl_algobase.h ****     swap_ranges(_ForwardIterator1 __first1, _ForwardIterator1 __last1,
 202:c:\program files\daisytoolchain\arm-none-eabi\include\c++\10.2.1\bits\stl_algobase.h **** 		_ForwardIterator2 __first2)
 203:c:\program files\daisytoolchain\arm-none-eabi\include\c++\10.2.1\bits\stl_algobase.h ****     {
 204:c:\program files\daisytoolchain\arm-none-eabi\include\c++\10.2.1\bits\stl_algobase.h ****       // concept requirements
 205:c:\program files\daisytoolchain\arm-none-eabi\include\c++\10.2.1\bits\stl_algobase.h ****       __glibcxx_function_requires(_Mutable_ForwardIteratorConcept<
 206:c:\program files\daisytoolchain\arm-none-eabi\include\c++\10.2.1\bits\stl_algobase.h **** 				  _ForwardIterator1>)
 207:c:\program files\daisytoolchain\arm-none-eabi\include\c++\10.2.1\bits\stl_algobase.h ****       __glibcxx_function_requires(_Mutable_ForwardIteratorConcept<
 208:c:\program files\daisytoolchain\arm-none-eabi\include\c++\10.2.1\bits\stl_algobase.h **** 				  _ForwardIterator2>)
 209:c:\program files\daisytoolchain\arm-none-eabi\include\c++\10.2.1\bits\stl_algobase.h ****       __glibcxx_requires_valid_range(__first1, __last1);
 210:c:\program files\daisytoolchain\arm-none-eabi\include\c++\10.2.1\bits\stl_algobase.h **** 
 211:c:\program files\daisytoolchain\arm-none-eabi\include\c++\10.2.1\bits\stl_algobase.h ****       for (; __first1 != __last1; ++__first1, (void)++__first2)
 212:c:\program files\daisytoolchain\arm-none-eabi\include\c++\10.2.1\bits\stl_algobase.h **** 	std::iter_swap(__first1, __first2);
 213:c:\program files\daisytoolchain\arm-none-eabi\include\c++\10.2.1\bits\stl_algobase.h ****       return __first2;
 214:c:\program files\daisytoolchain\arm-none-eabi\include\c++\10.2.1\bits\stl_algobase.h ****     }
 215:c:\program files\daisytoolchain\arm-none-eabi\include\c++\10.2.1\bits\stl_algobase.h **** 
 216:c:\program files\daisytoolchain\arm-none-eabi\include\c++\10.2.1\bits\stl_algobase.h ****   /**
 217:c:\program files\daisytoolchain\arm-none-eabi\include\c++\10.2.1\bits\stl_algobase.h ****    *  @brief This does what you think it does.
 218:c:\program files\daisytoolchain\arm-none-eabi\include\c++\10.2.1\bits\stl_algobase.h ****    *  @ingroup sorting_algorithms
 219:c:\program files\daisytoolchain\arm-none-eabi\include\c++\10.2.1\bits\stl_algobase.h ****    *  @param  __a  A thing of arbitrary type.
 220:c:\program files\daisytoolchain\arm-none-eabi\include\c++\10.2.1\bits\stl_algobase.h ****    *  @param  __b  Another thing of arbitrary type.
 221:c:\program files\daisytoolchain\arm-none-eabi\include\c++\10.2.1\bits\stl_algobase.h ****    *  @return   The lesser of the parameters.
 222:c:\program files\daisytoolchain\arm-none-eabi\include\c++\10.2.1\bits\stl_algobase.h ****    *
 223:c:\program files\daisytoolchain\arm-none-eabi\include\c++\10.2.1\bits\stl_algobase.h ****    *  This is the simple classic generic implementation.  It will work on
 224:c:\program files\daisytoolchain\arm-none-eabi\include\c++\10.2.1\bits\stl_algobase.h ****    *  temporary expressions, since they are only evaluated once, unlike a
 225:c:\program files\daisytoolchain\arm-none-eabi\include\c++\10.2.1\bits\stl_algobase.h ****    *  preprocessor macro.
 226:c:\program files\daisytoolchain\arm-none-eabi\include\c++\10.2.1\bits\stl_algobase.h ****   */
 227:c:\program files\daisytoolchain\arm-none-eabi\include\c++\10.2.1\bits\stl_algobase.h ****   template<typename _Tp>
 228:c:\program files\daisytoolchain\arm-none-eabi\include\c++\10.2.1\bits\stl_algobase.h ****     _GLIBCXX14_CONSTEXPR
 229:c:\program files\daisytoolchain\arm-none-eabi\include\c++\10.2.1\bits\stl_algobase.h ****     inline const _Tp&
 230:c:\program files\daisytoolchain\arm-none-eabi\include\c++\10.2.1\bits\stl_algobase.h ****     min(const _Tp& __a, const _Tp& __b)
 231:c:\program files\daisytoolchain\arm-none-eabi\include\c++\10.2.1\bits\stl_algobase.h ****     {
 232:c:\program files\daisytoolchain\arm-none-eabi\include\c++\10.2.1\bits\stl_algobase.h ****       // concept requirements
 233:c:\program files\daisytoolchain\arm-none-eabi\include\c++\10.2.1\bits\stl_algobase.h ****       __glibcxx_function_requires(_LessThanComparableConcept<_Tp>)
 234:c:\program files\daisytoolchain\arm-none-eabi\include\c++\10.2.1\bits\stl_algobase.h ****       //return __b < __a ? __b : __a;
 235:c:\program files\daisytoolchain\arm-none-eabi\include\c++\10.2.1\bits\stl_algobase.h ****       if (__b < __a)
 236:c:\program files\daisytoolchain\arm-none-eabi\include\c++\10.2.1\bits\stl_algobase.h **** 	return __b;
 237:c:\program files\daisytoolchain\arm-none-eabi\include\c++\10.2.1\bits\stl_algobase.h ****       return __a;
 238:c:\program files\daisytoolchain\arm-none-eabi\include\c++\10.2.1\bits\stl_algobase.h ****     }
 239:c:\program files\daisytoolchain\arm-none-eabi\include\c++\10.2.1\bits\stl_algobase.h **** 
 240:c:\program files\daisytoolchain\arm-none-eabi\include\c++\10.2.1\bits\stl_algobase.h ****   /**
 241:c:\program files\daisytoolchain\arm-none-eabi\include\c++\10.2.1\bits\stl_algobase.h ****    *  @brief This does what you think it does.
 242:c:\program files\daisytoolchain\arm-none-eabi\include\c++\10.2.1\bits\stl_algobase.h ****    *  @ingroup sorting_algorithms
 243:c:\program files\daisytoolchain\arm-none-eabi\include\c++\10.2.1\bits\stl_algobase.h ****    *  @param  __a  A thing of arbitrary type.
ARM GAS  C:\Users\FINNDY~1\AppData\Local\Temp\cc0ACJmL.s 			page 63


 244:c:\program files\daisytoolchain\arm-none-eabi\include\c++\10.2.1\bits\stl_algobase.h ****    *  @param  __b  Another thing of arbitrary type.
 245:c:\program files\daisytoolchain\arm-none-eabi\include\c++\10.2.1\bits\stl_algobase.h ****    *  @return   The greater of the parameters.
 246:c:\program files\daisytoolchain\arm-none-eabi\include\c++\10.2.1\bits\stl_algobase.h ****    *
 247:c:\program files\daisytoolchain\arm-none-eabi\include\c++\10.2.1\bits\stl_algobase.h ****    *  This is the simple classic generic implementation.  It will work on
 248:c:\program files\daisytoolchain\arm-none-eabi\include\c++\10.2.1\bits\stl_algobase.h ****    *  temporary expressions, since they are only evaluated once, unlike a
 249:c:\program files\daisytoolchain\arm-none-eabi\include\c++\10.2.1\bits\stl_algobase.h ****    *  preprocessor macro.
 250:c:\program files\daisytoolchain\arm-none-eabi\include\c++\10.2.1\bits\stl_algobase.h ****   */
 251:c:\program files\daisytoolchain\arm-none-eabi\include\c++\10.2.1\bits\stl_algobase.h ****   template<typename _Tp>
 252:c:\program files\daisytoolchain\arm-none-eabi\include\c++\10.2.1\bits\stl_algobase.h ****     _GLIBCXX14_CONSTEXPR
 253:c:\program files\daisytoolchain\arm-none-eabi\include\c++\10.2.1\bits\stl_algobase.h ****     inline const _Tp&
 254:c:\program files\daisytoolchain\arm-none-eabi\include\c++\10.2.1\bits\stl_algobase.h ****     max(const _Tp& __a, const _Tp& __b)
 1175              		.loc 7 254 5 is_stmt 1 view .LVU315
 1176              	.LBB295:
 255:c:\program files\daisytoolchain\arm-none-eabi\include\c++\10.2.1\bits\stl_algobase.h ****     {
 256:c:\program files\daisytoolchain\arm-none-eabi\include\c++\10.2.1\bits\stl_algobase.h ****       // concept requirements
 257:c:\program files\daisytoolchain\arm-none-eabi\include\c++\10.2.1\bits\stl_algobase.h ****       __glibcxx_function_requires(_LessThanComparableConcept<_Tp>)
 258:c:\program files\daisytoolchain\arm-none-eabi\include\c++\10.2.1\bits\stl_algobase.h ****       //return  __a < __b ? __b : __a;
 259:c:\program files\daisytoolchain\arm-none-eabi\include\c++\10.2.1\bits\stl_algobase.h ****       if (__a < __b)
 260:c:\program files\daisytoolchain\arm-none-eabi\include\c++\10.2.1\bits\stl_algobase.h **** 	return __b;
 261:c:\program files\daisytoolchain\arm-none-eabi\include\c++\10.2.1\bits\stl_algobase.h ****       return __a;
 1177              		.loc 7 261 14 is_stmt 0 view .LVU316
 1178 004e F4EEC87A 		vcmpe.f32	s15, s16
 1179 0052 F1EE10FA 		vmrs	APSR_nzcv, FPSCR
 1180 0056 58BF     		it	pl
 1181 0058 B0EE678A 		vmovpl.f32	s16, s15
 1182              	.LVL87:
 1183              		.loc 7 261 14 view .LVU317
 1184              	.LBE295:
 1185              	.LBE294:
 605:c:\program files\daisytoolchain\arm-none-eabi\include\c++\10.2.1\complex ****         return __s;
 1186              		.loc 6 605 7 view .LVU318
 1187 005c B5EE408A 		vcmp.f32	s16, #0
 1188 0060 F1EE10FA 		vmrs	APSR_nzcv, FPSCR
 1189 0064 10D0     		beq	.L110
 608:c:\program files\daisytoolchain\arm-none-eabi\include\c++\10.2.1\complex ****       return __s * sqrt(__x * __x + __y * __y);
 1190              		.loc 6 608 11 view .LVU319
 1191 0066 86EE880A 		vdiv.f32	s0, s13, s16
 607:c:\program files\daisytoolchain\arm-none-eabi\include\c++\10.2.1\complex ****       __y /= __s;
 1192              		.loc 6 607 11 view .LVU320
 1193 006a C7EE087A 		vdiv.f32	s15, s14, s16
 1194              	.LVL88:
 609:c:\program files\daisytoolchain\arm-none-eabi\include\c++\10.2.1\complex ****     }
 1195              		.loc 6 609 41 view .LVU321
 1196 006e 20EE000A 		vmul.f32	s0, s0, s0
 1197              	.LVL89:
 609:c:\program files\daisytoolchain\arm-none-eabi\include\c++\10.2.1\complex ****     }
 1198              		.loc 6 609 24 view .LVU322
 1199 0072 A7EEA70A 		vfma.f32	s0, s15, s15
 1200              	.LVL90:
 1201              	.LBB296:
 1202              	.LBI296:
 1203              		.file 8 "c:\\program files\\daisytoolchain\\arm-none-eabi\\include\\c++\\10.2.1\\cmath"
   1:c:\program files\daisytoolchain\arm-none-eabi\include\c++\10.2.1\cmath **** // -*- C++ -*- C forwarding header.
   2:c:\program files\daisytoolchain\arm-none-eabi\include\c++\10.2.1\cmath **** 
   3:c:\program files\daisytoolchain\arm-none-eabi\include\c++\10.2.1\cmath **** // Copyright (C) 1997-2020 Free Software Foundation, Inc.
   4:c:\program files\daisytoolchain\arm-none-eabi\include\c++\10.2.1\cmath **** //
   5:c:\program files\daisytoolchain\arm-none-eabi\include\c++\10.2.1\cmath **** // This file is part of the GNU ISO C++ Library.  This library is free
ARM GAS  C:\Users\FINNDY~1\AppData\Local\Temp\cc0ACJmL.s 			page 64


   6:c:\program files\daisytoolchain\arm-none-eabi\include\c++\10.2.1\cmath **** // software; you can redistribute it and/or modify it under the
   7:c:\program files\daisytoolchain\arm-none-eabi\include\c++\10.2.1\cmath **** // terms of the GNU General Public License as published by the
   8:c:\program files\daisytoolchain\arm-none-eabi\include\c++\10.2.1\cmath **** // Free Software Foundation; either version 3, or (at your option)
   9:c:\program files\daisytoolchain\arm-none-eabi\include\c++\10.2.1\cmath **** // any later version.
  10:c:\program files\daisytoolchain\arm-none-eabi\include\c++\10.2.1\cmath **** 
  11:c:\program files\daisytoolchain\arm-none-eabi\include\c++\10.2.1\cmath **** // This library is distributed in the hope that it will be useful,
  12:c:\program files\daisytoolchain\arm-none-eabi\include\c++\10.2.1\cmath **** // but WITHOUT ANY WARRANTY; without even the implied warranty of
  13:c:\program files\daisytoolchain\arm-none-eabi\include\c++\10.2.1\cmath **** // MERCHANTABILITY or FITNESS FOR A PARTICULAR PURPOSE.  See the
  14:c:\program files\daisytoolchain\arm-none-eabi\include\c++\10.2.1\cmath **** // GNU General Public License for more details.
  15:c:\program files\daisytoolchain\arm-none-eabi\include\c++\10.2.1\cmath **** 
  16:c:\program files\daisytoolchain\arm-none-eabi\include\c++\10.2.1\cmath **** // Under Section 7 of GPL version 3, you are granted additional
  17:c:\program files\daisytoolchain\arm-none-eabi\include\c++\10.2.1\cmath **** // permissions described in the GCC Runtime Library Exception, version
  18:c:\program files\daisytoolchain\arm-none-eabi\include\c++\10.2.1\cmath **** // 3.1, as published by the Free Software Foundation.
  19:c:\program files\daisytoolchain\arm-none-eabi\include\c++\10.2.1\cmath **** 
  20:c:\program files\daisytoolchain\arm-none-eabi\include\c++\10.2.1\cmath **** // You should have received a copy of the GNU General Public License and
  21:c:\program files\daisytoolchain\arm-none-eabi\include\c++\10.2.1\cmath **** // a copy of the GCC Runtime Library Exception along with this program;
  22:c:\program files\daisytoolchain\arm-none-eabi\include\c++\10.2.1\cmath **** // see the files COPYING3 and COPYING.RUNTIME respectively.  If not, see
  23:c:\program files\daisytoolchain\arm-none-eabi\include\c++\10.2.1\cmath **** // <http://www.gnu.org/licenses/>.
  24:c:\program files\daisytoolchain\arm-none-eabi\include\c++\10.2.1\cmath **** 
  25:c:\program files\daisytoolchain\arm-none-eabi\include\c++\10.2.1\cmath **** /** @file include/cmath
  26:c:\program files\daisytoolchain\arm-none-eabi\include\c++\10.2.1\cmath ****  *  This is a Standard C++ Library file.  You should @c \#include this file
  27:c:\program files\daisytoolchain\arm-none-eabi\include\c++\10.2.1\cmath ****  *  in your programs, rather than any of the @a *.h implementation files.
  28:c:\program files\daisytoolchain\arm-none-eabi\include\c++\10.2.1\cmath ****  *
  29:c:\program files\daisytoolchain\arm-none-eabi\include\c++\10.2.1\cmath ****  *  This is the C++ version of the Standard C Library header @c math.h,
  30:c:\program files\daisytoolchain\arm-none-eabi\include\c++\10.2.1\cmath ****  *  and its contents are (mostly) the same as that header, but are all
  31:c:\program files\daisytoolchain\arm-none-eabi\include\c++\10.2.1\cmath ****  *  contained in the namespace @c std (except for names which are defined
  32:c:\program files\daisytoolchain\arm-none-eabi\include\c++\10.2.1\cmath ****  *  as macros in C).
  33:c:\program files\daisytoolchain\arm-none-eabi\include\c++\10.2.1\cmath ****  */
  34:c:\program files\daisytoolchain\arm-none-eabi\include\c++\10.2.1\cmath **** 
  35:c:\program files\daisytoolchain\arm-none-eabi\include\c++\10.2.1\cmath **** //
  36:c:\program files\daisytoolchain\arm-none-eabi\include\c++\10.2.1\cmath **** // ISO C++ 14882: 26.5  C library
  37:c:\program files\daisytoolchain\arm-none-eabi\include\c++\10.2.1\cmath **** //
  38:c:\program files\daisytoolchain\arm-none-eabi\include\c++\10.2.1\cmath **** 
  39:c:\program files\daisytoolchain\arm-none-eabi\include\c++\10.2.1\cmath **** #pragma GCC system_header
  40:c:\program files\daisytoolchain\arm-none-eabi\include\c++\10.2.1\cmath **** 
  41:c:\program files\daisytoolchain\arm-none-eabi\include\c++\10.2.1\cmath **** #include <bits/c++config.h>
  42:c:\program files\daisytoolchain\arm-none-eabi\include\c++\10.2.1\cmath **** #include <bits/cpp_type_traits.h>
  43:c:\program files\daisytoolchain\arm-none-eabi\include\c++\10.2.1\cmath **** #include <ext/type_traits.h>
  44:c:\program files\daisytoolchain\arm-none-eabi\include\c++\10.2.1\cmath **** #define _GLIBCXX_INCLUDE_NEXT_C_HEADERS
  45:c:\program files\daisytoolchain\arm-none-eabi\include\c++\10.2.1\cmath **** #include_next <math.h>
  46:c:\program files\daisytoolchain\arm-none-eabi\include\c++\10.2.1\cmath **** #undef _GLIBCXX_INCLUDE_NEXT_C_HEADERS
  47:c:\program files\daisytoolchain\arm-none-eabi\include\c++\10.2.1\cmath **** #include <bits/std_abs.h>
  48:c:\program files\daisytoolchain\arm-none-eabi\include\c++\10.2.1\cmath **** 
  49:c:\program files\daisytoolchain\arm-none-eabi\include\c++\10.2.1\cmath **** #ifndef _GLIBCXX_CMATH
  50:c:\program files\daisytoolchain\arm-none-eabi\include\c++\10.2.1\cmath **** #define _GLIBCXX_CMATH 1
  51:c:\program files\daisytoolchain\arm-none-eabi\include\c++\10.2.1\cmath **** 
  52:c:\program files\daisytoolchain\arm-none-eabi\include\c++\10.2.1\cmath **** // Get rid of those macros defined in <math.h> in lieu of real functions.
  53:c:\program files\daisytoolchain\arm-none-eabi\include\c++\10.2.1\cmath **** #undef div
  54:c:\program files\daisytoolchain\arm-none-eabi\include\c++\10.2.1\cmath **** #undef acos
  55:c:\program files\daisytoolchain\arm-none-eabi\include\c++\10.2.1\cmath **** #undef asin
  56:c:\program files\daisytoolchain\arm-none-eabi\include\c++\10.2.1\cmath **** #undef atan
  57:c:\program files\daisytoolchain\arm-none-eabi\include\c++\10.2.1\cmath **** #undef atan2
  58:c:\program files\daisytoolchain\arm-none-eabi\include\c++\10.2.1\cmath **** #undef ceil
  59:c:\program files\daisytoolchain\arm-none-eabi\include\c++\10.2.1\cmath **** #undef cos
  60:c:\program files\daisytoolchain\arm-none-eabi\include\c++\10.2.1\cmath **** #undef cosh
  61:c:\program files\daisytoolchain\arm-none-eabi\include\c++\10.2.1\cmath **** #undef exp
  62:c:\program files\daisytoolchain\arm-none-eabi\include\c++\10.2.1\cmath **** #undef fabs
ARM GAS  C:\Users\FINNDY~1\AppData\Local\Temp\cc0ACJmL.s 			page 65


  63:c:\program files\daisytoolchain\arm-none-eabi\include\c++\10.2.1\cmath **** #undef floor
  64:c:\program files\daisytoolchain\arm-none-eabi\include\c++\10.2.1\cmath **** #undef fmod
  65:c:\program files\daisytoolchain\arm-none-eabi\include\c++\10.2.1\cmath **** #undef frexp
  66:c:\program files\daisytoolchain\arm-none-eabi\include\c++\10.2.1\cmath **** #undef ldexp
  67:c:\program files\daisytoolchain\arm-none-eabi\include\c++\10.2.1\cmath **** #undef log
  68:c:\program files\daisytoolchain\arm-none-eabi\include\c++\10.2.1\cmath **** #undef log10
  69:c:\program files\daisytoolchain\arm-none-eabi\include\c++\10.2.1\cmath **** #undef modf
  70:c:\program files\daisytoolchain\arm-none-eabi\include\c++\10.2.1\cmath **** #undef pow
  71:c:\program files\daisytoolchain\arm-none-eabi\include\c++\10.2.1\cmath **** #undef sin
  72:c:\program files\daisytoolchain\arm-none-eabi\include\c++\10.2.1\cmath **** #undef sinh
  73:c:\program files\daisytoolchain\arm-none-eabi\include\c++\10.2.1\cmath **** #undef sqrt
  74:c:\program files\daisytoolchain\arm-none-eabi\include\c++\10.2.1\cmath **** #undef tan
  75:c:\program files\daisytoolchain\arm-none-eabi\include\c++\10.2.1\cmath **** #undef tanh
  76:c:\program files\daisytoolchain\arm-none-eabi\include\c++\10.2.1\cmath **** 
  77:c:\program files\daisytoolchain\arm-none-eabi\include\c++\10.2.1\cmath **** extern "C++"
  78:c:\program files\daisytoolchain\arm-none-eabi\include\c++\10.2.1\cmath **** {
  79:c:\program files\daisytoolchain\arm-none-eabi\include\c++\10.2.1\cmath **** namespace std _GLIBCXX_VISIBILITY(default)
  80:c:\program files\daisytoolchain\arm-none-eabi\include\c++\10.2.1\cmath **** {
  81:c:\program files\daisytoolchain\arm-none-eabi\include\c++\10.2.1\cmath **** _GLIBCXX_BEGIN_NAMESPACE_VERSION
  82:c:\program files\daisytoolchain\arm-none-eabi\include\c++\10.2.1\cmath **** 
  83:c:\program files\daisytoolchain\arm-none-eabi\include\c++\10.2.1\cmath ****   using ::acos;
  84:c:\program files\daisytoolchain\arm-none-eabi\include\c++\10.2.1\cmath **** 
  85:c:\program files\daisytoolchain\arm-none-eabi\include\c++\10.2.1\cmath **** #ifndef __CORRECT_ISO_CPP_MATH_H_PROTO
  86:c:\program files\daisytoolchain\arm-none-eabi\include\c++\10.2.1\cmath ****   inline _GLIBCXX_CONSTEXPR float
  87:c:\program files\daisytoolchain\arm-none-eabi\include\c++\10.2.1\cmath ****   acos(float __x)
  88:c:\program files\daisytoolchain\arm-none-eabi\include\c++\10.2.1\cmath ****   { return __builtin_acosf(__x); }
  89:c:\program files\daisytoolchain\arm-none-eabi\include\c++\10.2.1\cmath **** 
  90:c:\program files\daisytoolchain\arm-none-eabi\include\c++\10.2.1\cmath ****   inline _GLIBCXX_CONSTEXPR long double
  91:c:\program files\daisytoolchain\arm-none-eabi\include\c++\10.2.1\cmath ****   acos(long double __x)
  92:c:\program files\daisytoolchain\arm-none-eabi\include\c++\10.2.1\cmath ****   { return __builtin_acosl(__x); }
  93:c:\program files\daisytoolchain\arm-none-eabi\include\c++\10.2.1\cmath **** #endif
  94:c:\program files\daisytoolchain\arm-none-eabi\include\c++\10.2.1\cmath **** 
  95:c:\program files\daisytoolchain\arm-none-eabi\include\c++\10.2.1\cmath ****   template<typename _Tp>
  96:c:\program files\daisytoolchain\arm-none-eabi\include\c++\10.2.1\cmath ****     inline _GLIBCXX_CONSTEXPR
  97:c:\program files\daisytoolchain\arm-none-eabi\include\c++\10.2.1\cmath ****     typename __gnu_cxx::__enable_if<__is_integer<_Tp>::__value, 
  98:c:\program files\daisytoolchain\arm-none-eabi\include\c++\10.2.1\cmath ****                                     double>::__type
  99:c:\program files\daisytoolchain\arm-none-eabi\include\c++\10.2.1\cmath ****     acos(_Tp __x)
 100:c:\program files\daisytoolchain\arm-none-eabi\include\c++\10.2.1\cmath ****     { return __builtin_acos(__x); }
 101:c:\program files\daisytoolchain\arm-none-eabi\include\c++\10.2.1\cmath **** 
 102:c:\program files\daisytoolchain\arm-none-eabi\include\c++\10.2.1\cmath ****   using ::asin;
 103:c:\program files\daisytoolchain\arm-none-eabi\include\c++\10.2.1\cmath **** 
 104:c:\program files\daisytoolchain\arm-none-eabi\include\c++\10.2.1\cmath **** #ifndef __CORRECT_ISO_CPP_MATH_H_PROTO
 105:c:\program files\daisytoolchain\arm-none-eabi\include\c++\10.2.1\cmath ****   inline _GLIBCXX_CONSTEXPR float
 106:c:\program files\daisytoolchain\arm-none-eabi\include\c++\10.2.1\cmath ****   asin(float __x)
 107:c:\program files\daisytoolchain\arm-none-eabi\include\c++\10.2.1\cmath ****   { return __builtin_asinf(__x); }
 108:c:\program files\daisytoolchain\arm-none-eabi\include\c++\10.2.1\cmath **** 
 109:c:\program files\daisytoolchain\arm-none-eabi\include\c++\10.2.1\cmath ****   inline _GLIBCXX_CONSTEXPR long double
 110:c:\program files\daisytoolchain\arm-none-eabi\include\c++\10.2.1\cmath ****   asin(long double __x)
 111:c:\program files\daisytoolchain\arm-none-eabi\include\c++\10.2.1\cmath ****   { return __builtin_asinl(__x); }
 112:c:\program files\daisytoolchain\arm-none-eabi\include\c++\10.2.1\cmath **** #endif
 113:c:\program files\daisytoolchain\arm-none-eabi\include\c++\10.2.1\cmath **** 
 114:c:\program files\daisytoolchain\arm-none-eabi\include\c++\10.2.1\cmath ****   template<typename _Tp>
 115:c:\program files\daisytoolchain\arm-none-eabi\include\c++\10.2.1\cmath ****     inline _GLIBCXX_CONSTEXPR
 116:c:\program files\daisytoolchain\arm-none-eabi\include\c++\10.2.1\cmath ****     typename __gnu_cxx::__enable_if<__is_integer<_Tp>::__value,
 117:c:\program files\daisytoolchain\arm-none-eabi\include\c++\10.2.1\cmath ****                                     double>::__type
 118:c:\program files\daisytoolchain\arm-none-eabi\include\c++\10.2.1\cmath ****     asin(_Tp __x)
 119:c:\program files\daisytoolchain\arm-none-eabi\include\c++\10.2.1\cmath ****     { return __builtin_asin(__x); }
ARM GAS  C:\Users\FINNDY~1\AppData\Local\Temp\cc0ACJmL.s 			page 66


 120:c:\program files\daisytoolchain\arm-none-eabi\include\c++\10.2.1\cmath **** 
 121:c:\program files\daisytoolchain\arm-none-eabi\include\c++\10.2.1\cmath ****   using ::atan;
 122:c:\program files\daisytoolchain\arm-none-eabi\include\c++\10.2.1\cmath **** 
 123:c:\program files\daisytoolchain\arm-none-eabi\include\c++\10.2.1\cmath **** #ifndef __CORRECT_ISO_CPP_MATH_H_PROTO
 124:c:\program files\daisytoolchain\arm-none-eabi\include\c++\10.2.1\cmath ****   inline _GLIBCXX_CONSTEXPR float
 125:c:\program files\daisytoolchain\arm-none-eabi\include\c++\10.2.1\cmath ****   atan(float __x)
 126:c:\program files\daisytoolchain\arm-none-eabi\include\c++\10.2.1\cmath ****   { return __builtin_atanf(__x); }
 127:c:\program files\daisytoolchain\arm-none-eabi\include\c++\10.2.1\cmath **** 
 128:c:\program files\daisytoolchain\arm-none-eabi\include\c++\10.2.1\cmath ****   inline _GLIBCXX_CONSTEXPR long double
 129:c:\program files\daisytoolchain\arm-none-eabi\include\c++\10.2.1\cmath ****   atan(long double __x)
 130:c:\program files\daisytoolchain\arm-none-eabi\include\c++\10.2.1\cmath ****   { return __builtin_atanl(__x); }
 131:c:\program files\daisytoolchain\arm-none-eabi\include\c++\10.2.1\cmath **** #endif
 132:c:\program files\daisytoolchain\arm-none-eabi\include\c++\10.2.1\cmath **** 
 133:c:\program files\daisytoolchain\arm-none-eabi\include\c++\10.2.1\cmath ****   template<typename _Tp>
 134:c:\program files\daisytoolchain\arm-none-eabi\include\c++\10.2.1\cmath ****     inline _GLIBCXX_CONSTEXPR
 135:c:\program files\daisytoolchain\arm-none-eabi\include\c++\10.2.1\cmath ****     typename __gnu_cxx::__enable_if<__is_integer<_Tp>::__value,
 136:c:\program files\daisytoolchain\arm-none-eabi\include\c++\10.2.1\cmath ****                                     double>::__type
 137:c:\program files\daisytoolchain\arm-none-eabi\include\c++\10.2.1\cmath ****     atan(_Tp __x)
 138:c:\program files\daisytoolchain\arm-none-eabi\include\c++\10.2.1\cmath ****     { return __builtin_atan(__x); }
 139:c:\program files\daisytoolchain\arm-none-eabi\include\c++\10.2.1\cmath **** 
 140:c:\program files\daisytoolchain\arm-none-eabi\include\c++\10.2.1\cmath ****   using ::atan2;
 141:c:\program files\daisytoolchain\arm-none-eabi\include\c++\10.2.1\cmath **** 
 142:c:\program files\daisytoolchain\arm-none-eabi\include\c++\10.2.1\cmath **** #ifndef __CORRECT_ISO_CPP_MATH_H_PROTO
 143:c:\program files\daisytoolchain\arm-none-eabi\include\c++\10.2.1\cmath ****   inline _GLIBCXX_CONSTEXPR float
 144:c:\program files\daisytoolchain\arm-none-eabi\include\c++\10.2.1\cmath ****   atan2(float __y, float __x)
 145:c:\program files\daisytoolchain\arm-none-eabi\include\c++\10.2.1\cmath ****   { return __builtin_atan2f(__y, __x); }
 146:c:\program files\daisytoolchain\arm-none-eabi\include\c++\10.2.1\cmath **** 
 147:c:\program files\daisytoolchain\arm-none-eabi\include\c++\10.2.1\cmath ****   inline _GLIBCXX_CONSTEXPR long double
 148:c:\program files\daisytoolchain\arm-none-eabi\include\c++\10.2.1\cmath ****   atan2(long double __y, long double __x)
 149:c:\program files\daisytoolchain\arm-none-eabi\include\c++\10.2.1\cmath ****   { return __builtin_atan2l(__y, __x); }
 150:c:\program files\daisytoolchain\arm-none-eabi\include\c++\10.2.1\cmath **** #endif
 151:c:\program files\daisytoolchain\arm-none-eabi\include\c++\10.2.1\cmath **** 
 152:c:\program files\daisytoolchain\arm-none-eabi\include\c++\10.2.1\cmath ****   template<typename _Tp, typename _Up>
 153:c:\program files\daisytoolchain\arm-none-eabi\include\c++\10.2.1\cmath ****     inline _GLIBCXX_CONSTEXPR
 154:c:\program files\daisytoolchain\arm-none-eabi\include\c++\10.2.1\cmath ****     typename __gnu_cxx::__promote_2<_Tp, _Up>::__type
 155:c:\program files\daisytoolchain\arm-none-eabi\include\c++\10.2.1\cmath ****     atan2(_Tp __y, _Up __x)
 156:c:\program files\daisytoolchain\arm-none-eabi\include\c++\10.2.1\cmath ****     {
 157:c:\program files\daisytoolchain\arm-none-eabi\include\c++\10.2.1\cmath ****       typedef typename __gnu_cxx::__promote_2<_Tp, _Up>::__type __type;
 158:c:\program files\daisytoolchain\arm-none-eabi\include\c++\10.2.1\cmath ****       return atan2(__type(__y), __type(__x));
 159:c:\program files\daisytoolchain\arm-none-eabi\include\c++\10.2.1\cmath ****     }
 160:c:\program files\daisytoolchain\arm-none-eabi\include\c++\10.2.1\cmath **** 
 161:c:\program files\daisytoolchain\arm-none-eabi\include\c++\10.2.1\cmath ****   using ::ceil;
 162:c:\program files\daisytoolchain\arm-none-eabi\include\c++\10.2.1\cmath **** 
 163:c:\program files\daisytoolchain\arm-none-eabi\include\c++\10.2.1\cmath **** #ifndef __CORRECT_ISO_CPP_MATH_H_PROTO
 164:c:\program files\daisytoolchain\arm-none-eabi\include\c++\10.2.1\cmath ****   inline _GLIBCXX_CONSTEXPR float
 165:c:\program files\daisytoolchain\arm-none-eabi\include\c++\10.2.1\cmath ****   ceil(float __x)
 166:c:\program files\daisytoolchain\arm-none-eabi\include\c++\10.2.1\cmath ****   { return __builtin_ceilf(__x); }
 167:c:\program files\daisytoolchain\arm-none-eabi\include\c++\10.2.1\cmath **** 
 168:c:\program files\daisytoolchain\arm-none-eabi\include\c++\10.2.1\cmath ****   inline _GLIBCXX_CONSTEXPR long double
 169:c:\program files\daisytoolchain\arm-none-eabi\include\c++\10.2.1\cmath ****   ceil(long double __x)
 170:c:\program files\daisytoolchain\arm-none-eabi\include\c++\10.2.1\cmath ****   { return __builtin_ceill(__x); }
 171:c:\program files\daisytoolchain\arm-none-eabi\include\c++\10.2.1\cmath **** #endif
 172:c:\program files\daisytoolchain\arm-none-eabi\include\c++\10.2.1\cmath **** 
 173:c:\program files\daisytoolchain\arm-none-eabi\include\c++\10.2.1\cmath ****   template<typename _Tp>
 174:c:\program files\daisytoolchain\arm-none-eabi\include\c++\10.2.1\cmath ****     inline _GLIBCXX_CONSTEXPR
 175:c:\program files\daisytoolchain\arm-none-eabi\include\c++\10.2.1\cmath ****     typename __gnu_cxx::__enable_if<__is_integer<_Tp>::__value, 
 176:c:\program files\daisytoolchain\arm-none-eabi\include\c++\10.2.1\cmath ****                                     double>::__type
ARM GAS  C:\Users\FINNDY~1\AppData\Local\Temp\cc0ACJmL.s 			page 67


 177:c:\program files\daisytoolchain\arm-none-eabi\include\c++\10.2.1\cmath ****     ceil(_Tp __x)
 178:c:\program files\daisytoolchain\arm-none-eabi\include\c++\10.2.1\cmath ****     { return __builtin_ceil(__x); }
 179:c:\program files\daisytoolchain\arm-none-eabi\include\c++\10.2.1\cmath **** 
 180:c:\program files\daisytoolchain\arm-none-eabi\include\c++\10.2.1\cmath ****   using ::cos;
 181:c:\program files\daisytoolchain\arm-none-eabi\include\c++\10.2.1\cmath **** 
 182:c:\program files\daisytoolchain\arm-none-eabi\include\c++\10.2.1\cmath **** #ifndef __CORRECT_ISO_CPP_MATH_H_PROTO
 183:c:\program files\daisytoolchain\arm-none-eabi\include\c++\10.2.1\cmath ****   inline _GLIBCXX_CONSTEXPR float
 184:c:\program files\daisytoolchain\arm-none-eabi\include\c++\10.2.1\cmath ****   cos(float __x)
 185:c:\program files\daisytoolchain\arm-none-eabi\include\c++\10.2.1\cmath ****   { return __builtin_cosf(__x); }
 186:c:\program files\daisytoolchain\arm-none-eabi\include\c++\10.2.1\cmath **** 
 187:c:\program files\daisytoolchain\arm-none-eabi\include\c++\10.2.1\cmath ****   inline _GLIBCXX_CONSTEXPR long double
 188:c:\program files\daisytoolchain\arm-none-eabi\include\c++\10.2.1\cmath ****   cos(long double __x)
 189:c:\program files\daisytoolchain\arm-none-eabi\include\c++\10.2.1\cmath ****   { return __builtin_cosl(__x); }
 190:c:\program files\daisytoolchain\arm-none-eabi\include\c++\10.2.1\cmath **** #endif
 191:c:\program files\daisytoolchain\arm-none-eabi\include\c++\10.2.1\cmath **** 
 192:c:\program files\daisytoolchain\arm-none-eabi\include\c++\10.2.1\cmath ****   template<typename _Tp>
 193:c:\program files\daisytoolchain\arm-none-eabi\include\c++\10.2.1\cmath ****     inline _GLIBCXX_CONSTEXPR
 194:c:\program files\daisytoolchain\arm-none-eabi\include\c++\10.2.1\cmath ****     typename __gnu_cxx::__enable_if<__is_integer<_Tp>::__value,
 195:c:\program files\daisytoolchain\arm-none-eabi\include\c++\10.2.1\cmath ****                                     double>::__type
 196:c:\program files\daisytoolchain\arm-none-eabi\include\c++\10.2.1\cmath ****     cos(_Tp __x)
 197:c:\program files\daisytoolchain\arm-none-eabi\include\c++\10.2.1\cmath ****     { return __builtin_cos(__x); }
 198:c:\program files\daisytoolchain\arm-none-eabi\include\c++\10.2.1\cmath **** 
 199:c:\program files\daisytoolchain\arm-none-eabi\include\c++\10.2.1\cmath ****   using ::cosh;
 200:c:\program files\daisytoolchain\arm-none-eabi\include\c++\10.2.1\cmath **** 
 201:c:\program files\daisytoolchain\arm-none-eabi\include\c++\10.2.1\cmath **** #ifndef __CORRECT_ISO_CPP_MATH_H_PROTO
 202:c:\program files\daisytoolchain\arm-none-eabi\include\c++\10.2.1\cmath ****   inline _GLIBCXX_CONSTEXPR float
 203:c:\program files\daisytoolchain\arm-none-eabi\include\c++\10.2.1\cmath ****   cosh(float __x)
 204:c:\program files\daisytoolchain\arm-none-eabi\include\c++\10.2.1\cmath ****   { return __builtin_coshf(__x); }
 205:c:\program files\daisytoolchain\arm-none-eabi\include\c++\10.2.1\cmath **** 
 206:c:\program files\daisytoolchain\arm-none-eabi\include\c++\10.2.1\cmath ****   inline _GLIBCXX_CONSTEXPR long double
 207:c:\program files\daisytoolchain\arm-none-eabi\include\c++\10.2.1\cmath ****   cosh(long double __x)
 208:c:\program files\daisytoolchain\arm-none-eabi\include\c++\10.2.1\cmath ****   { return __builtin_coshl(__x); }
 209:c:\program files\daisytoolchain\arm-none-eabi\include\c++\10.2.1\cmath **** #endif
 210:c:\program files\daisytoolchain\arm-none-eabi\include\c++\10.2.1\cmath **** 
 211:c:\program files\daisytoolchain\arm-none-eabi\include\c++\10.2.1\cmath ****   template<typename _Tp>
 212:c:\program files\daisytoolchain\arm-none-eabi\include\c++\10.2.1\cmath ****     inline _GLIBCXX_CONSTEXPR
 213:c:\program files\daisytoolchain\arm-none-eabi\include\c++\10.2.1\cmath ****     typename __gnu_cxx::__enable_if<__is_integer<_Tp>::__value,
 214:c:\program files\daisytoolchain\arm-none-eabi\include\c++\10.2.1\cmath ****                                     double>::__type
 215:c:\program files\daisytoolchain\arm-none-eabi\include\c++\10.2.1\cmath ****     cosh(_Tp __x)
 216:c:\program files\daisytoolchain\arm-none-eabi\include\c++\10.2.1\cmath ****     { return __builtin_cosh(__x); }
 217:c:\program files\daisytoolchain\arm-none-eabi\include\c++\10.2.1\cmath **** 
 218:c:\program files\daisytoolchain\arm-none-eabi\include\c++\10.2.1\cmath ****   using ::exp;
 219:c:\program files\daisytoolchain\arm-none-eabi\include\c++\10.2.1\cmath **** 
 220:c:\program files\daisytoolchain\arm-none-eabi\include\c++\10.2.1\cmath **** #ifndef __CORRECT_ISO_CPP_MATH_H_PROTO
 221:c:\program files\daisytoolchain\arm-none-eabi\include\c++\10.2.1\cmath ****   inline _GLIBCXX_CONSTEXPR float
 222:c:\program files\daisytoolchain\arm-none-eabi\include\c++\10.2.1\cmath ****   exp(float __x)
 223:c:\program files\daisytoolchain\arm-none-eabi\include\c++\10.2.1\cmath ****   { return __builtin_expf(__x); }
 224:c:\program files\daisytoolchain\arm-none-eabi\include\c++\10.2.1\cmath **** 
 225:c:\program files\daisytoolchain\arm-none-eabi\include\c++\10.2.1\cmath ****   inline _GLIBCXX_CONSTEXPR long double
 226:c:\program files\daisytoolchain\arm-none-eabi\include\c++\10.2.1\cmath ****   exp(long double __x)
 227:c:\program files\daisytoolchain\arm-none-eabi\include\c++\10.2.1\cmath ****   { return __builtin_expl(__x); }
 228:c:\program files\daisytoolchain\arm-none-eabi\include\c++\10.2.1\cmath **** #endif
 229:c:\program files\daisytoolchain\arm-none-eabi\include\c++\10.2.1\cmath **** 
 230:c:\program files\daisytoolchain\arm-none-eabi\include\c++\10.2.1\cmath ****   template<typename _Tp>
 231:c:\program files\daisytoolchain\arm-none-eabi\include\c++\10.2.1\cmath ****     inline _GLIBCXX_CONSTEXPR
 232:c:\program files\daisytoolchain\arm-none-eabi\include\c++\10.2.1\cmath ****     typename __gnu_cxx::__enable_if<__is_integer<_Tp>::__value,
 233:c:\program files\daisytoolchain\arm-none-eabi\include\c++\10.2.1\cmath ****                                     double>::__type
ARM GAS  C:\Users\FINNDY~1\AppData\Local\Temp\cc0ACJmL.s 			page 68


 234:c:\program files\daisytoolchain\arm-none-eabi\include\c++\10.2.1\cmath ****     exp(_Tp __x)
 235:c:\program files\daisytoolchain\arm-none-eabi\include\c++\10.2.1\cmath ****     { return __builtin_exp(__x); }
 236:c:\program files\daisytoolchain\arm-none-eabi\include\c++\10.2.1\cmath **** 
 237:c:\program files\daisytoolchain\arm-none-eabi\include\c++\10.2.1\cmath ****   using ::fabs;
 238:c:\program files\daisytoolchain\arm-none-eabi\include\c++\10.2.1\cmath **** 
 239:c:\program files\daisytoolchain\arm-none-eabi\include\c++\10.2.1\cmath **** #ifndef __CORRECT_ISO_CPP_MATH_H_PROTO
 240:c:\program files\daisytoolchain\arm-none-eabi\include\c++\10.2.1\cmath ****   inline _GLIBCXX_CONSTEXPR float
 241:c:\program files\daisytoolchain\arm-none-eabi\include\c++\10.2.1\cmath ****   fabs(float __x)
 242:c:\program files\daisytoolchain\arm-none-eabi\include\c++\10.2.1\cmath ****   { return __builtin_fabsf(__x); }
 243:c:\program files\daisytoolchain\arm-none-eabi\include\c++\10.2.1\cmath **** 
 244:c:\program files\daisytoolchain\arm-none-eabi\include\c++\10.2.1\cmath ****   inline _GLIBCXX_CONSTEXPR long double
 245:c:\program files\daisytoolchain\arm-none-eabi\include\c++\10.2.1\cmath ****   fabs(long double __x)
 246:c:\program files\daisytoolchain\arm-none-eabi\include\c++\10.2.1\cmath ****   { return __builtin_fabsl(__x); }
 247:c:\program files\daisytoolchain\arm-none-eabi\include\c++\10.2.1\cmath **** #endif
 248:c:\program files\daisytoolchain\arm-none-eabi\include\c++\10.2.1\cmath **** 
 249:c:\program files\daisytoolchain\arm-none-eabi\include\c++\10.2.1\cmath ****   template<typename _Tp>
 250:c:\program files\daisytoolchain\arm-none-eabi\include\c++\10.2.1\cmath ****     inline _GLIBCXX_CONSTEXPR
 251:c:\program files\daisytoolchain\arm-none-eabi\include\c++\10.2.1\cmath ****     typename __gnu_cxx::__enable_if<__is_integer<_Tp>::__value,
 252:c:\program files\daisytoolchain\arm-none-eabi\include\c++\10.2.1\cmath ****                                     double>::__type
 253:c:\program files\daisytoolchain\arm-none-eabi\include\c++\10.2.1\cmath ****     fabs(_Tp __x)
 254:c:\program files\daisytoolchain\arm-none-eabi\include\c++\10.2.1\cmath ****     { return __builtin_fabs(__x); }
 255:c:\program files\daisytoolchain\arm-none-eabi\include\c++\10.2.1\cmath **** 
 256:c:\program files\daisytoolchain\arm-none-eabi\include\c++\10.2.1\cmath ****   using ::floor;
 257:c:\program files\daisytoolchain\arm-none-eabi\include\c++\10.2.1\cmath **** 
 258:c:\program files\daisytoolchain\arm-none-eabi\include\c++\10.2.1\cmath **** #ifndef __CORRECT_ISO_CPP_MATH_H_PROTO
 259:c:\program files\daisytoolchain\arm-none-eabi\include\c++\10.2.1\cmath ****   inline _GLIBCXX_CONSTEXPR float
 260:c:\program files\daisytoolchain\arm-none-eabi\include\c++\10.2.1\cmath ****   floor(float __x)
 261:c:\program files\daisytoolchain\arm-none-eabi\include\c++\10.2.1\cmath ****   { return __builtin_floorf(__x); }
 262:c:\program files\daisytoolchain\arm-none-eabi\include\c++\10.2.1\cmath **** 
 263:c:\program files\daisytoolchain\arm-none-eabi\include\c++\10.2.1\cmath ****   inline _GLIBCXX_CONSTEXPR long double
 264:c:\program files\daisytoolchain\arm-none-eabi\include\c++\10.2.1\cmath ****   floor(long double __x)
 265:c:\program files\daisytoolchain\arm-none-eabi\include\c++\10.2.1\cmath ****   { return __builtin_floorl(__x); }
 266:c:\program files\daisytoolchain\arm-none-eabi\include\c++\10.2.1\cmath **** #endif
 267:c:\program files\daisytoolchain\arm-none-eabi\include\c++\10.2.1\cmath **** 
 268:c:\program files\daisytoolchain\arm-none-eabi\include\c++\10.2.1\cmath ****   template<typename _Tp>
 269:c:\program files\daisytoolchain\arm-none-eabi\include\c++\10.2.1\cmath ****     inline _GLIBCXX_CONSTEXPR
 270:c:\program files\daisytoolchain\arm-none-eabi\include\c++\10.2.1\cmath ****     typename __gnu_cxx::__enable_if<__is_integer<_Tp>::__value,
 271:c:\program files\daisytoolchain\arm-none-eabi\include\c++\10.2.1\cmath ****                                     double>::__type
 272:c:\program files\daisytoolchain\arm-none-eabi\include\c++\10.2.1\cmath ****     floor(_Tp __x)
 273:c:\program files\daisytoolchain\arm-none-eabi\include\c++\10.2.1\cmath ****     { return __builtin_floor(__x); }
 274:c:\program files\daisytoolchain\arm-none-eabi\include\c++\10.2.1\cmath **** 
 275:c:\program files\daisytoolchain\arm-none-eabi\include\c++\10.2.1\cmath ****   using ::fmod;
 276:c:\program files\daisytoolchain\arm-none-eabi\include\c++\10.2.1\cmath **** 
 277:c:\program files\daisytoolchain\arm-none-eabi\include\c++\10.2.1\cmath **** #ifndef __CORRECT_ISO_CPP_MATH_H_PROTO
 278:c:\program files\daisytoolchain\arm-none-eabi\include\c++\10.2.1\cmath ****   inline _GLIBCXX_CONSTEXPR float
 279:c:\program files\daisytoolchain\arm-none-eabi\include\c++\10.2.1\cmath ****   fmod(float __x, float __y)
 280:c:\program files\daisytoolchain\arm-none-eabi\include\c++\10.2.1\cmath ****   { return __builtin_fmodf(__x, __y); }
 281:c:\program files\daisytoolchain\arm-none-eabi\include\c++\10.2.1\cmath **** 
 282:c:\program files\daisytoolchain\arm-none-eabi\include\c++\10.2.1\cmath ****   inline _GLIBCXX_CONSTEXPR long double
 283:c:\program files\daisytoolchain\arm-none-eabi\include\c++\10.2.1\cmath ****   fmod(long double __x, long double __y)
 284:c:\program files\daisytoolchain\arm-none-eabi\include\c++\10.2.1\cmath ****   { return __builtin_fmodl(__x, __y); }
 285:c:\program files\daisytoolchain\arm-none-eabi\include\c++\10.2.1\cmath **** #endif
 286:c:\program files\daisytoolchain\arm-none-eabi\include\c++\10.2.1\cmath **** 
 287:c:\program files\daisytoolchain\arm-none-eabi\include\c++\10.2.1\cmath ****   template<typename _Tp, typename _Up>
 288:c:\program files\daisytoolchain\arm-none-eabi\include\c++\10.2.1\cmath ****     inline _GLIBCXX_CONSTEXPR
 289:c:\program files\daisytoolchain\arm-none-eabi\include\c++\10.2.1\cmath ****     typename __gnu_cxx::__promote_2<_Tp, _Up>::__type
 290:c:\program files\daisytoolchain\arm-none-eabi\include\c++\10.2.1\cmath ****     fmod(_Tp __x, _Up __y)
ARM GAS  C:\Users\FINNDY~1\AppData\Local\Temp\cc0ACJmL.s 			page 69


 291:c:\program files\daisytoolchain\arm-none-eabi\include\c++\10.2.1\cmath ****     {
 292:c:\program files\daisytoolchain\arm-none-eabi\include\c++\10.2.1\cmath ****       typedef typename __gnu_cxx::__promote_2<_Tp, _Up>::__type __type;
 293:c:\program files\daisytoolchain\arm-none-eabi\include\c++\10.2.1\cmath ****       return fmod(__type(__x), __type(__y));
 294:c:\program files\daisytoolchain\arm-none-eabi\include\c++\10.2.1\cmath ****     }
 295:c:\program files\daisytoolchain\arm-none-eabi\include\c++\10.2.1\cmath **** 
 296:c:\program files\daisytoolchain\arm-none-eabi\include\c++\10.2.1\cmath ****   using ::frexp;
 297:c:\program files\daisytoolchain\arm-none-eabi\include\c++\10.2.1\cmath **** 
 298:c:\program files\daisytoolchain\arm-none-eabi\include\c++\10.2.1\cmath **** #ifndef __CORRECT_ISO_CPP_MATH_H_PROTO
 299:c:\program files\daisytoolchain\arm-none-eabi\include\c++\10.2.1\cmath ****   inline float
 300:c:\program files\daisytoolchain\arm-none-eabi\include\c++\10.2.1\cmath ****   frexp(float __x, int* __exp)
 301:c:\program files\daisytoolchain\arm-none-eabi\include\c++\10.2.1\cmath ****   { return __builtin_frexpf(__x, __exp); }
 302:c:\program files\daisytoolchain\arm-none-eabi\include\c++\10.2.1\cmath **** 
 303:c:\program files\daisytoolchain\arm-none-eabi\include\c++\10.2.1\cmath ****   inline long double
 304:c:\program files\daisytoolchain\arm-none-eabi\include\c++\10.2.1\cmath ****   frexp(long double __x, int* __exp)
 305:c:\program files\daisytoolchain\arm-none-eabi\include\c++\10.2.1\cmath ****   { return __builtin_frexpl(__x, __exp); }
 306:c:\program files\daisytoolchain\arm-none-eabi\include\c++\10.2.1\cmath **** #endif
 307:c:\program files\daisytoolchain\arm-none-eabi\include\c++\10.2.1\cmath **** 
 308:c:\program files\daisytoolchain\arm-none-eabi\include\c++\10.2.1\cmath ****   template<typename _Tp>
 309:c:\program files\daisytoolchain\arm-none-eabi\include\c++\10.2.1\cmath ****     inline _GLIBCXX_CONSTEXPR
 310:c:\program files\daisytoolchain\arm-none-eabi\include\c++\10.2.1\cmath ****     typename __gnu_cxx::__enable_if<__is_integer<_Tp>::__value, 
 311:c:\program files\daisytoolchain\arm-none-eabi\include\c++\10.2.1\cmath ****                                     double>::__type
 312:c:\program files\daisytoolchain\arm-none-eabi\include\c++\10.2.1\cmath ****     frexp(_Tp __x, int* __exp)
 313:c:\program files\daisytoolchain\arm-none-eabi\include\c++\10.2.1\cmath ****     { return __builtin_frexp(__x, __exp); }
 314:c:\program files\daisytoolchain\arm-none-eabi\include\c++\10.2.1\cmath **** 
 315:c:\program files\daisytoolchain\arm-none-eabi\include\c++\10.2.1\cmath ****   using ::ldexp;
 316:c:\program files\daisytoolchain\arm-none-eabi\include\c++\10.2.1\cmath **** 
 317:c:\program files\daisytoolchain\arm-none-eabi\include\c++\10.2.1\cmath **** #ifndef __CORRECT_ISO_CPP_MATH_H_PROTO
 318:c:\program files\daisytoolchain\arm-none-eabi\include\c++\10.2.1\cmath ****   inline _GLIBCXX_CONSTEXPR float
 319:c:\program files\daisytoolchain\arm-none-eabi\include\c++\10.2.1\cmath ****   ldexp(float __x, int __exp)
 320:c:\program files\daisytoolchain\arm-none-eabi\include\c++\10.2.1\cmath ****   { return __builtin_ldexpf(__x, __exp); }
 321:c:\program files\daisytoolchain\arm-none-eabi\include\c++\10.2.1\cmath **** 
 322:c:\program files\daisytoolchain\arm-none-eabi\include\c++\10.2.1\cmath ****   inline _GLIBCXX_CONSTEXPR long double
 323:c:\program files\daisytoolchain\arm-none-eabi\include\c++\10.2.1\cmath ****   ldexp(long double __x, int __exp)
 324:c:\program files\daisytoolchain\arm-none-eabi\include\c++\10.2.1\cmath ****   { return __builtin_ldexpl(__x, __exp); }
 325:c:\program files\daisytoolchain\arm-none-eabi\include\c++\10.2.1\cmath **** #endif
 326:c:\program files\daisytoolchain\arm-none-eabi\include\c++\10.2.1\cmath **** 
 327:c:\program files\daisytoolchain\arm-none-eabi\include\c++\10.2.1\cmath ****   template<typename _Tp>
 328:c:\program files\daisytoolchain\arm-none-eabi\include\c++\10.2.1\cmath ****     inline _GLIBCXX_CONSTEXPR
 329:c:\program files\daisytoolchain\arm-none-eabi\include\c++\10.2.1\cmath ****     typename __gnu_cxx::__enable_if<__is_integer<_Tp>::__value, 
 330:c:\program files\daisytoolchain\arm-none-eabi\include\c++\10.2.1\cmath ****                                     double>::__type
 331:c:\program files\daisytoolchain\arm-none-eabi\include\c++\10.2.1\cmath ****     ldexp(_Tp __x, int __exp)
 332:c:\program files\daisytoolchain\arm-none-eabi\include\c++\10.2.1\cmath ****     { return __builtin_ldexp(__x, __exp); }
 333:c:\program files\daisytoolchain\arm-none-eabi\include\c++\10.2.1\cmath **** 
 334:c:\program files\daisytoolchain\arm-none-eabi\include\c++\10.2.1\cmath ****   using ::log;
 335:c:\program files\daisytoolchain\arm-none-eabi\include\c++\10.2.1\cmath **** 
 336:c:\program files\daisytoolchain\arm-none-eabi\include\c++\10.2.1\cmath **** #ifndef __CORRECT_ISO_CPP_MATH_H_PROTO
 337:c:\program files\daisytoolchain\arm-none-eabi\include\c++\10.2.1\cmath ****   inline _GLIBCXX_CONSTEXPR float
 338:c:\program files\daisytoolchain\arm-none-eabi\include\c++\10.2.1\cmath ****   log(float __x)
 339:c:\program files\daisytoolchain\arm-none-eabi\include\c++\10.2.1\cmath ****   { return __builtin_logf(__x); }
 340:c:\program files\daisytoolchain\arm-none-eabi\include\c++\10.2.1\cmath **** 
 341:c:\program files\daisytoolchain\arm-none-eabi\include\c++\10.2.1\cmath ****   inline _GLIBCXX_CONSTEXPR long double
 342:c:\program files\daisytoolchain\arm-none-eabi\include\c++\10.2.1\cmath ****   log(long double __x)
 343:c:\program files\daisytoolchain\arm-none-eabi\include\c++\10.2.1\cmath ****   { return __builtin_logl(__x); }
 344:c:\program files\daisytoolchain\arm-none-eabi\include\c++\10.2.1\cmath **** #endif
 345:c:\program files\daisytoolchain\arm-none-eabi\include\c++\10.2.1\cmath **** 
 346:c:\program files\daisytoolchain\arm-none-eabi\include\c++\10.2.1\cmath ****   template<typename _Tp>
 347:c:\program files\daisytoolchain\arm-none-eabi\include\c++\10.2.1\cmath ****     inline _GLIBCXX_CONSTEXPR
ARM GAS  C:\Users\FINNDY~1\AppData\Local\Temp\cc0ACJmL.s 			page 70


 348:c:\program files\daisytoolchain\arm-none-eabi\include\c++\10.2.1\cmath ****     typename __gnu_cxx::__enable_if<__is_integer<_Tp>::__value, 
 349:c:\program files\daisytoolchain\arm-none-eabi\include\c++\10.2.1\cmath ****                                     double>::__type
 350:c:\program files\daisytoolchain\arm-none-eabi\include\c++\10.2.1\cmath ****     log(_Tp __x)
 351:c:\program files\daisytoolchain\arm-none-eabi\include\c++\10.2.1\cmath ****     { return __builtin_log(__x); }
 352:c:\program files\daisytoolchain\arm-none-eabi\include\c++\10.2.1\cmath **** 
 353:c:\program files\daisytoolchain\arm-none-eabi\include\c++\10.2.1\cmath ****   using ::log10;
 354:c:\program files\daisytoolchain\arm-none-eabi\include\c++\10.2.1\cmath **** 
 355:c:\program files\daisytoolchain\arm-none-eabi\include\c++\10.2.1\cmath **** #ifndef __CORRECT_ISO_CPP_MATH_H_PROTO
 356:c:\program files\daisytoolchain\arm-none-eabi\include\c++\10.2.1\cmath ****   inline _GLIBCXX_CONSTEXPR float
 357:c:\program files\daisytoolchain\arm-none-eabi\include\c++\10.2.1\cmath ****   log10(float __x)
 358:c:\program files\daisytoolchain\arm-none-eabi\include\c++\10.2.1\cmath ****   { return __builtin_log10f(__x); }
 359:c:\program files\daisytoolchain\arm-none-eabi\include\c++\10.2.1\cmath **** 
 360:c:\program files\daisytoolchain\arm-none-eabi\include\c++\10.2.1\cmath ****   inline _GLIBCXX_CONSTEXPR long double
 361:c:\program files\daisytoolchain\arm-none-eabi\include\c++\10.2.1\cmath ****   log10(long double __x)
 362:c:\program files\daisytoolchain\arm-none-eabi\include\c++\10.2.1\cmath ****   { return __builtin_log10l(__x); }
 363:c:\program files\daisytoolchain\arm-none-eabi\include\c++\10.2.1\cmath **** #endif
 364:c:\program files\daisytoolchain\arm-none-eabi\include\c++\10.2.1\cmath **** 
 365:c:\program files\daisytoolchain\arm-none-eabi\include\c++\10.2.1\cmath ****   template<typename _Tp>
 366:c:\program files\daisytoolchain\arm-none-eabi\include\c++\10.2.1\cmath ****     inline _GLIBCXX_CONSTEXPR
 367:c:\program files\daisytoolchain\arm-none-eabi\include\c++\10.2.1\cmath ****     typename __gnu_cxx::__enable_if<__is_integer<_Tp>::__value,
 368:c:\program files\daisytoolchain\arm-none-eabi\include\c++\10.2.1\cmath ****                                     double>::__type
 369:c:\program files\daisytoolchain\arm-none-eabi\include\c++\10.2.1\cmath ****     log10(_Tp __x)
 370:c:\program files\daisytoolchain\arm-none-eabi\include\c++\10.2.1\cmath ****     { return __builtin_log10(__x); }
 371:c:\program files\daisytoolchain\arm-none-eabi\include\c++\10.2.1\cmath **** 
 372:c:\program files\daisytoolchain\arm-none-eabi\include\c++\10.2.1\cmath ****   using ::modf;
 373:c:\program files\daisytoolchain\arm-none-eabi\include\c++\10.2.1\cmath **** 
 374:c:\program files\daisytoolchain\arm-none-eabi\include\c++\10.2.1\cmath **** #ifndef __CORRECT_ISO_CPP_MATH_H_PROTO
 375:c:\program files\daisytoolchain\arm-none-eabi\include\c++\10.2.1\cmath ****   inline float
 376:c:\program files\daisytoolchain\arm-none-eabi\include\c++\10.2.1\cmath ****   modf(float __x, float* __iptr)
 377:c:\program files\daisytoolchain\arm-none-eabi\include\c++\10.2.1\cmath ****   { return __builtin_modff(__x, __iptr); }
 378:c:\program files\daisytoolchain\arm-none-eabi\include\c++\10.2.1\cmath **** 
 379:c:\program files\daisytoolchain\arm-none-eabi\include\c++\10.2.1\cmath ****   inline long double
 380:c:\program files\daisytoolchain\arm-none-eabi\include\c++\10.2.1\cmath ****   modf(long double __x, long double* __iptr)
 381:c:\program files\daisytoolchain\arm-none-eabi\include\c++\10.2.1\cmath ****   { return __builtin_modfl(__x, __iptr); }
 382:c:\program files\daisytoolchain\arm-none-eabi\include\c++\10.2.1\cmath **** #endif
 383:c:\program files\daisytoolchain\arm-none-eabi\include\c++\10.2.1\cmath **** 
 384:c:\program files\daisytoolchain\arm-none-eabi\include\c++\10.2.1\cmath ****   using ::pow;
 385:c:\program files\daisytoolchain\arm-none-eabi\include\c++\10.2.1\cmath **** 
 386:c:\program files\daisytoolchain\arm-none-eabi\include\c++\10.2.1\cmath **** #ifndef __CORRECT_ISO_CPP_MATH_H_PROTO
 387:c:\program files\daisytoolchain\arm-none-eabi\include\c++\10.2.1\cmath ****   inline _GLIBCXX_CONSTEXPR float
 388:c:\program files\daisytoolchain\arm-none-eabi\include\c++\10.2.1\cmath ****   pow(float __x, float __y)
 389:c:\program files\daisytoolchain\arm-none-eabi\include\c++\10.2.1\cmath ****   { return __builtin_powf(__x, __y); }
 390:c:\program files\daisytoolchain\arm-none-eabi\include\c++\10.2.1\cmath **** 
 391:c:\program files\daisytoolchain\arm-none-eabi\include\c++\10.2.1\cmath ****   inline _GLIBCXX_CONSTEXPR long double
 392:c:\program files\daisytoolchain\arm-none-eabi\include\c++\10.2.1\cmath ****   pow(long double __x, long double __y)
 393:c:\program files\daisytoolchain\arm-none-eabi\include\c++\10.2.1\cmath ****   { return __builtin_powl(__x, __y); }
 394:c:\program files\daisytoolchain\arm-none-eabi\include\c++\10.2.1\cmath **** 
 395:c:\program files\daisytoolchain\arm-none-eabi\include\c++\10.2.1\cmath **** #if __cplusplus < 201103L
 396:c:\program files\daisytoolchain\arm-none-eabi\include\c++\10.2.1\cmath ****   // _GLIBCXX_RESOLVE_LIB_DEFECTS
 397:c:\program files\daisytoolchain\arm-none-eabi\include\c++\10.2.1\cmath ****   // DR 550. What should the return type of pow(float,int) be?
 398:c:\program files\daisytoolchain\arm-none-eabi\include\c++\10.2.1\cmath ****   inline double
 399:c:\program files\daisytoolchain\arm-none-eabi\include\c++\10.2.1\cmath ****   pow(double __x, int __i)
 400:c:\program files\daisytoolchain\arm-none-eabi\include\c++\10.2.1\cmath ****   { return __builtin_powi(__x, __i); }
 401:c:\program files\daisytoolchain\arm-none-eabi\include\c++\10.2.1\cmath **** 
 402:c:\program files\daisytoolchain\arm-none-eabi\include\c++\10.2.1\cmath ****   inline float
 403:c:\program files\daisytoolchain\arm-none-eabi\include\c++\10.2.1\cmath ****   pow(float __x, int __n)
 404:c:\program files\daisytoolchain\arm-none-eabi\include\c++\10.2.1\cmath ****   { return __builtin_powif(__x, __n); }
ARM GAS  C:\Users\FINNDY~1\AppData\Local\Temp\cc0ACJmL.s 			page 71


 405:c:\program files\daisytoolchain\arm-none-eabi\include\c++\10.2.1\cmath **** 
 406:c:\program files\daisytoolchain\arm-none-eabi\include\c++\10.2.1\cmath ****   inline long double
 407:c:\program files\daisytoolchain\arm-none-eabi\include\c++\10.2.1\cmath ****   pow(long double __x, int __n)
 408:c:\program files\daisytoolchain\arm-none-eabi\include\c++\10.2.1\cmath ****   { return __builtin_powil(__x, __n); }
 409:c:\program files\daisytoolchain\arm-none-eabi\include\c++\10.2.1\cmath **** #endif
 410:c:\program files\daisytoolchain\arm-none-eabi\include\c++\10.2.1\cmath **** #endif
 411:c:\program files\daisytoolchain\arm-none-eabi\include\c++\10.2.1\cmath **** 
 412:c:\program files\daisytoolchain\arm-none-eabi\include\c++\10.2.1\cmath ****   template<typename _Tp, typename _Up>
 413:c:\program files\daisytoolchain\arm-none-eabi\include\c++\10.2.1\cmath ****     inline _GLIBCXX_CONSTEXPR
 414:c:\program files\daisytoolchain\arm-none-eabi\include\c++\10.2.1\cmath ****     typename __gnu_cxx::__promote_2<_Tp, _Up>::__type
 415:c:\program files\daisytoolchain\arm-none-eabi\include\c++\10.2.1\cmath ****     pow(_Tp __x, _Up __y)
 416:c:\program files\daisytoolchain\arm-none-eabi\include\c++\10.2.1\cmath ****     {
 417:c:\program files\daisytoolchain\arm-none-eabi\include\c++\10.2.1\cmath ****       typedef typename __gnu_cxx::__promote_2<_Tp, _Up>::__type __type;
 418:c:\program files\daisytoolchain\arm-none-eabi\include\c++\10.2.1\cmath ****       return pow(__type(__x), __type(__y));
 419:c:\program files\daisytoolchain\arm-none-eabi\include\c++\10.2.1\cmath ****     }
 420:c:\program files\daisytoolchain\arm-none-eabi\include\c++\10.2.1\cmath **** 
 421:c:\program files\daisytoolchain\arm-none-eabi\include\c++\10.2.1\cmath ****   using ::sin;
 422:c:\program files\daisytoolchain\arm-none-eabi\include\c++\10.2.1\cmath **** 
 423:c:\program files\daisytoolchain\arm-none-eabi\include\c++\10.2.1\cmath **** #ifndef __CORRECT_ISO_CPP_MATH_H_PROTO
 424:c:\program files\daisytoolchain\arm-none-eabi\include\c++\10.2.1\cmath ****   inline _GLIBCXX_CONSTEXPR float
 425:c:\program files\daisytoolchain\arm-none-eabi\include\c++\10.2.1\cmath ****   sin(float __x)
 426:c:\program files\daisytoolchain\arm-none-eabi\include\c++\10.2.1\cmath ****   { return __builtin_sinf(__x); }
 427:c:\program files\daisytoolchain\arm-none-eabi\include\c++\10.2.1\cmath **** 
 428:c:\program files\daisytoolchain\arm-none-eabi\include\c++\10.2.1\cmath ****   inline _GLIBCXX_CONSTEXPR long double
 429:c:\program files\daisytoolchain\arm-none-eabi\include\c++\10.2.1\cmath ****   sin(long double __x)
 430:c:\program files\daisytoolchain\arm-none-eabi\include\c++\10.2.1\cmath ****   { return __builtin_sinl(__x); }
 431:c:\program files\daisytoolchain\arm-none-eabi\include\c++\10.2.1\cmath **** #endif
 432:c:\program files\daisytoolchain\arm-none-eabi\include\c++\10.2.1\cmath **** 
 433:c:\program files\daisytoolchain\arm-none-eabi\include\c++\10.2.1\cmath ****   template<typename _Tp>
 434:c:\program files\daisytoolchain\arm-none-eabi\include\c++\10.2.1\cmath ****     inline _GLIBCXX_CONSTEXPR
 435:c:\program files\daisytoolchain\arm-none-eabi\include\c++\10.2.1\cmath ****     typename __gnu_cxx::__enable_if<__is_integer<_Tp>::__value, 
 436:c:\program files\daisytoolchain\arm-none-eabi\include\c++\10.2.1\cmath ****                                     double>::__type
 437:c:\program files\daisytoolchain\arm-none-eabi\include\c++\10.2.1\cmath ****     sin(_Tp __x)
 438:c:\program files\daisytoolchain\arm-none-eabi\include\c++\10.2.1\cmath ****     { return __builtin_sin(__x); }
 439:c:\program files\daisytoolchain\arm-none-eabi\include\c++\10.2.1\cmath **** 
 440:c:\program files\daisytoolchain\arm-none-eabi\include\c++\10.2.1\cmath ****   using ::sinh;
 441:c:\program files\daisytoolchain\arm-none-eabi\include\c++\10.2.1\cmath **** 
 442:c:\program files\daisytoolchain\arm-none-eabi\include\c++\10.2.1\cmath **** #ifndef __CORRECT_ISO_CPP_MATH_H_PROTO
 443:c:\program files\daisytoolchain\arm-none-eabi\include\c++\10.2.1\cmath ****   inline _GLIBCXX_CONSTEXPR float
 444:c:\program files\daisytoolchain\arm-none-eabi\include\c++\10.2.1\cmath ****   sinh(float __x)
 445:c:\program files\daisytoolchain\arm-none-eabi\include\c++\10.2.1\cmath ****   { return __builtin_sinhf(__x); }
 446:c:\program files\daisytoolchain\arm-none-eabi\include\c++\10.2.1\cmath **** 
 447:c:\program files\daisytoolchain\arm-none-eabi\include\c++\10.2.1\cmath ****   inline _GLIBCXX_CONSTEXPR long double
 448:c:\program files\daisytoolchain\arm-none-eabi\include\c++\10.2.1\cmath ****   sinh(long double __x)
 449:c:\program files\daisytoolchain\arm-none-eabi\include\c++\10.2.1\cmath ****   { return __builtin_sinhl(__x); }
 450:c:\program files\daisytoolchain\arm-none-eabi\include\c++\10.2.1\cmath **** #endif
 451:c:\program files\daisytoolchain\arm-none-eabi\include\c++\10.2.1\cmath **** 
 452:c:\program files\daisytoolchain\arm-none-eabi\include\c++\10.2.1\cmath ****   template<typename _Tp>
 453:c:\program files\daisytoolchain\arm-none-eabi\include\c++\10.2.1\cmath ****     inline _GLIBCXX_CONSTEXPR
 454:c:\program files\daisytoolchain\arm-none-eabi\include\c++\10.2.1\cmath ****     typename __gnu_cxx::__enable_if<__is_integer<_Tp>::__value, 
 455:c:\program files\daisytoolchain\arm-none-eabi\include\c++\10.2.1\cmath ****                                     double>::__type
 456:c:\program files\daisytoolchain\arm-none-eabi\include\c++\10.2.1\cmath ****     sinh(_Tp __x)
 457:c:\program files\daisytoolchain\arm-none-eabi\include\c++\10.2.1\cmath ****     { return __builtin_sinh(__x); }
 458:c:\program files\daisytoolchain\arm-none-eabi\include\c++\10.2.1\cmath **** 
 459:c:\program files\daisytoolchain\arm-none-eabi\include\c++\10.2.1\cmath ****   using ::sqrt;
 460:c:\program files\daisytoolchain\arm-none-eabi\include\c++\10.2.1\cmath **** 
 461:c:\program files\daisytoolchain\arm-none-eabi\include\c++\10.2.1\cmath **** #ifndef __CORRECT_ISO_CPP_MATH_H_PROTO
ARM GAS  C:\Users\FINNDY~1\AppData\Local\Temp\cc0ACJmL.s 			page 72


 462:c:\program files\daisytoolchain\arm-none-eabi\include\c++\10.2.1\cmath ****   inline _GLIBCXX_CONSTEXPR float
 463:c:\program files\daisytoolchain\arm-none-eabi\include\c++\10.2.1\cmath ****   sqrt(float __x)
 1204              		.loc 8 463 3 is_stmt 1 view .LVU323
 1205              	.LBB297:
 464:c:\program files\daisytoolchain\arm-none-eabi\include\c++\10.2.1\cmath ****   { return __builtin_sqrtf(__x); }
 1206              		.loc 8 464 5 view .LVU324
 1207 0076 B5EE400A 		vcmp.f32	s0, #0
 1208 007a F1EE10FA 		vmrs	APSR_nzcv, FPSCR
 1209 007e 27D4     		bmi	.L126
 1210              		.loc 8 464 27 is_stmt 0 view .LVU325
 1211 0080 F1EEC07A 		vsqrt.f32	s15, s0
 1212              	.LVL91:
 1213              	.L113:
 1214              		.loc 8 464 27 view .LVU326
 1215              	.LBE297:
 1216              	.LBE296:
 609:c:\program files\daisytoolchain\arm-none-eabi\include\c++\10.2.1\complex ****     }
 1217              		.loc 6 609 46 view .LVU327
 1218 0084 28EE278A 		vmul.f32	s16, s16, s15
 1219              	.L110:
 1220              	.LVL92:
 609:c:\program files\daisytoolchain\arm-none-eabi\include\c++\10.2.1\complex ****     }
 1221              		.loc 6 609 46 view .LVU328
 1222              	.LBE300:
 1223              	.LBE276:
 1224              	.LBE275:
 213:effect.cpp    ****             maxMagnitude = mag;
 1225              		.loc 2 213 9 is_stmt 1 view .LVU329
 1226 0088 B4EEE88A 		vcmpe.f32	s16, s17
 1227              	.LBE274:
 210:effect.cpp    ****         float mag = std::abs(dftFrequencyBuffer[i]);
 1228              		.loc 2 210 23 is_stmt 0 view .LVU330
 1229 008c 44F20103 		movw	r3, #16385
 1230 0090 0837     		adds	r7, r7, #8
 1231              	.LBB304:
 213:effect.cpp    ****             maxMagnitude = mag;
 1232              		.loc 2 213 9 view .LVU331
 1233 0092 F1EE10FA 		vmrs	APSR_nzcv, FPSCR
 1234 0096 02DD     		ble	.L114
 214:effect.cpp    ****             maxIdx = i;
 1235              		.loc 2 214 26 view .LVU332
 1236 0098 F0EE488A 		vmov.f32	s17, s16
 1237              	.LVL93:
 213:effect.cpp    ****             maxMagnitude = mag;
 1238              		.loc 2 213 9 view .LVU333
 1239 009c 2546     		mov	r5, r4
 1240              	.L114:
 1241              	.LVL94:
 213:effect.cpp    ****             maxMagnitude = mag;
 1242              		.loc 2 213 9 view .LVU334
 1243              	.LBE304:
 210:effect.cpp    ****         float mag = std::abs(dftFrequencyBuffer[i]);
 1244              		.loc 2 210 5 is_stmt 1 view .LVU335
 1245 009e 0134     		adds	r4, r4, #1
 1246              	.LVL95:
 210:effect.cpp    ****         float mag = std::abs(dftFrequencyBuffer[i]);
 1247              		.loc 2 210 23 view .LVU336
ARM GAS  C:\Users\FINNDY~1\AppData\Local\Temp\cc0ACJmL.s 			page 73


 1248 00a0 9C42     		cmp	r4, r3
 1249 00a2 CCD1     		bne	.L116
 1250              	.LBE273:
 219:effect.cpp    **** 
 1251              		.loc 2 219 5 view .LVU337
 219:effect.cpp    **** 
 1252              		.loc 2 219 27 is_stmt 0 view .LVU338
 1253 00a4 4BF68033 		movw	r3, #48000
 1254 00a8 03FB05F3 		mul	r3, r3, r5
 1255 00ac 07EE903A 		vmov	s15, r3	@ int
 219:effect.cpp    **** 
 1256              		.loc 2 219 41 view .LVU339
 1257 00b0 FAEEE87A 		vcvt.f32.s32	s15, s15, #15
 219:effect.cpp    **** 
 1258              		.loc 2 219 18 view .LVU340
 1259 00b4 C6ED0A7A 		vstr.32	s15, [r6, #40]
 1260              	.LVL96:
 1261              	.L105:
 219:effect.cpp    **** 
 1262              		.loc 2 219 18 view .LVU341
 1263              	.LBE307:
 1264              	.LBE309:
 221:effect.cpp    **** 
 1265              		.loc 2 221 1 view .LVU342
 1266 00b8 BDEC028B 		vldm	sp!, {d8}
 1267              		.cfi_remember_state
 1268              		.cfi_restore 80
 1269              		.cfi_restore 81
 1270              		.cfi_def_cfa_offset 24
 1271 00bc F8BD     		pop	{r3, r4, r5, r6, r7, pc}
 1272              	.LVL97:
 1273              	.L107:
 1274              		.cfi_restore_state
 1275              	.LBB310:
 1276              	.LBB308:
 205:effect.cpp    **** 
 1277              		.loc 2 205 9 is_stmt 1 view .LVU343
 205:effect.cpp    **** 
 1278              		.loc 2 205 16 is_stmt 0 view .LVU344
 1279 00be 00F12403 		add	r3, r0, #36
 1280 00c2 0122     		movs	r2, #1
 1281 00c4 4FF40041 		mov	r1, #32768
 1282 00c8 4069     		ldr	r0, [r0, #20]
 1283              	.LVL98:
 205:effect.cpp    **** 
 1284              		.loc 2 205 16 view .LVU345
 1285 00ca FFF7FEFF 		bl	_Z7ditfft2PfiiPSt7complexIfE
 1286              	.LVL99:
 1287 00ce B2E7     		b	.L108
 1288              	.LVL100:
 1289              	.L126:
 1290              	.LBB306:
 1291              	.LBB305:
 1292              	.LBB303:
 1293              	.LBB302:
 1294              	.LBB301:
 1295              	.LBB299:
ARM GAS  C:\Users\FINNDY~1\AppData\Local\Temp\cc0ACJmL.s 			page 74


 1296              	.LBB298:
 1297              		.loc 8 464 27 view .LVU346
 1298 00d0 FFF7FEFF 		bl	sqrtf
 1299              	.LVL101:
 1300              		.loc 8 464 27 view .LVU347
 1301 00d4 F0EE407A 		vmov.f32	s15, s0
 1302 00d8 D4E7     		b	.L113
 1303              	.L129:
 1304 00da 00BF     		.align	2
 1305              	.L128:
 1306 00dc 00000000 		.word	0
 1307              	.LBE298:
 1308              	.LBE299:
 1309              	.LBE301:
 1310              	.LBE302:
 1311              	.LBE303:
 1312              	.LBE305:
 1313              	.LBE306:
 1314              	.LBE308:
 1315              	.LBE310:
 1316              		.cfi_endproc
 1317              	.LFE6798:
 1319              		.section	.text._ZN6Reverb6updateEv,"ax",%progbits
 1320              		.align	1
 1321              		.p2align 2,,3
 1322              		.global	_ZN6Reverb6updateEv
 1323              		.syntax unified
 1324              		.thumb
 1325              		.thumb_func
 1326              		.fpu fpv5-d16
 1328              	_ZN6Reverb6updateEv:
 1329              	.LVL102:
 1330              	.LFB6803:
 253:effect.cpp    **** 
 1331              		.loc 2 253 23 is_stmt 1 view -0
 1332              		.cfi_startproc
 1333              		@ args = 0, pretend = 0, frame = 0
 1334              		@ frame_needed = 0, uses_anonymous_args = 0
 255:effect.cpp    ****         combFilters[i].setParams(depth.value, mix.value);
 1335              		.loc 2 255 5 view .LVU349
 1336              	.LBB314:
 255:effect.cpp    ****         combFilters[i].setParams(depth.value, mix.value);
 1337              		.loc 2 255 23 view .LVU350
 1338              	.LBE314:
 253:effect.cpp    **** 
 1339              		.loc 2 253 23 is_stmt 0 view .LVU351
 1340 0000 70B5     		push	{r4, r5, r6, lr}
 1341              		.cfi_def_cfa_offset 16
 1342              		.cfi_offset 4, -16
 1343              		.cfi_offset 5, -12
 1344              		.cfi_offset 6, -8
 1345              		.cfi_offset 14, -4
 253:effect.cpp    **** 
 1346              		.loc 2 253 23 view .LVU352
 1347 0002 0546     		mov	r5, r0
 1348 0004 00F11404 		add	r4, r0, #20
 1349 0008 00F19406 		add	r6, r0, #148
ARM GAS  C:\Users\FINNDY~1\AppData\Local\Temp\cc0ACJmL.s 			page 75


 1350              	.LVL103:
 1351              	.L131:
 1352              	.LBB321:
 256:effect.cpp    ****     }
 1353              		.loc 2 256 9 is_stmt 1 discriminator 2 view .LVU353
 1354              	.LBB315:
 1355              	.LBB316:
  66:effect.cpp    **** }
 1356              		.loc 2 66 39 is_stmt 0 discriminator 2 view .LVU354
 1357 000c D4ED077A 		vldr.32	s15, [r4, #28]	@ int
  66:effect.cpp    **** }
 1358              		.loc 2 66 26 discriminator 2 view .LVU355
 1359 0010 2046     		mov	r0, r4
 1360              	.LBE316:
 1361              	.LBE315:
 256:effect.cpp    ****     }
 1362              		.loc 2 256 33 discriminator 2 view .LVU356
 1363 0012 95ED377A 		vldr.32	s14, [r5, #220]
 255:effect.cpp    ****         combFilters[i].setParams(depth.value, mix.value);
 1364              		.loc 2 255 23 discriminator 2 view .LVU357
 1365 0016 2034     		adds	r4, r4, #32
 1366              	.LBB319:
 1367              	.LBB317:
  66:effect.cpp    **** }
 1368              		.loc 2 66 39 discriminator 2 view .LVU358
 1369 0018 F8EE677A 		vcvt.f32.u32	s15, s15
 1370              	.LBE317:
 1371              	.LBE319:
 256:effect.cpp    ****     }
 1372              		.loc 2 256 33 discriminator 2 view .LVU359
 1373 001c D5F8E830 		ldr	r3, [r5, #232]	@ float
 1374              	.LVL104:
 1375              	.LBB320:
 1376              	.LBI315:
  63:effect.cpp    ****     this->depth = depth;
 1377              		.loc 2 63 6 is_stmt 1 discriminator 2 view .LVU360
 1378              	.LBB318:
  64:effect.cpp    ****     this->mix = mix;
 1379              		.loc 2 64 5 discriminator 2 view .LVU361
  64:effect.cpp    ****     this->mix = mix;
 1380              		.loc 2 64 17 is_stmt 0 discriminator 2 view .LVU362
 1381 0020 04ED037A 		vstr.32	s14, [r4, #-12]
  65:effect.cpp    ****     buffer.setWriteOffset(max_samples * depth);
 1382              		.loc 2 65 5 is_stmt 1 discriminator 2 view .LVU363
  65:effect.cpp    ****     buffer.setWriteOffset(max_samples * depth);
 1383              		.loc 2 65 15 is_stmt 0 discriminator 2 view .LVU364
 1384 0024 44F8083C 		str	r3, [r4, #-8]	@ float
  66:effect.cpp    **** }
 1385              		.loc 2 66 5 is_stmt 1 discriminator 2 view .LVU365
  66:effect.cpp    **** }
 1386              		.loc 2 66 39 is_stmt 0 discriminator 2 view .LVU366
 1387 0028 67EE877A 		vmul.f32	s15, s15, s14
  66:effect.cpp    **** }
 1388              		.loc 2 66 26 discriminator 2 view .LVU367
 1389 002c FCEEE77A 		vcvt.u32.f32	s15, s15
 1390 0030 17EE901A 		vmov	r1, s15	@ int
 1391 0034 FFF7FEFF 		bl	_ZN14CircularBuffer14setWriteOffsetEj
ARM GAS  C:\Users\FINNDY~1\AppData\Local\Temp\cc0ACJmL.s 			page 76


 1392              	.LVL105:
  66:effect.cpp    **** }
 1393              		.loc 2 66 26 discriminator 2 view .LVU368
 1394              	.LBE318:
 1395              	.LBE320:
 255:effect.cpp    ****         combFilters[i].setParams(depth.value, mix.value);
 1396              		.loc 2 255 5 is_stmt 1 discriminator 2 view .LVU369
 255:effect.cpp    ****         combFilters[i].setParams(depth.value, mix.value);
 1397              		.loc 2 255 23 discriminator 2 view .LVU370
 1398 0038 B442     		cmp	r4, r6
 1399 003a E7D1     		bne	.L131
 1400              	.LBE321:
 259:effect.cpp    **** 
 1401              		.loc 2 259 1 is_stmt 0 view .LVU371
 1402 003c 70BD     		pop	{r4, r5, r6, pc}
 259:effect.cpp    **** 
 1403              		.loc 2 259 1 view .LVU372
 1404              		.cfi_endproc
 1405              	.LFE6803:
 1407 003e 00BF     		.section	.text._ZN13ToggleControlC2E12dsy_gpio_pin,"ax",%progbits
 1408              		.align	1
 1409              		.p2align 2,,3
 1410              		.global	_ZN13ToggleControlC2E12dsy_gpio_pin
 1411              		.syntax unified
 1412              		.thumb
 1413              		.thumb_func
 1414              		.fpu fpv5-d16
 1416              	_ZN13ToggleControlC2E12dsy_gpio_pin:
 1417              	.LVL106:
 1418              	.LFB6769:
   6:effect.cpp    ****     button.Init(pin, 0, Switch::TYPE_MOMENTARY, Switch::POLARITY_NORMAL, Switch::PULL_NONE);
 1419              		.loc 2 6 1 is_stmt 1 view -0
 1420              		.cfi_startproc
 1421              		@ args = 0, pretend = 0, frame = 8
 1422              		@ frame_needed = 0, uses_anonymous_args = 0
   6:effect.cpp    ****     button.Init(pin, 0, Switch::TYPE_MOMENTARY, Switch::POLARITY_NORMAL, Switch::PULL_NONE);
 1423              		.loc 2 6 1 is_stmt 0 view .LVU374
 1424 0000 70B5     		push	{r4, r5, r6, lr}
 1425              		.cfi_def_cfa_offset 16
 1426              		.cfi_offset 4, -16
 1427              		.cfi_offset 5, -12
 1428              		.cfi_offset 6, -8
 1429              		.cfi_offset 14, -4
 1430 0002 84B0     		sub	sp, sp, #16
 1431              		.cfi_def_cfa_offset 32
 1432              	.LBB322:
   6:effect.cpp    ****     button.Init(pin, 0, Switch::TYPE_MOMENTARY, Switch::POLARITY_NORMAL, Switch::PULL_NONE);
 1433              		.loc 2 6 46 view .LVU375
 1434 0004 084D     		ldr	r5, .L136
   7:effect.cpp    **** }
 1435              		.loc 2 7 16 view .LVU376
 1436 0006 0226     		movs	r6, #2
 1437              	.LBE322:
   6:effect.cpp    ****     button.Init(pin, 0, Switch::TYPE_MOMENTARY, Switch::POLARITY_NORMAL, Switch::PULL_NONE);
 1438              		.loc 2 6 1 view .LVU377
 1439 0008 0446     		mov	r4, r0
 1440              	.LVL107:
ARM GAS  C:\Users\FINNDY~1\AppData\Local\Temp\cc0ACJmL.s 			page 77


 1441              	.LBB325:
 1442              	.LBB323:
 1443              	.LBI323:
  10:effect.hpp    ****     virtual void update() = 0;
 1444              		.loc 1 10 7 is_stmt 1 view .LVU378
  10:effect.hpp    ****     virtual void update() = 0;
 1445              		.loc 1 10 7 is_stmt 0 view .LVU379
 1446              	.LBE323:
 1447              	.LBE325:
   6:effect.cpp    ****     button.Init(pin, 0, Switch::TYPE_MOMENTARY, Switch::POLARITY_NORMAL, Switch::PULL_NONE);
 1448              		.loc 2 6 1 view .LVU380
 1449 000a ADF80C10 		strh	r1, [sp, #12]	@ movhi
 1450              	.LBB326:
   7:effect.cpp    **** }
 1451              		.loc 2 7 16 view .LVU381
 1452 000e 0023     		movs	r3, #0
 1453 0010 0096     		str	r6, [sp]
 1454 0012 0122     		movs	r2, #1
   6:effect.cpp    ****     button.Init(pin, 0, Switch::TYPE_MOMENTARY, Switch::POLARITY_NORMAL, Switch::PULL_NONE);
 1455              		.loc 2 6 46 view .LVU382
 1456 0014 40F8045B 		str	r5, [r0], #4
 1457              	.LVL108:
 1458              	.LBB324:
 1459              	.LBI324:
  41:../../libDaisy/src/hid/switch.h ****     ~Switch() {}
 1460              		.loc 5 41 5 is_stmt 1 view .LVU383
  41:../../libDaisy/src/hid/switch.h ****     ~Switch() {}
 1461              		.loc 5 41 5 is_stmt 0 view .LVU384
 1462              	.LBE324:
   7:effect.cpp    **** }
 1463              		.loc 2 7 5 is_stmt 1 view .LVU385
   7:effect.cpp    **** }
 1464              		.loc 2 7 16 is_stmt 0 view .LVU386
 1465 0018 9FED040A 		vldr.32	s0, .L136+4
 1466 001c 0399     		ldr	r1, [sp, #12]
 1467 001e FFF7FEFF 		bl	_ZN5daisy6Switch4InitE12dsy_gpio_pinfNS0_4TypeENS0_8PolarityENS0_4PullE
 1468              	.LVL109:
 1469              	.LBE326:
   8:effect.cpp    **** 
 1470              		.loc 2 8 1 view .LVU387
 1471 0022 2046     		mov	r0, r4
 1472 0024 04B0     		add	sp, sp, #16
 1473              		.cfi_def_cfa_offset 16
 1474              		@ sp needed
 1475 0026 70BD     		pop	{r4, r5, r6, pc}
 1476              	.LVL110:
 1477              	.L137:
   8:effect.cpp    **** 
 1478              		.loc 2 8 1 view .LVU388
 1479              		.align	2
 1480              	.L136:
 1481 0028 08000000 		.word	.LANCHOR0+8
 1482 002c 00000000 		.word	0
 1483              		.cfi_endproc
 1484              	.LFE6769:
 1486              		.global	_ZN13ToggleControlC1E12dsy_gpio_pin
 1487              		.thumb_set _ZN13ToggleControlC1E12dsy_gpio_pin,_ZN13ToggleControlC2E12dsy_gpio_pin
ARM GAS  C:\Users\FINNDY~1\AppData\Local\Temp\cc0ACJmL.s 			page 78


 1488              		.section	.text._ZN15VariableControlC2EPN5daisy9DaisySeedEPNS0_16AdcChannelConfigE12dsy_gpio_pin,"a
 1489              		.align	1
 1490              		.p2align 2,,3
 1491              		.global	_ZN15VariableControlC2EPN5daisy9DaisySeedEPNS0_16AdcChannelConfigE12dsy_gpio_pin
 1492              		.syntax unified
 1493              		.thumb
 1494              		.thumb_func
 1495              		.fpu fpv5-d16
 1497              	_ZN15VariableControlC2EPN5daisy9DaisySeedEPNS0_16AdcChannelConfigE12dsy_gpio_pin:
 1498              	.LVL111:
 1499              	.LFB6773:
  22:effect.cpp    ****     config->InitSingle(pin);
 1500              		.loc 2 22 1 is_stmt 1 view -0
 1501              		.cfi_startproc
 1502              		@ args = 0, pretend = 0, frame = 8
 1503              		@ frame_needed = 0, uses_anonymous_args = 0
  22:effect.cpp    ****     config->InitSingle(pin);
 1504              		.loc 2 22 1 is_stmt 0 view .LVU390
 1505 0000 30B5     		push	{r4, r5, lr}
 1506              		.cfi_def_cfa_offset 12
 1507              		.cfi_offset 4, -12
 1508              		.cfi_offset 5, -8
 1509              		.cfi_offset 14, -4
 1510 0002 83B0     		sub	sp, sp, #12
 1511              		.cfi_def_cfa_offset 24
  22:effect.cpp    ****     config->InitSingle(pin);
 1512              		.loc 2 22 1 view .LVU391
 1513 0004 0446     		mov	r4, r0
 1514              	.LVL112:
 1515              	.LBB327:
 1516              	.LBB328:
 1517              	.LBI328:
  10:effect.hpp    ****     virtual void update() = 0;
 1518              		.loc 1 10 7 is_stmt 1 view .LVU392
  10:effect.hpp    ****     virtual void update() = 0;
 1519              		.loc 1 10 7 is_stmt 0 view .LVU393
 1520              	.LBE328:
  22:effect.cpp    ****     config->InitSingle(pin);
 1521              		.loc 2 22 91 view .LVU394
 1522 0006 084D     		ldr	r5, .L140
  23:effect.cpp    ****     channel = numChannels++;
 1523              		.loc 2 23 23 view .LVU395
 1524 0008 1046     		mov	r0, r2
 1525              	.LVL113:
  23:effect.cpp    ****     channel = numChannels++;
 1526              		.loc 2 23 23 view .LVU396
 1527              	.LBE327:
  22:effect.cpp    ****     config->InitSingle(pin);
 1528              		.loc 2 22 1 view .LVU397
 1529 000a ADF80430 		strh	r3, [sp, #4]	@ movhi
 1530              	.LBB329:
  23:effect.cpp    ****     channel = numChannels++;
 1531              		.loc 2 23 23 view .LVU398
 1532 000e 0222     		movs	r2, #2
 1533              	.LVL114:
  23:effect.cpp    ****     channel = numChannels++;
 1534              		.loc 2 23 23 view .LVU399
ARM GAS  C:\Users\FINNDY~1\AppData\Local\Temp\cc0ACJmL.s 			page 79


 1535 0010 0199     		ldr	r1, [sp, #4]
 1536              	.LVL115:
  22:effect.cpp    ****     config->InitSingle(pin);
 1537              		.loc 2 22 91 view .LVU400
 1538 0012 2560     		str	r5, [r4]
  23:effect.cpp    ****     channel = numChannels++;
 1539              		.loc 2 23 5 is_stmt 1 view .LVU401
  23:effect.cpp    ****     channel = numChannels++;
 1540              		.loc 2 23 23 is_stmt 0 view .LVU402
 1541 0014 FFF7FEFF 		bl	_ZN5daisy16AdcChannelConfig10InitSingleE12dsy_gpio_pinNS0_15ConversionSpeedE
 1542              	.LVL116:
  24:effect.cpp    **** }
 1543              		.loc 2 24 5 is_stmt 1 view .LVU403
  24:effect.cpp    **** }
 1544              		.loc 2 24 26 is_stmt 0 view .LVU404
 1545 0018 044B     		ldr	r3, .L140+4
 1546              	.LBE329:
  25:effect.cpp    **** 
 1547              		.loc 2 25 1 view .LVU405
 1548 001a 2046     		mov	r0, r4
 1549              	.LBB330:
  24:effect.cpp    **** }
 1550              		.loc 2 24 26 view .LVU406
 1551 001c 1A68     		ldr	r2, [r3]
 1552 001e 511C     		adds	r1, r2, #1
  24:effect.cpp    **** }
 1553              		.loc 2 24 13 view .LVU407
 1554 0020 6260     		str	r2, [r4, #4]
  24:effect.cpp    **** }
 1555              		.loc 2 24 26 view .LVU408
 1556 0022 1960     		str	r1, [r3]
 1557              	.LBE330:
  25:effect.cpp    **** 
 1558              		.loc 2 25 1 view .LVU409
 1559 0024 03B0     		add	sp, sp, #12
 1560              		.cfi_def_cfa_offset 12
 1561              		@ sp needed
 1562 0026 30BD     		pop	{r4, r5, pc}
 1563              	.LVL117:
 1564              	.L141:
  25:effect.cpp    **** 
 1565              		.loc 2 25 1 view .LVU410
 1566              		.align	2
 1567              	.L140:
 1568 0028 08000000 		.word	.LANCHOR1+8
 1569 002c 00000000 		.word	.LANCHOR2
 1570              		.cfi_endproc
 1571              	.LFE6773:
 1573              		.global	_ZN15VariableControlC1EPN5daisy9DaisySeedEPNS0_16AdcChannelConfigE12dsy_gpio_pin
 1574              		.thumb_set _ZN15VariableControlC1EPN5daisy9DaisySeedEPNS0_16AdcChannelConfigE12dsy_gpio_pin,_ZN15V
 1575              		.section	.text._ZN10CombFilterC2Eff,"ax",%progbits
 1576              		.align	1
 1577              		.p2align 2,,3
 1578              		.global	_ZN10CombFilterC2Eff
 1579              		.syntax unified
 1580              		.thumb
 1581              		.thumb_func
ARM GAS  C:\Users\FINNDY~1\AppData\Local\Temp\cc0ACJmL.s 			page 80


 1582              		.fpu fpv5-d16
 1584              	_ZN10CombFilterC2Eff:
 1585              	.LVL118:
 1586              	.LFB6777:
  41:effect.cpp    ****     if (this->gain > 0.99) this->gain = 0.99;
 1587              		.loc 2 41 1 is_stmt 1 view -0
 1588              		.cfi_startproc
 1589              		@ args = 0, pretend = 0, frame = 16
 1590              		@ frame_needed = 0, uses_anonymous_args = 0
 1591              	.LBB331:
 1592              	.LBB332:
  42:effect.cpp    **** 
 1593              		.loc 2 42 5 is_stmt 0 view .LVU412
 1594 0000 9FED177B 		vldr.64	d7, .L147
  42:effect.cpp    **** 
 1595              		.loc 2 42 15 view .LVU413
 1596 0004 B7EEE06A 		vcvt.f64.f32	d6, s1
 1597              	.LBE332:
  41:effect.cpp    ****     if (this->gain > 0.99) this->gain = 0.99;
 1598              		.loc 2 41 78 view .LVU414
 1599 0008 4FF07E53 		mov	r3, #1065353216
 1600              	.LBE331:
  41:effect.cpp    ****     if (this->gain > 0.99) this->gain = 0.99;
 1601              		.loc 2 41 1 view .LVU415
 1602 000c 70B5     		push	{r4, r5, r6, lr}
 1603              		.cfi_def_cfa_offset 16
 1604              		.cfi_offset 4, -16
 1605              		.cfi_offset 5, -12
 1606              		.cfi_offset 6, -8
 1607              		.cfi_offset 14, -4
 1608              	.LBB337:
 1609              	.LBB333:
  42:effect.cpp    **** 
 1610              		.loc 2 42 5 view .LVU416
 1611 000e B4EEC76B 		vcmpe.f64	d6, d7
 1612              	.LBE333:
 1613              	.LBE337:
  41:effect.cpp    ****     if (this->gain > 0.99) this->gain = 0.99;
 1614              		.loc 2 41 1 view .LVU417
 1615 0012 84B0     		sub	sp, sp, #16
 1616              		.cfi_def_cfa_offset 32
  41:effect.cpp    ****     if (this->gain > 0.99) this->gain = 0.99;
 1617              		.loc 2 41 1 view .LVU418
 1618 0014 0446     		mov	r4, r0
 1619              	.LVL119:
 1620              	.LBB338:
 1621              	.LBB334:
 1622              	.LBI334:
 1623              		.file 9 "util.hpp"
   1:util.hpp      **** #ifndef UTIL_H
   2:util.hpp      **** #define UTIL_H
   3:util.hpp      **** 
   4:util.hpp      **** #include <cmath>
   5:util.hpp      **** #include <complex>
   6:util.hpp      **** #include "daisy_seed.h"
   7:util.hpp      **** 
   8:util.hpp      **** #define SAMPLE_RATE 48000
ARM GAS  C:\Users\FINNDY~1\AppData\Local\Temp\cc0ACJmL.s 			page 81


   9:util.hpp      **** #define BLOCK_SIZE 32
  10:util.hpp      **** 
  11:util.hpp      **** #define MEMORY_SIZE (60 * 1024 * 1024)
  12:util.hpp      **** 
  13:util.hpp      **** #define NUM_BOOL_PARAMETERS 7 // 7
  14:util.hpp      **** #define NUM_FLOAT_PARAMETERS 7 // 7
  15:util.hpp      **** 
  16:util.hpp      **** #define NUM_VARIABLE_CONTROLS 4
  17:util.hpp      **** #define NUM_TOGGLE_CONTROLS 4
  18:util.hpp      **** 
  19:util.hpp      **** // creates an unfreeable allocation of desired size at first free spot in sdram, returning a pointe
  20:util.hpp      **** void* sdram_alloc(size_t size, bool zero = false);
  21:util.hpp      **** 
  22:util.hpp      **** float frequencyToNote(float freq, const char** note, int* octave);
  23:util.hpp      **** 
  24:util.hpp      **** void ditfft2(float* x, int N, int s, std::complex<float>* X);
  25:util.hpp      **** 
  26:util.hpp      **** class CircularBuffer {
  27:util.hpp      **** 
  28:util.hpp      ****     float* buffer;
  29:util.hpp      ****     size_t writePos;
  30:util.hpp      ****     size_t readPos;
  31:util.hpp      ****     
  32:util.hpp      **** public:
  33:util.hpp      ****     size_t size;
  34:util.hpp      ****     
  35:util.hpp      ****     CircularBuffer() {}
 1624              		.loc 9 35 5 is_stmt 1 view .LVU419
 1625              		.loc 9 35 5 is_stmt 0 view .LVU420
 1626              	.LBE334:
  41:effect.cpp    ****     if (this->gain > 0.99) this->gain = 0.99;
 1627              		.loc 2 41 78 view .LVU421
 1628 0016 C0ED040A 		vstr.32	s1, [r0, #16]
 1629 001a 4361     		str	r3, [r0, #20]	@ float
 1630              	.LBB335:
  42:effect.cpp    **** 
 1631              		.loc 2 42 5 view .LVU422
 1632 001c F1EE10FA 		vmrs	APSR_nzcv, FPSCR
 1633              	.LBE335:
  41:effect.cpp    ****     if (this->gain > 0.99) this->gain = 0.99;
 1634              		.loc 2 41 78 view .LVU423
 1635 0020 8361     		str	r3, [r0, #24]	@ float
 1636              	.LBB336:
  42:effect.cpp    **** 
 1637              		.loc 2 42 5 is_stmt 1 view .LVU424
 1638 0022 01DD     		ble	.L143
  42:effect.cpp    **** 
 1639              		.loc 2 42 28 discriminator 1 view .LVU425
  42:effect.cpp    **** 
 1640              		.loc 2 42 39 is_stmt 0 discriminator 1 view .LVU426
 1641 0024 104B     		ldr	r3, .L147+8
 1642 0026 0361     		str	r3, [r0, #16]	@ float
 1643              	.L143:
  44:effect.cpp    ****     buffer = CircularBuffer((float*)sdram_alloc(samples * sizeof(float), true), samples, samples);
 1644              		.loc 2 44 5 is_stmt 1 view .LVU427
  44:effect.cpp    ****     buffer = CircularBuffer((float*)sdram_alloc(samples * sizeof(float), true), samples, samples);
 1645              		.loc 2 44 34 is_stmt 0 view .LVU428
ARM GAS  C:\Users\FINNDY~1\AppData\Local\Temp\cc0ACJmL.s 			page 82


 1646 0028 DFED107A 		vldr.32	s15, .L147+12
  45:effect.cpp    **** 
 1647              		.loc 2 45 97 view .LVU429
 1648 002c 6E46     		mov	r6, sp
  45:effect.cpp    **** 
 1649              		.loc 2 45 48 view .LVU430
 1650 002e 0121     		movs	r1, #1
  44:effect.cpp    ****     buffer = CircularBuffer((float*)sdram_alloc(samples * sizeof(float), true), samples, samples);
 1651              		.loc 2 44 34 view .LVU431
 1652 0030 20EE270A 		vmul.f32	s0, s0, s15
 1653              	.LVL120:
  44:effect.cpp    ****     buffer = CircularBuffer((float*)sdram_alloc(samples * sizeof(float), true), samples, samples);
 1654              		.loc 2 44 18 view .LVU432
 1655 0034 FCEEC07A 		vcvt.u32.f32	s15, s0
 1656 0038 17EE905A 		vmov	r5, s15	@ int
 1657              	.LVL121:
  45:effect.cpp    **** 
 1658              		.loc 2 45 5 is_stmt 1 view .LVU433
  45:effect.cpp    **** 
 1659              		.loc 2 45 48 is_stmt 0 view .LVU434
 1660 003c A800     		lsls	r0, r5, #2
 1661              	.LVL122:
  45:effect.cpp    **** 
 1662              		.loc 2 45 48 view .LVU435
 1663 003e FFF7FEFF 		bl	_Z11sdram_allocjb
 1664              	.LVL123:
  45:effect.cpp    **** 
 1665              		.loc 2 45 97 view .LVU436
 1666 0042 2B46     		mov	r3, r5
  45:effect.cpp    **** 
 1667              		.loc 2 45 48 view .LVU437
 1668 0044 0146     		mov	r1, r0
  45:effect.cpp    **** 
 1669              		.loc 2 45 97 view .LVU438
 1670 0046 2A46     		mov	r2, r5
 1671 0048 3046     		mov	r0, r6
 1672 004a FFF7FEFF 		bl	_ZN14CircularBufferC1EPfjj
 1673              	.LVL124:
  47:effect.cpp    **** 
 1674              		.loc 2 47 17 view .LVU439
 1675 004e E561     		str	r5, [r4, #28]
  45:effect.cpp    **** 
 1676              		.loc 2 45 12 view .LVU440
 1677 0050 96E80F00 		ldm	r6, {r0, r1, r2, r3}
 1678 0054 84E80F00 		stm	r4, {r0, r1, r2, r3}
  47:effect.cpp    **** 
 1679              		.loc 2 47 5 is_stmt 1 view .LVU441
 1680              	.LBE336:
 1681              	.LBE338:
  49:effect.cpp    **** 
 1682              		.loc 2 49 1 is_stmt 0 view .LVU442
 1683 0058 2046     		mov	r0, r4
 1684 005a 04B0     		add	sp, sp, #16
 1685              		.cfi_def_cfa_offset 16
 1686              		@ sp needed
 1687 005c 70BD     		pop	{r4, r5, r6, pc}
 1688              	.LVL125:
ARM GAS  C:\Users\FINNDY~1\AppData\Local\Temp\cc0ACJmL.s 			page 83


 1689              	.L148:
  49:effect.cpp    **** 
 1690              		.loc 2 49 1 view .LVU443
 1691 005e 00BF     		.align	3
 1692              	.L147:
 1693 0060 AE47E17A 		.word	2061584302
 1694 0064 14AEEF3F 		.word	1072672276
 1695 0068 A4707D3F 		.word	1065185444
 1696 006c 00803B47 		.word	1195081728
 1697              		.cfi_endproc
 1698              	.LFE6777:
 1700              		.global	_ZN10CombFilterC1Eff
 1701              		.thumb_set _ZN10CombFilterC1Eff,_ZN10CombFilterC2Eff
 1702              		.section	.text._ZN10CombFilter5applyEPKfPfj,"ax",%progbits
 1703              		.align	1
 1704              		.p2align 2,,3
 1705              		.global	_ZN10CombFilter5applyEPKfPfj
 1706              		.syntax unified
 1707              		.thumb
 1708              		.thumb_func
 1709              		.fpu fpv5-d16
 1711              	_ZN10CombFilter5applyEPKfPfj:
 1712              	.LVL126:
 1713              	.LFB6779:
  51:effect.cpp    **** 
 1714              		.loc 2 51 69 is_stmt 1 view -0
 1715              		.cfi_startproc
 1716              		@ args = 0, pretend = 0, frame = 0
 1717              		@ frame_needed = 0, uses_anonymous_args = 0
  53:effect.cpp    **** 
 1718              		.loc 2 53 5 view .LVU445
 1719              	.LBB339:
  53:effect.cpp    **** 
 1720              		.loc 2 53 26 view .LVU446
 1721 0000 5BB3     		cbz	r3, .L154
 1722              	.LBE339:
  51:effect.cpp    **** 
 1723              		.loc 2 51 69 is_stmt 0 view .LVU447
 1724 0002 2DE9F041 		push	{r4, r5, r6, r7, r8, lr}
 1725              		.cfi_def_cfa_offset 24
 1726              		.cfi_offset 4, -24
 1727              		.cfi_offset 5, -20
 1728              		.cfi_offset 6, -16
 1729              		.cfi_offset 7, -12
 1730              		.cfi_offset 8, -8
 1731              		.cfi_offset 14, -4
 1732 0006 0446     		mov	r4, r0
 1733 0008 9846     		mov	r8, r3
 1734 000a 0F46     		mov	r7, r1
 1735 000c 1546     		mov	r5, r2
 1736              	.LBB343:
  53:effect.cpp    **** 
 1737              		.loc 2 53 17 view .LVU448
 1738 000e 0026     		movs	r6, #0
 1739              	.LBE343:
  51:effect.cpp    **** 
 1740              		.loc 2 51 69 view .LVU449
ARM GAS  C:\Users\FINNDY~1\AppData\Local\Temp\cc0ACJmL.s 			page 84


 1741 0010 2DED028B 		vpush.64	{d8}
 1742              		.cfi_def_cfa_offset 32
 1743              		.cfi_offset 80, -32
 1744              		.cfi_offset 81, -28
 1745              	.LVL127:
 1746              	.L152:
 1747              	.LBB344:
 1748              	.LBB340:
  55:effect.cpp    ****         buffer.writeNext(in[i] + nextRead * gain * depth);
 1749              		.loc 2 55 9 is_stmt 1 discriminator 2 view .LVU450
  55:effect.cpp    ****         buffer.writeNext(in[i] + nextRead * gain * depth);
 1750              		.loc 2 55 41 is_stmt 0 discriminator 2 view .LVU451
 1751 0014 2046     		mov	r0, r4
 1752              	.LBE340:
  53:effect.cpp    **** 
 1753              		.loc 2 53 5 discriminator 2 view .LVU452
 1754 0016 0136     		adds	r6, r6, #1
 1755              	.LVL128:
 1756              	.LBB341:
  55:effect.cpp    ****         buffer.writeNext(in[i] + nextRead * gain * depth);
 1757              		.loc 2 55 41 discriminator 2 view .LVU453
 1758 0018 FFF7FEFF 		bl	_ZN14CircularBuffer8readNextEv
 1759              	.LVL129:
  56:effect.cpp    ****         out[i] += nextRead * mix;
 1760              		.loc 2 56 43 discriminator 2 view .LVU454
 1761 001c D4ED047A 		vldr.32	s15, [r4, #16]
  56:effect.cpp    ****         out[i] += nextRead * mix;
 1762              		.loc 2 56 30 discriminator 2 view .LVU455
 1763 0020 B7EC017A 		vldmia.32	r7!, {s14}
  55:effect.cpp    ****         buffer.writeNext(in[i] + nextRead * gain * depth);
 1764              		.loc 2 55 41 discriminator 2 view .LVU456
 1765 0024 B0EE408A 		vmov.f32	s16, s0
 1766              	.LVL130:
  56:effect.cpp    ****         out[i] += nextRead * mix;
 1767              		.loc 2 56 9 is_stmt 1 discriminator 2 view .LVU457
  56:effect.cpp    ****         out[i] += nextRead * mix;
 1768              		.loc 2 56 43 is_stmt 0 discriminator 2 view .LVU458
 1769 0028 60EE277A 		vmul.f32	s15, s0, s15
  56:effect.cpp    ****         out[i] += nextRead * mix;
 1770              		.loc 2 56 25 discriminator 2 view .LVU459
 1771 002c D4ED056A 		vldr.32	s13, [r4, #20]
 1772 0030 2046     		mov	r0, r4
 1773 0032 A7EEA67A 		vfma.f32	s14, s15, s13
 1774 0036 B0EE470A 		vmov.f32	s0, s14
 1775              	.LVL131:
  56:effect.cpp    ****         out[i] += nextRead * mix;
 1776              		.loc 2 56 25 discriminator 2 view .LVU460
 1777 003a FFF7FEFF 		bl	_ZN14CircularBuffer9writeNextEf
 1778              	.LVL132:
  57:effect.cpp    **** 
 1779              		.loc 2 57 9 is_stmt 1 discriminator 2 view .LVU461
  57:effect.cpp    **** 
 1780              		.loc 2 57 16 is_stmt 0 discriminator 2 view .LVU462
 1781 003e D5ED007A 		vldr.32	s15, [r5]
 1782 0042 94ED067A 		vldr.32	s14, [r4, #24]
 1783              	.LBE341:
  53:effect.cpp    **** 
ARM GAS  C:\Users\FINNDY~1\AppData\Local\Temp\cc0ACJmL.s 			page 85


 1784              		.loc 2 53 26 discriminator 2 view .LVU463
 1785 0046 B045     		cmp	r8, r6
 1786              	.LBB342:
  57:effect.cpp    **** 
 1787              		.loc 2 57 16 discriminator 2 view .LVU464
 1788 0048 E7EE087A 		vfma.f32	s15, s14, s16
 1789 004c E5EC017A 		vstmia.32	r5!, {s15}
 1790              	.LBE342:
  53:effect.cpp    **** 
 1791              		.loc 2 53 5 is_stmt 1 discriminator 2 view .LVU465
 1792              	.LVL133:
  53:effect.cpp    **** 
 1793              		.loc 2 53 26 discriminator 2 view .LVU466
 1794 0050 E0D1     		bne	.L152
 1795              	.LBE344:
  61:effect.cpp    **** 
 1796              		.loc 2 61 1 is_stmt 0 view .LVU467
 1797 0052 BDEC028B 		vldm	sp!, {d8}
 1798              		.cfi_restore 80
 1799              		.cfi_restore 81
 1800              		.cfi_def_cfa_offset 24
 1801              	.LVL134:
  61:effect.cpp    **** 
 1802              		.loc 2 61 1 view .LVU468
 1803 0056 BDE8F081 		pop	{r4, r5, r6, r7, r8, pc}
 1804              	.LVL135:
 1805              	.L154:
 1806              		.cfi_def_cfa_offset 0
 1807              		.cfi_restore 4
 1808              		.cfi_restore 5
 1809              		.cfi_restore 6
 1810              		.cfi_restore 7
 1811              		.cfi_restore 8
 1812              		.cfi_restore 14
  61:effect.cpp    **** 
 1813              		.loc 2 61 1 view .LVU469
 1814 005a 7047     		bx	lr
 1815              		.cfi_endproc
 1816              	.LFE6779:
 1818              		.section	.text._ZN10CombFilter9setParamsEff,"ax",%progbits
 1819              		.align	1
 1820              		.p2align 2,,3
 1821              		.global	_ZN10CombFilter9setParamsEff
 1822              		.syntax unified
 1823              		.thumb
 1824              		.thumb_func
 1825              		.fpu fpv5-d16
 1827              	_ZN10CombFilter9setParamsEff:
 1828              	.LVL136:
 1829              	.LFB6780:
  63:effect.cpp    ****     this->depth = depth;
 1830              		.loc 2 63 52 is_stmt 1 view -0
 1831              		.cfi_startproc
 1832              		@ args = 0, pretend = 0, frame = 0
 1833              		@ frame_needed = 0, uses_anonymous_args = 0
 1834              		@ link register save eliminated.
  64:effect.cpp    ****     this->mix = mix;
ARM GAS  C:\Users\FINNDY~1\AppData\Local\Temp\cc0ACJmL.s 			page 86


 1835              		.loc 2 64 5 view .LVU471
  66:effect.cpp    **** }
 1836              		.loc 2 66 39 is_stmt 0 view .LVU472
 1837 0000 D0ED077A 		vldr.32	s15, [r0, #28]	@ int
  64:effect.cpp    ****     this->mix = mix;
 1838              		.loc 2 64 17 view .LVU473
 1839 0004 80ED050A 		vstr.32	s0, [r0, #20]
  65:effect.cpp    ****     buffer.setWriteOffset(max_samples * depth);
 1840              		.loc 2 65 5 is_stmt 1 view .LVU474
  66:effect.cpp    **** }
 1841              		.loc 2 66 39 is_stmt 0 view .LVU475
 1842 0008 F8EE677A 		vcvt.f32.u32	s15, s15
  65:effect.cpp    ****     buffer.setWriteOffset(max_samples * depth);
 1843              		.loc 2 65 15 view .LVU476
 1844 000c C0ED060A 		vstr.32	s1, [r0, #24]
  66:effect.cpp    **** }
 1845              		.loc 2 66 5 is_stmt 1 view .LVU477
  66:effect.cpp    **** }
 1846              		.loc 2 66 39 is_stmt 0 view .LVU478
 1847 0010 27EE800A 		vmul.f32	s0, s15, s0
 1848              	.LVL137:
  66:effect.cpp    **** }
 1849              		.loc 2 66 26 view .LVU479
 1850 0014 FCEEC07A 		vcvt.u32.f32	s15, s0
 1851 0018 17EE901A 		vmov	r1, s15	@ int
 1852 001c FFF7FEBF 		b	_ZN14CircularBuffer14setWriteOffsetEj
 1853              	.LVL138:
  66:effect.cpp    **** }
 1854              		.loc 2 66 26 view .LVU480
 1855              		.cfi_endproc
 1856              	.LFE6780:
 1858              		.section	.text._ZN13AllPassFilterC2Eff,"ax",%progbits
 1859              		.align	1
 1860              		.p2align 2,,3
 1861              		.global	_ZN13AllPassFilterC2Eff
 1862              		.syntax unified
 1863              		.thumb
 1864              		.thumb_func
 1865              		.fpu fpv5-d16
 1867              	_ZN13AllPassFilterC2Eff:
 1868              	.LVL139:
 1869              	.LFB6782:
  72:effect.cpp    ****     if (this->gain > 0.99) this->gain = 0.99;
 1870              		.loc 2 72 1 is_stmt 1 view -0
 1871              		.cfi_startproc
 1872              		@ args = 0, pretend = 0, frame = 16
 1873              		@ frame_needed = 0, uses_anonymous_args = 0
 1874              	.LBB345:
 1875              	.LBB346:
  73:effect.cpp    **** 
 1876              		.loc 2 73 5 is_stmt 0 view .LVU482
 1877 0000 9FED1D7B 		vldr.64	d7, .L162
  73:effect.cpp    **** 
 1878              		.loc 2 73 15 view .LVU483
 1879 0004 B7EEE06A 		vcvt.f64.f32	d6, s1
 1880              	.LBE346:
 1881              	.LBE345:
ARM GAS  C:\Users\FINNDY~1\AppData\Local\Temp\cc0ACJmL.s 			page 87


  72:effect.cpp    ****     if (this->gain > 0.99) this->gain = 0.99;
 1882              		.loc 2 72 1 view .LVU484
 1883 0008 F0B5     		push	{r4, r5, r6, r7, lr}
 1884              		.cfi_def_cfa_offset 20
 1885              		.cfi_offset 4, -20
 1886              		.cfi_offset 5, -16
 1887              		.cfi_offset 6, -12
 1888              		.cfi_offset 7, -8
 1889              		.cfi_offset 14, -4
 1890              	.LBB353:
 1891              	.LBB347:
  73:effect.cpp    **** 
 1892              		.loc 2 73 5 view .LVU485
 1893 000a B4EEC76B 		vcmpe.f64	d6, d7
 1894              	.LBE347:
 1895              	.LBE353:
  72:effect.cpp    ****     if (this->gain > 0.99) this->gain = 0.99;
 1896              		.loc 2 72 1 view .LVU486
 1897 000e 85B0     		sub	sp, sp, #20
 1898              		.cfi_def_cfa_offset 40
  72:effect.cpp    ****     if (this->gain > 0.99) this->gain = 0.99;
 1899              		.loc 2 72 1 view .LVU487
 1900 0010 0646     		mov	r6, r0
 1901              	.LVL140:
 1902              	.LBB354:
 1903              	.LBB348:
 1904              	.LBI348:
 1905              		.loc 9 35 5 is_stmt 1 view .LVU488
 1906              		.loc 9 35 5 is_stmt 0 view .LVU489
 1907              	.LBE348:
 1908              	.LBB349:
 1909              	.LBI349:
 1910              		.loc 9 35 5 is_stmt 1 view .LVU490
 1911              		.loc 9 35 5 is_stmt 0 view .LVU491
 1912              	.LBE349:
 1913              	.LBB350:
  73:effect.cpp    **** 
 1914              		.loc 2 73 5 is_stmt 1 view .LVU492
 1915 0012 F1EE10FA 		vmrs	APSR_nzcv, FPSCR
 1916 0016 2CDC     		bgt	.L159
 1917              	.LBE350:
  72:effect.cpp    ****     if (this->gain > 0.99) this->gain = 0.99;
 1918              		.loc 2 72 66 is_stmt 0 view .LVU493
 1919 0018 C0ED080A 		vstr.32	s1, [r0, #32]
 1920              	.L160:
 1921              	.LBB351:
  75:effect.cpp    **** 
 1922              		.loc 2 75 5 is_stmt 1 view .LVU494
  75:effect.cpp    **** 
 1923              		.loc 2 75 34 is_stmt 0 view .LVU495
 1924 001c DFED187A 		vldr.32	s15, .L162+8
  77:effect.cpp    ****     inputBuffer = CircularBuffer((float*)sdram_alloc(samples * sizeof(float), true), samples, sampl
 1925              		.loc 2 77 105 view .LVU496
 1926 0020 6C46     		mov	r4, sp
  77:effect.cpp    ****     inputBuffer = CircularBuffer((float*)sdram_alloc(samples * sizeof(float), true), samples, sampl
 1927              		.loc 2 77 56 view .LVU497
 1928 0022 0121     		movs	r1, #1
ARM GAS  C:\Users\FINNDY~1\AppData\Local\Temp\cc0ACJmL.s 			page 88


  75:effect.cpp    **** 
 1929              		.loc 2 75 34 view .LVU498
 1930 0024 20EE270A 		vmul.f32	s0, s0, s15
 1931              	.LVL141:
  75:effect.cpp    **** 
 1932              		.loc 2 75 18 view .LVU499
 1933 0028 FCEEC07A 		vcvt.u32.f32	s15, s0
 1934 002c 17EE905A 		vmov	r5, s15	@ int
 1935              	.LVL142:
  77:effect.cpp    ****     inputBuffer = CircularBuffer((float*)sdram_alloc(samples * sizeof(float), true), samples, sampl
 1936              		.loc 2 77 5 is_stmt 1 view .LVU500
  77:effect.cpp    ****     inputBuffer = CircularBuffer((float*)sdram_alloc(samples * sizeof(float), true), samples, sampl
 1937              		.loc 2 77 56 is_stmt 0 view .LVU501
 1938 0030 AF00     		lsls	r7, r5, #2
 1939 0032 3846     		mov	r0, r7
 1940              	.LVL143:
  77:effect.cpp    ****     inputBuffer = CircularBuffer((float*)sdram_alloc(samples * sizeof(float), true), samples, sampl
 1941              		.loc 2 77 56 view .LVU502
 1942 0034 FFF7FEFF 		bl	_Z11sdram_allocjb
 1943              	.LVL144:
  77:effect.cpp    ****     inputBuffer = CircularBuffer((float*)sdram_alloc(samples * sizeof(float), true), samples, sampl
 1944              		.loc 2 77 105 view .LVU503
 1945 0038 2B46     		mov	r3, r5
  77:effect.cpp    ****     inputBuffer = CircularBuffer((float*)sdram_alloc(samples * sizeof(float), true), samples, sampl
 1946              		.loc 2 77 56 view .LVU504
 1947 003a 0146     		mov	r1, r0
  77:effect.cpp    ****     inputBuffer = CircularBuffer((float*)sdram_alloc(samples * sizeof(float), true), samples, sampl
 1948              		.loc 2 77 105 view .LVU505
 1949 003c 2A46     		mov	r2, r5
 1950 003e 2046     		mov	r0, r4
 1951 0040 FFF7FEFF 		bl	_ZN14CircularBufferC1EPfjj
 1952              	.LVL145:
  77:effect.cpp    ****     inputBuffer = CircularBuffer((float*)sdram_alloc(samples * sizeof(float), true), samples, sampl
 1953              		.loc 2 77 20 view .LVU506
 1954 0044 94E80F00 		ldm	r4, {r0, r1, r2, r3}
 1955 0048 86E80F00 		stm	r6, {r0, r1, r2, r3}
  78:effect.cpp    **** 
 1956              		.loc 2 78 5 is_stmt 1 view .LVU507
  78:effect.cpp    **** 
 1957              		.loc 2 78 53 is_stmt 0 view .LVU508
 1958 004c 0121     		movs	r1, #1
 1959 004e 3846     		mov	r0, r7
 1960 0050 FFF7FEFF 		bl	_Z11sdram_allocjb
 1961              	.LVL146:
  78:effect.cpp    **** 
 1962              		.loc 2 78 102 view .LVU509
 1963 0054 2B46     		mov	r3, r5
  78:effect.cpp    **** 
 1964              		.loc 2 78 53 view .LVU510
 1965 0056 0146     		mov	r1, r0
  78:effect.cpp    **** 
 1966              		.loc 2 78 102 view .LVU511
 1967 0058 2A46     		mov	r2, r5
 1968 005a 2046     		mov	r0, r4
  78:effect.cpp    **** 
 1969              		.loc 2 78 17 view .LVU512
 1970 005c 06F11005 		add	r5, r6, #16
ARM GAS  C:\Users\FINNDY~1\AppData\Local\Temp\cc0ACJmL.s 			page 89


 1971              	.LVL147:
  78:effect.cpp    **** 
 1972              		.loc 2 78 102 view .LVU513
 1973 0060 FFF7FEFF 		bl	_ZN14CircularBufferC1EPfjj
 1974              	.LVL148:
  78:effect.cpp    **** 
 1975              		.loc 2 78 17 view .LVU514
 1976 0064 94E80F00 		ldm	r4, {r0, r1, r2, r3}
 1977 0068 85E80F00 		stm	r5, {r0, r1, r2, r3}
 1978              	.LBE351:
 1979              	.LBE354:
  80:effect.cpp    **** 
 1980              		.loc 2 80 1 view .LVU515
 1981 006c 3046     		mov	r0, r6
 1982 006e 05B0     		add	sp, sp, #20
 1983              		.cfi_remember_state
 1984              		.cfi_def_cfa_offset 20
 1985              		@ sp needed
 1986 0070 F0BD     		pop	{r4, r5, r6, r7, pc}
 1987              	.LVL149:
 1988              	.L159:
 1989              		.cfi_restore_state
 1990              	.LBB355:
 1991              	.LBB352:
  73:effect.cpp    **** 
 1992              		.loc 2 73 28 is_stmt 1 discriminator 1 view .LVU516
  73:effect.cpp    **** 
 1993              		.loc 2 73 39 is_stmt 0 discriminator 1 view .LVU517
 1994 0072 044B     		ldr	r3, .L162+12
 1995 0074 0362     		str	r3, [r0, #32]	@ float
 1996 0076 D1E7     		b	.L160
 1997              	.L163:
 1998              		.align	3
 1999              	.L162:
 2000 0078 AE47E17A 		.word	2061584302
 2001 007c 14AEEF3F 		.word	1072672276
 2002 0080 00803B47 		.word	1195081728
 2003 0084 A4707D3F 		.word	1065185444
 2004              	.LBE352:
 2005              	.LBE355:
 2006              		.cfi_endproc
 2007              	.LFE6782:
 2009              		.global	_ZN13AllPassFilterC1Eff
 2010              		.thumb_set _ZN13AllPassFilterC1Eff,_ZN13AllPassFilterC2Eff
 2011              		.section	.text._ZN13AllPassFilter5applyEPKfPfj,"ax",%progbits
 2012              		.align	1
 2013              		.p2align 2,,3
 2014              		.global	_ZN13AllPassFilter5applyEPKfPfj
 2015              		.syntax unified
 2016              		.thumb
 2017              		.thumb_func
 2018              		.fpu fpv5-d16
 2020              	_ZN13AllPassFilter5applyEPKfPfj:
 2021              	.LVL150:
 2022              	.LFB6784:
  82:effect.cpp    **** 
 2023              		.loc 2 82 72 is_stmt 1 view -0
ARM GAS  C:\Users\FINNDY~1\AppData\Local\Temp\cc0ACJmL.s 			page 90


 2024              		.cfi_startproc
 2025              		@ args = 0, pretend = 0, frame = 0
 2026              		@ frame_needed = 0, uses_anonymous_args = 0
  84:effect.cpp    **** 
 2027              		.loc 2 84 5 view .LVU519
 2028              	.LBB356:
  84:effect.cpp    **** 
 2029              		.loc 2 84 26 view .LVU520
 2030 0000 9BB3     		cbz	r3, .L169
 2031              	.LBE356:
  82:effect.cpp    **** 
 2032              		.loc 2 82 72 is_stmt 0 view .LVU521
 2033 0002 2DE9F843 		push	{r3, r4, r5, r6, r7, r8, r9, lr}
 2034              		.cfi_def_cfa_offset 32
 2035              		.cfi_offset 3, -32
 2036              		.cfi_offset 4, -28
 2037              		.cfi_offset 5, -24
 2038              		.cfi_offset 6, -20
 2039              		.cfi_offset 7, -16
 2040              		.cfi_offset 8, -12
 2041              		.cfi_offset 9, -8
 2042              		.cfi_offset 14, -4
 2043 0006 0446     		mov	r4, r0
 2044 0008 9946     		mov	r9, r3
 2045              	.LBB361:
 2046              	.LBB357:
  88:effect.cpp    ****         inputBuffer.writeNext(in[i]);
 2047              		.loc 2 88 70 view .LVU522
 2048 000a 00F11008 		add	r8, r0, #16
 2049 000e 0E46     		mov	r6, r1
 2050 0010 1546     		mov	r5, r2
 2051              	.LBE357:
  84:effect.cpp    **** 
 2052              		.loc 2 84 17 view .LVU523
 2053 0012 0027     		movs	r7, #0
 2054              	.LBE361:
  82:effect.cpp    **** 
 2055              		.loc 2 82 72 view .LVU524
 2056 0014 2DED048B 		vpush.64	{d8, d9}
 2057              		.cfi_def_cfa_offset 48
 2058              		.cfi_offset 80, -48
 2059              		.cfi_offset 81, -44
 2060              		.cfi_offset 82, -40
 2061              		.cfi_offset 83, -36
 2062              	.LVL151:
 2063              	.L167:
 2064              	.LBB362:
 2065              	.LBB358:
  86:effect.cpp    ****         
 2066              		.loc 2 86 9 is_stmt 1 discriminator 2 view .LVU525
  86:effect.cpp    ****         
 2067              		.loc 2 86 49 is_stmt 0 discriminator 2 view .LVU526
 2068 0018 2046     		mov	r0, r4
 2069              	.LBE358:
  84:effect.cpp    **** 
 2070              		.loc 2 84 5 discriminator 2 view .LVU527
 2071 001a 0137     		adds	r7, r7, #1
ARM GAS  C:\Users\FINNDY~1\AppData\Local\Temp\cc0ACJmL.s 			page 91


 2072              	.LVL152:
 2073              	.LBB359:
  86:effect.cpp    ****         
 2074              		.loc 2 86 49 discriminator 2 view .LVU528
 2075 001c FFF7FEFF 		bl	_ZN14CircularBuffer8readNextEv
 2076              	.LVL153:
  88:effect.cpp    ****         inputBuffer.writeNext(in[i]);
 2077              		.loc 2 88 34 discriminator 2 view .LVU529
 2078 0020 D4ED088A 		vldr.32	s17, [r4, #32]
  88:effect.cpp    ****         inputBuffer.writeNext(in[i]);
 2079              		.loc 2 88 46 discriminator 2 view .LVU530
 2080 0024 96ED009A 		vldr.32	s18, [r6]
  88:effect.cpp    ****         inputBuffer.writeNext(in[i]);
 2081              		.loc 2 88 70 discriminator 2 view .LVU531
 2082 0028 4046     		mov	r0, r8
  88:effect.cpp    ****         inputBuffer.writeNext(in[i]);
 2083              		.loc 2 88 34 discriminator 2 view .LVU532
 2084 002a F1EE688A 		vneg.f32	s17, s17
  86:effect.cpp    ****         
 2085              		.loc 2 86 49 discriminator 2 view .LVU533
 2086 002e B0EE408A 		vmov.f32	s16, s0
 2087              	.LVL154:
  88:effect.cpp    ****         inputBuffer.writeNext(in[i]);
 2088              		.loc 2 88 9 is_stmt 1 discriminator 2 view .LVU534
  88:effect.cpp    ****         inputBuffer.writeNext(in[i]);
 2089              		.loc 2 88 70 is_stmt 0 discriminator 2 view .LVU535
 2090 0032 FFF7FEFF 		bl	_ZN14CircularBuffer8readNextEv
 2091              	.LVL155:
  88:effect.cpp    ****         inputBuffer.writeNext(in[i]);
 2092              		.loc 2 88 33 discriminator 2 view .LVU536
 2093 0036 D4ED087A 		vldr.32	s15, [r4, #32]
 2094 003a 2046     		mov	r0, r4
  88:effect.cpp    ****         inputBuffer.writeNext(in[i]);
 2095              		.loc 2 88 48 discriminator 2 view .LVU537
 2096 003c A8EE890A 		vfma.f32	s0, s17, s18
  88:effect.cpp    ****         inputBuffer.writeNext(in[i]);
 2097              		.loc 2 88 33 discriminator 2 view .LVU538
 2098 0040 A7EE880A 		vfma.f32	s0, s15, s16
 2099 0044 FFF7FEFF 		bl	_ZN14CircularBuffer9writeNextEf
 2100              	.LVL156:
  89:effect.cpp    **** 
 2101              		.loc 2 89 9 is_stmt 1 discriminator 2 view .LVU539
  89:effect.cpp    **** 
 2102              		.loc 2 89 30 is_stmt 0 discriminator 2 view .LVU540
 2103 0048 B6EC010A 		vldmia.32	r6!, {s0}
 2104 004c 4046     		mov	r0, r8
 2105 004e FFF7FEFF 		bl	_ZN14CircularBuffer9writeNextEf
 2106              	.LVL157:
  91:effect.cpp    **** 
 2107              		.loc 2 91 9 is_stmt 1 discriminator 2 view .LVU541
  91:effect.cpp    **** 
 2108              		.loc 2 91 16 is_stmt 0 discriminator 2 view .LVU542
 2109 0052 95ED000A 		vldr.32	s0, [r5]
 2110              	.LBE359:
  84:effect.cpp    **** 
 2111              		.loc 2 84 26 discriminator 2 view .LVU543
 2112 0056 B945     		cmp	r9, r7
ARM GAS  C:\Users\FINNDY~1\AppData\Local\Temp\cc0ACJmL.s 			page 92


 2113              	.LBB360:
  91:effect.cpp    **** 
 2114              		.loc 2 91 16 discriminator 2 view .LVU544
 2115 0058 30EE088A 		vadd.f32	s16, s0, s16
 2116              	.LVL158:
  91:effect.cpp    **** 
 2117              		.loc 2 91 16 discriminator 2 view .LVU545
 2118 005c A5EC018A 		vstmia.32	r5!, {s16}
 2119              	.LBE360:
  84:effect.cpp    **** 
 2120              		.loc 2 84 5 is_stmt 1 discriminator 2 view .LVU546
 2121              	.LVL159:
  84:effect.cpp    **** 
 2122              		.loc 2 84 26 discriminator 2 view .LVU547
 2123 0060 DAD1     		bne	.L167
 2124              	.LBE362:
  95:effect.cpp    **** 
 2125              		.loc 2 95 1 is_stmt 0 view .LVU548
 2126 0062 BDEC048B 		vldm	sp!, {d8-d9}
 2127              		.cfi_restore 82
 2128              		.cfi_restore 83
 2129              		.cfi_restore 80
 2130              		.cfi_restore 81
 2131              		.cfi_def_cfa_offset 32
 2132 0066 BDE8F883 		pop	{r3, r4, r5, r6, r7, r8, r9, pc}
 2133              	.LVL160:
 2134              	.L169:
 2135              		.cfi_def_cfa_offset 0
 2136              		.cfi_restore 3
 2137              		.cfi_restore 4
 2138              		.cfi_restore 5
 2139              		.cfi_restore 6
 2140              		.cfi_restore 7
 2141              		.cfi_restore 8
 2142              		.cfi_restore 9
 2143              		.cfi_restore 14
  95:effect.cpp    **** 
 2144              		.loc 2 95 1 view .LVU549
 2145 006a 7047     		bx	lr
 2146              		.cfi_endproc
 2147              	.LFE6784:
 2149              		.section	.text._ZN6Reverb5applyEPKfPfj,"ax",%progbits
 2150              		.align	1
 2151              		.p2align 2,,3
 2152              		.global	_ZN6Reverb5applyEPKfPfj
 2153              		.syntax unified
 2154              		.thumb
 2155              		.thumb_func
 2156              		.fpu fpv5-d16
 2158              	_ZN6Reverb5applyEPKfPfj:
 2159              	.LVL161:
 2160              	.LFB6802:
 239:effect.cpp    **** 
 2161              		.loc 2 239 65 is_stmt 1 view -0
 2162              		.cfi_startproc
 2163              		@ args = 0, pretend = 0, frame = 8
 2164              		@ frame_needed = 0, uses_anonymous_args = 0
ARM GAS  C:\Users\FINNDY~1\AppData\Local\Temp\cc0ACJmL.s 			page 93


 241:effect.cpp    ****     
 2165              		.loc 2 241 5 view .LVU551
 239:effect.cpp    **** 
 2166              		.loc 2 239 65 is_stmt 0 view .LVU552
 2167 0000 F0B5     		push	{r4, r5, r6, r7, lr}
 2168              		.cfi_def_cfa_offset 20
 2169              		.cfi_offset 4, -20
 2170              		.cfi_offset 5, -16
 2171              		.cfi_offset 6, -12
 2172              		.cfi_offset 7, -8
 2173              		.cfi_offset 14, -4
 2174 0002 0E46     		mov	r6, r1
 241:effect.cpp    ****     
 2175              		.loc 2 241 5 view .LVU553
 2176 0004 0179     		ldrb	r1, [r0, #4]	@ zero_extendqisi2
 2177              	.LVL162:
 239:effect.cpp    **** 
 2178              		.loc 2 239 65 view .LVU554
 2179 0006 83B0     		sub	sp, sp, #12
 2180              		.cfi_def_cfa_offset 32
 241:effect.cpp    ****     
 2181              		.loc 2 241 5 view .LVU555
 2182 0008 F9B1     		cbz	r1, .L179
 2183 000a 0546     		mov	r5, r0
 2184 000c 00F11404 		add	r4, r0, #20
 2185 0010 00F19407 		add	r7, r0, #148
 2186              	.LVL163:
 2187              	.L176:
 2188              	.LBB368:
 2189              	.LBB369:
 244:effect.cpp    ****     }
 2190              		.loc 2 244 9 is_stmt 1 view .LVU556
 244:effect.cpp    ****     }
 2191              		.loc 2 244 29 is_stmt 0 view .LVU557
 2192 0014 2046     		mov	r0, r4
 243:effect.cpp    ****         combFilters[i].apply(in, out, samples);
 2193              		.loc 2 243 26 view .LVU558
 2194 0016 2034     		adds	r4, r4, #32
 244:effect.cpp    ****     }
 2195              		.loc 2 244 29 view .LVU559
 2196 0018 3146     		mov	r1, r6
 2197 001a CDE90023 		strd	r2, r3, [sp]
 2198 001e FFF7FEFF 		bl	_ZN10CombFilter5applyEPKfPfj
 2199              	.LVL164:
 243:effect.cpp    ****         combFilters[i].apply(in, out, samples);
 2200              		.loc 2 243 5 is_stmt 1 view .LVU560
 243:effect.cpp    ****         combFilters[i].apply(in, out, samples);
 2201              		.loc 2 243 26 view .LVU561
 2202 0022 BC42     		cmp	r4, r7
 2203 0024 DDE90023 		ldrd	r2, r3, [sp]
 2204 0028 F4D1     		bne	.L176
 2205              	.LVL165:
 243:effect.cpp    ****         combFilters[i].apply(in, out, samples);
 2206              		.loc 2 243 26 is_stmt 0 view .LVU562
 2207              	.LBE369:
 2208              	.LBB370:
 247:effect.cpp    ****         allPassFilters[i].apply(out, out, samples); // out -> out series application
ARM GAS  C:\Users\FINNDY~1\AppData\Local\Temp\cc0ACJmL.s 			page 94


 2209              		.loc 2 247 26 is_stmt 1 view .LVU563
 248:effect.cpp    ****     }
 2210              		.loc 2 248 9 view .LVU564
 248:effect.cpp    ****     }
 2211              		.loc 2 248 32 is_stmt 0 view .LVU565
 2212 002a 2046     		mov	r0, r4
 2213 002c 1146     		mov	r1, r2
 2214 002e 0193     		str	r3, [sp, #4]
 2215 0030 0092     		str	r2, [sp]
 2216 0032 FFF7FEFF 		bl	_ZN13AllPassFilter5applyEPKfPfj
 2217              	.LVL166:
 247:effect.cpp    ****         allPassFilters[i].apply(out, out, samples); // out -> out series application
 2218              		.loc 2 247 5 is_stmt 1 view .LVU566
 247:effect.cpp    ****         allPassFilters[i].apply(out, out, samples); // out -> out series application
 2219              		.loc 2 247 26 view .LVU567
 248:effect.cpp    ****     }
 2220              		.loc 2 248 9 view .LVU568
 248:effect.cpp    ****     }
 2221              		.loc 2 248 32 is_stmt 0 view .LVU569
 2222 0036 05F1B800 		add	r0, r5, #184
 2223 003a DDE90023 		ldrd	r2, r3, [sp]
 2224 003e 1146     		mov	r1, r2
 2225              	.LBE370:
 2226              	.LBE368:
 251:effect.cpp    **** 
 2227              		.loc 2 251 1 view .LVU570
 2228 0040 03B0     		add	sp, sp, #12
 2229              		.cfi_remember_state
 2230              		.cfi_def_cfa_offset 20
 2231              		@ sp needed
 2232 0042 BDE8F040 		pop	{r4, r5, r6, r7, lr}
 2233              		.cfi_restore 14
 2234              		.cfi_restore 7
 2235              		.cfi_restore 6
 2236              		.cfi_restore 5
 2237              		.cfi_restore 4
 2238              		.cfi_def_cfa_offset 0
 2239              	.LVL167:
 2240              	.LBB372:
 2241              	.LBB371:
 248:effect.cpp    ****     }
 2242              		.loc 2 248 32 view .LVU571
 2243 0046 FFF7FEBF 		b	_ZN13AllPassFilter5applyEPKfPfj
 2244              	.LVL168:
 2245              	.L179:
 2246              		.cfi_restore_state
 248:effect.cpp    ****     }
 2247              		.loc 2 248 32 view .LVU572
 2248              	.LBE371:
 2249              	.LBE372:
 251:effect.cpp    **** 
 2250              		.loc 2 251 1 view .LVU573
 2251 004a 03B0     		add	sp, sp, #12
 2252              		.cfi_def_cfa_offset 20
 2253              		@ sp needed
 2254 004c F0BD     		pop	{r4, r5, r6, r7, pc}
 251:effect.cpp    **** 
ARM GAS  C:\Users\FINNDY~1\AppData\Local\Temp\cc0ACJmL.s 			page 95


 2255              		.loc 2 251 1 view .LVU574
 2256              		.cfi_endproc
 2257              	.LFE6802:
 2259 004e 00BF     		.section	.rodata._ZN6LooperC2Eb.str1.4,"aMS",%progbits,1
 2260              		.align	2
 2261              	.LC0:
 2262 0000 4C6F6F70 		.ascii	"Loop Record\000"
 2262      20526563 
 2262      6F726400 
 2263              		.align	2
 2264              	.LC1:
 2265 000c 4C6F6F70 		.ascii	"Loop Playback\000"
 2265      20506C61 
 2265      79626163 
 2265      6B00
 2266              		.section	.text._ZN6LooperC2Eb,"ax",%progbits
 2267              		.align	1
 2268              		.p2align 2,,3
 2269              		.global	_ZN6LooperC2Eb
 2270              		.syntax unified
 2271              		.thumb
 2272              		.thumb_func
 2273              		.fpu fpv5-d16
 2275              	_ZN6LooperC2Eb:
 2276              	.LVL169:
 2277              	.LFB6786:
  99:effect.cpp    ****     enabled = EffectParameter<bool>("Loop Playback", false);
 2278              		.loc 2 99 1 is_stmt 1 view -0
 2279              		.cfi_startproc
 2280              		@ args = 0, pretend = 0, frame = 0
 2281              		@ frame_needed = 0, uses_anonymous_args = 0
  99:effect.cpp    ****     enabled = EffectParameter<bool>("Loop Playback", false);
 2282              		.loc 2 99 1 is_stmt 0 view .LVU576
 2283 0000 10B5     		push	{r4, lr}
 2284              		.cfi_def_cfa_offset 8
 2285              		.cfi_offset 4, -8
 2286              		.cfi_offset 14, -4
  99:effect.cpp    ****     enabled = EffectParameter<bool>("Loop Playback", false);
 2287              		.loc 2 99 1 view .LVU577
 2288 0002 0A46     		mov	r2, r1
 2289 0004 0446     		mov	r4, r0
 2290              	.LVL170:
 2291              	.LBB373:
 2292              	.LBB374:
 2293              	.LBI374:
 108:effect.hpp    ****     virtual void apply(const float* in, float* out, size_t samples) = 0;
 2294              		.loc 1 108 5 is_stmt 1 view .LVU578
 2295              	.LBB375:
 2296              	.LBB376:
 2297              	.LBI376:
  20:effect.hpp    ****     EffectParameter(const char* name, T initialValue) : value(initialValue), name(name) {};
 2298              		.loc 1 20 5 view .LVU579
  20:effect.hpp    ****     EffectParameter(const char* name, T initialValue) : value(initialValue), name(name) {};
 2299              		.loc 1 20 5 is_stmt 0 view .LVU580
 2300              	.LBE376:
 2301              	.LBE375:
 2302              	.LBE374:
ARM GAS  C:\Users\FINNDY~1\AppData\Local\Temp\cc0ACJmL.s 			page 96


  99:effect.cpp    ****     enabled = EffectParameter<bool>("Loop Playback", false);
 2303              		.loc 2 99 91 view .LVU581
 2304 0006 094B     		ldr	r3, .L182
  99:effect.cpp    ****     enabled = EffectParameter<bool>("Loop Playback", false);
 2305              		.loc 2 99 73 view .LVU582
 2306 0008 0021     		movs	r1, #0
 2307              	.LVL171:
 2308              	.LBB378:
 2309              	.LBB377:
 108:effect.hpp    ****     virtual void apply(const float* in, float* out, size_t samples) = 0;
 2310              		.loc 1 108 40 view .LVU583
 2311 000a 2274     		strb	r2, [r4, #16]
 2312              	.LVL172:
 108:effect.hpp    ****     virtual void apply(const float* in, float* out, size_t samples) = 0;
 2313              		.loc 1 108 40 view .LVU584
 2314              	.LBE377:
 2315              	.LBE378:
  99:effect.cpp    ****     enabled = EffectParameter<bool>("Loop Playback", false);
 2316              		.loc 2 99 91 view .LVU585
 2317 000c 2360     		str	r3, [r4]
  99:effect.cpp    ****     enabled = EffectParameter<bool>("Loop Playback", false);
 2318              		.loc 2 99 73 view .LVU586
 2319 000e 0848     		ldr	r0, .L182+4
 2320              	.LVL173:
  99:effect.cpp    ****     enabled = EffectParameter<bool>("Loop Playback", false);
 2321              		.loc 2 99 73 view .LVU587
 2322 0010 FFF7FEFF 		bl	_Z11sdram_allocjb
 2323              	.LVL174:
  99:effect.cpp    ****     enabled = EffectParameter<bool>("Loop Playback", false);
 2324              		.loc 2 99 91 view .LVU588
 2325 0014 0023     		movs	r3, #0
 2326              	.LBB379:
 2327              	.LBB380:
  21:effect.hpp    **** };
 2328              		.loc 1 21 87 view .LVU589
 2329 0016 0749     		ldr	r1, .L182+8
 2330              	.LBE380:
 2331              	.LBE379:
 100:effect.cpp    **** }
 2332              		.loc 2 100 13 view .LVU590
 2333 0018 074A     		ldr	r2, .L182+12
 2334              	.LBB382:
 2335              	.LBB381:
  21:effect.hpp    **** };
 2336              		.loc 1 21 87 view .LVU591
 2337 001a 84F82430 		strb	r3, [r4, #36]
 2338 001e A162     		str	r1, [r4, #40]
 2339              	.LBE381:
 2340              	.LBE382:
 100:effect.cpp    **** }
 2341              		.loc 2 100 13 view .LVU592
 2342 0020 2371     		strb	r3, [r4, #4]
 2343 0022 A260     		str	r2, [r4, #8]
  99:effect.cpp    ****     enabled = EffectParameter<bool>("Loop Playback", false);
 2344              		.loc 2 99 91 view .LVU593
 2345 0024 C4E90503 		strd	r0, r3, [r4, #20]
 2346              	.LVL175:
ARM GAS  C:\Users\FINNDY~1\AppData\Local\Temp\cc0ACJmL.s 			page 97


 2347              	.LBB383:
 2348              	.LBI379:
  21:effect.hpp    **** };
 2349              		.loc 1 21 5 is_stmt 1 view .LVU594
  21:effect.hpp    **** };
 2350              		.loc 1 21 5 is_stmt 0 view .LVU595
 2351              	.LBE383:
 100:effect.cpp    **** }
 2352              		.loc 2 100 5 is_stmt 1 view .LVU596
 2353              	.LBB384:
 2354              	.LBI384:
  21:effect.hpp    **** };
 2355              		.loc 1 21 5 view .LVU597
  21:effect.hpp    **** };
 2356              		.loc 1 21 5 is_stmt 0 view .LVU598
 2357              	.LBE384:
 2358              	.LBE373:
 101:effect.cpp    **** 
 2359              		.loc 2 101 1 view .LVU599
 2360 0028 2046     		mov	r0, r4
 2361 002a 10BD     		pop	{r4, pc}
 2362              	.LVL176:
 2363              	.L183:
 101:effect.cpp    **** 
 2364              		.loc 2 101 1 view .LVU600
 2365              		.align	2
 2366              	.L182:
 2367 002c 08000000 		.word	.LANCHOR3+8
 2368 0030 00F22B00 		.word	2880000
 2369 0034 00000000 		.word	.LC0
 2370 0038 0C000000 		.word	.LC1
 2371              		.cfi_endproc
 2372              	.LFE6786:
 2374              		.global	_ZN6LooperC1Eb
 2375              		.thumb_set _ZN6LooperC1Eb,_ZN6LooperC2Eb
 2376              		.section	.rodata._ZN5DelayC2Eb.str1.4,"aMS",%progbits,1
 2377              		.align	2
 2378              	.LC2:
 2379 0000 44656C61 		.ascii	"Delay Time\000"
 2379      79205469 
 2379      6D6500
 2380 000b 00       		.align	2
 2381              	.LC3:
 2382 000c 3E204465 		.ascii	"> Delay\000"
 2382      6C617900 
 2383              		.section	.text._ZN5DelayC2Eb,"ax",%progbits
 2384              		.align	1
 2385              		.p2align 2,,3
 2386              		.global	_ZN5DelayC2Eb
 2387              		.syntax unified
 2388              		.thumb
 2389              		.thumb_func
 2390              		.fpu fpv5-d16
 2392              	_ZN5DelayC2Eb:
 2393              	.LVL177:
 2394              	.LFB6791:
 141:effect.cpp    ****     buffer = CircularBuffer((float*)sdram_alloc(DELAY_SIZE * sizeof(float), true), DELAY_SIZE, 0);
ARM GAS  C:\Users\FINNDY~1\AppData\Local\Temp\cc0ACJmL.s 			page 98


 2395              		.loc 2 141 1 is_stmt 1 view -0
 2396              		.cfi_startproc
 2397              		@ args = 0, pretend = 0, frame = 16
 2398              		@ frame_needed = 0, uses_anonymous_args = 0
 141:effect.cpp    ****     buffer = CircularBuffer((float*)sdram_alloc(DELAY_SIZE * sizeof(float), true), DELAY_SIZE, 0);
 2399              		.loc 2 141 1 is_stmt 0 view .LVU602
 2400 0000 30B5     		push	{r4, r5, lr}
 2401              		.cfi_def_cfa_offset 12
 2402              		.cfi_offset 4, -12
 2403              		.cfi_offset 5, -8
 2404              		.cfi_offset 14, -4
 2405              	.LBB385:
 141:effect.cpp    ****     buffer = CircularBuffer((float*)sdram_alloc(DELAY_SIZE * sizeof(float), true), DELAY_SIZE, 0);
 2406              		.loc 2 141 42 view .LVU603
 2407 0002 114D     		ldr	r5, .L186
 2408              	.LBE385:
 141:effect.cpp    ****     buffer = CircularBuffer((float*)sdram_alloc(DELAY_SIZE * sizeof(float), true), DELAY_SIZE, 0);
 2409              		.loc 2 141 1 view .LVU604
 2410 0004 85B0     		sub	sp, sp, #20
 2411              		.cfi_def_cfa_offset 32
 141:effect.cpp    ****     buffer = CircularBuffer((float*)sdram_alloc(DELAY_SIZE * sizeof(float), true), DELAY_SIZE, 0);
 2412              		.loc 2 141 1 view .LVU605
 2413 0006 0446     		mov	r4, r0
 2414              	.LVL178:
 2415              	.LBB398:
 2416              	.LBB386:
 2417              	.LBI386:
 108:effect.hpp    ****     virtual void apply(const float* in, float* out, size_t samples) = 0;
 2418              		.loc 1 108 5 is_stmt 1 view .LVU606
 2419              	.LBB387:
 2420              	.LBB388:
 2421              	.LBI388:
  20:effect.hpp    ****     EffectParameter(const char* name, T initialValue) : value(initialValue), name(name) {};
 2422              		.loc 1 20 5 view .LVU607
  20:effect.hpp    ****     EffectParameter(const char* name, T initialValue) : value(initialValue), name(name) {};
 2423              		.loc 1 20 5 is_stmt 0 view .LVU608
 2424              	.LBE388:
 2425              	.LBE387:
 2426              	.LBE386:
 2427              	.LBB390:
 2428              	.LBB391:
  21:effect.hpp    **** };
 2429              		.loc 1 21 87 view .LVU609
 2430 0008 0022     		movs	r2, #0
 2431 000a 104B     		ldr	r3, .L186+4
 2432              	.LBE391:
 2433              	.LBE390:
 141:effect.cpp    ****     buffer = CircularBuffer((float*)sdram_alloc(DELAY_SIZE * sizeof(float), true), DELAY_SIZE, 0);
 2434              		.loc 2 141 42 view .LVU610
 2435 000c 0560     		str	r5, [r0]
 142:effect.cpp    ****     enabled = EffectParameter<bool>("> Delay", false);
 2436              		.loc 2 142 97 view .LVU611
 2437 000e 6D46     		mov	r5, sp
 2438              	.LBB393:
 2439              	.LBB389:
 108:effect.hpp    ****     virtual void apply(const float* in, float* out, size_t samples) = 0;
 2440              		.loc 1 108 40 view .LVU612
ARM GAS  C:\Users\FINNDY~1\AppData\Local\Temp\cc0ACJmL.s 			page 99


 2441 0010 0174     		strb	r1, [r0, #16]
 2442              	.LVL179:
 108:effect.hpp    ****     virtual void apply(const float* in, float* out, size_t samples) = 0;
 2443              		.loc 1 108 40 view .LVU613
 2444              	.LBE389:
 2445              	.LBE393:
 2446              	.LBB394:
 2447              	.LBI394:
 2448              		.loc 9 35 5 is_stmt 1 view .LVU614
 2449              		.loc 9 35 5 is_stmt 0 view .LVU615
 2450              	.LBE394:
 2451              	.LBB395:
 2452              	.LBI390:
  21:effect.hpp    **** };
 2453              		.loc 1 21 5 is_stmt 1 view .LVU616
 2454              	.LBE395:
 142:effect.cpp    ****     enabled = EffectParameter<bool>("> Delay", false);
 2455              		.loc 2 142 48 is_stmt 0 view .LVU617
 2456 0012 0121     		movs	r1, #1
 2457              	.LVL180:
 2458              	.LBB396:
 2459              	.LBB392:
  21:effect.hpp    **** };
 2460              		.loc 1 21 87 view .LVU618
 2461 0014 6262     		str	r2, [r4, #36]	@ float
 2462 0016 A362     		str	r3, [r4, #40]
 2463              	.LVL181:
  21:effect.hpp    **** };
 2464              		.loc 1 21 87 view .LVU619
 2465              	.LBE392:
 2466              	.LBE396:
 142:effect.cpp    ****     enabled = EffectParameter<bool>("> Delay", false);
 2467              		.loc 2 142 5 is_stmt 1 view .LVU620
 142:effect.cpp    ****     enabled = EffectParameter<bool>("> Delay", false);
 2468              		.loc 2 142 48 is_stmt 0 view .LVU621
 2469 0018 0D48     		ldr	r0, .L186+8
 2470              	.LVL182:
 142:effect.cpp    ****     enabled = EffectParameter<bool>("> Delay", false);
 2471              		.loc 2 142 48 view .LVU622
 2472 001a FFF7FEFF 		bl	_Z11sdram_allocjb
 2473              	.LVL183:
 142:effect.cpp    ****     enabled = EffectParameter<bool>("> Delay", false);
 2474              		.loc 2 142 97 view .LVU623
 2475 001e 0023     		movs	r3, #0
 142:effect.cpp    ****     enabled = EffectParameter<bool>("> Delay", false);
 2476              		.loc 2 142 48 view .LVU624
 2477 0020 0146     		mov	r1, r0
 142:effect.cpp    ****     enabled = EffectParameter<bool>("> Delay", false);
 2478              		.loc 2 142 97 view .LVU625
 2479 0022 45F6C052 		movw	r2, #24000
 2480 0026 2846     		mov	r0, r5
 2481 0028 FFF7FEFF 		bl	_ZN14CircularBufferC1EPfjj
 2482              	.LVL184:
 142:effect.cpp    ****     enabled = EffectParameter<bool>("> Delay", false);
 2483              		.loc 2 142 12 view .LVU626
 2484 002c 04F1140C 		add	ip, r4, #20
 2485 0030 95E80F00 		ldm	r5, {r0, r1, r2, r3}
ARM GAS  C:\Users\FINNDY~1\AppData\Local\Temp\cc0ACJmL.s 			page 100


 2486 0034 8CE80F00 		stm	ip, {r0, r1, r2, r3}
 143:effect.cpp    **** }
 2487              		.loc 2 143 5 is_stmt 1 view .LVU627
 2488              	.LVL185:
 2489              	.LBB397:
 2490              	.LBI397:
  21:effect.hpp    **** };
 2491              		.loc 1 21 5 view .LVU628
  21:effect.hpp    **** };
 2492              		.loc 1 21 5 is_stmt 0 view .LVU629
 2493              	.LBE397:
 143:effect.cpp    **** }
 2494              		.loc 2 143 13 view .LVU630
 2495 0038 0022     		movs	r2, #0
 2496 003a 064B     		ldr	r3, .L186+12
 2497              	.LBE398:
 144:effect.cpp    **** 
 2498              		.loc 2 144 1 view .LVU631
 2499 003c 2046     		mov	r0, r4
 2500              	.LBB399:
 143:effect.cpp    **** }
 2501              		.loc 2 143 13 view .LVU632
 2502 003e 2271     		strb	r2, [r4, #4]
 2503 0040 A360     		str	r3, [r4, #8]
 2504              	.LBE399:
 144:effect.cpp    **** 
 2505              		.loc 2 144 1 view .LVU633
 2506 0042 05B0     		add	sp, sp, #20
 2507              		.cfi_def_cfa_offset 12
 2508              		@ sp needed
 2509 0044 30BD     		pop	{r4, r5, pc}
 2510              	.LVL186:
 2511              	.L187:
 144:effect.cpp    **** 
 2512              		.loc 2 144 1 view .LVU634
 2513 0046 00BF     		.align	2
 2514              	.L186:
 2515 0048 08000000 		.word	.LANCHOR4+8
 2516 004c 00000000 		.word	.LC2
 2517 0050 00770100 		.word	96000
 2518 0054 0C000000 		.word	.LC3
 2519              		.cfi_endproc
 2520              	.LFE6791:
 2522              		.global	_ZN5DelayC1Eb
 2523              		.thumb_set _ZN5DelayC1Eb,_ZN5DelayC2Eb
 2524              		.section	.rodata._ZN5TunerC2Eb.str1.4,"aMS",%progbits,1
 2525              		.align	2
 2526              	.LC4:
 2527 0000 3E205475 		.ascii	"> Tuner\000"
 2527      6E657200 
 2528              		.section	.text._ZN5TunerC2Eb,"ax",%progbits
 2529              		.align	1
 2530              		.p2align 2,,3
 2531              		.global	_ZN5TunerC2Eb
 2532              		.syntax unified
 2533              		.thumb
 2534              		.thumb_func
ARM GAS  C:\Users\FINNDY~1\AppData\Local\Temp\cc0ACJmL.s 			page 101


 2535              		.fpu fpv5-d16
 2537              	_ZN5TunerC2Eb:
 2538              	.LVL187:
 2539              	.LFB6795:
 164:effect.cpp    ****     dftTimeBufferA = (float*)sdram_alloc(DFT_WINDOW_SAMPLES * sizeof(float));
 2540              		.loc 2 164 1 is_stmt 1 view -0
 2541              		.cfi_startproc
 2542              		@ args = 0, pretend = 0, frame = 0
 2543              		@ frame_needed = 0, uses_anonymous_args = 0
 164:effect.cpp    ****     dftTimeBufferA = (float*)sdram_alloc(DFT_WINDOW_SAMPLES * sizeof(float));
 2544              		.loc 2 164 1 is_stmt 0 view .LVU636
 2545 0000 38B5     		push	{r3, r4, r5, lr}
 2546              		.cfi_def_cfa_offset 16
 2547              		.cfi_offset 3, -16
 2548              		.cfi_offset 4, -12
 2549              		.cfi_offset 5, -8
 2550              		.cfi_offset 14, -4
 164:effect.cpp    ****     dftTimeBufferA = (float*)sdram_alloc(DFT_WINDOW_SAMPLES * sizeof(float));
 2551              		.loc 2 164 1 view .LVU637
 2552 0002 0446     		mov	r4, r0
 2553              	.LVL188:
 2554              	.LBB400:
 2555              	.LBB401:
 2556              	.LBI401:
 108:effect.hpp    ****     virtual void apply(const float* in, float* out, size_t samples) = 0;
 2557              		.loc 1 108 5 is_stmt 1 view .LVU638
 2558              	.LBB402:
 2559              	.LBB403:
 2560              	.LBI403:
  20:effect.hpp    ****     EffectParameter(const char* name, T initialValue) : value(initialValue), name(name) {};
 2561              		.loc 1 20 5 view .LVU639
  20:effect.hpp    ****     EffectParameter(const char* name, T initialValue) : value(initialValue), name(name) {};
 2562              		.loc 1 20 5 is_stmt 0 view .LVU640
 2563              	.LBE403:
 2564              	.LBE402:
 2565              	.LBE401:
 164:effect.cpp    ****     dftTimeBufferA = (float*)sdram_alloc(DFT_WINDOW_SAMPLES * sizeof(float));
 2566              		.loc 2 164 88 view .LVU641
 2567 0004 0025     		movs	r5, #0
 2568 0006 114B     		ldr	r3, .L190
 2569 0008 4FF48022 		mov	r2, #262144
 2570              	.LBB405:
 2571              	.LBB404:
 108:effect.hpp    ****     virtual void apply(const float* in, float* out, size_t samples) = 0;
 2572              		.loc 1 108 40 view .LVU642
 2573 000c 0174     		strb	r1, [r0, #16]
 2574              	.LVL189:
 108:effect.hpp    ****     virtual void apply(const float* in, float* out, size_t samples) = 0;
 2575              		.loc 1 108 40 view .LVU643
 2576              	.LBE404:
 2577              	.LBE405:
 164:effect.cpp    ****     dftTimeBufferA = (float*)sdram_alloc(DFT_WINDOW_SAMPLES * sizeof(float));
 2578              		.loc 2 164 88 view .LVU644
 2579 000e 2946     		mov	r1, r5
 2580              	.LVL190:
 164:effect.cpp    ****     dftTimeBufferA = (float*)sdram_alloc(DFT_WINDOW_SAMPLES * sizeof(float));
 2581              		.loc 2 164 88 view .LVU645
ARM GAS  C:\Users\FINNDY~1\AppData\Local\Temp\cc0ACJmL.s 			page 102


 2582 0010 0360     		str	r3, [r0]
 2583 0012 2430     		adds	r0, r0, #36
 2584              	.LVL191:
 164:effect.cpp    ****     dftTimeBufferA = (float*)sdram_alloc(DFT_WINDOW_SAMPLES * sizeof(float));
 2585              		.loc 2 164 88 view .LVU646
 2586 0014 2577     		strb	r5, [r4, #28]
 2587 0016 2562     		str	r5, [r4, #32]
 2588 0018 FFF7FEFF 		bl	memset
 2589              	.LVL192:
 164:effect.cpp    ****     dftTimeBufferA = (float*)sdram_alloc(DFT_WINDOW_SAMPLES * sizeof(float));
 2590              		.loc 2 164 88 view .LVU647
 2591 001c 04F58023 		add	r3, r4, #262144
 2592 0020 0022     		movs	r2, #0
 165:effect.cpp    ****     dftTimeBufferB = (float*)sdram_alloc(DFT_WINDOW_SAMPLES * sizeof(float));
 2593              		.loc 2 165 41 view .LVU648
 2594 0022 2946     		mov	r1, r5
 164:effect.cpp    ****     dftTimeBufferA = (float*)sdram_alloc(DFT_WINDOW_SAMPLES * sizeof(float));
 2595              		.loc 2 164 88 view .LVU649
 2596 0024 83F82450 		strb	r5, [r3, #36]
 165:effect.cpp    ****     dftTimeBufferB = (float*)sdram_alloc(DFT_WINDOW_SAMPLES * sizeof(float));
 2597              		.loc 2 165 41 view .LVU650
 2598 0028 4FF40030 		mov	r0, #131072
 164:effect.cpp    ****     dftTimeBufferA = (float*)sdram_alloc(DFT_WINDOW_SAMPLES * sizeof(float));
 2599              		.loc 2 164 88 view .LVU651
 2600 002c 9A62     		str	r2, [r3, #40]	@ float
 165:effect.cpp    ****     dftTimeBufferB = (float*)sdram_alloc(DFT_WINDOW_SAMPLES * sizeof(float));
 2601              		.loc 2 165 5 is_stmt 1 view .LVU652
 165:effect.cpp    ****     dftTimeBufferB = (float*)sdram_alloc(DFT_WINDOW_SAMPLES * sizeof(float));
 2602              		.loc 2 165 41 is_stmt 0 view .LVU653
 2603 002e FFF7FEFF 		bl	_Z11sdram_allocjb
 2604              	.LVL193:
 2605 0032 0346     		mov	r3, r0
 166:effect.cpp    ****     enabled = EffectParameter<bool>("> Tuner", false);
 2606              		.loc 2 166 41 view .LVU654
 2607 0034 2946     		mov	r1, r5
 2608 0036 4FF40030 		mov	r0, #131072
 165:effect.cpp    ****     dftTimeBufferB = (float*)sdram_alloc(DFT_WINDOW_SAMPLES * sizeof(float));
 2609              		.loc 2 165 20 view .LVU655
 2610 003a 6361     		str	r3, [r4, #20]
 166:effect.cpp    ****     enabled = EffectParameter<bool>("> Tuner", false);
 2611              		.loc 2 166 5 is_stmt 1 view .LVU656
 166:effect.cpp    ****     enabled = EffectParameter<bool>("> Tuner", false);
 2612              		.loc 2 166 41 is_stmt 0 view .LVU657
 2613 003c FFF7FEFF 		bl	_Z11sdram_allocjb
 2614              	.LVL194:
 167:effect.cpp    **** }
 2615              		.loc 2 167 13 view .LVU658
 2616 0040 034B     		ldr	r3, .L190+4
 166:effect.cpp    ****     enabled = EffectParameter<bool>("> Tuner", false);
 2617              		.loc 2 166 20 view .LVU659
 2618 0042 A061     		str	r0, [r4, #24]
 167:effect.cpp    **** }
 2619              		.loc 2 167 5 is_stmt 1 view .LVU660
 2620              	.LVL195:
 2621              	.LBB406:
 2622              	.LBI406:
  21:effect.hpp    **** };
ARM GAS  C:\Users\FINNDY~1\AppData\Local\Temp\cc0ACJmL.s 			page 103


 2623              		.loc 1 21 5 view .LVU661
  21:effect.hpp    **** };
 2624              		.loc 1 21 5 is_stmt 0 view .LVU662
 2625              	.LBE406:
 2626              	.LBE400:
 168:effect.cpp    **** 
 2627              		.loc 2 168 1 view .LVU663
 2628 0044 2046     		mov	r0, r4
 2629              	.LBB407:
 167:effect.cpp    **** }
 2630              		.loc 2 167 13 view .LVU664
 2631 0046 2571     		strb	r5, [r4, #4]
 2632 0048 A360     		str	r3, [r4, #8]
 2633              	.LBE407:
 168:effect.cpp    **** 
 2634              		.loc 2 168 1 view .LVU665
 2635 004a 38BD     		pop	{r3, r4, r5, pc}
 2636              	.LVL196:
 2637              	.L191:
 168:effect.cpp    **** 
 2638              		.loc 2 168 1 view .LVU666
 2639              		.align	2
 2640              	.L190:
 2641 004c 08000000 		.word	.LANCHOR5+8
 2642 0050 00000000 		.word	.LC4
 2643              		.cfi_endproc
 2644              	.LFE6795:
 2646              		.global	_ZN5TunerC1Eb
 2647              		.thumb_set _ZN5TunerC1Eb,_ZN5TunerC2Eb
 2648              		.section	.rodata._ZN6ReverbC2Eb.str1.4,"aMS",%progbits,1
 2649              		.align	2
 2650              	.LC5:
 2651 0000 52657665 		.ascii	"Reverb Depth\000"
 2651      72622044 
 2651      65707468 
 2651      00
 2652 000d 000000   		.align	2
 2653              	.LC6:
 2654 0010 52657665 		.ascii	"Reverb Mix\000"
 2654      7262204D 
 2654      697800
 2655 001b 00       		.align	2
 2656              	.LC7:
 2657 001c 3E205265 		.ascii	"> Reverb\000"
 2657      76657262 
 2657      00
 2658              		.section	.text._ZN6ReverbC2Eb,"ax",%progbits
 2659              		.align	1
 2660              		.p2align 2,,3
 2661              		.global	_ZN6ReverbC2Eb
 2662              		.syntax unified
 2663              		.thumb
 2664              		.thumb_func
 2665              		.fpu fpv5-d16
 2667              	_ZN6ReverbC2Eb:
 2668              	.LVL197:
 2669              	.LFB6800:
ARM GAS  C:\Users\FINNDY~1\AppData\Local\Temp\cc0ACJmL.s 			page 104


 225:effect.cpp    ****     
 2670              		.loc 2 225 1 is_stmt 1 view -0
 2671              		.cfi_startproc
 2672              		@ args = 0, pretend = 0, frame = 40
 2673              		@ frame_needed = 0, uses_anonymous_args = 0
 2674              	.LBB408:
 2675              	.LBB409:
 2676              	.LBB410:
  21:effect.hpp    **** };
 2677              		.loc 1 21 87 is_stmt 0 view .LVU668
 2678 0000 4FF07C53 		mov	r3, #1056964608
 2679              	.LBE410:
 2680              	.LBE409:
 2681              	.LBB414:
 2682              	.LBB415:
 2683 0004 4FF07E52 		mov	r2, #1065353216
 2684              	.LBE415:
 2685              	.LBE414:
 227:effect.cpp    ****     combFilters[1] = CombFilter(0.1041f, 0.733f);
 2686              		.loc 2 227 45 view .LVU669
 2687 0008 DFED4B0A 		vldr.32	s1, .L194
 2688 000c 9FED4B0A 		vldr.32	s0, .L194+4
 2689              	.LBE408:
 225:effect.cpp    ****     
 2690              		.loc 2 225 1 view .LVU670
 2691 0010 70B5     		push	{r4, r5, r6, lr}
 2692              		.cfi_def_cfa_offset 16
 2693              		.cfi_offset 4, -16
 2694              		.cfi_offset 5, -12
 2695              		.cfi_offset 6, -8
 2696              		.cfi_offset 14, -4
 2697 0012 2DED028B 		vpush.64	{d8}
 2698              		.cfi_def_cfa_offset 24
 2699              		.cfi_offset 80, -24
 2700              		.cfi_offset 81, -20
 2701              	.LBB433:
 2702              	.LBB419:
 2703              	.LBB411:
  21:effect.hpp    **** };
 2704              		.loc 1 21 87 view .LVU671
 2705 0016 C0F8DC30 		str	r3, [r0, #220]	@ float
 2706              	.LBE411:
 2707              	.LBE419:
 2708              	.LBE433:
 225:effect.cpp    ****     
 2709              		.loc 2 225 1 view .LVU672
 2710 001a 8AB0     		sub	sp, sp, #40
 2711              		.cfi_def_cfa_offset 64
 2712              	.LBB434:
 2713              	.LBB420:
 2714              	.LBB412:
  21:effect.hpp    **** };
 2715              		.loc 1 21 87 view .LVU673
 2716 001c 484B     		ldr	r3, .L194+8
 2717              	.LBE412:
 2718              	.LBE420:
 2719              	.LBE434:
ARM GAS  C:\Users\FINNDY~1\AppData\Local\Temp\cc0ACJmL.s 			page 105


 225:effect.cpp    ****     
 2720              		.loc 2 225 1 view .LVU674
 2721 001e 0446     		mov	r4, r0
 2722              	.LVL198:
 2723              	.LBB435:
 2724              	.LBB421:
 2725              	.LBI421:
 108:effect.hpp    ****     virtual void apply(const float* in, float* out, size_t samples) = 0;
 2726              		.loc 1 108 5 is_stmt 1 view .LVU675
 2727              	.LBB422:
 2728              	.LBB423:
 2729              	.LBI423:
  20:effect.hpp    ****     EffectParameter(const char* name, T initialValue) : value(initialValue), name(name) {};
 2730              		.loc 1 20 5 view .LVU676
  20:effect.hpp    ****     EffectParameter(const char* name, T initialValue) : value(initialValue), name(name) {};
 2731              		.loc 1 20 5 is_stmt 0 view .LVU677
 2732              	.LBE423:
 108:effect.hpp    ****     virtual void apply(const float* in, float* out, size_t samples) = 0;
 2733              		.loc 1 108 40 view .LVU678
 2734 0020 0025     		movs	r5, #0
 2735              	.LBE422:
 2736              	.LBE421:
 2737              	.LBB425:
 2738              	.LBB416:
  21:effect.hpp    **** };
 2739              		.loc 1 21 87 view .LVU679
 2740 0022 C0F8E820 		str	r2, [r0, #232]	@ float
 2741              	.LBE416:
 2742              	.LBE425:
 2743              	.LBB426:
 2744              	.LBB413:
 2745 0026 C0F8E030 		str	r3, [r0, #224]
 2746              	.LBE413:
 2747              	.LBE426:
 2748              	.LBB427:
 2749              	.LBB417:
 2750 002a 464B     		ldr	r3, .L194+12
 2751              	.LBE417:
 2752              	.LBE427:
 2753              	.LBB428:
 2754              	.LBB424:
 108:effect.hpp    ****     virtual void apply(const float* in, float* out, size_t samples) = 0;
 2755              		.loc 1 108 40 view .LVU680
 2756 002c 0574     		strb	r5, [r0, #16]
 2757              	.LVL199:
 108:effect.hpp    ****     virtual void apply(const float* in, float* out, size_t samples) = 0;
 2758              		.loc 1 108 40 view .LVU681
 2759              	.LBE424:
 2760              	.LBE428:
 2761              	.LBB429:
 2762              	.LBB418:
  21:effect.hpp    **** };
 2763              		.loc 1 21 87 view .LVU682
 2764 002e C0F8EC30 		str	r3, [r0, #236]
 2765              	.LBE418:
 2766              	.LBE429:
 227:effect.cpp    ****     combFilters[1] = CombFilter(0.1041f, 0.733f);
ARM GAS  C:\Users\FINNDY~1\AppData\Local\Temp\cc0ACJmL.s 			page 106


 2767              		.loc 2 227 45 view .LVU683
 2768 0032 01A8     		add	r0, sp, #4
 2769              	.LVL200:
 225:effect.cpp    ****     
 2770              		.loc 2 225 43 view .LVU684
 2771 0034 444B     		ldr	r3, .L194+16
 232:effect.cpp    ****     allPassFilters[1] = AllPassFilter(0.007021f, 0.7f);
 2772              		.loc 2 232 52 view .LVU685
 2773 0036 9FED458A 		vldr.32	s16, .L194+20
 225:effect.cpp    ****     
 2774              		.loc 2 225 43 view .LVU686
 2775 003a 2360     		str	r3, [r4]
 225:effect.cpp    ****     
 2776              		.loc 2 225 43 is_stmt 1 view .LVU687
 225:effect.cpp    ****     
 2777              		.loc 2 225 43 view .LVU688
 2778              	.LVL201:
 2779              	.LBB430:
 2780              	.LBI409:
  21:effect.hpp    **** };
 2781              		.loc 1 21 5 view .LVU689
  21:effect.hpp    **** };
 2782              		.loc 1 21 5 is_stmt 0 view .LVU690
 2783              	.LBE430:
 2784              	.LBB431:
 2785              	.LBI414:
  21:effect.hpp    **** };
 2786              		.loc 1 21 5 is_stmt 1 view .LVU691
  21:effect.hpp    **** };
 2787              		.loc 1 21 5 is_stmt 0 view .LVU692
 2788              	.LBE431:
 227:effect.cpp    ****     combFilters[1] = CombFilter(0.1041f, 0.733f);
 2789              		.loc 2 227 5 is_stmt 1 view .LVU693
 227:effect.cpp    ****     combFilters[1] = CombFilter(0.1041f, 0.733f);
 2790              		.loc 2 227 45 is_stmt 0 view .LVU694
 2791 003c FFF7FEFF 		bl	_ZN10CombFilterC1Eff
 2792              	.LVL202:
 227:effect.cpp    ****     combFilters[1] = CombFilter(0.1041f, 0.733f);
 2793              		.loc 2 227 20 view .LVU695
 2794 0040 0DF1040E 		add	lr, sp, #4
 2795 0044 04F1140C 		add	ip, r4, #20
 228:effect.cpp    ****     combFilters[2] = CombFilter(0.1125f, 0.715f);
 2796              		.loc 2 228 48 view .LVU696
 2797 0048 DFED410A 		vldr.32	s1, .L194+24
 2798 004c 9FED410A 		vldr.32	s0, .L194+28
 235:effect.cpp    **** 
 2799              		.loc 2 235 13 view .LVU697
 2800 0050 414E     		ldr	r6, .L194+32
 227:effect.cpp    ****     combFilters[1] = CombFilter(0.1041f, 0.733f);
 2801              		.loc 2 227 20 view .LVU698
 2802 0052 BEE80F00 		ldmia	lr!, {r0, r1, r2, r3}
 2803 0056 ACE80F00 		stmia	ip!, {r0, r1, r2, r3}
 2804 005a 9EE80F00 		ldm	lr, {r0, r1, r2, r3}
 2805 005e 8CE80F00 		stm	ip, {r0, r1, r2, r3}
 228:effect.cpp    ****     combFilters[2] = CombFilter(0.1125f, 0.715f);
 2806              		.loc 2 228 5 is_stmt 1 view .LVU699
 228:effect.cpp    ****     combFilters[2] = CombFilter(0.1125f, 0.715f);
ARM GAS  C:\Users\FINNDY~1\AppData\Local\Temp\cc0ACJmL.s 			page 107


 2807              		.loc 2 228 48 is_stmt 0 view .LVU700
 2808 0062 01A8     		add	r0, sp, #4
 2809 0064 FFF7FEFF 		bl	_ZN10CombFilterC1Eff
 2810              	.LVL203:
 228:effect.cpp    ****     combFilters[2] = CombFilter(0.1125f, 0.715f);
 2811              		.loc 2 228 20 view .LVU701
 2812 0068 0DF1040E 		add	lr, sp, #4
 2813 006c 04F1340C 		add	ip, r4, #52
 229:effect.cpp    ****     combFilters[3] = CombFilter(0.1209f, 0.697f);
 2814              		.loc 2 229 48 view .LVU702
 2815 0070 DFED3A0A 		vldr.32	s1, .L194+36
 2816 0074 9FED3A0A 		vldr.32	s0, .L194+40
 228:effect.cpp    ****     combFilters[2] = CombFilter(0.1125f, 0.715f);
 2817              		.loc 2 228 20 view .LVU703
 2818 0078 BEE80F00 		ldmia	lr!, {r0, r1, r2, r3}
 2819 007c ACE80F00 		stmia	ip!, {r0, r1, r2, r3}
 2820 0080 9EE80F00 		ldm	lr, {r0, r1, r2, r3}
 2821 0084 8CE80F00 		stm	ip, {r0, r1, r2, r3}
 229:effect.cpp    ****     combFilters[3] = CombFilter(0.1209f, 0.697f);
 2822              		.loc 2 229 5 is_stmt 1 view .LVU704
 229:effect.cpp    ****     combFilters[3] = CombFilter(0.1209f, 0.697f);
 2823              		.loc 2 229 48 is_stmt 0 view .LVU705
 2824 0088 01A8     		add	r0, sp, #4
 2825 008a FFF7FEFF 		bl	_ZN10CombFilterC1Eff
 2826              	.LVL204:
 229:effect.cpp    ****     combFilters[3] = CombFilter(0.1209f, 0.697f);
 2827              		.loc 2 229 20 view .LVU706
 2828 008e 0DF1040E 		add	lr, sp, #4
 2829 0092 04F1540C 		add	ip, r4, #84
 230:effect.cpp    **** 
 2830              		.loc 2 230 48 view .LVU707
 2831 0096 DFED330A 		vldr.32	s1, .L194+44
 2832 009a 9FED330A 		vldr.32	s0, .L194+48
 229:effect.cpp    ****     combFilters[3] = CombFilter(0.1209f, 0.697f);
 2833              		.loc 2 229 20 view .LVU708
 2834 009e BEE80F00 		ldmia	lr!, {r0, r1, r2, r3}
 2835 00a2 ACE80F00 		stmia	ip!, {r0, r1, r2, r3}
 2836 00a6 9EE80F00 		ldm	lr, {r0, r1, r2, r3}
 2837 00aa 8CE80F00 		stm	ip, {r0, r1, r2, r3}
 230:effect.cpp    **** 
 2838              		.loc 2 230 5 is_stmt 1 view .LVU709
 230:effect.cpp    **** 
 2839              		.loc 2 230 48 is_stmt 0 view .LVU710
 2840 00ae 01A8     		add	r0, sp, #4
 2841 00b0 FFF7FEFF 		bl	_ZN10CombFilterC1Eff
 2842              	.LVL205:
 230:effect.cpp    **** 
 2843              		.loc 2 230 20 view .LVU711
 2844 00b4 0DF1040E 		add	lr, sp, #4
 2845 00b8 04F1740C 		add	ip, r4, #116
 232:effect.cpp    ****     allPassFilters[1] = AllPassFilter(0.007021f, 0.7f);
 2846              		.loc 2 232 52 view .LVU712
 2847 00bc F0EE480A 		vmov.f32	s1, s16
 2848 00c0 9FED2A0A 		vldr.32	s0, .L194+52
 230:effect.cpp    **** 
 2849              		.loc 2 230 20 view .LVU713
 2850 00c4 BEE80F00 		ldmia	lr!, {r0, r1, r2, r3}
ARM GAS  C:\Users\FINNDY~1\AppData\Local\Temp\cc0ACJmL.s 			page 108


 2851 00c8 ACE80F00 		stmia	ip!, {r0, r1, r2, r3}
 2852 00cc 9EE80F00 		ldm	lr, {r0, r1, r2, r3}
 2853 00d0 8CE80F00 		stm	ip, {r0, r1, r2, r3}
 232:effect.cpp    ****     allPassFilters[1] = AllPassFilter(0.007021f, 0.7f);
 2854              		.loc 2 232 5 is_stmt 1 view .LVU714
 232:effect.cpp    ****     allPassFilters[1] = AllPassFilter(0.007021f, 0.7f);
 2855              		.loc 2 232 52 is_stmt 0 view .LVU715
 2856 00d4 01A8     		add	r0, sp, #4
 2857 00d6 FFF7FEFF 		bl	_ZN13AllPassFilterC1Eff
 2858              	.LVL206:
 232:effect.cpp    ****     allPassFilters[1] = AllPassFilter(0.007021f, 0.7f);
 2859              		.loc 2 232 23 view .LVU716
 2860 00da 0DF1040E 		add	lr, sp, #4
 2861 00de 04F1940C 		add	ip, r4, #148
 233:effect.cpp    **** 
 2862              		.loc 2 233 54 view .LVU717
 2863 00e2 F0EE480A 		vmov.f32	s1, s16
 2864 00e6 9FED220A 		vldr.32	s0, .L194+56
 232:effect.cpp    ****     allPassFilters[1] = AllPassFilter(0.007021f, 0.7f);
 2865              		.loc 2 232 23 view .LVU718
 2866 00ea BEE80F00 		ldmia	lr!, {r0, r1, r2, r3}
 2867 00ee ACE80F00 		stmia	ip!, {r0, r1, r2, r3}
 2868 00f2 BEE80F00 		ldmia	lr!, {r0, r1, r2, r3}
 2869 00f6 ACE80F00 		stmia	ip!, {r0, r1, r2, r3}
 2870 00fa DEF80030 		ldr	r3, [lr]
 233:effect.cpp    **** 
 2871              		.loc 2 233 54 view .LVU719
 2872 00fe 01A8     		add	r0, sp, #4
 232:effect.cpp    ****     allPassFilters[1] = AllPassFilter(0.007021f, 0.7f);
 2873              		.loc 2 232 23 view .LVU720
 2874 0100 CCF80030 		str	r3, [ip]
 233:effect.cpp    **** 
 2875              		.loc 2 233 5 is_stmt 1 view .LVU721
 233:effect.cpp    **** 
 2876              		.loc 2 233 54 is_stmt 0 view .LVU722
 2877 0104 FFF7FEFF 		bl	_ZN13AllPassFilterC1Eff
 2878              	.LVL207:
 233:effect.cpp    **** 
 2879              		.loc 2 233 23 view .LVU723
 2880 0108 0DF1040C 		add	ip, sp, #4
 2881 010c 04F1B80E 		add	lr, r4, #184
 2882 0110 BCE80F00 		ldmia	ip!, {r0, r1, r2, r3}
 2883 0114 AEE80F00 		stmia	lr!, {r0, r1, r2, r3}
 2884 0118 BCE80F00 		ldmia	ip!, {r0, r1, r2, r3}
 2885 011c AEE80F00 		stmia	lr!, {r0, r1, r2, r3}
 2886 0120 DCF80030 		ldr	r3, [ip]
 2887              	.LBE435:
 237:effect.cpp    **** 
 2888              		.loc 2 237 1 view .LVU724
 2889 0124 2046     		mov	r0, r4
 2890              	.LBB436:
 233:effect.cpp    **** 
 2891              		.loc 2 233 23 view .LVU725
 2892 0126 CEF80030 		str	r3, [lr]
 235:effect.cpp    **** 
 2893              		.loc 2 235 5 is_stmt 1 view .LVU726
 2894              	.LVL208:
ARM GAS  C:\Users\FINNDY~1\AppData\Local\Temp\cc0ACJmL.s 			page 109


 2895              	.LBB432:
 2896              	.LBI432:
  21:effect.hpp    **** };
 2897              		.loc 1 21 5 view .LVU727
  21:effect.hpp    **** };
 2898              		.loc 1 21 5 is_stmt 0 view .LVU728
 2899              	.LBE432:
 235:effect.cpp    **** 
 2900              		.loc 2 235 13 view .LVU729
 2901 012a 2571     		strb	r5, [r4, #4]
 2902 012c A660     		str	r6, [r4, #8]
 2903              	.LBE436:
 237:effect.cpp    **** 
 2904              		.loc 2 237 1 view .LVU730
 2905 012e 0AB0     		add	sp, sp, #40
 2906              		.cfi_def_cfa_offset 24
 2907              		@ sp needed
 2908 0130 BDEC028B 		vldm	sp!, {d8}
 2909              		.cfi_restore 80
 2910              		.cfi_restore 81
 2911              		.cfi_def_cfa_offset 16
 2912 0134 70BD     		pop	{r4, r5, r6, pc}
 2913              	.LVL209:
 2914              	.L195:
 237:effect.cpp    **** 
 2915              		.loc 2 237 1 view .LVU731
 2916 0136 00BF     		.align	2
 2917              	.L194:
 2918 0138 B6F33D3F 		.word	1061024694
 2919 013c CDCCCC3D 		.word	1036831949
 2920 0140 00000000 		.word	.LC5
 2921 0144 10000000 		.word	.LC6
 2922 0148 08000000 		.word	.LANCHOR6+8
 2923 014c 3333333F 		.word	1060320051
 2924 0150 E3A53B3F 		.word	1060873699
 2925 0154 6132D53D 		.word	1037382241
 2926 0158 1C000000 		.word	.LC7
 2927 015c 3D0A373F 		.word	1060571709
 2928 0160 6666E63D 		.word	1038509670
 2929 0164 986E323F 		.word	1060269720
 2930 0168 6B9AF73D 		.word	1039637099
 2931 016c A167B33C 		.word	1018390433
 2932 0170 6B10E63B 		.word	1004933227
 2933              		.cfi_endproc
 2934              	.LFE6800:
 2936              		.global	_ZN6ReverbC1Eb
 2937              		.thumb_set _ZN6ReverbC1Eb,_ZN6ReverbC2Eb
 2938              		.section	.rodata._ZN6ChorusC2Ebf.str1.4,"aMS",%progbits,1
 2939              		.align	2
 2940              	.LC8:
 2941 0000 43686F72 		.ascii	"Chorus Rate\000"
 2941      75732052 
 2941      61746500 
 2942              		.align	2
 2943              	.LC9:
 2944 000c 43686F72 		.ascii	"Chorus Depth\000"
 2944      75732044 
ARM GAS  C:\Users\FINNDY~1\AppData\Local\Temp\cc0ACJmL.s 			page 110


 2944      65707468 
 2944      00
 2945 0019 000000   		.align	2
 2946              	.LC10:
 2947 001c 43686F72 		.ascii	"Chorus Mix\000"
 2947      7573204D 
 2947      697800
 2948 0027 00       		.align	2
 2949              	.LC11:
 2950 0028 3E204368 		.ascii	"> Chorus\000"
 2950      6F727573 
 2950      00
 2951              		.section	.text._ZN6ChorusC2Ebf,"ax",%progbits
 2952              		.align	1
 2953              		.p2align 2,,3
 2954              		.global	_ZN6ChorusC2Ebf
 2955              		.syntax unified
 2956              		.thumb
 2957              		.thumb_func
 2958              		.fpu fpv5-d16
 2960              	_ZN6ChorusC2Ebf:
 2961              	.LVL210:
 2962              	.LFB6805:
 264:effect.cpp    ****     osc.Init(SAMPLE_RATE);
 2963              		.loc 2 264 1 is_stmt 1 view -0
 2964              		.cfi_startproc
 2965              		@ args = 0, pretend = 0, frame = 16
 2966              		@ frame_needed = 0, uses_anonymous_args = 0
 2967              	.LBB463:
 264:effect.cpp    ****     osc.Init(SAMPLE_RATE);
 2968              		.loc 2 264 60 is_stmt 0 view .LVU733
 2969 0000 2C4B     		ldr	r3, .L198
 2970              	.LBB464:
 2971              	.LBB465:
  21:effect.hpp    **** };
 2972              		.loc 1 21 87 view .LVU734
 2973 0002 4FF07E52 		mov	r2, #1065353216
 2974              	.LBE465:
 2975              	.LBE464:
 2976              	.LBB469:
 2977              	.LBB470:
  54:../../DaisySP/Source/Synthesis/oscillator.h ****         amp_       = 0.5f;
 2978              		.loc 3 54 20 view .LVU735
 2979 0006 DFED2C7A 		vldr.32	s15, .L198+4
 2980              	.LBE470:
 2981              	.LBE469:
 2982              	.LBE463:
 264:effect.cpp    ****     osc.Init(SAMPLE_RATE);
 2983              		.loc 2 264 1 view .LVU736
 2984 000a F0B5     		push	{r4, r5, r6, r7, lr}
 2985              		.cfi_def_cfa_offset 20
 2986              		.cfi_offset 4, -20
 2987              		.cfi_offset 5, -16
 2988              		.cfi_offset 6, -12
 2989              		.cfi_offset 7, -8
 2990              		.cfi_offset 14, -4
 2991 000c 2DED028B 		vpush.64	{d8}
ARM GAS  C:\Users\FINNDY~1\AppData\Local\Temp\cc0ACJmL.s 			page 111


 2992              		.cfi_def_cfa_offset 28
 2993              		.cfi_offset 80, -28
 2994              		.cfi_offset 81, -24
 2995              	.LBB525:
 264:effect.cpp    ****     osc.Init(SAMPLE_RATE);
 2996              		.loc 2 264 60 view .LVU737
 2997 0010 0360     		str	r3, [r0]
 2998              	.LBE525:
 264:effect.cpp    ****     osc.Init(SAMPLE_RATE);
 2999              		.loc 2 264 1 view .LVU738
 3000 0012 0446     		mov	r4, r0
 3001              	.LVL211:
 3002              	.LBB526:
 3003              	.LBB481:
 3004              	.LBI481:
 108:effect.hpp    ****     virtual void apply(const float* in, float* out, size_t samples) = 0;
 3005              		.loc 1 108 5 is_stmt 1 view .LVU739
 3006              	.LBB482:
 3007              	.LBB483:
 3008              	.LBI483:
  20:effect.hpp    ****     EffectParameter(const char* name, T initialValue) : value(initialValue), name(name) {};
 3009              		.loc 1 20 5 view .LVU740
  20:effect.hpp    ****     EffectParameter(const char* name, T initialValue) : value(initialValue), name(name) {};
 3010              		.loc 1 20 5 is_stmt 0 view .LVU741
 3011              	.LBE483:
 3012              	.LBE482:
 3013              	.LBE481:
 3014              	.LBB485:
 3015              	.LBB486:
  21:effect.hpp    **** };
 3016              		.loc 1 21 87 view .LVU742
 3017 0014 294B     		ldr	r3, .L198+8
 3018              	.LBE486:
 3019              	.LBE485:
 3020              	.LBB490:
 3021              	.LBB471:
  55:../../DaisySP/Source/Synthesis/oscillator.h ****         pw_        = 0.5f;
 3022              		.loc 3 55 20 view .LVU743
 3023 0016 4FF07C55 		mov	r5, #1056964608
 3024              	.LBE471:
 3025              	.LBE490:
 3026              	.LBB491:
 3027              	.LBB466:
  21:effect.hpp    **** };
 3028              		.loc 1 21 87 view .LVU744
 3029 001a 0267     		str	r2, [r0, #112]	@ float
 3030              	.LBE466:
 3031              	.LBE491:
 3032              	.LBE526:
 264:effect.cpp    ****     osc.Init(SAMPLE_RATE);
 3033              		.loc 2 264 1 view .LVU745
 3034 001c B0EE408A 		vmov.f32	s16, s0
 3035              	.LBB527:
 3036              	.LBB492:
 3037              	.LBB487:
  21:effect.hpp    **** };
 3038              		.loc 1 21 87 view .LVU746
ARM GAS  C:\Users\FINNDY~1\AppData\Local\Temp\cc0ACJmL.s 			page 112


 3039 0020 8365     		str	r3, [r0, #88]	@ float
 3040              	.LBE487:
 3041              	.LBE492:
 3042              	.LBE527:
 264:effect.cpp    ****     osc.Init(SAMPLE_RATE);
 3043              		.loc 2 264 1 view .LVU747
 3044 0022 85B0     		sub	sp, sp, #20
 3045              		.cfi_def_cfa_offset 48
 3046              	.LBB528:
 3047              	.LBB493:
 3048              	.LBB494:
  21:effect.hpp    **** };
 3049              		.loc 1 21 87 view .LVU748
 3050 0024 264B     		ldr	r3, .L198+12
 3051              	.LBE494:
 3052              	.LBE493:
 3053              	.LBB498:
 3054              	.LBB472:
  58:../../DaisySP/Source/Synthesis/oscillator.h ****         waveform_  = WAVE_SIN;
 3055              		.loc 3 58 34 view .LVU749
 3056 0026 B0EE670A 		vmov.f32	s0, s15
 3057              	.LVL212:
  58:../../DaisySP/Source/Synthesis/oscillator.h ****         waveform_  = WAVE_SIN;
 3058              		.loc 3 58 34 view .LVU750
 3059              	.LBE472:
 3060              	.LBE498:
 3061              	.LBB499:
 3062              	.LBB488:
  21:effect.hpp    **** };
 3063              		.loc 1 21 87 view .LVU751
 3064 002a 264A     		ldr	r2, .L198+16
 3065              	.LBE488:
 3066              	.LBE499:
 3067              	.LBB500:
 3068              	.LBB473:
  58:../../DaisySP/Source/Synthesis/oscillator.h ****         waveform_  = WAVE_SIN;
 3069              		.loc 3 58 34 view .LVU752
 3070 002c 1430     		adds	r0, r0, #20
 3071              	.LVL213:
  58:../../DaisySP/Source/Synthesis/oscillator.h ****         waveform_  = WAVE_SIN;
 3072              		.loc 3 58 34 view .LVU753
 3073              	.LBE473:
 3074              	.LBE500:
 3075              	.LBB501:
 3076              	.LBB495:
  21:effect.hpp    **** };
 3077              		.loc 1 21 87 view .LVU754
 3078 002e 0365     		str	r3, [r0, #80]	@ float
 3079              	.LBE495:
 3080              	.LBE501:
 3081              	.LBB502:
 3082              	.LBB474:
  59:../../DaisySP/Source/Synthesis/oscillator.h ****         eoc_       = true;
 3083              		.loc 3 59 20 view .LVU755
 3084 0030 0026     		movs	r6, #0
 3085              	.LBE474:
 3086              	.LBE502:
ARM GAS  C:\Users\FINNDY~1\AppData\Local\Temp\cc0ACJmL.s 			page 113


 3087              	.LBB503:
 3088              	.LBB467:
  21:effect.hpp    **** };
 3089              		.loc 1 21 87 view .LVU756
 3090 0032 254B     		ldr	r3, .L198+20
 3091              	.LBE467:
 3092              	.LBE503:
 3093              	.LBB504:
 3094              	.LBB484:
 108:effect.hpp    ****     virtual void apply(const float* in, float* out, size_t samples) = 0;
 3095              		.loc 1 108 40 view .LVU757
 3096 0034 00F8041C 		strb	r1, [r0, #-4]
 3097              	.LVL214:
 108:effect.hpp    ****     virtual void apply(const float* in, float* out, size_t samples) = 0;
 3098              		.loc 1 108 40 view .LVU758
 3099              	.LBE484:
 3100              	.LBE504:
 3101              	.LBB505:
 3102              	.LBI505:
  23:../../DaisySP/Source/Synthesis/oscillator.h ****     ~Oscillator() {}
 3103              		.loc 3 23 5 is_stmt 1 view .LVU759
  23:../../DaisySP/Source/Synthesis/oscillator.h ****     ~Oscillator() {}
 3104              		.loc 3 23 5 is_stmt 0 view .LVU760
 3105              	.LBE505:
 3106              	.LBB506:
 3107              	.LBI506:
 3108              		.loc 9 35 5 is_stmt 1 view .LVU761
 3109              		.loc 9 35 5 is_stmt 0 view .LVU762
 3110              	.LBE506:
 3111              	.LBB507:
 3112              	.LBI485:
  21:effect.hpp    **** };
 3113              		.loc 1 21 5 is_stmt 1 view .LVU763
 3114              	.LBB489:
  21:effect.hpp    **** };
 3115              		.loc 1 21 87 is_stmt 0 view .LVU764
 3116 0038 8264     		str	r2, [r0, #72]
 3117              	.LVL215:
  21:effect.hpp    **** };
 3118              		.loc 1 21 87 view .LVU765
 3119              	.LBE489:
 3120              	.LBE507:
 3121              	.LBB508:
 3122              	.LBI493:
  21:effect.hpp    **** };
 3123              		.loc 1 21 5 is_stmt 1 view .LVU766
 3124              	.LBE508:
 3125              	.LBB509:
 3126              	.LBB468:
  21:effect.hpp    **** };
 3127              		.loc 1 21 87 is_stmt 0 view .LVU767
 3128 003a 0366     		str	r3, [r0, #96]
 3129              	.LBE468:
 3130              	.LBE509:
 3131              	.LBB510:
 3132              	.LBB475:
  57:../../DaisySP/Source/Synthesis/oscillator.h ****         phase_inc_ = CalcPhaseInc(freq_);
ARM GAS  C:\Users\FINNDY~1\AppData\Local\Temp\cc0ACJmL.s 			page 114


 3133              		.loc 3 57 20 view .LVU768
 3134 003c 0023     		movs	r3, #0
  53:../../DaisySP/Source/Synthesis/oscillator.h ****         freq_      = 100.0f;
 3135              		.loc 3 53 20 view .LVU769
 3136 003e 234A     		ldr	r2, .L198+24
  52:../../DaisySP/Source/Synthesis/oscillator.h ****         sr_recip_  = 1.0f / sample_rate;
 3137              		.loc 3 52 20 view .LVU770
 3138 0040 DFED238A 		vldr.32	s17, .L198+28
 3139              	.LBE475:
 3140              	.LBE510:
 3141              	.LBB511:
 3142              	.LBB496:
  21:effect.hpp    **** };
 3143              		.loc 1 21 87 view .LVU771
 3144 0044 2349     		ldr	r1, .L198+32
 3145              	.LVL216:
  21:effect.hpp    **** };
 3146              		.loc 1 21 87 view .LVU772
 3147              	.LBE496:
 3148              	.LBE511:
 274:effect.cpp    ****     
 3149              		.loc 2 274 13 view .LVU773
 3150 0046 244F     		ldr	r7, .L198+36
 3151              	.LBB512:
 3152              	.LBB497:
  21:effect.hpp    **** };
 3153              		.loc 1 21 87 view .LVU774
 3154 0048 4165     		str	r1, [r0, #84]
 3155              	.LVL217:
  21:effect.hpp    **** };
 3156              		.loc 1 21 87 view .LVU775
 3157              	.LBE497:
 3158              	.LBE512:
 3159              	.LBB513:
 3160              	.LBI464:
  21:effect.hpp    **** };
 3161              		.loc 1 21 5 is_stmt 1 view .LVU776
  21:effect.hpp    **** };
 3162              		.loc 1 21 5 is_stmt 0 view .LVU777
 3163              	.LBE513:
 265:effect.cpp    ****     osc.SetWaveform(daisysp::Oscillator::WAVE_SIN);
 3164              		.loc 2 265 5 is_stmt 1 view .LVU778
 3165              	.LBB514:
 3166              	.LBI469:
  50:../../DaisySP/Source/Synthesis/oscillator.h ****     {
 3167              		.loc 3 50 10 view .LVU779
 3168              	.LBB476:
  52:../../DaisySP/Source/Synthesis/oscillator.h ****         sr_recip_  = 1.0f / sample_rate;
 3169              		.loc 3 52 9 view .LVU780
  53:../../DaisySP/Source/Synthesis/oscillator.h ****         freq_      = 100.0f;
 3170              		.loc 3 53 20 is_stmt 0 view .LVU781
 3171 004a A262     		str	r2, [r4, #40]	@ float
  54:../../DaisySP/Source/Synthesis/oscillator.h ****         amp_       = 0.5f;
 3172              		.loc 3 54 20 view .LVU782
 3173 004c C4ED077A 		vstr.32	s15, [r4, #28]
  55:../../DaisySP/Source/Synthesis/oscillator.h ****         pw_        = 0.5f;
 3174              		.loc 3 55 20 view .LVU783
ARM GAS  C:\Users\FINNDY~1\AppData\Local\Temp\cc0ACJmL.s 			page 115


 3175 0050 A561     		str	r5, [r4, #24]	@ float
  56:../../DaisySP/Source/Synthesis/oscillator.h ****         phase_     = 0.0f;
 3176              		.loc 3 56 20 view .LVU784
 3177 0052 2562     		str	r5, [r4, #32]	@ float
  57:../../DaisySP/Source/Synthesis/oscillator.h ****         phase_inc_ = CalcPhaseInc(freq_);
 3178              		.loc 3 57 20 view .LVU785
 3179 0054 E362     		str	r3, [r4, #44]	@ float
  52:../../DaisySP/Source/Synthesis/oscillator.h ****         sr_recip_  = 1.0f / sample_rate;
 3180              		.loc 3 52 20 view .LVU786
 3181 0056 C4ED098A 		vstr.32	s17, [r4, #36]
  53:../../DaisySP/Source/Synthesis/oscillator.h ****         freq_      = 100.0f;
 3182              		.loc 3 53 9 is_stmt 1 view .LVU787
  54:../../DaisySP/Source/Synthesis/oscillator.h ****         amp_       = 0.5f;
 3183              		.loc 3 54 9 view .LVU788
  55:../../DaisySP/Source/Synthesis/oscillator.h ****         pw_        = 0.5f;
 3184              		.loc 3 55 9 view .LVU789
  56:../../DaisySP/Source/Synthesis/oscillator.h ****         phase_     = 0.0f;
 3185              		.loc 3 56 9 view .LVU790
  57:../../DaisySP/Source/Synthesis/oscillator.h ****         phase_inc_ = CalcPhaseInc(freq_);
 3186              		.loc 3 57 9 view .LVU791
  58:../../DaisySP/Source/Synthesis/oscillator.h ****         waveform_  = WAVE_SIN;
 3187              		.loc 3 58 9 view .LVU792
  58:../../DaisySP/Source/Synthesis/oscillator.h ****         waveform_  = WAVE_SIN;
 3188              		.loc 3 58 34 is_stmt 0 view .LVU793
 3189 005a FFF7FEFF 		bl	_ZN7daisysp10Oscillator12CalcPhaseIncEf
 3190              	.LVL218:
  58:../../DaisySP/Source/Synthesis/oscillator.h ****         waveform_  = WAVE_SIN;
 3191              		.loc 3 58 34 view .LVU794
 3192              	.LBE476:
 3193              	.LBE514:
 269:effect.cpp    ****     buffer = CircularBuffer((float*)sdram_alloc(maxDelaySamples * sizeof(float), true), maxDelaySam
 3194              		.loc 2 269 32 view .LVU795
 3195 005e 28EE288A 		vmul.f32	s16, s16, s17
 3196              	.LVL219:
 3197              	.LBB515:
 3198              	.LBB477:
  61:../../DaisySP/Source/Synthesis/oscillator.h ****     }
 3199              		.loc 3 61 20 view .LVU796
 3200 0062 40F20113 		movw	r3, #257
 3201              	.LBE477:
 3202              	.LBE515:
 3203              	.LBB516:
 3204              	.LBB517:
  71:../../DaisySP/Source/Synthesis/oscillator.h ****     }
  72:../../DaisySP/Source/Synthesis/oscillator.h **** 
  73:../../DaisySP/Source/Synthesis/oscillator.h **** 
  74:../../DaisySP/Source/Synthesis/oscillator.h ****     /** Sets the amplitude of the waveform.
  75:../../DaisySP/Source/Synthesis/oscillator.h ****     */
  76:../../DaisySP/Source/Synthesis/oscillator.h ****     inline void SetAmp(const float a) { amp_ = a; }
 3205              		.loc 3 76 46 view .LVU797
 3206 0066 A561     		str	r5, [r4, #24]	@ float
 3207              	.LBE517:
 3208              	.LBE516:
 270:effect.cpp    **** 
 3209              		.loc 2 270 107 view .LVU798
 3210 0068 6D46     		mov	r5, sp
 3211              	.LBB519:
ARM GAS  C:\Users\FINNDY~1\AppData\Local\Temp\cc0ACJmL.s 			page 116


 3212              	.LBB478:
  58:../../DaisySP/Source/Synthesis/oscillator.h ****         waveform_  = WAVE_SIN;
 3213              		.loc 3 58 20 view .LVU799
 3214 006a 84ED0C0A 		vstr.32	s0, [r4, #48]
  59:../../DaisySP/Source/Synthesis/oscillator.h ****         eoc_       = true;
 3215              		.loc 3 59 9 is_stmt 1 view .LVU800
 3216              	.LBE478:
 3217              	.LBE519:
 269:effect.cpp    ****     buffer = CircularBuffer((float*)sdram_alloc(maxDelaySamples * sizeof(float), true), maxDelaySam
 3218              		.loc 2 269 21 is_stmt 0 view .LVU801
 3219 006e FCEEC87A 		vcvt.u32.f32	s15, s16
 3220              	.LBB520:
 3221              	.LBB479:
  61:../../DaisySP/Source/Synthesis/oscillator.h ****     }
 3222              		.loc 3 61 20 view .LVU802
 3223 0072 A387     		strh	r3, [r4, #60]	@ movhi
 3224              	.LBE479:
 3225              	.LBE520:
 270:effect.cpp    **** 
 3226              		.loc 2 270 48 view .LVU803
 3227 0074 0121     		movs	r1, #1
 3228              	.LBB521:
 3229              	.LBB480:
  59:../../DaisySP/Source/Synthesis/oscillator.h ****         eoc_       = true;
 3230              		.loc 3 59 20 view .LVU804
 3231 0076 2675     		strb	r6, [r4, #20]
  60:../../DaisySP/Source/Synthesis/oscillator.h ****         eor_       = true;
 3232              		.loc 3 60 9 is_stmt 1 view .LVU805
  61:../../DaisySP/Source/Synthesis/oscillator.h ****     }
 3233              		.loc 3 61 9 view .LVU806
 3234              	.LVL220:
  61:../../DaisySP/Source/Synthesis/oscillator.h ****     }
 3235              		.loc 3 61 9 is_stmt 0 view .LVU807
 3236              	.LBE480:
 3237              	.LBE521:
 266:effect.cpp    ****     osc.SetAmp(0.5f);
 3238              		.loc 2 266 5 is_stmt 1 view .LVU808
 3239              	.LBB522:
 3240              	.LBI522:
  77:../../DaisySP/Source/Synthesis/oscillator.h ****     /** Sets the waveform to be synthesized by the Process() function.
  78:../../DaisySP/Source/Synthesis/oscillator.h ****     */
  79:../../DaisySP/Source/Synthesis/oscillator.h ****     inline void SetWaveform(const uint8_t wf)
 3241              		.loc 3 79 17 view .LVU809
 3242              	.LBE522:
 3243              	.LBE528:
  80:../../DaisySP/Source/Synthesis/oscillator.h ****     {
  81:../../DaisySP/Source/Synthesis/oscillator.h ****         waveform_ = wf < WAVE_LAST ? wf : WAVE_SIN;
 3244              		.loc 3 81 9 view .LVU810
 3245              	.LBB529:
 267:effect.cpp    **** 
 3246              		.loc 2 267 5 view .LVU811
 3247              	.LBB523:
 3248              	.LBI516:
  76:../../DaisySP/Source/Synthesis/oscillator.h ****     /** Sets the waveform to be synthesized by the Process() function.
 3249              		.loc 3 76 17 view .LVU812
 3250              	.LBB518:
  76:../../DaisySP/Source/Synthesis/oscillator.h ****     /** Sets the waveform to be synthesized by the Process() function.
ARM GAS  C:\Users\FINNDY~1\AppData\Local\Temp\cc0ACJmL.s 			page 117


 3251              		.loc 3 76 41 view .LVU813
  76:../../DaisySP/Source/Synthesis/oscillator.h ****     /** Sets the waveform to be synthesized by the Process() function.
 3252              		.loc 3 76 41 is_stmt 0 view .LVU814
 3253              	.LBE518:
 3254              	.LBE523:
 269:effect.cpp    ****     buffer = CircularBuffer((float*)sdram_alloc(maxDelaySamples * sizeof(float), true), maxDelaySam
 3255              		.loc 2 269 5 is_stmt 1 view .LVU815
 269:effect.cpp    ****     buffer = CircularBuffer((float*)sdram_alloc(maxDelaySamples * sizeof(float), true), maxDelaySam
 3256              		.loc 2 269 21 is_stmt 0 view .LVU816
 3257 0078 17EE900A 		vmov	r0, s15	@ int
 3258 007c C4ED147A 		vstr.32	s15, [r4, #80]	@ int
 270:effect.cpp    **** 
 3259              		.loc 2 270 5 is_stmt 1 view .LVU817
 270:effect.cpp    **** 
 3260              		.loc 2 270 48 is_stmt 0 view .LVU818
 3261 0080 8000     		lsls	r0, r0, #2
 3262 0082 FFF7FEFF 		bl	_Z11sdram_allocjb
 3263              	.LVL221:
 270:effect.cpp    **** 
 3264              		.loc 2 270 107 view .LVU819
 3265 0086 3346     		mov	r3, r6
 270:effect.cpp    **** 
 3266              		.loc 2 270 48 view .LVU820
 3267 0088 0146     		mov	r1, r0
 270:effect.cpp    **** 
 3268              		.loc 2 270 107 view .LVU821
 3269 008a 226D     		ldr	r2, [r4, #80]
 3270 008c 2846     		mov	r0, r5
 3271 008e FFF7FEFF 		bl	_ZN14CircularBufferC1EPfjj
 3272              	.LVL222:
 270:effect.cpp    **** 
 3273              		.loc 2 270 12 view .LVU822
 3274 0092 04F1400C 		add	ip, r4, #64
 272:effect.cpp    **** 
 3275              		.loc 2 272 18 view .LVU823
 3276 0096 D4F850E0 		ldr	lr, [r4, #80]
 270:effect.cpp    **** 
 3277              		.loc 2 270 12 view .LVU824
 3278 009a 95E80F00 		ldm	r5, {r0, r1, r2, r3}
 3279 009e 8CE80F00 		stm	ip, {r0, r1, r2, r3}
 272:effect.cpp    **** 
 3280              		.loc 2 272 5 is_stmt 1 view .LVU825
 3281              	.LBE529:
 276:effect.cpp    **** 
 3282              		.loc 2 276 1 is_stmt 0 view .LVU826
 3283 00a2 2046     		mov	r0, r4
 3284              	.LBB530:
 272:effect.cpp    **** 
 3285              		.loc 2 272 18 view .LVU827
 3286 00a4 C4F854E0 		str	lr, [r4, #84]
 274:effect.cpp    ****     
 3287              		.loc 2 274 5 is_stmt 1 view .LVU828
 3288              	.LVL223:
 3289              	.LBB524:
 3290              	.LBI524:
  21:effect.hpp    **** };
 3291              		.loc 1 21 5 view .LVU829
ARM GAS  C:\Users\FINNDY~1\AppData\Local\Temp\cc0ACJmL.s 			page 118


  21:effect.hpp    **** };
 3292              		.loc 1 21 5 is_stmt 0 view .LVU830
 3293              	.LBE524:
 274:effect.cpp    ****     
 3294              		.loc 2 274 13 view .LVU831
 3295 00a8 2671     		strb	r6, [r4, #4]
 3296 00aa A760     		str	r7, [r4, #8]
 3297              	.LBE530:
 276:effect.cpp    **** 
 3298              		.loc 2 276 1 view .LVU832
 3299 00ac 05B0     		add	sp, sp, #20
 3300              		.cfi_def_cfa_offset 28
 3301              		@ sp needed
 3302 00ae BDEC028B 		vldm	sp!, {d8}
 3303              		.cfi_restore 80
 3304              		.cfi_restore 81
 3305              		.cfi_def_cfa_offset 20
 3306 00b2 F0BD     		pop	{r4, r5, r6, r7, pc}
 3307              	.LVL224:
 3308              	.L199:
 276:effect.cpp    **** 
 3309              		.loc 2 276 1 view .LVU833
 3310              		.align	2
 3311              	.L198:
 3312 00b4 08000000 		.word	.LANCHOR7+8
 3313 00b8 0000C842 		.word	1120403456
 3314 00bc 9A99993E 		.word	1050253722
 3315 00c0 CDCCCC3E 		.word	1053609165
 3316 00c4 00000000 		.word	.LC8
 3317 00c8 1C000000 		.word	.LC10
 3318 00cc 3EC3AE37 		.word	934200126
 3319 00d0 00803B47 		.word	1195081728
 3320 00d4 0C000000 		.word	.LC9
 3321 00d8 28000000 		.word	.LC11
 3322              		.cfi_endproc
 3323              	.LFE6805:
 3325              		.global	_ZN6ChorusC1Ebf
 3326              		.thumb_set _ZN6ChorusC1Ebf,_ZN6ChorusC2Ebf
 3327              		.section	.rodata._ZN10BitCrusherC2Eb.str1.4,"aMS",%progbits,1
 3328              		.align	2
 3329              	.LC12:
 3330 0000 42697420 		.ascii	"Bit Crush Amnt\000"
 3330      43727573 
 3330      6820416D 
 3330      6E7400
 3331 000f 00       		.align	2
 3332              	.LC13:
 3333 0010 3E204269 		.ascii	"> Bit Crusher\000"
 3333      74204372 
 3333      75736865 
 3333      7200
 3334              		.section	.text._ZN10BitCrusherC2Eb,"ax",%progbits
 3335              		.align	1
 3336              		.p2align 2,,3
 3337              		.global	_ZN10BitCrusherC2Eb
 3338              		.syntax unified
 3339              		.thumb
ARM GAS  C:\Users\FINNDY~1\AppData\Local\Temp\cc0ACJmL.s 			page 119


 3340              		.thumb_func
 3341              		.fpu fpv5-d16
 3343              	_ZN10BitCrusherC2Eb:
 3344              	.LVL225:
 3345              	.LFB6810:
 301:effect.cpp    ****     enabled = EffectParameter<bool>("> Bit Crusher", false);
 3346              		.loc 2 301 1 is_stmt 1 view -0
 3347              		.cfi_startproc
 3348              		@ args = 0, pretend = 0, frame = 0
 3349              		@ frame_needed = 0, uses_anonymous_args = 0
 3350              		@ link register save eliminated.
 3351              	.LBB531:
 301:effect.cpp    ****     enabled = EffectParameter<bool>("> Bit Crusher", false);
 3352              		.loc 2 301 52 is_stmt 0 view .LVU835
 3353 0000 064A     		ldr	r2, .L201
 3354              	.LBB532:
 3355              	.LBB533:
  21:effect.hpp    **** };
 3356              		.loc 1 21 87 view .LVU836
 3357 0002 DFF824C0 		ldr	ip, .L201+12
 3358              	.LVL226:
  21:effect.hpp    **** };
 3359              		.loc 1 21 87 view .LVU837
 3360              	.LBE533:
 3361              	.LBE532:
 3362              	.LBB537:
 3363              	.LBI537:
 108:effect.hpp    ****     virtual void apply(const float* in, float* out, size_t samples) = 0;
 3364              		.loc 1 108 5 is_stmt 1 view .LVU838
 3365              	.LBB538:
 3366              	.LBB539:
 3367              	.LBI539:
  20:effect.hpp    ****     EffectParameter(const char* name, T initialValue) : value(initialValue), name(name) {};
 3368              		.loc 1 20 5 view .LVU839
  20:effect.hpp    ****     EffectParameter(const char* name, T initialValue) : value(initialValue), name(name) {};
 3369              		.loc 1 20 5 is_stmt 0 view .LVU840
 3370              	.LBE539:
 3371              	.LBE538:
 3372              	.LBE537:
 301:effect.cpp    ****     enabled = EffectParameter<bool>("> Bit Crusher", false);
 3373              		.loc 2 301 52 view .LVU841
 3374 0006 0260     		str	r2, [r0]
 3375              	.LBB541:
 3376              	.LBB534:
  21:effect.hpp    **** };
 3377              		.loc 1 21 87 view .LVU842
 3378 0008 054A     		ldr	r2, .L201+4
 3379              	.LBE534:
 3380              	.LBE541:
 3381              	.LBB542:
 3382              	.LBB540:
 108:effect.hpp    ****     virtual void apply(const float* in, float* out, size_t samples) = 0;
 3383              		.loc 1 108 40 view .LVU843
 3384 000a 0174     		strb	r1, [r0, #16]
 3385              	.LVL227:
 108:effect.hpp    ****     virtual void apply(const float* in, float* out, size_t samples) = 0;
 3386              		.loc 1 108 40 view .LVU844
ARM GAS  C:\Users\FINNDY~1\AppData\Local\Temp\cc0ACJmL.s 			page 120


 3387              	.LBE540:
 3388              	.LBE542:
 3389              	.LBB543:
 3390              	.LBI532:
  21:effect.hpp    **** };
 3391              		.loc 1 21 5 is_stmt 1 view .LVU845
 3392              	.LBE543:
 302:effect.cpp    **** }
 3393              		.loc 2 302 13 is_stmt 0 view .LVU846
 3394 000c 0021     		movs	r1, #0
 3395              	.LVL228:
 3396              	.LBB544:
 3397              	.LBB535:
  21:effect.hpp    **** };
 3398              		.loc 1 21 87 view .LVU847
 3399 000e 0262     		str	r2, [r0, #32]
 3400              	.LVL229:
  21:effect.hpp    **** };
 3401              		.loc 1 21 87 view .LVU848
 3402              	.LBE535:
 3403              	.LBE544:
 302:effect.cpp    **** }
 3404              		.loc 2 302 5 is_stmt 1 view .LVU849
 3405              	.LBB545:
 3406              	.LBI545:
  21:effect.hpp    **** };
 3407              		.loc 1 21 5 view .LVU850
  21:effect.hpp    **** };
 3408              		.loc 1 21 5 is_stmt 0 view .LVU851
 3409              	.LBE545:
 302:effect.cpp    **** }
 3410              		.loc 2 302 13 view .LVU852
 3411 0010 044A     		ldr	r2, .L201+8
 3412              	.LBB546:
 3413              	.LBB536:
  21:effect.hpp    **** };
 3414              		.loc 1 21 87 view .LVU853
 3415 0012 C0F81CC0 		str	ip, [r0, #28]	@ float
 3416              	.LBE536:
 3417              	.LBE546:
 302:effect.cpp    **** }
 3418              		.loc 2 302 13 view .LVU854
 3419 0016 0171     		strb	r1, [r0, #4]
 3420 0018 8260     		str	r2, [r0, #8]
 3421              	.LBE531:
 303:effect.cpp    **** 
 3422              		.loc 2 303 1 view .LVU855
 3423 001a 7047     		bx	lr
 3424              	.L202:
 3425              		.align	2
 3426              	.L201:
 3427 001c 08000000 		.word	.LANCHOR8+8
 3428 0020 00000000 		.word	.LC12
 3429 0024 10000000 		.word	.LC13
 3430 0028 CDCC4C3F 		.word	1061997773
 3431              		.cfi_endproc
 3432              	.LFE6810:
ARM GAS  C:\Users\FINNDY~1\AppData\Local\Temp\cc0ACJmL.s 			page 121


 3434              		.global	_ZN10BitCrusherC1Eb
 3435              		.thumb_set _ZN10BitCrusherC1Eb,_ZN10BitCrusherC2Eb
 3436              		.global	_ZTV13ToggleControl
 3437              		.global	_ZTV15VariableControl
 3438              		.global	_ZTV6Looper
 3439              		.global	_ZTV5Delay
 3440              		.global	_ZTV5Tuner
 3441              		.global	_ZTV6Reverb
 3442              		.global	_ZTV6Chorus
 3443              		.global	_ZTV10BitCrusher
 3444              		.global	numChannels
 3445              		.section	.bss.numChannels,"aw",%nobits
 3446              		.align	2
 3447              		.set	.LANCHOR2,. + 0
 3450              	numChannels:
 3451 0000 00000000 		.space	4
 3452              		.section	.rodata._ZTV10BitCrusher,"a"
 3453              		.align	2
 3454              		.set	.LANCHOR8,. + 0
 3457              	_ZTV10BitCrusher:
 3458 0000 00000000 		.word	0
 3459 0004 00000000 		.word	0
 3460 0008 00000000 		.word	_ZN10BitCrusher5applyEPKfPfj
 3461 000c 00000000 		.word	_ZN10BitCrusher6updateEv
 3462              		.section	.rodata._ZTV13ToggleControl,"a"
 3463              		.align	2
 3464              		.set	.LANCHOR0,. + 0
 3467              	_ZTV13ToggleControl:
 3468 0000 00000000 		.word	0
 3469 0004 00000000 		.word	0
 3470 0008 00000000 		.word	_ZN13ToggleControl6updateEv
 3471              		.section	.rodata._ZTV15VariableControl,"a"
 3472              		.align	2
 3473              		.set	.LANCHOR1,. + 0
 3476              	_ZTV15VariableControl:
 3477 0000 00000000 		.word	0
 3478 0004 00000000 		.word	0
 3479 0008 00000000 		.word	_ZN15VariableControl6updateEv
 3480              		.section	.rodata._ZTV5Delay,"a"
 3481              		.align	2
 3482              		.set	.LANCHOR4,. + 0
 3485              	_ZTV5Delay:
 3486 0000 00000000 		.word	0
 3487 0004 00000000 		.word	0
 3488 0008 00000000 		.word	_ZN5Delay5applyEPKfPfj
 3489 000c 00000000 		.word	_ZN5Delay6updateEv
 3490              		.section	.rodata._ZTV5Tuner,"a"
 3491              		.align	2
 3492              		.set	.LANCHOR5,. + 0
 3495              	_ZTV5Tuner:
 3496 0000 00000000 		.word	0
 3497 0004 00000000 		.word	0
 3498 0008 00000000 		.word	_ZN5Tuner5applyEPKfPfj
 3499 000c 00000000 		.word	_ZN5Tuner6updateEv
 3500              		.section	.rodata._ZTV6Chorus,"a"
 3501              		.align	2
 3502              		.set	.LANCHOR7,. + 0
ARM GAS  C:\Users\FINNDY~1\AppData\Local\Temp\cc0ACJmL.s 			page 122


 3505              	_ZTV6Chorus:
 3506 0000 00000000 		.word	0
 3507 0004 00000000 		.word	0
 3508 0008 00000000 		.word	_ZN6Chorus5applyEPKfPfj
 3509 000c 00000000 		.word	_ZN6Chorus6updateEv
 3510              		.section	.rodata._ZTV6Looper,"a"
 3511              		.align	2
 3512              		.set	.LANCHOR3,. + 0
 3515              	_ZTV6Looper:
 3516 0000 00000000 		.word	0
 3517 0004 00000000 		.word	0
 3518 0008 00000000 		.word	_ZN6Looper5applyEPKfPfj
 3519 000c 00000000 		.word	_ZN6Looper6updateEv
 3520              		.section	.rodata._ZTV6Reverb,"a"
 3521              		.align	2
 3522              		.set	.LANCHOR6,. + 0
 3525              	_ZTV6Reverb:
 3526 0000 00000000 		.word	0
 3527 0004 00000000 		.word	0
 3528 0008 00000000 		.word	_ZN6Reverb5applyEPKfPfj
 3529 000c 00000000 		.word	_ZN6Reverb6updateEv
 3530              		.text
 3531              	.Letext0:
 3532              		.file 10 "c:\\program files\\daisytoolchain\\arm-none-eabi\\include\\machine\\_default_types.h"
 3533              		.file 11 "c:\\program files\\daisytoolchain\\arm-none-eabi\\include\\sys\\_stdint.h"
 3534              		.file 12 "c:\\program files\\daisytoolchain\\arm-none-eabi\\include\\stdint.h"
 3535              		.file 13 "c:\\program files\\daisytoolchain\\lib\\gcc\\arm-none-eabi\\10.2.1\\include\\stddef.h"
 3536              		.file 14 "c:\\program files\\daisytoolchain\\arm-none-eabi\\include\\c++\\10.2.1\\type_traits"
 3537              		.file 15 "c:\\program files\\daisytoolchain\\arm-none-eabi\\include\\c++\\10.2.1\\debug\\debug.h"
 3538              		.file 16 "c:\\program files\\daisytoolchain\\arm-none-eabi\\include\\c++\\10.2.1\\cwchar"
 3539              		.file 17 "c:\\program files\\daisytoolchain\\arm-none-eabi\\include\\c++\\10.2.1\\bits\\exception_
 3540              		.file 18 "c:\\program files\\daisytoolchain\\arm-none-eabi\\include\\c++\\10.2.1\\arm-none-eabi\\t
 3541              		.file 19 "c:\\program files\\daisytoolchain\\arm-none-eabi\\include\\c++\\10.2.1\\cstdint"
 3542              		.file 20 "c:\\program files\\daisytoolchain\\arm-none-eabi\\include\\c++\\10.2.1\\clocale"
 3543              		.file 21 "c:\\program files\\daisytoolchain\\arm-none-eabi\\include\\c++\\10.2.1\\string_view"
 3544              		.file 22 "c:\\program files\\daisytoolchain\\arm-none-eabi\\include\\c++\\10.2.1\\bits\\basic_stri
 3545              		.file 23 "c:\\program files\\daisytoolchain\\arm-none-eabi\\include\\c++\\10.2.1\\cstdlib"
 3546              		.file 24 "c:\\program files\\daisytoolchain\\arm-none-eabi\\include\\c++\\10.2.1\\cstdio"
 3547              		.file 25 "c:\\program files\\daisytoolchain\\arm-none-eabi\\include\\c++\\10.2.1\\system_error"
 3548              		.file 26 "c:\\program files\\daisytoolchain\\arm-none-eabi\\include\\c++\\10.2.1\\cwctype"
 3549              		.file 27 "c:\\program files\\daisytoolchain\\arm-none-eabi\\include\\c++\\10.2.1\\tr1\\special_fun
 3550              		.file 28 "c:\\program files\\daisytoolchain\\arm-none-eabi\\include\\c++\\10.2.1\\functional"
 3551              		.file 29 "c:\\program files\\daisytoolchain\\arm-none-eabi\\include\\c++\\10.2.1\\cstdarg"
 3552              		.file 30 "c:\\program files\\daisytoolchain\\arm-none-eabi\\include\\c++\\10.2.1\\cstring"
 3553              		.file 31 "c:\\program files\\daisytoolchain\\arm-none-eabi\\include\\c++\\10.2.1\\bits\\predefined
 3554              		.file 32 "c:\\program files\\daisytoolchain\\arm-none-eabi\\include\\sys\\_types.h"
 3555              		.file 33 "c:\\program files\\daisytoolchain\\arm-none-eabi\\include\\sys\\reent.h"
 3556              		.file 34 "c:\\program files\\daisytoolchain\\arm-none-eabi\\include\\sys\\lock.h"
 3557              		.file 35 "c:\\program files\\daisytoolchain\\arm-none-eabi\\include\\math.h"
 3558              		.file 36 "c:\\program files\\daisytoolchain\\arm-none-eabi\\include\\stdlib.h"
 3559              		.file 37 "c:\\program files\\daisytoolchain\\arm-none-eabi\\include\\c++\\10.2.1\\math.h"
 3560              		.file 38 "c:\\program files\\daisytoolchain\\lib\\gcc\\arm-none-eabi\\10.2.1\\include\\stdarg.h"
 3561              		.file 39 "c:\\program files\\daisytoolchain\\arm-none-eabi\\include\\wchar.h"
 3562              		.file 40 "c:\\program files\\daisytoolchain\\arm-none-eabi\\include\\locale.h"
 3563              		.file 41 "c:\\program files\\daisytoolchain\\arm-none-eabi\\include\\stdio.h"
 3564              		.file 42 "c:\\program files\\daisytoolchain\\arm-none-eabi\\include\\wctype.h"
 3565              		.file 43 "c:\\program files\\daisytoolchain\\arm-none-eabi\\include\\c++\\10.2.1\\stdlib.h"
ARM GAS  C:\Users\FINNDY~1\AppData\Local\Temp\cc0ACJmL.s 			page 123


 3566              		.file 44 "../../libDaisy/src/daisy_core.h"
 3567              		.file 45 "../../libDaisy/src/per/tim.h"
 3568              		.file 46 "../../libDaisy/src/sys/system.h"
 3569              		.file 47 "../../libDaisy/src/per/qspi.h"
 3570              		.file 48 "../../libDaisy/src/per/dac.h"
 3571              		.file 49 "../../libDaisy/src/per/sai.h"
 3572              		.file 50 "../../libDaisy/src/hid/audio.h"
 3573              		.file 51 "../../libDaisy/src/per/adc.h"
 3574              		.file 52 "../../libDaisy/src/hid/usb.h"
 3575              		.file 53 "../../libDaisy/src/util/wav_format.h"
 3576              		.file 54 "../../libDaisy/src/dev/max11300.h"
 3577              		.file 55 "../../libDaisy/src/daisy_seed.h"
 3578              		.file 56 "../../libDaisy/src/per/gpio.h"
 3579              		.file 57 "../../libDaisy/src/dev/sdram.h"
 3580              		.file 58 "c:\\program files\\daisytoolchain\\arm-none-eabi\\include\\c++\\10.2.1\\pstl\\execution_
 3581              		.file 59 "c:\\program files\\daisytoolchain\\arm-none-eabi\\include\\string.h"
 3582              		.file 60 "../../DaisySP/Source/Control/adenv.h"
 3583              		.file 61 "../../DaisySP/Source/Utility/dsp.h"
 3584              		.file 62 "<built-in>"
 3585              		.file 63 "../../libDaisy/src/dev/sr_595.h"
ARM GAS  C:\Users\FINNDY~1\AppData\Local\Temp\cc0ACJmL.s 			page 124


DEFINED SYMBOLS
                            *ABS*:00000000 effect.cpp
C:\Users\FINNDY~1\AppData\Local\Temp\cc0ACJmL.s:17     .text._ZN5Delay6updateEv:00000000 $t
C:\Users\FINNDY~1\AppData\Local\Temp\cc0ACJmL.s:26     .text._ZN5Delay6updateEv:00000000 _ZN5Delay6updateEv
C:\Users\FINNDY~1\AppData\Local\Temp\cc0ACJmL.s:41     .text._ZN10BitCrusher6updateEv:00000000 $t
C:\Users\FINNDY~1\AppData\Local\Temp\cc0ACJmL.s:49     .text._ZN10BitCrusher6updateEv:00000000 _ZN10BitCrusher6updateEv
C:\Users\FINNDY~1\AppData\Local\Temp\cc0ACJmL.s:63     .text._ZN6Looper6updateEv:00000000 $t
C:\Users\FINNDY~1\AppData\Local\Temp\cc0ACJmL.s:71     .text._ZN6Looper6updateEv:00000000 _ZN6Looper6updateEv
C:\Users\FINNDY~1\AppData\Local\Temp\cc0ACJmL.s:152    .text._ZN6Chorus6updateEv:00000000 $t
C:\Users\FINNDY~1\AppData\Local\Temp\cc0ACJmL.s:160    .text._ZN6Chorus6updateEv:00000000 _ZN6Chorus6updateEv
C:\Users\FINNDY~1\AppData\Local\Temp\cc0ACJmL.s:224    .text._ZN6Chorus6updateEv:0000003c $d
C:\Users\FINNDY~1\AppData\Local\Temp\cc0ACJmL.s:229    .text._ZN10BitCrusher5applyEPKfPfj:00000000 $t
C:\Users\FINNDY~1\AppData\Local\Temp\cc0ACJmL.s:237    .text._ZN10BitCrusher5applyEPKfPfj:00000000 _ZN10BitCrusher5applyEPKfPfj
C:\Users\FINNDY~1\AppData\Local\Temp\cc0ACJmL.s:332    .text._ZN10BitCrusher5applyEPKfPfj:00000054 $d
C:\Users\FINNDY~1\AppData\Local\Temp\cc0ACJmL.s:337    .text._ZN5Delay5applyEPKfPfj:00000000 $t
C:\Users\FINNDY~1\AppData\Local\Temp\cc0ACJmL.s:345    .text._ZN5Delay5applyEPKfPfj:00000000 _ZN5Delay5applyEPKfPfj
C:\Users\FINNDY~1\AppData\Local\Temp\cc0ACJmL.s:453    .text._ZN6Looper5applyEPKfPfj:00000000 $t
C:\Users\FINNDY~1\AppData\Local\Temp\cc0ACJmL.s:461    .text._ZN6Looper5applyEPKfPfj:00000000 _ZN6Looper5applyEPKfPfj
C:\Users\FINNDY~1\AppData\Local\Temp\cc0ACJmL.s:597    .text._ZN6Looper5applyEPKfPfj:00000070 $d
C:\Users\FINNDY~1\AppData\Local\Temp\cc0ACJmL.s:602    .text._ZN5Tuner5applyEPKfPfj:00000000 $t
C:\Users\FINNDY~1\AppData\Local\Temp\cc0ACJmL.s:610    .text._ZN5Tuner5applyEPKfPfj:00000000 _ZN5Tuner5applyEPKfPfj
C:\Users\FINNDY~1\AppData\Local\Temp\cc0ACJmL.s:740    .text._ZN6Chorus5applyEPKfPfj:00000000 $t
C:\Users\FINNDY~1\AppData\Local\Temp\cc0ACJmL.s:748    .text._ZN6Chorus5applyEPKfPfj:00000000 _ZN6Chorus5applyEPKfPfj
C:\Users\FINNDY~1\AppData\Local\Temp\cc0ACJmL.s:851    .text._ZN15VariableControl6updateEv:00000000 $t
C:\Users\FINNDY~1\AppData\Local\Temp\cc0ACJmL.s:859    .text._ZN15VariableControl6updateEv:00000000 _ZN15VariableControl6updateEv
C:\Users\FINNDY~1\AppData\Local\Temp\cc0ACJmL.s:940    .text._ZN15VariableControl6updateEv:00000038 $d
C:\Users\FINNDY~1\AppData\Local\Temp\cc0ACJmL.s:945    .text._ZN13ToggleControl6updateEv:00000000 $t
C:\Users\FINNDY~1\AppData\Local\Temp\cc0ACJmL.s:953    .text._ZN13ToggleControl6updateEv:00000000 _ZN13ToggleControl6updateEv
C:\Users\FINNDY~1\AppData\Local\Temp\cc0ACJmL.s:1024   .text._ZN5Tuner6updateEv:00000000 $t
C:\Users\FINNDY~1\AppData\Local\Temp\cc0ACJmL.s:1032   .text._ZN5Tuner6updateEv:00000000 _ZN5Tuner6updateEv
C:\Users\FINNDY~1\AppData\Local\Temp\cc0ACJmL.s:1306   .text._ZN5Tuner6updateEv:000000dc $d
C:\Users\FINNDY~1\AppData\Local\Temp\cc0ACJmL.s:1320   .text._ZN6Reverb6updateEv:00000000 $t
C:\Users\FINNDY~1\AppData\Local\Temp\cc0ACJmL.s:1328   .text._ZN6Reverb6updateEv:00000000 _ZN6Reverb6updateEv
C:\Users\FINNDY~1\AppData\Local\Temp\cc0ACJmL.s:1408   .text._ZN13ToggleControlC2E12dsy_gpio_pin:00000000 $t
C:\Users\FINNDY~1\AppData\Local\Temp\cc0ACJmL.s:1416   .text._ZN13ToggleControlC2E12dsy_gpio_pin:00000000 _ZN13ToggleControlC2E12dsy_gpio_pin
C:\Users\FINNDY~1\AppData\Local\Temp\cc0ACJmL.s:1481   .text._ZN13ToggleControlC2E12dsy_gpio_pin:00000028 $d
C:\Users\FINNDY~1\AppData\Local\Temp\cc0ACJmL.s:1416   .text._ZN13ToggleControlC2E12dsy_gpio_pin:00000000 _ZN13ToggleControlC1E12dsy_gpio_pin
C:\Users\FINNDY~1\AppData\Local\Temp\cc0ACJmL.s:1489   .text._ZN15VariableControlC2EPN5daisy9DaisySeedEPNS0_16AdcChannelConfigE12dsy_gpio_pin:00000000 $t
C:\Users\FINNDY~1\AppData\Local\Temp\cc0ACJmL.s:1497   .text._ZN15VariableControlC2EPN5daisy9DaisySeedEPNS0_16AdcChannelConfigE12dsy_gpio_pin:00000000 _ZN15VariableControlC2EPN5daisy9DaisySeedEPNS0_16AdcChannelConfigE12dsy_gpio_pin
C:\Users\FINNDY~1\AppData\Local\Temp\cc0ACJmL.s:1568   .text._ZN15VariableControlC2EPN5daisy9DaisySeedEPNS0_16AdcChannelConfigE12dsy_gpio_pin:00000028 $d
C:\Users\FINNDY~1\AppData\Local\Temp\cc0ACJmL.s:1497   .text._ZN15VariableControlC2EPN5daisy9DaisySeedEPNS0_16AdcChannelConfigE12dsy_gpio_pin:00000000 _ZN15VariableControlC1EPN5daisy9DaisySeedEPNS0_16AdcChannelConfigE12dsy_gpio_pin
C:\Users\FINNDY~1\AppData\Local\Temp\cc0ACJmL.s:1576   .text._ZN10CombFilterC2Eff:00000000 $t
C:\Users\FINNDY~1\AppData\Local\Temp\cc0ACJmL.s:1584   .text._ZN10CombFilterC2Eff:00000000 _ZN10CombFilterC2Eff
C:\Users\FINNDY~1\AppData\Local\Temp\cc0ACJmL.s:1693   .text._ZN10CombFilterC2Eff:00000060 $d
C:\Users\FINNDY~1\AppData\Local\Temp\cc0ACJmL.s:1584   .text._ZN10CombFilterC2Eff:00000000 _ZN10CombFilterC1Eff
C:\Users\FINNDY~1\AppData\Local\Temp\cc0ACJmL.s:1703   .text._ZN10CombFilter5applyEPKfPfj:00000000 $t
C:\Users\FINNDY~1\AppData\Local\Temp\cc0ACJmL.s:1711   .text._ZN10CombFilter5applyEPKfPfj:00000000 _ZN10CombFilter5applyEPKfPfj
C:\Users\FINNDY~1\AppData\Local\Temp\cc0ACJmL.s:1819   .text._ZN10CombFilter9setParamsEff:00000000 $t
C:\Users\FINNDY~1\AppData\Local\Temp\cc0ACJmL.s:1827   .text._ZN10CombFilter9setParamsEff:00000000 _ZN10CombFilter9setParamsEff
C:\Users\FINNDY~1\AppData\Local\Temp\cc0ACJmL.s:1859   .text._ZN13AllPassFilterC2Eff:00000000 $t
C:\Users\FINNDY~1\AppData\Local\Temp\cc0ACJmL.s:1867   .text._ZN13AllPassFilterC2Eff:00000000 _ZN13AllPassFilterC2Eff
C:\Users\FINNDY~1\AppData\Local\Temp\cc0ACJmL.s:2000   .text._ZN13AllPassFilterC2Eff:00000078 $d
C:\Users\FINNDY~1\AppData\Local\Temp\cc0ACJmL.s:1867   .text._ZN13AllPassFilterC2Eff:00000000 _ZN13AllPassFilterC1Eff
C:\Users\FINNDY~1\AppData\Local\Temp\cc0ACJmL.s:2012   .text._ZN13AllPassFilter5applyEPKfPfj:00000000 $t
C:\Users\FINNDY~1\AppData\Local\Temp\cc0ACJmL.s:2020   .text._ZN13AllPassFilter5applyEPKfPfj:00000000 _ZN13AllPassFilter5applyEPKfPfj
C:\Users\FINNDY~1\AppData\Local\Temp\cc0ACJmL.s:2150   .text._ZN6Reverb5applyEPKfPfj:00000000 $t
C:\Users\FINNDY~1\AppData\Local\Temp\cc0ACJmL.s:2158   .text._ZN6Reverb5applyEPKfPfj:00000000 _ZN6Reverb5applyEPKfPfj
ARM GAS  C:\Users\FINNDY~1\AppData\Local\Temp\cc0ACJmL.s 			page 125


C:\Users\FINNDY~1\AppData\Local\Temp\cc0ACJmL.s:2260   .rodata._ZN6LooperC2Eb.str1.4:00000000 $d
C:\Users\FINNDY~1\AppData\Local\Temp\cc0ACJmL.s:2267   .text._ZN6LooperC2Eb:00000000 $t
C:\Users\FINNDY~1\AppData\Local\Temp\cc0ACJmL.s:2275   .text._ZN6LooperC2Eb:00000000 _ZN6LooperC2Eb
C:\Users\FINNDY~1\AppData\Local\Temp\cc0ACJmL.s:2367   .text._ZN6LooperC2Eb:0000002c $d
C:\Users\FINNDY~1\AppData\Local\Temp\cc0ACJmL.s:2275   .text._ZN6LooperC2Eb:00000000 _ZN6LooperC1Eb
C:\Users\FINNDY~1\AppData\Local\Temp\cc0ACJmL.s:2377   .rodata._ZN5DelayC2Eb.str1.4:00000000 $d
C:\Users\FINNDY~1\AppData\Local\Temp\cc0ACJmL.s:2384   .text._ZN5DelayC2Eb:00000000 $t
C:\Users\FINNDY~1\AppData\Local\Temp\cc0ACJmL.s:2392   .text._ZN5DelayC2Eb:00000000 _ZN5DelayC2Eb
C:\Users\FINNDY~1\AppData\Local\Temp\cc0ACJmL.s:2515   .text._ZN5DelayC2Eb:00000048 $d
C:\Users\FINNDY~1\AppData\Local\Temp\cc0ACJmL.s:2392   .text._ZN5DelayC2Eb:00000000 _ZN5DelayC1Eb
C:\Users\FINNDY~1\AppData\Local\Temp\cc0ACJmL.s:2525   .rodata._ZN5TunerC2Eb.str1.4:00000000 $d
C:\Users\FINNDY~1\AppData\Local\Temp\cc0ACJmL.s:2529   .text._ZN5TunerC2Eb:00000000 $t
C:\Users\FINNDY~1\AppData\Local\Temp\cc0ACJmL.s:2537   .text._ZN5TunerC2Eb:00000000 _ZN5TunerC2Eb
C:\Users\FINNDY~1\AppData\Local\Temp\cc0ACJmL.s:2641   .text._ZN5TunerC2Eb:0000004c $d
C:\Users\FINNDY~1\AppData\Local\Temp\cc0ACJmL.s:2537   .text._ZN5TunerC2Eb:00000000 _ZN5TunerC1Eb
C:\Users\FINNDY~1\AppData\Local\Temp\cc0ACJmL.s:2649   .rodata._ZN6ReverbC2Eb.str1.4:00000000 $d
C:\Users\FINNDY~1\AppData\Local\Temp\cc0ACJmL.s:2659   .text._ZN6ReverbC2Eb:00000000 $t
C:\Users\FINNDY~1\AppData\Local\Temp\cc0ACJmL.s:2667   .text._ZN6ReverbC2Eb:00000000 _ZN6ReverbC2Eb
C:\Users\FINNDY~1\AppData\Local\Temp\cc0ACJmL.s:2918   .text._ZN6ReverbC2Eb:00000138 $d
C:\Users\FINNDY~1\AppData\Local\Temp\cc0ACJmL.s:2667   .text._ZN6ReverbC2Eb:00000000 _ZN6ReverbC1Eb
C:\Users\FINNDY~1\AppData\Local\Temp\cc0ACJmL.s:2939   .rodata._ZN6ChorusC2Ebf.str1.4:00000000 $d
C:\Users\FINNDY~1\AppData\Local\Temp\cc0ACJmL.s:2952   .text._ZN6ChorusC2Ebf:00000000 $t
C:\Users\FINNDY~1\AppData\Local\Temp\cc0ACJmL.s:2960   .text._ZN6ChorusC2Ebf:00000000 _ZN6ChorusC2Ebf
C:\Users\FINNDY~1\AppData\Local\Temp\cc0ACJmL.s:3312   .text._ZN6ChorusC2Ebf:000000b4 $d
C:\Users\FINNDY~1\AppData\Local\Temp\cc0ACJmL.s:2960   .text._ZN6ChorusC2Ebf:00000000 _ZN6ChorusC1Ebf
C:\Users\FINNDY~1\AppData\Local\Temp\cc0ACJmL.s:3328   .rodata._ZN10BitCrusherC2Eb.str1.4:00000000 $d
C:\Users\FINNDY~1\AppData\Local\Temp\cc0ACJmL.s:3335   .text._ZN10BitCrusherC2Eb:00000000 $t
C:\Users\FINNDY~1\AppData\Local\Temp\cc0ACJmL.s:3343   .text._ZN10BitCrusherC2Eb:00000000 _ZN10BitCrusherC2Eb
C:\Users\FINNDY~1\AppData\Local\Temp\cc0ACJmL.s:3427   .text._ZN10BitCrusherC2Eb:0000001c $d
C:\Users\FINNDY~1\AppData\Local\Temp\cc0ACJmL.s:3343   .text._ZN10BitCrusherC2Eb:00000000 _ZN10BitCrusherC1Eb
C:\Users\FINNDY~1\AppData\Local\Temp\cc0ACJmL.s:3467   .rodata._ZTV13ToggleControl:00000000 _ZTV13ToggleControl
C:\Users\FINNDY~1\AppData\Local\Temp\cc0ACJmL.s:3476   .rodata._ZTV15VariableControl:00000000 _ZTV15VariableControl
C:\Users\FINNDY~1\AppData\Local\Temp\cc0ACJmL.s:3515   .rodata._ZTV6Looper:00000000 _ZTV6Looper
C:\Users\FINNDY~1\AppData\Local\Temp\cc0ACJmL.s:3485   .rodata._ZTV5Delay:00000000 _ZTV5Delay
C:\Users\FINNDY~1\AppData\Local\Temp\cc0ACJmL.s:3495   .rodata._ZTV5Tuner:00000000 _ZTV5Tuner
C:\Users\FINNDY~1\AppData\Local\Temp\cc0ACJmL.s:3525   .rodata._ZTV6Reverb:00000000 _ZTV6Reverb
C:\Users\FINNDY~1\AppData\Local\Temp\cc0ACJmL.s:3505   .rodata._ZTV6Chorus:00000000 _ZTV6Chorus
C:\Users\FINNDY~1\AppData\Local\Temp\cc0ACJmL.s:3457   .rodata._ZTV10BitCrusher:00000000 _ZTV10BitCrusher
C:\Users\FINNDY~1\AppData\Local\Temp\cc0ACJmL.s:3450   .bss.numChannels:00000000 numChannels
C:\Users\FINNDY~1\AppData\Local\Temp\cc0ACJmL.s:3446   .bss.numChannels:00000000 $d
C:\Users\FINNDY~1\AppData\Local\Temp\cc0ACJmL.s:3453   .rodata._ZTV10BitCrusher:00000000 $d
C:\Users\FINNDY~1\AppData\Local\Temp\cc0ACJmL.s:3463   .rodata._ZTV13ToggleControl:00000000 $d
C:\Users\FINNDY~1\AppData\Local\Temp\cc0ACJmL.s:3472   .rodata._ZTV15VariableControl:00000000 $d
C:\Users\FINNDY~1\AppData\Local\Temp\cc0ACJmL.s:3481   .rodata._ZTV5Delay:00000000 $d
C:\Users\FINNDY~1\AppData\Local\Temp\cc0ACJmL.s:3491   .rodata._ZTV5Tuner:00000000 $d
C:\Users\FINNDY~1\AppData\Local\Temp\cc0ACJmL.s:3501   .rodata._ZTV6Chorus:00000000 $d
C:\Users\FINNDY~1\AppData\Local\Temp\cc0ACJmL.s:3511   .rodata._ZTV6Looper:00000000 $d
C:\Users\FINNDY~1\AppData\Local\Temp\cc0ACJmL.s:3521   .rodata._ZTV6Reverb:00000000 $d

UNDEFINED SYMBOLS
_ZN7daisysp10Oscillator12CalcPhaseIncEf
_ZN14CircularBuffer14setWriteOffsetEj
_ZN14CircularBuffer9writeNextEf
_ZN14CircularBuffer8readNextEv
memcpy
_ZN7daisysp10Oscillator7ProcessEv
_ZN14CircularBuffer13setReadOffsetEj
ARM GAS  C:\Users\FINNDY~1\AppData\Local\Temp\cc0ACJmL.s 			page 126


_ZNK5daisy9AdcHandle8GetFloatEh
_ZN5daisy6Switch8DebounceEv
_Z7ditfft2PfiiPSt7complexIfE
sqrtf
_ZN5daisy6Switch4InitE12dsy_gpio_pinfNS0_4TypeENS0_8PolarityENS0_4PullE
_ZN5daisy16AdcChannelConfig10InitSingleE12dsy_gpio_pinNS0_15ConversionSpeedE
_Z11sdram_allocjb
_ZN14CircularBufferC1EPfjj
memset
