ARM GAS  C:\Users\FINNDY~1\AppData\Local\Temp\ccFWr46h.s 			page 1


   1              		.cpu cortex-m7
   2              		.eabi_attribute 28, 1
   3              		.eabi_attribute 20, 1
   4              		.eabi_attribute 21, 1
   5              		.eabi_attribute 23, 3
   6              		.eabi_attribute 24, 1
   7              		.eabi_attribute 25, 1
   8              		.eabi_attribute 26, 1
   9              		.eabi_attribute 30, 2
  10              		.eabi_attribute 34, 1
  11              		.eabi_attribute 18, 4
  12              		.file	"gui.cpp"
  13              		.text
  14              	.Ltext0:
  15              		.cfi_sections	.debug_frame
  16              		.section	.text._ZN13ScrollElement8OnSelectEPP6Window,"axG",%progbits,_ZN13ScrollElement8OnSelectEP
  17              		.align	1
  18              		.p2align 2,,3
  19              		.weak	_ZN13ScrollElement8OnSelectEPP6Window
  20              		.arch armv7e-m
  21              		.syntax unified
  22              		.thumb
  23              		.thumb_func
  24              		.fpu fpv5-d16
  26              	_ZN13ScrollElement8OnSelectEPP6Window:
  27              	.LVL0:
  28              	.LFB6802:
  29              		.file 1 "gui.hpp"
   1:gui.hpp       **** #ifndef GUI_H
   2:gui.hpp       **** #define GUI_H
   3:gui.hpp       **** 
   4:gui.hpp       **** #include "daisy_seed.h"
   5:gui.hpp       **** #include "effect.hpp"
   6:gui.hpp       **** #include "dev/oled_ssd130x.h"
   7:gui.hpp       **** 
   8:gui.hpp       **** using namespace daisy;
   9:gui.hpp       **** using Display = OledDisplay<SSD130xI2c128x64Driver>;
  10:gui.hpp       **** 
  11:gui.hpp       **** /*
  12:gui.hpp       **** 
  13:gui.hpp       **** UI Design
  14:gui.hpp       **** 
  15:gui.hpp       **** Start screen (window):
  16:gui.hpp       ****  - back button turns screen off (select or back turns back on)
  17:gui.hpp       ****  - scroll selection containing
  18:gui.hpp       ****     - Utilities
  19:gui.hpp       ****     - Effects
  20:gui.hpp       ****     - Controls
  21:gui.hpp       ****  - something on the right idk what it will be
  22:gui.hpp       **** 
  23:gui.hpp       **** Utilities:
  24:gui.hpp       **** scroll section with
  25:gui.hpp       ****  - Tuner
  26:gui.hpp       ****     - selecting takes you to the tuner screen i already made and enables the tuner
  27:gui.hpp       ****     - maybe also have this be an effect that can be assigned a button?
  28:gui.hpp       ****  - Metronome / Click track
  29:gui.hpp       ****     - takes you to a screen where you can set metronome frequency and volume and all that
ARM GAS  C:\Users\FINNDY~1\AppData\Local\Temp\ccFWr46h.s 			page 2


  30:gui.hpp       **** 
  31:gui.hpp       **** Effects: (maybe unnnecccecetryyh (not needed))
  32:gui.hpp       ****  - scroll section with all of the effects
  33:gui.hpp       ****  - selecting an effect will take you to a screen where [[idk]]
  34:gui.hpp       ****  - right side could show parameters and controls they are mapped to (this wont fit)
  35:gui.hpp       ****  - maybe application order can be changed here
  36:gui.hpp       **** 
  37:gui.hpp       **** Controls:
  38:gui.hpp       ****  - scroll with all of the controls: buttons 1-4 and pots 1-4
  39:gui.hpp       ****  - selecting a control will give a menu of parameters or effects to select
  40:gui.hpp       ****     - if effects, selecting an effect will bring a further menu with its parameters
  41:gui.hpp       **** 
  42:gui.hpp       **** */
  43:gui.hpp       **** 
  44:gui.hpp       **** 
  45:gui.hpp       **** 
  46:gui.hpp       **** 
  47:gui.hpp       **** class Window {
  48:gui.hpp       **** public:
  49:gui.hpp       **** // back button should always take to previous, if null, turn screen off or something
  50:gui.hpp       ****     Window* previous;
  51:gui.hpp       **** 
  52:gui.hpp       ****     virtual void update(bool encoderPress, int encoderMove, Window** currentWindow) = 0;
  53:gui.hpp       ****     virtual void draw(Display* d) = 0; // TODO: maybe display dirtying system where only redrawn on
  54:gui.hpp       **** 
  55:gui.hpp       **** };
  56:gui.hpp       **** 
  57:gui.hpp       **** 
  58:gui.hpp       **** 
  59:gui.hpp       **** class ScrollElement {
  60:gui.hpp       **** public:
  61:gui.hpp       ****     Window* subWindow;
  62:gui.hpp       ****     const char* name;   
  63:gui.hpp       **** 
  64:gui.hpp       ****     ScrollElement() {}
  65:gui.hpp       ****     ScrollElement(Window* subWindow, const char* name) : subWindow(subWindow), name(name) {}
  66:gui.hpp       **** 
  67:gui.hpp       ****     virtual void OnSelect(Window** currentWindow) {};
  30              		.loc 1 67 18 view -0
  31              		.cfi_startproc
  32              		@ args = 0, pretend = 0, frame = 0
  33              		@ frame_needed = 0, uses_anonymous_args = 0
  34              		@ link register save eliminated.
  35              		.loc 1 67 52 is_stmt 0 view .LVU1
  36 0000 7047     		bx	lr
  37              		.cfi_endproc
  38              	.LFE6802:
  40 0002 00BF     		.section	.text._ZN12ScrollWindow6updateEbiPP6Window,"ax",%progbits
  41              		.align	1
  42              		.p2align 2,,3
  43              		.global	_ZN12ScrollWindow6updateEbiPP6Window
  44              		.syntax unified
  45              		.thumb
  46              		.thumb_func
  47              		.fpu fpv5-d16
  49              	_ZN12ScrollWindow6updateEbiPP6Window:
  50              	.LVL1:
ARM GAS  C:\Users\FINNDY~1\AppData\Local\Temp\ccFWr46h.s 			page 3


  51              	.LFB6822:
  52              		.file 2 "gui.cpp"
   1:gui.cpp       **** #include "gui.hpp"
   2:gui.cpp       **** 
   3:gui.cpp       **** 
   4:gui.cpp       **** ScrollWindow::ScrollWindow(int numElements, ScrollElement** elements) : numElements(numElements), e
   5:gui.cpp       **** 
   6:gui.cpp       **** ScrollWindow::ScrollWindow(int numElements, ScrollElement* realElements, ScrollElement** elements) 
   7:gui.cpp       ****     for (int i = 0; i < numElements; i++) {
   8:gui.cpp       ****         elements[i] = &realElements[i];
   9:gui.cpp       ****     }
  10:gui.cpp       **** }
  11:gui.cpp       **** 
  12:gui.cpp       **** void ScrollWindow::update(bool encoderPress, int encoderMove, Window** currentWindow) {
  53              		.loc 2 12 87 is_stmt 1 view -0
  54              		.cfi_startproc
  55              		@ args = 0, pretend = 0, frame = 0
  56              		@ frame_needed = 0, uses_anonymous_args = 0
  13:gui.cpp       **** 
  14:gui.cpp       ****     currentElement = std::clamp(currentElement + encoderMove, 0, numElements - 1);
  57              		.loc 2 14 5 view .LVU3
  12:gui.cpp       **** 
  58              		.loc 2 12 87 is_stmt 0 view .LVU4
  59 0000 38B5     		push	{r3, r4, r5, lr}
  60              		.cfi_def_cfa_offset 16
  61              		.cfi_offset 3, -16
  62              		.cfi_offset 4, -12
  63              		.cfi_offset 5, -8
  64              		.cfi_offset 14, -4
  12:gui.cpp       **** 
  65              		.loc 2 12 87 view .LVU5
  66 0002 0446     		mov	r4, r0
  67 0004 1D46     		mov	r5, r3
  68              		.loc 2 14 66 view .LVU6
  69 0006 D0E90203 		ldrd	r0, r3, [r0, #8]
  70              	.LVL2:
  71              	.LBB254:
  72              	.LBI254:
  73              		.file 3 "c:\\program files\\daisytoolchain\\arm-none-eabi\\include\\c++\\10.2.1\\bits\\stl_algo.h"
   1:c:\program files\daisytoolchain\arm-none-eabi\include\c++\10.2.1\bits\stl_algo.h **** // Algorithm implementation -*- C++ -*-
   2:c:\program files\daisytoolchain\arm-none-eabi\include\c++\10.2.1\bits\stl_algo.h **** 
   3:c:\program files\daisytoolchain\arm-none-eabi\include\c++\10.2.1\bits\stl_algo.h **** // Copyright (C) 2001-2020 Free Software Foundation, Inc.
   4:c:\program files\daisytoolchain\arm-none-eabi\include\c++\10.2.1\bits\stl_algo.h **** //
   5:c:\program files\daisytoolchain\arm-none-eabi\include\c++\10.2.1\bits\stl_algo.h **** // This file is part of the GNU ISO C++ Library.  This library is free
   6:c:\program files\daisytoolchain\arm-none-eabi\include\c++\10.2.1\bits\stl_algo.h **** // software; you can redistribute it and/or modify it under the
   7:c:\program files\daisytoolchain\arm-none-eabi\include\c++\10.2.1\bits\stl_algo.h **** // terms of the GNU General Public License as published by the
   8:c:\program files\daisytoolchain\arm-none-eabi\include\c++\10.2.1\bits\stl_algo.h **** // Free Software Foundation; either version 3, or (at your option)
   9:c:\program files\daisytoolchain\arm-none-eabi\include\c++\10.2.1\bits\stl_algo.h **** // any later version.
  10:c:\program files\daisytoolchain\arm-none-eabi\include\c++\10.2.1\bits\stl_algo.h **** 
  11:c:\program files\daisytoolchain\arm-none-eabi\include\c++\10.2.1\bits\stl_algo.h **** // This library is distributed in the hope that it will be useful,
  12:c:\program files\daisytoolchain\arm-none-eabi\include\c++\10.2.1\bits\stl_algo.h **** // but WITHOUT ANY WARRANTY; without even the implied warranty of
  13:c:\program files\daisytoolchain\arm-none-eabi\include\c++\10.2.1\bits\stl_algo.h **** // MERCHANTABILITY or FITNESS FOR A PARTICULAR PURPOSE.  See the
  14:c:\program files\daisytoolchain\arm-none-eabi\include\c++\10.2.1\bits\stl_algo.h **** // GNU General Public License for more details.
  15:c:\program files\daisytoolchain\arm-none-eabi\include\c++\10.2.1\bits\stl_algo.h **** 
  16:c:\program files\daisytoolchain\arm-none-eabi\include\c++\10.2.1\bits\stl_algo.h **** // Under Section 7 of GPL version 3, you are granted additional
  17:c:\program files\daisytoolchain\arm-none-eabi\include\c++\10.2.1\bits\stl_algo.h **** // permissions described in the GCC Runtime Library Exception, version
  18:c:\program files\daisytoolchain\arm-none-eabi\include\c++\10.2.1\bits\stl_algo.h **** // 3.1, as published by the Free Software Foundation.
ARM GAS  C:\Users\FINNDY~1\AppData\Local\Temp\ccFWr46h.s 			page 4


  19:c:\program files\daisytoolchain\arm-none-eabi\include\c++\10.2.1\bits\stl_algo.h **** 
  20:c:\program files\daisytoolchain\arm-none-eabi\include\c++\10.2.1\bits\stl_algo.h **** // You should have received a copy of the GNU General Public License and
  21:c:\program files\daisytoolchain\arm-none-eabi\include\c++\10.2.1\bits\stl_algo.h **** // a copy of the GCC Runtime Library Exception along with this program;
  22:c:\program files\daisytoolchain\arm-none-eabi\include\c++\10.2.1\bits\stl_algo.h **** // see the files COPYING3 and COPYING.RUNTIME respectively.  If not, see
  23:c:\program files\daisytoolchain\arm-none-eabi\include\c++\10.2.1\bits\stl_algo.h **** // <http://www.gnu.org/licenses/>.
  24:c:\program files\daisytoolchain\arm-none-eabi\include\c++\10.2.1\bits\stl_algo.h **** 
  25:c:\program files\daisytoolchain\arm-none-eabi\include\c++\10.2.1\bits\stl_algo.h **** /*
  26:c:\program files\daisytoolchain\arm-none-eabi\include\c++\10.2.1\bits\stl_algo.h ****  *
  27:c:\program files\daisytoolchain\arm-none-eabi\include\c++\10.2.1\bits\stl_algo.h ****  * Copyright (c) 1994
  28:c:\program files\daisytoolchain\arm-none-eabi\include\c++\10.2.1\bits\stl_algo.h ****  * Hewlett-Packard Company
  29:c:\program files\daisytoolchain\arm-none-eabi\include\c++\10.2.1\bits\stl_algo.h ****  *
  30:c:\program files\daisytoolchain\arm-none-eabi\include\c++\10.2.1\bits\stl_algo.h ****  * Permission to use, copy, modify, distribute and sell this software
  31:c:\program files\daisytoolchain\arm-none-eabi\include\c++\10.2.1\bits\stl_algo.h ****  * and its documentation for any purpose is hereby granted without fee,
  32:c:\program files\daisytoolchain\arm-none-eabi\include\c++\10.2.1\bits\stl_algo.h ****  * provided that the above copyright notice appear in all copies and
  33:c:\program files\daisytoolchain\arm-none-eabi\include\c++\10.2.1\bits\stl_algo.h ****  * that both that copyright notice and this permission notice appear
  34:c:\program files\daisytoolchain\arm-none-eabi\include\c++\10.2.1\bits\stl_algo.h ****  * in supporting documentation.  Hewlett-Packard Company makes no
  35:c:\program files\daisytoolchain\arm-none-eabi\include\c++\10.2.1\bits\stl_algo.h ****  * representations about the suitability of this software for any
  36:c:\program files\daisytoolchain\arm-none-eabi\include\c++\10.2.1\bits\stl_algo.h ****  * purpose.  It is provided "as is" without express or implied warranty.
  37:c:\program files\daisytoolchain\arm-none-eabi\include\c++\10.2.1\bits\stl_algo.h ****  *
  38:c:\program files\daisytoolchain\arm-none-eabi\include\c++\10.2.1\bits\stl_algo.h ****  *
  39:c:\program files\daisytoolchain\arm-none-eabi\include\c++\10.2.1\bits\stl_algo.h ****  * Copyright (c) 1996
  40:c:\program files\daisytoolchain\arm-none-eabi\include\c++\10.2.1\bits\stl_algo.h ****  * Silicon Graphics Computer Systems, Inc.
  41:c:\program files\daisytoolchain\arm-none-eabi\include\c++\10.2.1\bits\stl_algo.h ****  *
  42:c:\program files\daisytoolchain\arm-none-eabi\include\c++\10.2.1\bits\stl_algo.h ****  * Permission to use, copy, modify, distribute and sell this software
  43:c:\program files\daisytoolchain\arm-none-eabi\include\c++\10.2.1\bits\stl_algo.h ****  * and its documentation for any purpose is hereby granted without fee,
  44:c:\program files\daisytoolchain\arm-none-eabi\include\c++\10.2.1\bits\stl_algo.h ****  * provided that the above copyright notice appear in all copies and
  45:c:\program files\daisytoolchain\arm-none-eabi\include\c++\10.2.1\bits\stl_algo.h ****  * that both that copyright notice and this permission notice appear
  46:c:\program files\daisytoolchain\arm-none-eabi\include\c++\10.2.1\bits\stl_algo.h ****  * in supporting documentation.  Silicon Graphics makes no
  47:c:\program files\daisytoolchain\arm-none-eabi\include\c++\10.2.1\bits\stl_algo.h ****  * representations about the suitability of this software for any
  48:c:\program files\daisytoolchain\arm-none-eabi\include\c++\10.2.1\bits\stl_algo.h ****  * purpose.  It is provided "as is" without express or implied warranty.
  49:c:\program files\daisytoolchain\arm-none-eabi\include\c++\10.2.1\bits\stl_algo.h ****  */
  50:c:\program files\daisytoolchain\arm-none-eabi\include\c++\10.2.1\bits\stl_algo.h **** 
  51:c:\program files\daisytoolchain\arm-none-eabi\include\c++\10.2.1\bits\stl_algo.h **** /** @file bits/stl_algo.h
  52:c:\program files\daisytoolchain\arm-none-eabi\include\c++\10.2.1\bits\stl_algo.h ****  *  This is an internal header file, included by other library headers.
  53:c:\program files\daisytoolchain\arm-none-eabi\include\c++\10.2.1\bits\stl_algo.h ****  *  Do not attempt to use it directly. @headername{algorithm}
  54:c:\program files\daisytoolchain\arm-none-eabi\include\c++\10.2.1\bits\stl_algo.h ****  */
  55:c:\program files\daisytoolchain\arm-none-eabi\include\c++\10.2.1\bits\stl_algo.h **** 
  56:c:\program files\daisytoolchain\arm-none-eabi\include\c++\10.2.1\bits\stl_algo.h **** #ifndef _STL_ALGO_H
  57:c:\program files\daisytoolchain\arm-none-eabi\include\c++\10.2.1\bits\stl_algo.h **** #define _STL_ALGO_H 1
  58:c:\program files\daisytoolchain\arm-none-eabi\include\c++\10.2.1\bits\stl_algo.h **** 
  59:c:\program files\daisytoolchain\arm-none-eabi\include\c++\10.2.1\bits\stl_algo.h **** #include <cstdlib>	     // for rand
  60:c:\program files\daisytoolchain\arm-none-eabi\include\c++\10.2.1\bits\stl_algo.h **** #include <bits/algorithmfwd.h>
  61:c:\program files\daisytoolchain\arm-none-eabi\include\c++\10.2.1\bits\stl_algo.h **** #include <bits/stl_heap.h>
  62:c:\program files\daisytoolchain\arm-none-eabi\include\c++\10.2.1\bits\stl_algo.h **** #include <bits/stl_tempbuf.h>  // for _Temporary_buffer
  63:c:\program files\daisytoolchain\arm-none-eabi\include\c++\10.2.1\bits\stl_algo.h **** #include <bits/predefined_ops.h>
  64:c:\program files\daisytoolchain\arm-none-eabi\include\c++\10.2.1\bits\stl_algo.h **** 
  65:c:\program files\daisytoolchain\arm-none-eabi\include\c++\10.2.1\bits\stl_algo.h **** #if __cplusplus >= 201103L
  66:c:\program files\daisytoolchain\arm-none-eabi\include\c++\10.2.1\bits\stl_algo.h **** #include <bits/uniform_int_dist.h>
  67:c:\program files\daisytoolchain\arm-none-eabi\include\c++\10.2.1\bits\stl_algo.h **** #endif
  68:c:\program files\daisytoolchain\arm-none-eabi\include\c++\10.2.1\bits\stl_algo.h **** 
  69:c:\program files\daisytoolchain\arm-none-eabi\include\c++\10.2.1\bits\stl_algo.h **** // See concept_check.h for the __glibcxx_*_requires macros.
  70:c:\program files\daisytoolchain\arm-none-eabi\include\c++\10.2.1\bits\stl_algo.h **** 
  71:c:\program files\daisytoolchain\arm-none-eabi\include\c++\10.2.1\bits\stl_algo.h **** namespace std _GLIBCXX_VISIBILITY(default)
  72:c:\program files\daisytoolchain\arm-none-eabi\include\c++\10.2.1\bits\stl_algo.h **** {
  73:c:\program files\daisytoolchain\arm-none-eabi\include\c++\10.2.1\bits\stl_algo.h **** _GLIBCXX_BEGIN_NAMESPACE_VERSION
  74:c:\program files\daisytoolchain\arm-none-eabi\include\c++\10.2.1\bits\stl_algo.h **** 
  75:c:\program files\daisytoolchain\arm-none-eabi\include\c++\10.2.1\bits\stl_algo.h ****   /// Swaps the median value of *__a, *__b and *__c under __comp to *__result
ARM GAS  C:\Users\FINNDY~1\AppData\Local\Temp\ccFWr46h.s 			page 5


  76:c:\program files\daisytoolchain\arm-none-eabi\include\c++\10.2.1\bits\stl_algo.h ****   template<typename _Iterator, typename _Compare>
  77:c:\program files\daisytoolchain\arm-none-eabi\include\c++\10.2.1\bits\stl_algo.h ****     _GLIBCXX20_CONSTEXPR
  78:c:\program files\daisytoolchain\arm-none-eabi\include\c++\10.2.1\bits\stl_algo.h ****     void
  79:c:\program files\daisytoolchain\arm-none-eabi\include\c++\10.2.1\bits\stl_algo.h ****     __move_median_to_first(_Iterator __result,_Iterator __a, _Iterator __b,
  80:c:\program files\daisytoolchain\arm-none-eabi\include\c++\10.2.1\bits\stl_algo.h **** 			   _Iterator __c, _Compare __comp)
  81:c:\program files\daisytoolchain\arm-none-eabi\include\c++\10.2.1\bits\stl_algo.h ****     {
  82:c:\program files\daisytoolchain\arm-none-eabi\include\c++\10.2.1\bits\stl_algo.h ****       if (__comp(__a, __b))
  83:c:\program files\daisytoolchain\arm-none-eabi\include\c++\10.2.1\bits\stl_algo.h **** 	{
  84:c:\program files\daisytoolchain\arm-none-eabi\include\c++\10.2.1\bits\stl_algo.h **** 	  if (__comp(__b, __c))
  85:c:\program files\daisytoolchain\arm-none-eabi\include\c++\10.2.1\bits\stl_algo.h **** 	    std::iter_swap(__result, __b);
  86:c:\program files\daisytoolchain\arm-none-eabi\include\c++\10.2.1\bits\stl_algo.h **** 	  else if (__comp(__a, __c))
  87:c:\program files\daisytoolchain\arm-none-eabi\include\c++\10.2.1\bits\stl_algo.h **** 	    std::iter_swap(__result, __c);
  88:c:\program files\daisytoolchain\arm-none-eabi\include\c++\10.2.1\bits\stl_algo.h **** 	  else
  89:c:\program files\daisytoolchain\arm-none-eabi\include\c++\10.2.1\bits\stl_algo.h **** 	    std::iter_swap(__result, __a);
  90:c:\program files\daisytoolchain\arm-none-eabi\include\c++\10.2.1\bits\stl_algo.h **** 	}
  91:c:\program files\daisytoolchain\arm-none-eabi\include\c++\10.2.1\bits\stl_algo.h ****       else if (__comp(__a, __c))
  92:c:\program files\daisytoolchain\arm-none-eabi\include\c++\10.2.1\bits\stl_algo.h **** 	std::iter_swap(__result, __a);
  93:c:\program files\daisytoolchain\arm-none-eabi\include\c++\10.2.1\bits\stl_algo.h ****       else if (__comp(__b, __c))
  94:c:\program files\daisytoolchain\arm-none-eabi\include\c++\10.2.1\bits\stl_algo.h **** 	std::iter_swap(__result, __c);
  95:c:\program files\daisytoolchain\arm-none-eabi\include\c++\10.2.1\bits\stl_algo.h ****       else
  96:c:\program files\daisytoolchain\arm-none-eabi\include\c++\10.2.1\bits\stl_algo.h **** 	std::iter_swap(__result, __b);
  97:c:\program files\daisytoolchain\arm-none-eabi\include\c++\10.2.1\bits\stl_algo.h ****     }
  98:c:\program files\daisytoolchain\arm-none-eabi\include\c++\10.2.1\bits\stl_algo.h **** 
  99:c:\program files\daisytoolchain\arm-none-eabi\include\c++\10.2.1\bits\stl_algo.h ****   /// Provided for stable_partition to use.
 100:c:\program files\daisytoolchain\arm-none-eabi\include\c++\10.2.1\bits\stl_algo.h ****   template<typename _InputIterator, typename _Predicate>
 101:c:\program files\daisytoolchain\arm-none-eabi\include\c++\10.2.1\bits\stl_algo.h ****     _GLIBCXX20_CONSTEXPR
 102:c:\program files\daisytoolchain\arm-none-eabi\include\c++\10.2.1\bits\stl_algo.h ****     inline _InputIterator
 103:c:\program files\daisytoolchain\arm-none-eabi\include\c++\10.2.1\bits\stl_algo.h ****     __find_if_not(_InputIterator __first, _InputIterator __last,
 104:c:\program files\daisytoolchain\arm-none-eabi\include\c++\10.2.1\bits\stl_algo.h **** 		  _Predicate __pred)
 105:c:\program files\daisytoolchain\arm-none-eabi\include\c++\10.2.1\bits\stl_algo.h ****     {
 106:c:\program files\daisytoolchain\arm-none-eabi\include\c++\10.2.1\bits\stl_algo.h ****       return std::__find_if(__first, __last,
 107:c:\program files\daisytoolchain\arm-none-eabi\include\c++\10.2.1\bits\stl_algo.h **** 			    __gnu_cxx::__ops::__negate(__pred),
 108:c:\program files\daisytoolchain\arm-none-eabi\include\c++\10.2.1\bits\stl_algo.h **** 			    std::__iterator_category(__first));
 109:c:\program files\daisytoolchain\arm-none-eabi\include\c++\10.2.1\bits\stl_algo.h ****     }
 110:c:\program files\daisytoolchain\arm-none-eabi\include\c++\10.2.1\bits\stl_algo.h **** 
 111:c:\program files\daisytoolchain\arm-none-eabi\include\c++\10.2.1\bits\stl_algo.h ****   /// Like find_if_not(), but uses and updates a count of the
 112:c:\program files\daisytoolchain\arm-none-eabi\include\c++\10.2.1\bits\stl_algo.h ****   /// remaining range length instead of comparing against an end
 113:c:\program files\daisytoolchain\arm-none-eabi\include\c++\10.2.1\bits\stl_algo.h ****   /// iterator.
 114:c:\program files\daisytoolchain\arm-none-eabi\include\c++\10.2.1\bits\stl_algo.h ****   template<typename _InputIterator, typename _Predicate, typename _Distance>
 115:c:\program files\daisytoolchain\arm-none-eabi\include\c++\10.2.1\bits\stl_algo.h ****     _GLIBCXX20_CONSTEXPR
 116:c:\program files\daisytoolchain\arm-none-eabi\include\c++\10.2.1\bits\stl_algo.h ****     _InputIterator
 117:c:\program files\daisytoolchain\arm-none-eabi\include\c++\10.2.1\bits\stl_algo.h ****     __find_if_not_n(_InputIterator __first, _Distance& __len, _Predicate __pred)
 118:c:\program files\daisytoolchain\arm-none-eabi\include\c++\10.2.1\bits\stl_algo.h ****     {
 119:c:\program files\daisytoolchain\arm-none-eabi\include\c++\10.2.1\bits\stl_algo.h ****       for (; __len; --__len,  (void) ++__first)
 120:c:\program files\daisytoolchain\arm-none-eabi\include\c++\10.2.1\bits\stl_algo.h **** 	if (!__pred(__first))
 121:c:\program files\daisytoolchain\arm-none-eabi\include\c++\10.2.1\bits\stl_algo.h **** 	  break;
 122:c:\program files\daisytoolchain\arm-none-eabi\include\c++\10.2.1\bits\stl_algo.h ****       return __first;
 123:c:\program files\daisytoolchain\arm-none-eabi\include\c++\10.2.1\bits\stl_algo.h ****     }
 124:c:\program files\daisytoolchain\arm-none-eabi\include\c++\10.2.1\bits\stl_algo.h **** 
 125:c:\program files\daisytoolchain\arm-none-eabi\include\c++\10.2.1\bits\stl_algo.h ****   // set_difference
 126:c:\program files\daisytoolchain\arm-none-eabi\include\c++\10.2.1\bits\stl_algo.h ****   // set_intersection
 127:c:\program files\daisytoolchain\arm-none-eabi\include\c++\10.2.1\bits\stl_algo.h ****   // set_symmetric_difference
 128:c:\program files\daisytoolchain\arm-none-eabi\include\c++\10.2.1\bits\stl_algo.h ****   // set_union
 129:c:\program files\daisytoolchain\arm-none-eabi\include\c++\10.2.1\bits\stl_algo.h ****   // for_each
 130:c:\program files\daisytoolchain\arm-none-eabi\include\c++\10.2.1\bits\stl_algo.h ****   // find
 131:c:\program files\daisytoolchain\arm-none-eabi\include\c++\10.2.1\bits\stl_algo.h ****   // find_if
 132:c:\program files\daisytoolchain\arm-none-eabi\include\c++\10.2.1\bits\stl_algo.h ****   // find_first_of
ARM GAS  C:\Users\FINNDY~1\AppData\Local\Temp\ccFWr46h.s 			page 6


 133:c:\program files\daisytoolchain\arm-none-eabi\include\c++\10.2.1\bits\stl_algo.h ****   // adjacent_find
 134:c:\program files\daisytoolchain\arm-none-eabi\include\c++\10.2.1\bits\stl_algo.h ****   // count
 135:c:\program files\daisytoolchain\arm-none-eabi\include\c++\10.2.1\bits\stl_algo.h ****   // count_if
 136:c:\program files\daisytoolchain\arm-none-eabi\include\c++\10.2.1\bits\stl_algo.h ****   // search
 137:c:\program files\daisytoolchain\arm-none-eabi\include\c++\10.2.1\bits\stl_algo.h **** 
 138:c:\program files\daisytoolchain\arm-none-eabi\include\c++\10.2.1\bits\stl_algo.h ****   template<typename _ForwardIterator1, typename _ForwardIterator2,
 139:c:\program files\daisytoolchain\arm-none-eabi\include\c++\10.2.1\bits\stl_algo.h **** 	   typename _BinaryPredicate>
 140:c:\program files\daisytoolchain\arm-none-eabi\include\c++\10.2.1\bits\stl_algo.h ****     _GLIBCXX20_CONSTEXPR
 141:c:\program files\daisytoolchain\arm-none-eabi\include\c++\10.2.1\bits\stl_algo.h ****     _ForwardIterator1
 142:c:\program files\daisytoolchain\arm-none-eabi\include\c++\10.2.1\bits\stl_algo.h ****     __search(_ForwardIterator1 __first1, _ForwardIterator1 __last1,
 143:c:\program files\daisytoolchain\arm-none-eabi\include\c++\10.2.1\bits\stl_algo.h **** 	     _ForwardIterator2 __first2, _ForwardIterator2 __last2,
 144:c:\program files\daisytoolchain\arm-none-eabi\include\c++\10.2.1\bits\stl_algo.h **** 	     _BinaryPredicate  __predicate)
 145:c:\program files\daisytoolchain\arm-none-eabi\include\c++\10.2.1\bits\stl_algo.h ****     {
 146:c:\program files\daisytoolchain\arm-none-eabi\include\c++\10.2.1\bits\stl_algo.h ****       // Test for empty ranges
 147:c:\program files\daisytoolchain\arm-none-eabi\include\c++\10.2.1\bits\stl_algo.h ****       if (__first1 == __last1 || __first2 == __last2)
 148:c:\program files\daisytoolchain\arm-none-eabi\include\c++\10.2.1\bits\stl_algo.h **** 	return __first1;
 149:c:\program files\daisytoolchain\arm-none-eabi\include\c++\10.2.1\bits\stl_algo.h **** 
 150:c:\program files\daisytoolchain\arm-none-eabi\include\c++\10.2.1\bits\stl_algo.h ****       // Test for a pattern of length 1.
 151:c:\program files\daisytoolchain\arm-none-eabi\include\c++\10.2.1\bits\stl_algo.h ****       _ForwardIterator2 __p1(__first2);
 152:c:\program files\daisytoolchain\arm-none-eabi\include\c++\10.2.1\bits\stl_algo.h ****       if (++__p1 == __last2)
 153:c:\program files\daisytoolchain\arm-none-eabi\include\c++\10.2.1\bits\stl_algo.h **** 	return std::__find_if(__first1, __last1,
 154:c:\program files\daisytoolchain\arm-none-eabi\include\c++\10.2.1\bits\stl_algo.h **** 		__gnu_cxx::__ops::__iter_comp_iter(__predicate, __first2));
 155:c:\program files\daisytoolchain\arm-none-eabi\include\c++\10.2.1\bits\stl_algo.h **** 
 156:c:\program files\daisytoolchain\arm-none-eabi\include\c++\10.2.1\bits\stl_algo.h ****       // General case.
 157:c:\program files\daisytoolchain\arm-none-eabi\include\c++\10.2.1\bits\stl_algo.h ****       _ForwardIterator1 __current = __first1;
 158:c:\program files\daisytoolchain\arm-none-eabi\include\c++\10.2.1\bits\stl_algo.h **** 
 159:c:\program files\daisytoolchain\arm-none-eabi\include\c++\10.2.1\bits\stl_algo.h ****       for (;;)
 160:c:\program files\daisytoolchain\arm-none-eabi\include\c++\10.2.1\bits\stl_algo.h **** 	{
 161:c:\program files\daisytoolchain\arm-none-eabi\include\c++\10.2.1\bits\stl_algo.h **** 	  __first1 =
 162:c:\program files\daisytoolchain\arm-none-eabi\include\c++\10.2.1\bits\stl_algo.h **** 	    std::__find_if(__first1, __last1,
 163:c:\program files\daisytoolchain\arm-none-eabi\include\c++\10.2.1\bits\stl_algo.h **** 		__gnu_cxx::__ops::__iter_comp_iter(__predicate, __first2));
 164:c:\program files\daisytoolchain\arm-none-eabi\include\c++\10.2.1\bits\stl_algo.h **** 
 165:c:\program files\daisytoolchain\arm-none-eabi\include\c++\10.2.1\bits\stl_algo.h **** 	  if (__first1 == __last1)
 166:c:\program files\daisytoolchain\arm-none-eabi\include\c++\10.2.1\bits\stl_algo.h **** 	    return __last1;
 167:c:\program files\daisytoolchain\arm-none-eabi\include\c++\10.2.1\bits\stl_algo.h **** 
 168:c:\program files\daisytoolchain\arm-none-eabi\include\c++\10.2.1\bits\stl_algo.h **** 	  _ForwardIterator2 __p = __p1;
 169:c:\program files\daisytoolchain\arm-none-eabi\include\c++\10.2.1\bits\stl_algo.h **** 	  __current = __first1;
 170:c:\program files\daisytoolchain\arm-none-eabi\include\c++\10.2.1\bits\stl_algo.h **** 	  if (++__current == __last1)
 171:c:\program files\daisytoolchain\arm-none-eabi\include\c++\10.2.1\bits\stl_algo.h **** 	    return __last1;
 172:c:\program files\daisytoolchain\arm-none-eabi\include\c++\10.2.1\bits\stl_algo.h **** 
 173:c:\program files\daisytoolchain\arm-none-eabi\include\c++\10.2.1\bits\stl_algo.h **** 	  while (__predicate(__current, __p))
 174:c:\program files\daisytoolchain\arm-none-eabi\include\c++\10.2.1\bits\stl_algo.h **** 	    {
 175:c:\program files\daisytoolchain\arm-none-eabi\include\c++\10.2.1\bits\stl_algo.h **** 	      if (++__p == __last2)
 176:c:\program files\daisytoolchain\arm-none-eabi\include\c++\10.2.1\bits\stl_algo.h **** 		return __first1;
 177:c:\program files\daisytoolchain\arm-none-eabi\include\c++\10.2.1\bits\stl_algo.h **** 	      if (++__current == __last1)
 178:c:\program files\daisytoolchain\arm-none-eabi\include\c++\10.2.1\bits\stl_algo.h **** 		return __last1;
 179:c:\program files\daisytoolchain\arm-none-eabi\include\c++\10.2.1\bits\stl_algo.h **** 	    }
 180:c:\program files\daisytoolchain\arm-none-eabi\include\c++\10.2.1\bits\stl_algo.h **** 	  ++__first1;
 181:c:\program files\daisytoolchain\arm-none-eabi\include\c++\10.2.1\bits\stl_algo.h **** 	}
 182:c:\program files\daisytoolchain\arm-none-eabi\include\c++\10.2.1\bits\stl_algo.h ****       return __first1;
 183:c:\program files\daisytoolchain\arm-none-eabi\include\c++\10.2.1\bits\stl_algo.h ****     }
 184:c:\program files\daisytoolchain\arm-none-eabi\include\c++\10.2.1\bits\stl_algo.h **** 
 185:c:\program files\daisytoolchain\arm-none-eabi\include\c++\10.2.1\bits\stl_algo.h ****   // search_n
 186:c:\program files\daisytoolchain\arm-none-eabi\include\c++\10.2.1\bits\stl_algo.h **** 
 187:c:\program files\daisytoolchain\arm-none-eabi\include\c++\10.2.1\bits\stl_algo.h ****   /**
 188:c:\program files\daisytoolchain\arm-none-eabi\include\c++\10.2.1\bits\stl_algo.h ****    *  This is an helper function for search_n overloaded for forward iterators.
 189:c:\program files\daisytoolchain\arm-none-eabi\include\c++\10.2.1\bits\stl_algo.h ****   */
ARM GAS  C:\Users\FINNDY~1\AppData\Local\Temp\ccFWr46h.s 			page 7


 190:c:\program files\daisytoolchain\arm-none-eabi\include\c++\10.2.1\bits\stl_algo.h ****   template<typename _ForwardIterator, typename _Integer,
 191:c:\program files\daisytoolchain\arm-none-eabi\include\c++\10.2.1\bits\stl_algo.h **** 	   typename _UnaryPredicate>
 192:c:\program files\daisytoolchain\arm-none-eabi\include\c++\10.2.1\bits\stl_algo.h ****     _GLIBCXX20_CONSTEXPR
 193:c:\program files\daisytoolchain\arm-none-eabi\include\c++\10.2.1\bits\stl_algo.h ****     _ForwardIterator
 194:c:\program files\daisytoolchain\arm-none-eabi\include\c++\10.2.1\bits\stl_algo.h ****     __search_n_aux(_ForwardIterator __first, _ForwardIterator __last,
 195:c:\program files\daisytoolchain\arm-none-eabi\include\c++\10.2.1\bits\stl_algo.h **** 		   _Integer __count, _UnaryPredicate __unary_pred,
 196:c:\program files\daisytoolchain\arm-none-eabi\include\c++\10.2.1\bits\stl_algo.h **** 		   std::forward_iterator_tag)
 197:c:\program files\daisytoolchain\arm-none-eabi\include\c++\10.2.1\bits\stl_algo.h ****     {
 198:c:\program files\daisytoolchain\arm-none-eabi\include\c++\10.2.1\bits\stl_algo.h ****       __first = std::__find_if(__first, __last, __unary_pred);
 199:c:\program files\daisytoolchain\arm-none-eabi\include\c++\10.2.1\bits\stl_algo.h ****       while (__first != __last)
 200:c:\program files\daisytoolchain\arm-none-eabi\include\c++\10.2.1\bits\stl_algo.h **** 	{
 201:c:\program files\daisytoolchain\arm-none-eabi\include\c++\10.2.1\bits\stl_algo.h **** 	  typename iterator_traits<_ForwardIterator>::difference_type
 202:c:\program files\daisytoolchain\arm-none-eabi\include\c++\10.2.1\bits\stl_algo.h **** 	    __n = __count;
 203:c:\program files\daisytoolchain\arm-none-eabi\include\c++\10.2.1\bits\stl_algo.h **** 	  _ForwardIterator __i = __first;
 204:c:\program files\daisytoolchain\arm-none-eabi\include\c++\10.2.1\bits\stl_algo.h **** 	  ++__i;
 205:c:\program files\daisytoolchain\arm-none-eabi\include\c++\10.2.1\bits\stl_algo.h **** 	  while (__i != __last && __n != 1 && __unary_pred(__i))
 206:c:\program files\daisytoolchain\arm-none-eabi\include\c++\10.2.1\bits\stl_algo.h **** 	    {
 207:c:\program files\daisytoolchain\arm-none-eabi\include\c++\10.2.1\bits\stl_algo.h **** 	      ++__i;
 208:c:\program files\daisytoolchain\arm-none-eabi\include\c++\10.2.1\bits\stl_algo.h **** 	      --__n;
 209:c:\program files\daisytoolchain\arm-none-eabi\include\c++\10.2.1\bits\stl_algo.h **** 	    }
 210:c:\program files\daisytoolchain\arm-none-eabi\include\c++\10.2.1\bits\stl_algo.h **** 	  if (__n == 1)
 211:c:\program files\daisytoolchain\arm-none-eabi\include\c++\10.2.1\bits\stl_algo.h **** 	    return __first;
 212:c:\program files\daisytoolchain\arm-none-eabi\include\c++\10.2.1\bits\stl_algo.h **** 	  if (__i == __last)
 213:c:\program files\daisytoolchain\arm-none-eabi\include\c++\10.2.1\bits\stl_algo.h **** 	    return __last;
 214:c:\program files\daisytoolchain\arm-none-eabi\include\c++\10.2.1\bits\stl_algo.h **** 	  __first = std::__find_if(++__i, __last, __unary_pred);
 215:c:\program files\daisytoolchain\arm-none-eabi\include\c++\10.2.1\bits\stl_algo.h **** 	}
 216:c:\program files\daisytoolchain\arm-none-eabi\include\c++\10.2.1\bits\stl_algo.h ****       return __last;
 217:c:\program files\daisytoolchain\arm-none-eabi\include\c++\10.2.1\bits\stl_algo.h ****     }
 218:c:\program files\daisytoolchain\arm-none-eabi\include\c++\10.2.1\bits\stl_algo.h **** 
 219:c:\program files\daisytoolchain\arm-none-eabi\include\c++\10.2.1\bits\stl_algo.h ****   /**
 220:c:\program files\daisytoolchain\arm-none-eabi\include\c++\10.2.1\bits\stl_algo.h ****    *  This is an helper function for search_n overloaded for random access
 221:c:\program files\daisytoolchain\arm-none-eabi\include\c++\10.2.1\bits\stl_algo.h ****    *  iterators.
 222:c:\program files\daisytoolchain\arm-none-eabi\include\c++\10.2.1\bits\stl_algo.h ****   */
 223:c:\program files\daisytoolchain\arm-none-eabi\include\c++\10.2.1\bits\stl_algo.h ****   template<typename _RandomAccessIter, typename _Integer,
 224:c:\program files\daisytoolchain\arm-none-eabi\include\c++\10.2.1\bits\stl_algo.h **** 	   typename _UnaryPredicate>
 225:c:\program files\daisytoolchain\arm-none-eabi\include\c++\10.2.1\bits\stl_algo.h ****     _GLIBCXX20_CONSTEXPR
 226:c:\program files\daisytoolchain\arm-none-eabi\include\c++\10.2.1\bits\stl_algo.h ****     _RandomAccessIter
 227:c:\program files\daisytoolchain\arm-none-eabi\include\c++\10.2.1\bits\stl_algo.h ****     __search_n_aux(_RandomAccessIter __first, _RandomAccessIter __last,
 228:c:\program files\daisytoolchain\arm-none-eabi\include\c++\10.2.1\bits\stl_algo.h **** 		   _Integer __count, _UnaryPredicate __unary_pred,
 229:c:\program files\daisytoolchain\arm-none-eabi\include\c++\10.2.1\bits\stl_algo.h **** 		   std::random_access_iterator_tag)
 230:c:\program files\daisytoolchain\arm-none-eabi\include\c++\10.2.1\bits\stl_algo.h ****     {
 231:c:\program files\daisytoolchain\arm-none-eabi\include\c++\10.2.1\bits\stl_algo.h ****       typedef typename std::iterator_traits<_RandomAccessIter>::difference_type
 232:c:\program files\daisytoolchain\arm-none-eabi\include\c++\10.2.1\bits\stl_algo.h **** 	_DistanceType;
 233:c:\program files\daisytoolchain\arm-none-eabi\include\c++\10.2.1\bits\stl_algo.h **** 
 234:c:\program files\daisytoolchain\arm-none-eabi\include\c++\10.2.1\bits\stl_algo.h ****       _DistanceType __tailSize = __last - __first;
 235:c:\program files\daisytoolchain\arm-none-eabi\include\c++\10.2.1\bits\stl_algo.h ****       _DistanceType __remainder = __count;
 236:c:\program files\daisytoolchain\arm-none-eabi\include\c++\10.2.1\bits\stl_algo.h **** 
 237:c:\program files\daisytoolchain\arm-none-eabi\include\c++\10.2.1\bits\stl_algo.h ****       while (__remainder <= __tailSize) // the main loop...
 238:c:\program files\daisytoolchain\arm-none-eabi\include\c++\10.2.1\bits\stl_algo.h **** 	{
 239:c:\program files\daisytoolchain\arm-none-eabi\include\c++\10.2.1\bits\stl_algo.h **** 	  __first += __remainder;
 240:c:\program files\daisytoolchain\arm-none-eabi\include\c++\10.2.1\bits\stl_algo.h **** 	  __tailSize -= __remainder;
 241:c:\program files\daisytoolchain\arm-none-eabi\include\c++\10.2.1\bits\stl_algo.h **** 	  // __first here is always pointing to one past the last element of
 242:c:\program files\daisytoolchain\arm-none-eabi\include\c++\10.2.1\bits\stl_algo.h **** 	  // next possible match.
 243:c:\program files\daisytoolchain\arm-none-eabi\include\c++\10.2.1\bits\stl_algo.h **** 	  _RandomAccessIter __backTrack = __first; 
 244:c:\program files\daisytoolchain\arm-none-eabi\include\c++\10.2.1\bits\stl_algo.h **** 	  while (__unary_pred(--__backTrack))
 245:c:\program files\daisytoolchain\arm-none-eabi\include\c++\10.2.1\bits\stl_algo.h **** 	    {
 246:c:\program files\daisytoolchain\arm-none-eabi\include\c++\10.2.1\bits\stl_algo.h **** 	      if (--__remainder == 0)
ARM GAS  C:\Users\FINNDY~1\AppData\Local\Temp\ccFWr46h.s 			page 8


 247:c:\program files\daisytoolchain\arm-none-eabi\include\c++\10.2.1\bits\stl_algo.h **** 		return (__first - __count); // Success
 248:c:\program files\daisytoolchain\arm-none-eabi\include\c++\10.2.1\bits\stl_algo.h **** 	    }
 249:c:\program files\daisytoolchain\arm-none-eabi\include\c++\10.2.1\bits\stl_algo.h **** 	  __remainder = __count + 1 - (__first - __backTrack);
 250:c:\program files\daisytoolchain\arm-none-eabi\include\c++\10.2.1\bits\stl_algo.h **** 	}
 251:c:\program files\daisytoolchain\arm-none-eabi\include\c++\10.2.1\bits\stl_algo.h ****       return __last; // Failure
 252:c:\program files\daisytoolchain\arm-none-eabi\include\c++\10.2.1\bits\stl_algo.h ****     }
 253:c:\program files\daisytoolchain\arm-none-eabi\include\c++\10.2.1\bits\stl_algo.h **** 
 254:c:\program files\daisytoolchain\arm-none-eabi\include\c++\10.2.1\bits\stl_algo.h ****   template<typename _ForwardIterator, typename _Integer,
 255:c:\program files\daisytoolchain\arm-none-eabi\include\c++\10.2.1\bits\stl_algo.h **** 	   typename _UnaryPredicate>
 256:c:\program files\daisytoolchain\arm-none-eabi\include\c++\10.2.1\bits\stl_algo.h ****     _GLIBCXX20_CONSTEXPR
 257:c:\program files\daisytoolchain\arm-none-eabi\include\c++\10.2.1\bits\stl_algo.h ****     _ForwardIterator
 258:c:\program files\daisytoolchain\arm-none-eabi\include\c++\10.2.1\bits\stl_algo.h ****     __search_n(_ForwardIterator __first, _ForwardIterator __last,
 259:c:\program files\daisytoolchain\arm-none-eabi\include\c++\10.2.1\bits\stl_algo.h **** 	       _Integer __count,
 260:c:\program files\daisytoolchain\arm-none-eabi\include\c++\10.2.1\bits\stl_algo.h **** 	       _UnaryPredicate __unary_pred)
 261:c:\program files\daisytoolchain\arm-none-eabi\include\c++\10.2.1\bits\stl_algo.h ****     {
 262:c:\program files\daisytoolchain\arm-none-eabi\include\c++\10.2.1\bits\stl_algo.h ****       if (__count <= 0)
 263:c:\program files\daisytoolchain\arm-none-eabi\include\c++\10.2.1\bits\stl_algo.h **** 	return __first;
 264:c:\program files\daisytoolchain\arm-none-eabi\include\c++\10.2.1\bits\stl_algo.h **** 
 265:c:\program files\daisytoolchain\arm-none-eabi\include\c++\10.2.1\bits\stl_algo.h ****       if (__count == 1)
 266:c:\program files\daisytoolchain\arm-none-eabi\include\c++\10.2.1\bits\stl_algo.h **** 	return std::__find_if(__first, __last, __unary_pred);
 267:c:\program files\daisytoolchain\arm-none-eabi\include\c++\10.2.1\bits\stl_algo.h **** 
 268:c:\program files\daisytoolchain\arm-none-eabi\include\c++\10.2.1\bits\stl_algo.h ****       return std::__search_n_aux(__first, __last, __count, __unary_pred,
 269:c:\program files\daisytoolchain\arm-none-eabi\include\c++\10.2.1\bits\stl_algo.h **** 				 std::__iterator_category(__first));
 270:c:\program files\daisytoolchain\arm-none-eabi\include\c++\10.2.1\bits\stl_algo.h ****     }
 271:c:\program files\daisytoolchain\arm-none-eabi\include\c++\10.2.1\bits\stl_algo.h **** 
 272:c:\program files\daisytoolchain\arm-none-eabi\include\c++\10.2.1\bits\stl_algo.h ****   // find_end for forward iterators.
 273:c:\program files\daisytoolchain\arm-none-eabi\include\c++\10.2.1\bits\stl_algo.h ****   template<typename _ForwardIterator1, typename _ForwardIterator2,
 274:c:\program files\daisytoolchain\arm-none-eabi\include\c++\10.2.1\bits\stl_algo.h **** 	   typename _BinaryPredicate>
 275:c:\program files\daisytoolchain\arm-none-eabi\include\c++\10.2.1\bits\stl_algo.h ****     _GLIBCXX20_CONSTEXPR
 276:c:\program files\daisytoolchain\arm-none-eabi\include\c++\10.2.1\bits\stl_algo.h ****     _ForwardIterator1
 277:c:\program files\daisytoolchain\arm-none-eabi\include\c++\10.2.1\bits\stl_algo.h ****     __find_end(_ForwardIterator1 __first1, _ForwardIterator1 __last1,
 278:c:\program files\daisytoolchain\arm-none-eabi\include\c++\10.2.1\bits\stl_algo.h **** 	       _ForwardIterator2 __first2, _ForwardIterator2 __last2,
 279:c:\program files\daisytoolchain\arm-none-eabi\include\c++\10.2.1\bits\stl_algo.h **** 	       forward_iterator_tag, forward_iterator_tag,
 280:c:\program files\daisytoolchain\arm-none-eabi\include\c++\10.2.1\bits\stl_algo.h **** 	       _BinaryPredicate __comp)
 281:c:\program files\daisytoolchain\arm-none-eabi\include\c++\10.2.1\bits\stl_algo.h ****     {
 282:c:\program files\daisytoolchain\arm-none-eabi\include\c++\10.2.1\bits\stl_algo.h ****       if (__first2 == __last2)
 283:c:\program files\daisytoolchain\arm-none-eabi\include\c++\10.2.1\bits\stl_algo.h **** 	return __last1;
 284:c:\program files\daisytoolchain\arm-none-eabi\include\c++\10.2.1\bits\stl_algo.h **** 
 285:c:\program files\daisytoolchain\arm-none-eabi\include\c++\10.2.1\bits\stl_algo.h ****       _ForwardIterator1 __result = __last1;
 286:c:\program files\daisytoolchain\arm-none-eabi\include\c++\10.2.1\bits\stl_algo.h ****       while (1)
 287:c:\program files\daisytoolchain\arm-none-eabi\include\c++\10.2.1\bits\stl_algo.h **** 	{
 288:c:\program files\daisytoolchain\arm-none-eabi\include\c++\10.2.1\bits\stl_algo.h **** 	  _ForwardIterator1 __new_result
 289:c:\program files\daisytoolchain\arm-none-eabi\include\c++\10.2.1\bits\stl_algo.h **** 	    = std::__search(__first1, __last1, __first2, __last2, __comp);
 290:c:\program files\daisytoolchain\arm-none-eabi\include\c++\10.2.1\bits\stl_algo.h **** 	  if (__new_result == __last1)
 291:c:\program files\daisytoolchain\arm-none-eabi\include\c++\10.2.1\bits\stl_algo.h **** 	    return __result;
 292:c:\program files\daisytoolchain\arm-none-eabi\include\c++\10.2.1\bits\stl_algo.h **** 	  else
 293:c:\program files\daisytoolchain\arm-none-eabi\include\c++\10.2.1\bits\stl_algo.h **** 	    {
 294:c:\program files\daisytoolchain\arm-none-eabi\include\c++\10.2.1\bits\stl_algo.h **** 	      __result = __new_result;
 295:c:\program files\daisytoolchain\arm-none-eabi\include\c++\10.2.1\bits\stl_algo.h **** 	      __first1 = __new_result;
 296:c:\program files\daisytoolchain\arm-none-eabi\include\c++\10.2.1\bits\stl_algo.h **** 	      ++__first1;
 297:c:\program files\daisytoolchain\arm-none-eabi\include\c++\10.2.1\bits\stl_algo.h **** 	    }
 298:c:\program files\daisytoolchain\arm-none-eabi\include\c++\10.2.1\bits\stl_algo.h **** 	}
 299:c:\program files\daisytoolchain\arm-none-eabi\include\c++\10.2.1\bits\stl_algo.h ****     }
 300:c:\program files\daisytoolchain\arm-none-eabi\include\c++\10.2.1\bits\stl_algo.h **** 
 301:c:\program files\daisytoolchain\arm-none-eabi\include\c++\10.2.1\bits\stl_algo.h ****   // find_end for bidirectional iterators (much faster).
 302:c:\program files\daisytoolchain\arm-none-eabi\include\c++\10.2.1\bits\stl_algo.h ****   template<typename _BidirectionalIterator1, typename _BidirectionalIterator2,
 303:c:\program files\daisytoolchain\arm-none-eabi\include\c++\10.2.1\bits\stl_algo.h **** 	   typename _BinaryPredicate>
ARM GAS  C:\Users\FINNDY~1\AppData\Local\Temp\ccFWr46h.s 			page 9


 304:c:\program files\daisytoolchain\arm-none-eabi\include\c++\10.2.1\bits\stl_algo.h ****     _GLIBCXX20_CONSTEXPR
 305:c:\program files\daisytoolchain\arm-none-eabi\include\c++\10.2.1\bits\stl_algo.h ****     _BidirectionalIterator1
 306:c:\program files\daisytoolchain\arm-none-eabi\include\c++\10.2.1\bits\stl_algo.h ****     __find_end(_BidirectionalIterator1 __first1,
 307:c:\program files\daisytoolchain\arm-none-eabi\include\c++\10.2.1\bits\stl_algo.h **** 	       _BidirectionalIterator1 __last1,
 308:c:\program files\daisytoolchain\arm-none-eabi\include\c++\10.2.1\bits\stl_algo.h **** 	       _BidirectionalIterator2 __first2,
 309:c:\program files\daisytoolchain\arm-none-eabi\include\c++\10.2.1\bits\stl_algo.h **** 	       _BidirectionalIterator2 __last2,
 310:c:\program files\daisytoolchain\arm-none-eabi\include\c++\10.2.1\bits\stl_algo.h **** 	       bidirectional_iterator_tag, bidirectional_iterator_tag,
 311:c:\program files\daisytoolchain\arm-none-eabi\include\c++\10.2.1\bits\stl_algo.h **** 	       _BinaryPredicate __comp)
 312:c:\program files\daisytoolchain\arm-none-eabi\include\c++\10.2.1\bits\stl_algo.h ****     {
 313:c:\program files\daisytoolchain\arm-none-eabi\include\c++\10.2.1\bits\stl_algo.h ****       // concept requirements
 314:c:\program files\daisytoolchain\arm-none-eabi\include\c++\10.2.1\bits\stl_algo.h ****       __glibcxx_function_requires(_BidirectionalIteratorConcept<
 315:c:\program files\daisytoolchain\arm-none-eabi\include\c++\10.2.1\bits\stl_algo.h **** 				  _BidirectionalIterator1>)
 316:c:\program files\daisytoolchain\arm-none-eabi\include\c++\10.2.1\bits\stl_algo.h ****       __glibcxx_function_requires(_BidirectionalIteratorConcept<
 317:c:\program files\daisytoolchain\arm-none-eabi\include\c++\10.2.1\bits\stl_algo.h **** 				  _BidirectionalIterator2>)
 318:c:\program files\daisytoolchain\arm-none-eabi\include\c++\10.2.1\bits\stl_algo.h **** 
 319:c:\program files\daisytoolchain\arm-none-eabi\include\c++\10.2.1\bits\stl_algo.h ****       typedef reverse_iterator<_BidirectionalIterator1> _RevIterator1;
 320:c:\program files\daisytoolchain\arm-none-eabi\include\c++\10.2.1\bits\stl_algo.h ****       typedef reverse_iterator<_BidirectionalIterator2> _RevIterator2;
 321:c:\program files\daisytoolchain\arm-none-eabi\include\c++\10.2.1\bits\stl_algo.h **** 
 322:c:\program files\daisytoolchain\arm-none-eabi\include\c++\10.2.1\bits\stl_algo.h ****       _RevIterator1 __rlast1(__first1);
 323:c:\program files\daisytoolchain\arm-none-eabi\include\c++\10.2.1\bits\stl_algo.h ****       _RevIterator2 __rlast2(__first2);
 324:c:\program files\daisytoolchain\arm-none-eabi\include\c++\10.2.1\bits\stl_algo.h ****       _RevIterator1 __rresult = std::__search(_RevIterator1(__last1), __rlast1,
 325:c:\program files\daisytoolchain\arm-none-eabi\include\c++\10.2.1\bits\stl_algo.h **** 					      _RevIterator2(__last2), __rlast2,
 326:c:\program files\daisytoolchain\arm-none-eabi\include\c++\10.2.1\bits\stl_algo.h **** 					      __comp);
 327:c:\program files\daisytoolchain\arm-none-eabi\include\c++\10.2.1\bits\stl_algo.h **** 
 328:c:\program files\daisytoolchain\arm-none-eabi\include\c++\10.2.1\bits\stl_algo.h ****       if (__rresult == __rlast1)
 329:c:\program files\daisytoolchain\arm-none-eabi\include\c++\10.2.1\bits\stl_algo.h **** 	return __last1;
 330:c:\program files\daisytoolchain\arm-none-eabi\include\c++\10.2.1\bits\stl_algo.h ****       else
 331:c:\program files\daisytoolchain\arm-none-eabi\include\c++\10.2.1\bits\stl_algo.h **** 	{
 332:c:\program files\daisytoolchain\arm-none-eabi\include\c++\10.2.1\bits\stl_algo.h **** 	  _BidirectionalIterator1 __result = __rresult.base();
 333:c:\program files\daisytoolchain\arm-none-eabi\include\c++\10.2.1\bits\stl_algo.h **** 	  std::advance(__result, -std::distance(__first2, __last2));
 334:c:\program files\daisytoolchain\arm-none-eabi\include\c++\10.2.1\bits\stl_algo.h **** 	  return __result;
 335:c:\program files\daisytoolchain\arm-none-eabi\include\c++\10.2.1\bits\stl_algo.h **** 	}
 336:c:\program files\daisytoolchain\arm-none-eabi\include\c++\10.2.1\bits\stl_algo.h ****     }
 337:c:\program files\daisytoolchain\arm-none-eabi\include\c++\10.2.1\bits\stl_algo.h **** 
 338:c:\program files\daisytoolchain\arm-none-eabi\include\c++\10.2.1\bits\stl_algo.h ****   /**
 339:c:\program files\daisytoolchain\arm-none-eabi\include\c++\10.2.1\bits\stl_algo.h ****    *  @brief  Find last matching subsequence in a sequence.
 340:c:\program files\daisytoolchain\arm-none-eabi\include\c++\10.2.1\bits\stl_algo.h ****    *  @ingroup non_mutating_algorithms
 341:c:\program files\daisytoolchain\arm-none-eabi\include\c++\10.2.1\bits\stl_algo.h ****    *  @param  __first1  Start of range to search.
 342:c:\program files\daisytoolchain\arm-none-eabi\include\c++\10.2.1\bits\stl_algo.h ****    *  @param  __last1   End of range to search.
 343:c:\program files\daisytoolchain\arm-none-eabi\include\c++\10.2.1\bits\stl_algo.h ****    *  @param  __first2  Start of sequence to match.
 344:c:\program files\daisytoolchain\arm-none-eabi\include\c++\10.2.1\bits\stl_algo.h ****    *  @param  __last2   End of sequence to match.
 345:c:\program files\daisytoolchain\arm-none-eabi\include\c++\10.2.1\bits\stl_algo.h ****    *  @return   The last iterator @c i in the range
 346:c:\program files\daisytoolchain\arm-none-eabi\include\c++\10.2.1\bits\stl_algo.h ****    *  @p [__first1,__last1-(__last2-__first2)) such that @c *(i+N) ==
 347:c:\program files\daisytoolchain\arm-none-eabi\include\c++\10.2.1\bits\stl_algo.h ****    *  @p *(__first2+N) for each @c N in the range @p
 348:c:\program files\daisytoolchain\arm-none-eabi\include\c++\10.2.1\bits\stl_algo.h ****    *  [0,__last2-__first2), or @p __last1 if no such iterator exists.
 349:c:\program files\daisytoolchain\arm-none-eabi\include\c++\10.2.1\bits\stl_algo.h ****    *
 350:c:\program files\daisytoolchain\arm-none-eabi\include\c++\10.2.1\bits\stl_algo.h ****    *  Searches the range @p [__first1,__last1) for a sub-sequence that
 351:c:\program files\daisytoolchain\arm-none-eabi\include\c++\10.2.1\bits\stl_algo.h ****    *  compares equal value-by-value with the sequence given by @p
 352:c:\program files\daisytoolchain\arm-none-eabi\include\c++\10.2.1\bits\stl_algo.h ****    *  [__first2,__last2) and returns an iterator to the __first
 353:c:\program files\daisytoolchain\arm-none-eabi\include\c++\10.2.1\bits\stl_algo.h ****    *  element of the sub-sequence, or @p __last1 if the sub-sequence
 354:c:\program files\daisytoolchain\arm-none-eabi\include\c++\10.2.1\bits\stl_algo.h ****    *  is not found.  The sub-sequence will be the last such
 355:c:\program files\daisytoolchain\arm-none-eabi\include\c++\10.2.1\bits\stl_algo.h ****    *  subsequence contained in [__first1,__last1).
 356:c:\program files\daisytoolchain\arm-none-eabi\include\c++\10.2.1\bits\stl_algo.h ****    *
 357:c:\program files\daisytoolchain\arm-none-eabi\include\c++\10.2.1\bits\stl_algo.h ****    *  Because the sub-sequence must lie completely within the range @p
 358:c:\program files\daisytoolchain\arm-none-eabi\include\c++\10.2.1\bits\stl_algo.h ****    *  [__first1,__last1) it must start at a position less than @p
 359:c:\program files\daisytoolchain\arm-none-eabi\include\c++\10.2.1\bits\stl_algo.h ****    *  __last1-(__last2-__first2) where @p __last2-__first2 is the
 360:c:\program files\daisytoolchain\arm-none-eabi\include\c++\10.2.1\bits\stl_algo.h ****    *  length of the sub-sequence.  This means that the returned
ARM GAS  C:\Users\FINNDY~1\AppData\Local\Temp\ccFWr46h.s 			page 10


 361:c:\program files\daisytoolchain\arm-none-eabi\include\c++\10.2.1\bits\stl_algo.h ****    *  iterator @c i will be in the range @p
 362:c:\program files\daisytoolchain\arm-none-eabi\include\c++\10.2.1\bits\stl_algo.h ****    *  [__first1,__last1-(__last2-__first2))
 363:c:\program files\daisytoolchain\arm-none-eabi\include\c++\10.2.1\bits\stl_algo.h ****   */
 364:c:\program files\daisytoolchain\arm-none-eabi\include\c++\10.2.1\bits\stl_algo.h ****   template<typename _ForwardIterator1, typename _ForwardIterator2>
 365:c:\program files\daisytoolchain\arm-none-eabi\include\c++\10.2.1\bits\stl_algo.h ****     _GLIBCXX20_CONSTEXPR
 366:c:\program files\daisytoolchain\arm-none-eabi\include\c++\10.2.1\bits\stl_algo.h ****     inline _ForwardIterator1
 367:c:\program files\daisytoolchain\arm-none-eabi\include\c++\10.2.1\bits\stl_algo.h ****     find_end(_ForwardIterator1 __first1, _ForwardIterator1 __last1,
 368:c:\program files\daisytoolchain\arm-none-eabi\include\c++\10.2.1\bits\stl_algo.h **** 	     _ForwardIterator2 __first2, _ForwardIterator2 __last2)
 369:c:\program files\daisytoolchain\arm-none-eabi\include\c++\10.2.1\bits\stl_algo.h ****     {
 370:c:\program files\daisytoolchain\arm-none-eabi\include\c++\10.2.1\bits\stl_algo.h ****       // concept requirements
 371:c:\program files\daisytoolchain\arm-none-eabi\include\c++\10.2.1\bits\stl_algo.h ****       __glibcxx_function_requires(_ForwardIteratorConcept<_ForwardIterator1>)
 372:c:\program files\daisytoolchain\arm-none-eabi\include\c++\10.2.1\bits\stl_algo.h ****       __glibcxx_function_requires(_ForwardIteratorConcept<_ForwardIterator2>)
 373:c:\program files\daisytoolchain\arm-none-eabi\include\c++\10.2.1\bits\stl_algo.h ****       __glibcxx_function_requires(_EqualOpConcept<
 374:c:\program files\daisytoolchain\arm-none-eabi\include\c++\10.2.1\bits\stl_algo.h **** 	    typename iterator_traits<_ForwardIterator1>::value_type,
 375:c:\program files\daisytoolchain\arm-none-eabi\include\c++\10.2.1\bits\stl_algo.h **** 	    typename iterator_traits<_ForwardIterator2>::value_type>)
 376:c:\program files\daisytoolchain\arm-none-eabi\include\c++\10.2.1\bits\stl_algo.h ****       __glibcxx_requires_valid_range(__first1, __last1);
 377:c:\program files\daisytoolchain\arm-none-eabi\include\c++\10.2.1\bits\stl_algo.h ****       __glibcxx_requires_valid_range(__first2, __last2);
 378:c:\program files\daisytoolchain\arm-none-eabi\include\c++\10.2.1\bits\stl_algo.h **** 
 379:c:\program files\daisytoolchain\arm-none-eabi\include\c++\10.2.1\bits\stl_algo.h ****       return std::__find_end(__first1, __last1, __first2, __last2,
 380:c:\program files\daisytoolchain\arm-none-eabi\include\c++\10.2.1\bits\stl_algo.h **** 			     std::__iterator_category(__first1),
 381:c:\program files\daisytoolchain\arm-none-eabi\include\c++\10.2.1\bits\stl_algo.h **** 			     std::__iterator_category(__first2),
 382:c:\program files\daisytoolchain\arm-none-eabi\include\c++\10.2.1\bits\stl_algo.h **** 			     __gnu_cxx::__ops::__iter_equal_to_iter());
 383:c:\program files\daisytoolchain\arm-none-eabi\include\c++\10.2.1\bits\stl_algo.h ****     }
 384:c:\program files\daisytoolchain\arm-none-eabi\include\c++\10.2.1\bits\stl_algo.h **** 
 385:c:\program files\daisytoolchain\arm-none-eabi\include\c++\10.2.1\bits\stl_algo.h ****   /**
 386:c:\program files\daisytoolchain\arm-none-eabi\include\c++\10.2.1\bits\stl_algo.h ****    *  @brief  Find last matching subsequence in a sequence using a predicate.
 387:c:\program files\daisytoolchain\arm-none-eabi\include\c++\10.2.1\bits\stl_algo.h ****    *  @ingroup non_mutating_algorithms
 388:c:\program files\daisytoolchain\arm-none-eabi\include\c++\10.2.1\bits\stl_algo.h ****    *  @param  __first1  Start of range to search.
 389:c:\program files\daisytoolchain\arm-none-eabi\include\c++\10.2.1\bits\stl_algo.h ****    *  @param  __last1   End of range to search.
 390:c:\program files\daisytoolchain\arm-none-eabi\include\c++\10.2.1\bits\stl_algo.h ****    *  @param  __first2  Start of sequence to match.
 391:c:\program files\daisytoolchain\arm-none-eabi\include\c++\10.2.1\bits\stl_algo.h ****    *  @param  __last2   End of sequence to match.
 392:c:\program files\daisytoolchain\arm-none-eabi\include\c++\10.2.1\bits\stl_algo.h ****    *  @param  __comp    The predicate to use.
 393:c:\program files\daisytoolchain\arm-none-eabi\include\c++\10.2.1\bits\stl_algo.h ****    *  @return The last iterator @c i in the range @p
 394:c:\program files\daisytoolchain\arm-none-eabi\include\c++\10.2.1\bits\stl_algo.h ****    *  [__first1,__last1-(__last2-__first2)) such that @c
 395:c:\program files\daisytoolchain\arm-none-eabi\include\c++\10.2.1\bits\stl_algo.h ****    *  predicate(*(i+N), @p (__first2+N)) is true for each @c N in the
 396:c:\program files\daisytoolchain\arm-none-eabi\include\c++\10.2.1\bits\stl_algo.h ****    *  range @p [0,__last2-__first2), or @p __last1 if no such iterator
 397:c:\program files\daisytoolchain\arm-none-eabi\include\c++\10.2.1\bits\stl_algo.h ****    *  exists.
 398:c:\program files\daisytoolchain\arm-none-eabi\include\c++\10.2.1\bits\stl_algo.h ****    *
 399:c:\program files\daisytoolchain\arm-none-eabi\include\c++\10.2.1\bits\stl_algo.h ****    *  Searches the range @p [__first1,__last1) for a sub-sequence that
 400:c:\program files\daisytoolchain\arm-none-eabi\include\c++\10.2.1\bits\stl_algo.h ****    *  compares equal value-by-value with the sequence given by @p
 401:c:\program files\daisytoolchain\arm-none-eabi\include\c++\10.2.1\bits\stl_algo.h ****    *  [__first2,__last2) using comp as a predicate and returns an
 402:c:\program files\daisytoolchain\arm-none-eabi\include\c++\10.2.1\bits\stl_algo.h ****    *  iterator to the first element of the sub-sequence, or @p __last1
 403:c:\program files\daisytoolchain\arm-none-eabi\include\c++\10.2.1\bits\stl_algo.h ****    *  if the sub-sequence is not found.  The sub-sequence will be the
 404:c:\program files\daisytoolchain\arm-none-eabi\include\c++\10.2.1\bits\stl_algo.h ****    *  last such subsequence contained in [__first,__last1).
 405:c:\program files\daisytoolchain\arm-none-eabi\include\c++\10.2.1\bits\stl_algo.h ****    *
 406:c:\program files\daisytoolchain\arm-none-eabi\include\c++\10.2.1\bits\stl_algo.h ****    *  Because the sub-sequence must lie completely within the range @p
 407:c:\program files\daisytoolchain\arm-none-eabi\include\c++\10.2.1\bits\stl_algo.h ****    *  [__first1,__last1) it must start at a position less than @p
 408:c:\program files\daisytoolchain\arm-none-eabi\include\c++\10.2.1\bits\stl_algo.h ****    *  __last1-(__last2-__first2) where @p __last2-__first2 is the
 409:c:\program files\daisytoolchain\arm-none-eabi\include\c++\10.2.1\bits\stl_algo.h ****    *  length of the sub-sequence.  This means that the returned
 410:c:\program files\daisytoolchain\arm-none-eabi\include\c++\10.2.1\bits\stl_algo.h ****    *  iterator @c i will be in the range @p
 411:c:\program files\daisytoolchain\arm-none-eabi\include\c++\10.2.1\bits\stl_algo.h ****    *  [__first1,__last1-(__last2-__first2))
 412:c:\program files\daisytoolchain\arm-none-eabi\include\c++\10.2.1\bits\stl_algo.h ****   */
 413:c:\program files\daisytoolchain\arm-none-eabi\include\c++\10.2.1\bits\stl_algo.h ****   template<typename _ForwardIterator1, typename _ForwardIterator2,
 414:c:\program files\daisytoolchain\arm-none-eabi\include\c++\10.2.1\bits\stl_algo.h **** 	   typename _BinaryPredicate>
 415:c:\program files\daisytoolchain\arm-none-eabi\include\c++\10.2.1\bits\stl_algo.h ****     _GLIBCXX20_CONSTEXPR
 416:c:\program files\daisytoolchain\arm-none-eabi\include\c++\10.2.1\bits\stl_algo.h ****     inline _ForwardIterator1
 417:c:\program files\daisytoolchain\arm-none-eabi\include\c++\10.2.1\bits\stl_algo.h ****     find_end(_ForwardIterator1 __first1, _ForwardIterator1 __last1,
ARM GAS  C:\Users\FINNDY~1\AppData\Local\Temp\ccFWr46h.s 			page 11


 418:c:\program files\daisytoolchain\arm-none-eabi\include\c++\10.2.1\bits\stl_algo.h **** 	     _ForwardIterator2 __first2, _ForwardIterator2 __last2,
 419:c:\program files\daisytoolchain\arm-none-eabi\include\c++\10.2.1\bits\stl_algo.h **** 	     _BinaryPredicate __comp)
 420:c:\program files\daisytoolchain\arm-none-eabi\include\c++\10.2.1\bits\stl_algo.h ****     {
 421:c:\program files\daisytoolchain\arm-none-eabi\include\c++\10.2.1\bits\stl_algo.h ****       // concept requirements
 422:c:\program files\daisytoolchain\arm-none-eabi\include\c++\10.2.1\bits\stl_algo.h ****       __glibcxx_function_requires(_ForwardIteratorConcept<_ForwardIterator1>)
 423:c:\program files\daisytoolchain\arm-none-eabi\include\c++\10.2.1\bits\stl_algo.h ****       __glibcxx_function_requires(_ForwardIteratorConcept<_ForwardIterator2>)
 424:c:\program files\daisytoolchain\arm-none-eabi\include\c++\10.2.1\bits\stl_algo.h ****       __glibcxx_function_requires(_BinaryPredicateConcept<_BinaryPredicate,
 425:c:\program files\daisytoolchain\arm-none-eabi\include\c++\10.2.1\bits\stl_algo.h **** 	    typename iterator_traits<_ForwardIterator1>::value_type,
 426:c:\program files\daisytoolchain\arm-none-eabi\include\c++\10.2.1\bits\stl_algo.h **** 	    typename iterator_traits<_ForwardIterator2>::value_type>)
 427:c:\program files\daisytoolchain\arm-none-eabi\include\c++\10.2.1\bits\stl_algo.h ****       __glibcxx_requires_valid_range(__first1, __last1);
 428:c:\program files\daisytoolchain\arm-none-eabi\include\c++\10.2.1\bits\stl_algo.h ****       __glibcxx_requires_valid_range(__first2, __last2);
 429:c:\program files\daisytoolchain\arm-none-eabi\include\c++\10.2.1\bits\stl_algo.h **** 
 430:c:\program files\daisytoolchain\arm-none-eabi\include\c++\10.2.1\bits\stl_algo.h ****       return std::__find_end(__first1, __last1, __first2, __last2,
 431:c:\program files\daisytoolchain\arm-none-eabi\include\c++\10.2.1\bits\stl_algo.h **** 			     std::__iterator_category(__first1),
 432:c:\program files\daisytoolchain\arm-none-eabi\include\c++\10.2.1\bits\stl_algo.h **** 			     std::__iterator_category(__first2),
 433:c:\program files\daisytoolchain\arm-none-eabi\include\c++\10.2.1\bits\stl_algo.h **** 			     __gnu_cxx::__ops::__iter_comp_iter(__comp));
 434:c:\program files\daisytoolchain\arm-none-eabi\include\c++\10.2.1\bits\stl_algo.h ****     }
 435:c:\program files\daisytoolchain\arm-none-eabi\include\c++\10.2.1\bits\stl_algo.h **** 
 436:c:\program files\daisytoolchain\arm-none-eabi\include\c++\10.2.1\bits\stl_algo.h **** #if __cplusplus >= 201103L
 437:c:\program files\daisytoolchain\arm-none-eabi\include\c++\10.2.1\bits\stl_algo.h ****   /**
 438:c:\program files\daisytoolchain\arm-none-eabi\include\c++\10.2.1\bits\stl_algo.h ****    *  @brief  Checks that a predicate is true for all the elements
 439:c:\program files\daisytoolchain\arm-none-eabi\include\c++\10.2.1\bits\stl_algo.h ****    *          of a sequence.
 440:c:\program files\daisytoolchain\arm-none-eabi\include\c++\10.2.1\bits\stl_algo.h ****    *  @ingroup non_mutating_algorithms
 441:c:\program files\daisytoolchain\arm-none-eabi\include\c++\10.2.1\bits\stl_algo.h ****    *  @param  __first   An input iterator.
 442:c:\program files\daisytoolchain\arm-none-eabi\include\c++\10.2.1\bits\stl_algo.h ****    *  @param  __last    An input iterator.
 443:c:\program files\daisytoolchain\arm-none-eabi\include\c++\10.2.1\bits\stl_algo.h ****    *  @param  __pred    A predicate.
 444:c:\program files\daisytoolchain\arm-none-eabi\include\c++\10.2.1\bits\stl_algo.h ****    *  @return  True if the check is true, false otherwise.
 445:c:\program files\daisytoolchain\arm-none-eabi\include\c++\10.2.1\bits\stl_algo.h ****    *
 446:c:\program files\daisytoolchain\arm-none-eabi\include\c++\10.2.1\bits\stl_algo.h ****    *  Returns true if @p __pred is true for each element in the range
 447:c:\program files\daisytoolchain\arm-none-eabi\include\c++\10.2.1\bits\stl_algo.h ****    *  @p [__first,__last), and false otherwise.
 448:c:\program files\daisytoolchain\arm-none-eabi\include\c++\10.2.1\bits\stl_algo.h ****   */
 449:c:\program files\daisytoolchain\arm-none-eabi\include\c++\10.2.1\bits\stl_algo.h ****   template<typename _InputIterator, typename _Predicate>
 450:c:\program files\daisytoolchain\arm-none-eabi\include\c++\10.2.1\bits\stl_algo.h ****     _GLIBCXX20_CONSTEXPR
 451:c:\program files\daisytoolchain\arm-none-eabi\include\c++\10.2.1\bits\stl_algo.h ****     inline bool
 452:c:\program files\daisytoolchain\arm-none-eabi\include\c++\10.2.1\bits\stl_algo.h ****     all_of(_InputIterator __first, _InputIterator __last, _Predicate __pred)
 453:c:\program files\daisytoolchain\arm-none-eabi\include\c++\10.2.1\bits\stl_algo.h ****     { return __last == std::find_if_not(__first, __last, __pred); }
 454:c:\program files\daisytoolchain\arm-none-eabi\include\c++\10.2.1\bits\stl_algo.h **** 
 455:c:\program files\daisytoolchain\arm-none-eabi\include\c++\10.2.1\bits\stl_algo.h ****   /**
 456:c:\program files\daisytoolchain\arm-none-eabi\include\c++\10.2.1\bits\stl_algo.h ****    *  @brief  Checks that a predicate is false for all the elements
 457:c:\program files\daisytoolchain\arm-none-eabi\include\c++\10.2.1\bits\stl_algo.h ****    *          of a sequence.
 458:c:\program files\daisytoolchain\arm-none-eabi\include\c++\10.2.1\bits\stl_algo.h ****    *  @ingroup non_mutating_algorithms
 459:c:\program files\daisytoolchain\arm-none-eabi\include\c++\10.2.1\bits\stl_algo.h ****    *  @param  __first   An input iterator.
 460:c:\program files\daisytoolchain\arm-none-eabi\include\c++\10.2.1\bits\stl_algo.h ****    *  @param  __last    An input iterator.
 461:c:\program files\daisytoolchain\arm-none-eabi\include\c++\10.2.1\bits\stl_algo.h ****    *  @param  __pred    A predicate.
 462:c:\program files\daisytoolchain\arm-none-eabi\include\c++\10.2.1\bits\stl_algo.h ****    *  @return  True if the check is true, false otherwise.
 463:c:\program files\daisytoolchain\arm-none-eabi\include\c++\10.2.1\bits\stl_algo.h ****    *
 464:c:\program files\daisytoolchain\arm-none-eabi\include\c++\10.2.1\bits\stl_algo.h ****    *  Returns true if @p __pred is false for each element in the range
 465:c:\program files\daisytoolchain\arm-none-eabi\include\c++\10.2.1\bits\stl_algo.h ****    *  @p [__first,__last), and false otherwise.
 466:c:\program files\daisytoolchain\arm-none-eabi\include\c++\10.2.1\bits\stl_algo.h ****   */
 467:c:\program files\daisytoolchain\arm-none-eabi\include\c++\10.2.1\bits\stl_algo.h ****   template<typename _InputIterator, typename _Predicate>
 468:c:\program files\daisytoolchain\arm-none-eabi\include\c++\10.2.1\bits\stl_algo.h ****     _GLIBCXX20_CONSTEXPR
 469:c:\program files\daisytoolchain\arm-none-eabi\include\c++\10.2.1\bits\stl_algo.h ****     inline bool
 470:c:\program files\daisytoolchain\arm-none-eabi\include\c++\10.2.1\bits\stl_algo.h ****     none_of(_InputIterator __first, _InputIterator __last, _Predicate __pred)
 471:c:\program files\daisytoolchain\arm-none-eabi\include\c++\10.2.1\bits\stl_algo.h ****     { return __last == _GLIBCXX_STD_A::find_if(__first, __last, __pred); }
 472:c:\program files\daisytoolchain\arm-none-eabi\include\c++\10.2.1\bits\stl_algo.h **** 
 473:c:\program files\daisytoolchain\arm-none-eabi\include\c++\10.2.1\bits\stl_algo.h ****   /**
 474:c:\program files\daisytoolchain\arm-none-eabi\include\c++\10.2.1\bits\stl_algo.h ****    *  @brief  Checks that a predicate is true for at least one element
ARM GAS  C:\Users\FINNDY~1\AppData\Local\Temp\ccFWr46h.s 			page 12


 475:c:\program files\daisytoolchain\arm-none-eabi\include\c++\10.2.1\bits\stl_algo.h ****    *          of a sequence.
 476:c:\program files\daisytoolchain\arm-none-eabi\include\c++\10.2.1\bits\stl_algo.h ****    *  @ingroup non_mutating_algorithms
 477:c:\program files\daisytoolchain\arm-none-eabi\include\c++\10.2.1\bits\stl_algo.h ****    *  @param  __first   An input iterator.
 478:c:\program files\daisytoolchain\arm-none-eabi\include\c++\10.2.1\bits\stl_algo.h ****    *  @param  __last    An input iterator.
 479:c:\program files\daisytoolchain\arm-none-eabi\include\c++\10.2.1\bits\stl_algo.h ****    *  @param  __pred    A predicate.
 480:c:\program files\daisytoolchain\arm-none-eabi\include\c++\10.2.1\bits\stl_algo.h ****    *  @return  True if the check is true, false otherwise.
 481:c:\program files\daisytoolchain\arm-none-eabi\include\c++\10.2.1\bits\stl_algo.h ****    *
 482:c:\program files\daisytoolchain\arm-none-eabi\include\c++\10.2.1\bits\stl_algo.h ****    *  Returns true if an element exists in the range @p
 483:c:\program files\daisytoolchain\arm-none-eabi\include\c++\10.2.1\bits\stl_algo.h ****    *  [__first,__last) such that @p __pred is true, and false
 484:c:\program files\daisytoolchain\arm-none-eabi\include\c++\10.2.1\bits\stl_algo.h ****    *  otherwise.
 485:c:\program files\daisytoolchain\arm-none-eabi\include\c++\10.2.1\bits\stl_algo.h ****   */
 486:c:\program files\daisytoolchain\arm-none-eabi\include\c++\10.2.1\bits\stl_algo.h ****   template<typename _InputIterator, typename _Predicate>
 487:c:\program files\daisytoolchain\arm-none-eabi\include\c++\10.2.1\bits\stl_algo.h ****     _GLIBCXX20_CONSTEXPR
 488:c:\program files\daisytoolchain\arm-none-eabi\include\c++\10.2.1\bits\stl_algo.h ****     inline bool
 489:c:\program files\daisytoolchain\arm-none-eabi\include\c++\10.2.1\bits\stl_algo.h ****     any_of(_InputIterator __first, _InputIterator __last, _Predicate __pred)
 490:c:\program files\daisytoolchain\arm-none-eabi\include\c++\10.2.1\bits\stl_algo.h ****     { return !std::none_of(__first, __last, __pred); }
 491:c:\program files\daisytoolchain\arm-none-eabi\include\c++\10.2.1\bits\stl_algo.h **** 
 492:c:\program files\daisytoolchain\arm-none-eabi\include\c++\10.2.1\bits\stl_algo.h ****   /**
 493:c:\program files\daisytoolchain\arm-none-eabi\include\c++\10.2.1\bits\stl_algo.h ****    *  @brief  Find the first element in a sequence for which a
 494:c:\program files\daisytoolchain\arm-none-eabi\include\c++\10.2.1\bits\stl_algo.h ****    *          predicate is false.
 495:c:\program files\daisytoolchain\arm-none-eabi\include\c++\10.2.1\bits\stl_algo.h ****    *  @ingroup non_mutating_algorithms
 496:c:\program files\daisytoolchain\arm-none-eabi\include\c++\10.2.1\bits\stl_algo.h ****    *  @param  __first  An input iterator.
 497:c:\program files\daisytoolchain\arm-none-eabi\include\c++\10.2.1\bits\stl_algo.h ****    *  @param  __last   An input iterator.
 498:c:\program files\daisytoolchain\arm-none-eabi\include\c++\10.2.1\bits\stl_algo.h ****    *  @param  __pred   A predicate.
 499:c:\program files\daisytoolchain\arm-none-eabi\include\c++\10.2.1\bits\stl_algo.h ****    *  @return   The first iterator @c i in the range @p [__first,__last)
 500:c:\program files\daisytoolchain\arm-none-eabi\include\c++\10.2.1\bits\stl_algo.h ****    *  such that @p __pred(*i) is false, or @p __last if no such iterator exists.
 501:c:\program files\daisytoolchain\arm-none-eabi\include\c++\10.2.1\bits\stl_algo.h ****   */
 502:c:\program files\daisytoolchain\arm-none-eabi\include\c++\10.2.1\bits\stl_algo.h ****   template<typename _InputIterator, typename _Predicate>
 503:c:\program files\daisytoolchain\arm-none-eabi\include\c++\10.2.1\bits\stl_algo.h ****     _GLIBCXX20_CONSTEXPR
 504:c:\program files\daisytoolchain\arm-none-eabi\include\c++\10.2.1\bits\stl_algo.h ****     inline _InputIterator
 505:c:\program files\daisytoolchain\arm-none-eabi\include\c++\10.2.1\bits\stl_algo.h ****     find_if_not(_InputIterator __first, _InputIterator __last,
 506:c:\program files\daisytoolchain\arm-none-eabi\include\c++\10.2.1\bits\stl_algo.h **** 		_Predicate __pred)
 507:c:\program files\daisytoolchain\arm-none-eabi\include\c++\10.2.1\bits\stl_algo.h ****     {
 508:c:\program files\daisytoolchain\arm-none-eabi\include\c++\10.2.1\bits\stl_algo.h ****       // concept requirements
 509:c:\program files\daisytoolchain\arm-none-eabi\include\c++\10.2.1\bits\stl_algo.h ****       __glibcxx_function_requires(_InputIteratorConcept<_InputIterator>)
 510:c:\program files\daisytoolchain\arm-none-eabi\include\c++\10.2.1\bits\stl_algo.h ****       __glibcxx_function_requires(_UnaryPredicateConcept<_Predicate,
 511:c:\program files\daisytoolchain\arm-none-eabi\include\c++\10.2.1\bits\stl_algo.h **** 	      typename iterator_traits<_InputIterator>::value_type>)
 512:c:\program files\daisytoolchain\arm-none-eabi\include\c++\10.2.1\bits\stl_algo.h ****       __glibcxx_requires_valid_range(__first, __last);
 513:c:\program files\daisytoolchain\arm-none-eabi\include\c++\10.2.1\bits\stl_algo.h ****       return std::__find_if_not(__first, __last,
 514:c:\program files\daisytoolchain\arm-none-eabi\include\c++\10.2.1\bits\stl_algo.h **** 				__gnu_cxx::__ops::__pred_iter(__pred));
 515:c:\program files\daisytoolchain\arm-none-eabi\include\c++\10.2.1\bits\stl_algo.h ****     }
 516:c:\program files\daisytoolchain\arm-none-eabi\include\c++\10.2.1\bits\stl_algo.h **** 
 517:c:\program files\daisytoolchain\arm-none-eabi\include\c++\10.2.1\bits\stl_algo.h ****   /**
 518:c:\program files\daisytoolchain\arm-none-eabi\include\c++\10.2.1\bits\stl_algo.h ****    *  @brief  Checks whether the sequence is partitioned.
 519:c:\program files\daisytoolchain\arm-none-eabi\include\c++\10.2.1\bits\stl_algo.h ****    *  @ingroup mutating_algorithms
 520:c:\program files\daisytoolchain\arm-none-eabi\include\c++\10.2.1\bits\stl_algo.h ****    *  @param  __first  An input iterator.
 521:c:\program files\daisytoolchain\arm-none-eabi\include\c++\10.2.1\bits\stl_algo.h ****    *  @param  __last   An input iterator.
 522:c:\program files\daisytoolchain\arm-none-eabi\include\c++\10.2.1\bits\stl_algo.h ****    *  @param  __pred   A predicate.
 523:c:\program files\daisytoolchain\arm-none-eabi\include\c++\10.2.1\bits\stl_algo.h ****    *  @return  True if the range @p [__first,__last) is partioned by @p __pred,
 524:c:\program files\daisytoolchain\arm-none-eabi\include\c++\10.2.1\bits\stl_algo.h ****    *  i.e. if all elements that satisfy @p __pred appear before those that
 525:c:\program files\daisytoolchain\arm-none-eabi\include\c++\10.2.1\bits\stl_algo.h ****    *  do not.
 526:c:\program files\daisytoolchain\arm-none-eabi\include\c++\10.2.1\bits\stl_algo.h ****   */
 527:c:\program files\daisytoolchain\arm-none-eabi\include\c++\10.2.1\bits\stl_algo.h ****   template<typename _InputIterator, typename _Predicate>
 528:c:\program files\daisytoolchain\arm-none-eabi\include\c++\10.2.1\bits\stl_algo.h ****     _GLIBCXX20_CONSTEXPR
 529:c:\program files\daisytoolchain\arm-none-eabi\include\c++\10.2.1\bits\stl_algo.h ****     inline bool
 530:c:\program files\daisytoolchain\arm-none-eabi\include\c++\10.2.1\bits\stl_algo.h ****     is_partitioned(_InputIterator __first, _InputIterator __last,
 531:c:\program files\daisytoolchain\arm-none-eabi\include\c++\10.2.1\bits\stl_algo.h **** 		   _Predicate __pred)
ARM GAS  C:\Users\FINNDY~1\AppData\Local\Temp\ccFWr46h.s 			page 13


 532:c:\program files\daisytoolchain\arm-none-eabi\include\c++\10.2.1\bits\stl_algo.h ****     {
 533:c:\program files\daisytoolchain\arm-none-eabi\include\c++\10.2.1\bits\stl_algo.h ****       __first = std::find_if_not(__first, __last, __pred);
 534:c:\program files\daisytoolchain\arm-none-eabi\include\c++\10.2.1\bits\stl_algo.h ****       if (__first == __last)
 535:c:\program files\daisytoolchain\arm-none-eabi\include\c++\10.2.1\bits\stl_algo.h **** 	return true;
 536:c:\program files\daisytoolchain\arm-none-eabi\include\c++\10.2.1\bits\stl_algo.h ****       ++__first;
 537:c:\program files\daisytoolchain\arm-none-eabi\include\c++\10.2.1\bits\stl_algo.h ****       return std::none_of(__first, __last, __pred);
 538:c:\program files\daisytoolchain\arm-none-eabi\include\c++\10.2.1\bits\stl_algo.h ****     }
 539:c:\program files\daisytoolchain\arm-none-eabi\include\c++\10.2.1\bits\stl_algo.h **** 
 540:c:\program files\daisytoolchain\arm-none-eabi\include\c++\10.2.1\bits\stl_algo.h ****   /**
 541:c:\program files\daisytoolchain\arm-none-eabi\include\c++\10.2.1\bits\stl_algo.h ****    *  @brief  Find the partition point of a partitioned range.
 542:c:\program files\daisytoolchain\arm-none-eabi\include\c++\10.2.1\bits\stl_algo.h ****    *  @ingroup mutating_algorithms
 543:c:\program files\daisytoolchain\arm-none-eabi\include\c++\10.2.1\bits\stl_algo.h ****    *  @param  __first   An iterator.
 544:c:\program files\daisytoolchain\arm-none-eabi\include\c++\10.2.1\bits\stl_algo.h ****    *  @param  __last    Another iterator.
 545:c:\program files\daisytoolchain\arm-none-eabi\include\c++\10.2.1\bits\stl_algo.h ****    *  @param  __pred    A predicate.
 546:c:\program files\daisytoolchain\arm-none-eabi\include\c++\10.2.1\bits\stl_algo.h ****    *  @return  An iterator @p mid such that @p all_of(__first, mid, __pred)
 547:c:\program files\daisytoolchain\arm-none-eabi\include\c++\10.2.1\bits\stl_algo.h ****    *           and @p none_of(mid, __last, __pred) are both true.
 548:c:\program files\daisytoolchain\arm-none-eabi\include\c++\10.2.1\bits\stl_algo.h ****   */
 549:c:\program files\daisytoolchain\arm-none-eabi\include\c++\10.2.1\bits\stl_algo.h ****   template<typename _ForwardIterator, typename _Predicate>
 550:c:\program files\daisytoolchain\arm-none-eabi\include\c++\10.2.1\bits\stl_algo.h ****     _GLIBCXX20_CONSTEXPR
 551:c:\program files\daisytoolchain\arm-none-eabi\include\c++\10.2.1\bits\stl_algo.h ****     _ForwardIterator
 552:c:\program files\daisytoolchain\arm-none-eabi\include\c++\10.2.1\bits\stl_algo.h ****     partition_point(_ForwardIterator __first, _ForwardIterator __last,
 553:c:\program files\daisytoolchain\arm-none-eabi\include\c++\10.2.1\bits\stl_algo.h **** 		    _Predicate __pred)
 554:c:\program files\daisytoolchain\arm-none-eabi\include\c++\10.2.1\bits\stl_algo.h ****     {
 555:c:\program files\daisytoolchain\arm-none-eabi\include\c++\10.2.1\bits\stl_algo.h ****       // concept requirements
 556:c:\program files\daisytoolchain\arm-none-eabi\include\c++\10.2.1\bits\stl_algo.h ****       __glibcxx_function_requires(_ForwardIteratorConcept<_ForwardIterator>)
 557:c:\program files\daisytoolchain\arm-none-eabi\include\c++\10.2.1\bits\stl_algo.h ****       __glibcxx_function_requires(_UnaryPredicateConcept<_Predicate,
 558:c:\program files\daisytoolchain\arm-none-eabi\include\c++\10.2.1\bits\stl_algo.h **** 	      typename iterator_traits<_ForwardIterator>::value_type>)
 559:c:\program files\daisytoolchain\arm-none-eabi\include\c++\10.2.1\bits\stl_algo.h **** 
 560:c:\program files\daisytoolchain\arm-none-eabi\include\c++\10.2.1\bits\stl_algo.h ****       // A specific debug-mode test will be necessary...
 561:c:\program files\daisytoolchain\arm-none-eabi\include\c++\10.2.1\bits\stl_algo.h ****       __glibcxx_requires_valid_range(__first, __last);
 562:c:\program files\daisytoolchain\arm-none-eabi\include\c++\10.2.1\bits\stl_algo.h **** 
 563:c:\program files\daisytoolchain\arm-none-eabi\include\c++\10.2.1\bits\stl_algo.h ****       typedef typename iterator_traits<_ForwardIterator>::difference_type
 564:c:\program files\daisytoolchain\arm-none-eabi\include\c++\10.2.1\bits\stl_algo.h **** 	_DistanceType;
 565:c:\program files\daisytoolchain\arm-none-eabi\include\c++\10.2.1\bits\stl_algo.h **** 
 566:c:\program files\daisytoolchain\arm-none-eabi\include\c++\10.2.1\bits\stl_algo.h ****       _DistanceType __len = std::distance(__first, __last);
 567:c:\program files\daisytoolchain\arm-none-eabi\include\c++\10.2.1\bits\stl_algo.h **** 
 568:c:\program files\daisytoolchain\arm-none-eabi\include\c++\10.2.1\bits\stl_algo.h ****       while (__len > 0)
 569:c:\program files\daisytoolchain\arm-none-eabi\include\c++\10.2.1\bits\stl_algo.h **** 	{
 570:c:\program files\daisytoolchain\arm-none-eabi\include\c++\10.2.1\bits\stl_algo.h **** 	  _DistanceType __half = __len >> 1;
 571:c:\program files\daisytoolchain\arm-none-eabi\include\c++\10.2.1\bits\stl_algo.h **** 	  _ForwardIterator __middle = __first;
 572:c:\program files\daisytoolchain\arm-none-eabi\include\c++\10.2.1\bits\stl_algo.h **** 	  std::advance(__middle, __half);
 573:c:\program files\daisytoolchain\arm-none-eabi\include\c++\10.2.1\bits\stl_algo.h **** 	  if (__pred(*__middle))
 574:c:\program files\daisytoolchain\arm-none-eabi\include\c++\10.2.1\bits\stl_algo.h **** 	    {
 575:c:\program files\daisytoolchain\arm-none-eabi\include\c++\10.2.1\bits\stl_algo.h **** 	      __first = __middle;
 576:c:\program files\daisytoolchain\arm-none-eabi\include\c++\10.2.1\bits\stl_algo.h **** 	      ++__first;
 577:c:\program files\daisytoolchain\arm-none-eabi\include\c++\10.2.1\bits\stl_algo.h **** 	      __len = __len - __half - 1;
 578:c:\program files\daisytoolchain\arm-none-eabi\include\c++\10.2.1\bits\stl_algo.h **** 	    }
 579:c:\program files\daisytoolchain\arm-none-eabi\include\c++\10.2.1\bits\stl_algo.h **** 	  else
 580:c:\program files\daisytoolchain\arm-none-eabi\include\c++\10.2.1\bits\stl_algo.h **** 	    __len = __half;
 581:c:\program files\daisytoolchain\arm-none-eabi\include\c++\10.2.1\bits\stl_algo.h **** 	}
 582:c:\program files\daisytoolchain\arm-none-eabi\include\c++\10.2.1\bits\stl_algo.h ****       return __first;
 583:c:\program files\daisytoolchain\arm-none-eabi\include\c++\10.2.1\bits\stl_algo.h ****     }
 584:c:\program files\daisytoolchain\arm-none-eabi\include\c++\10.2.1\bits\stl_algo.h **** #endif
 585:c:\program files\daisytoolchain\arm-none-eabi\include\c++\10.2.1\bits\stl_algo.h **** 
 586:c:\program files\daisytoolchain\arm-none-eabi\include\c++\10.2.1\bits\stl_algo.h ****   template<typename _InputIterator, typename _OutputIterator,
 587:c:\program files\daisytoolchain\arm-none-eabi\include\c++\10.2.1\bits\stl_algo.h **** 	   typename _Predicate>
 588:c:\program files\daisytoolchain\arm-none-eabi\include\c++\10.2.1\bits\stl_algo.h ****     _GLIBCXX20_CONSTEXPR
ARM GAS  C:\Users\FINNDY~1\AppData\Local\Temp\ccFWr46h.s 			page 14


 589:c:\program files\daisytoolchain\arm-none-eabi\include\c++\10.2.1\bits\stl_algo.h ****     _OutputIterator
 590:c:\program files\daisytoolchain\arm-none-eabi\include\c++\10.2.1\bits\stl_algo.h ****     __remove_copy_if(_InputIterator __first, _InputIterator __last,
 591:c:\program files\daisytoolchain\arm-none-eabi\include\c++\10.2.1\bits\stl_algo.h **** 		     _OutputIterator __result, _Predicate __pred)
 592:c:\program files\daisytoolchain\arm-none-eabi\include\c++\10.2.1\bits\stl_algo.h ****     {
 593:c:\program files\daisytoolchain\arm-none-eabi\include\c++\10.2.1\bits\stl_algo.h ****       for (; __first != __last; ++__first)
 594:c:\program files\daisytoolchain\arm-none-eabi\include\c++\10.2.1\bits\stl_algo.h **** 	if (!__pred(__first))
 595:c:\program files\daisytoolchain\arm-none-eabi\include\c++\10.2.1\bits\stl_algo.h **** 	  {
 596:c:\program files\daisytoolchain\arm-none-eabi\include\c++\10.2.1\bits\stl_algo.h **** 	    *__result = *__first;
 597:c:\program files\daisytoolchain\arm-none-eabi\include\c++\10.2.1\bits\stl_algo.h **** 	    ++__result;
 598:c:\program files\daisytoolchain\arm-none-eabi\include\c++\10.2.1\bits\stl_algo.h **** 	  }
 599:c:\program files\daisytoolchain\arm-none-eabi\include\c++\10.2.1\bits\stl_algo.h ****       return __result;
 600:c:\program files\daisytoolchain\arm-none-eabi\include\c++\10.2.1\bits\stl_algo.h ****     }
 601:c:\program files\daisytoolchain\arm-none-eabi\include\c++\10.2.1\bits\stl_algo.h **** 
 602:c:\program files\daisytoolchain\arm-none-eabi\include\c++\10.2.1\bits\stl_algo.h ****   /**
 603:c:\program files\daisytoolchain\arm-none-eabi\include\c++\10.2.1\bits\stl_algo.h ****    *  @brief Copy a sequence, removing elements of a given value.
 604:c:\program files\daisytoolchain\arm-none-eabi\include\c++\10.2.1\bits\stl_algo.h ****    *  @ingroup mutating_algorithms
 605:c:\program files\daisytoolchain\arm-none-eabi\include\c++\10.2.1\bits\stl_algo.h ****    *  @param  __first   An input iterator.
 606:c:\program files\daisytoolchain\arm-none-eabi\include\c++\10.2.1\bits\stl_algo.h ****    *  @param  __last    An input iterator.
 607:c:\program files\daisytoolchain\arm-none-eabi\include\c++\10.2.1\bits\stl_algo.h ****    *  @param  __result  An output iterator.
 608:c:\program files\daisytoolchain\arm-none-eabi\include\c++\10.2.1\bits\stl_algo.h ****    *  @param  __value   The value to be removed.
 609:c:\program files\daisytoolchain\arm-none-eabi\include\c++\10.2.1\bits\stl_algo.h ****    *  @return   An iterator designating the end of the resulting sequence.
 610:c:\program files\daisytoolchain\arm-none-eabi\include\c++\10.2.1\bits\stl_algo.h ****    *
 611:c:\program files\daisytoolchain\arm-none-eabi\include\c++\10.2.1\bits\stl_algo.h ****    *  Copies each element in the range @p [__first,__last) not equal
 612:c:\program files\daisytoolchain\arm-none-eabi\include\c++\10.2.1\bits\stl_algo.h ****    *  to @p __value to the range beginning at @p __result.
 613:c:\program files\daisytoolchain\arm-none-eabi\include\c++\10.2.1\bits\stl_algo.h ****    *  remove_copy() is stable, so the relative order of elements that
 614:c:\program files\daisytoolchain\arm-none-eabi\include\c++\10.2.1\bits\stl_algo.h ****    *  are copied is unchanged.
 615:c:\program files\daisytoolchain\arm-none-eabi\include\c++\10.2.1\bits\stl_algo.h ****   */
 616:c:\program files\daisytoolchain\arm-none-eabi\include\c++\10.2.1\bits\stl_algo.h ****   template<typename _InputIterator, typename _OutputIterator, typename _Tp>
 617:c:\program files\daisytoolchain\arm-none-eabi\include\c++\10.2.1\bits\stl_algo.h ****     _GLIBCXX20_CONSTEXPR
 618:c:\program files\daisytoolchain\arm-none-eabi\include\c++\10.2.1\bits\stl_algo.h ****     inline _OutputIterator
 619:c:\program files\daisytoolchain\arm-none-eabi\include\c++\10.2.1\bits\stl_algo.h ****     remove_copy(_InputIterator __first, _InputIterator __last,
 620:c:\program files\daisytoolchain\arm-none-eabi\include\c++\10.2.1\bits\stl_algo.h **** 		_OutputIterator __result, const _Tp& __value)
 621:c:\program files\daisytoolchain\arm-none-eabi\include\c++\10.2.1\bits\stl_algo.h ****     {
 622:c:\program files\daisytoolchain\arm-none-eabi\include\c++\10.2.1\bits\stl_algo.h ****       // concept requirements
 623:c:\program files\daisytoolchain\arm-none-eabi\include\c++\10.2.1\bits\stl_algo.h ****       __glibcxx_function_requires(_InputIteratorConcept<_InputIterator>)
 624:c:\program files\daisytoolchain\arm-none-eabi\include\c++\10.2.1\bits\stl_algo.h ****       __glibcxx_function_requires(_OutputIteratorConcept<_OutputIterator,
 625:c:\program files\daisytoolchain\arm-none-eabi\include\c++\10.2.1\bits\stl_algo.h **** 	    typename iterator_traits<_InputIterator>::value_type>)
 626:c:\program files\daisytoolchain\arm-none-eabi\include\c++\10.2.1\bits\stl_algo.h ****       __glibcxx_function_requires(_EqualOpConcept<
 627:c:\program files\daisytoolchain\arm-none-eabi\include\c++\10.2.1\bits\stl_algo.h **** 	    typename iterator_traits<_InputIterator>::value_type, _Tp>)
 628:c:\program files\daisytoolchain\arm-none-eabi\include\c++\10.2.1\bits\stl_algo.h ****       __glibcxx_requires_valid_range(__first, __last);
 629:c:\program files\daisytoolchain\arm-none-eabi\include\c++\10.2.1\bits\stl_algo.h **** 
 630:c:\program files\daisytoolchain\arm-none-eabi\include\c++\10.2.1\bits\stl_algo.h ****       return std::__remove_copy_if(__first, __last, __result,
 631:c:\program files\daisytoolchain\arm-none-eabi\include\c++\10.2.1\bits\stl_algo.h **** 	__gnu_cxx::__ops::__iter_equals_val(__value));
 632:c:\program files\daisytoolchain\arm-none-eabi\include\c++\10.2.1\bits\stl_algo.h ****     }
 633:c:\program files\daisytoolchain\arm-none-eabi\include\c++\10.2.1\bits\stl_algo.h **** 
 634:c:\program files\daisytoolchain\arm-none-eabi\include\c++\10.2.1\bits\stl_algo.h ****   /**
 635:c:\program files\daisytoolchain\arm-none-eabi\include\c++\10.2.1\bits\stl_algo.h ****    *  @brief Copy a sequence, removing elements for which a predicate is true.
 636:c:\program files\daisytoolchain\arm-none-eabi\include\c++\10.2.1\bits\stl_algo.h ****    *  @ingroup mutating_algorithms
 637:c:\program files\daisytoolchain\arm-none-eabi\include\c++\10.2.1\bits\stl_algo.h ****    *  @param  __first   An input iterator.
 638:c:\program files\daisytoolchain\arm-none-eabi\include\c++\10.2.1\bits\stl_algo.h ****    *  @param  __last    An input iterator.
 639:c:\program files\daisytoolchain\arm-none-eabi\include\c++\10.2.1\bits\stl_algo.h ****    *  @param  __result  An output iterator.
 640:c:\program files\daisytoolchain\arm-none-eabi\include\c++\10.2.1\bits\stl_algo.h ****    *  @param  __pred    A predicate.
 641:c:\program files\daisytoolchain\arm-none-eabi\include\c++\10.2.1\bits\stl_algo.h ****    *  @return   An iterator designating the end of the resulting sequence.
 642:c:\program files\daisytoolchain\arm-none-eabi\include\c++\10.2.1\bits\stl_algo.h ****    *
 643:c:\program files\daisytoolchain\arm-none-eabi\include\c++\10.2.1\bits\stl_algo.h ****    *  Copies each element in the range @p [__first,__last) for which
 644:c:\program files\daisytoolchain\arm-none-eabi\include\c++\10.2.1\bits\stl_algo.h ****    *  @p __pred returns false to the range beginning at @p __result.
 645:c:\program files\daisytoolchain\arm-none-eabi\include\c++\10.2.1\bits\stl_algo.h ****    *
ARM GAS  C:\Users\FINNDY~1\AppData\Local\Temp\ccFWr46h.s 			page 15


 646:c:\program files\daisytoolchain\arm-none-eabi\include\c++\10.2.1\bits\stl_algo.h ****    *  remove_copy_if() is stable, so the relative order of elements that are
 647:c:\program files\daisytoolchain\arm-none-eabi\include\c++\10.2.1\bits\stl_algo.h ****    *  copied is unchanged.
 648:c:\program files\daisytoolchain\arm-none-eabi\include\c++\10.2.1\bits\stl_algo.h ****   */
 649:c:\program files\daisytoolchain\arm-none-eabi\include\c++\10.2.1\bits\stl_algo.h ****   template<typename _InputIterator, typename _OutputIterator,
 650:c:\program files\daisytoolchain\arm-none-eabi\include\c++\10.2.1\bits\stl_algo.h **** 	   typename _Predicate>
 651:c:\program files\daisytoolchain\arm-none-eabi\include\c++\10.2.1\bits\stl_algo.h ****     _GLIBCXX20_CONSTEXPR
 652:c:\program files\daisytoolchain\arm-none-eabi\include\c++\10.2.1\bits\stl_algo.h ****     inline _OutputIterator
 653:c:\program files\daisytoolchain\arm-none-eabi\include\c++\10.2.1\bits\stl_algo.h ****     remove_copy_if(_InputIterator __first, _InputIterator __last,
 654:c:\program files\daisytoolchain\arm-none-eabi\include\c++\10.2.1\bits\stl_algo.h **** 		   _OutputIterator __result, _Predicate __pred)
 655:c:\program files\daisytoolchain\arm-none-eabi\include\c++\10.2.1\bits\stl_algo.h ****     {
 656:c:\program files\daisytoolchain\arm-none-eabi\include\c++\10.2.1\bits\stl_algo.h ****       // concept requirements
 657:c:\program files\daisytoolchain\arm-none-eabi\include\c++\10.2.1\bits\stl_algo.h ****       __glibcxx_function_requires(_InputIteratorConcept<_InputIterator>)
 658:c:\program files\daisytoolchain\arm-none-eabi\include\c++\10.2.1\bits\stl_algo.h ****       __glibcxx_function_requires(_OutputIteratorConcept<_OutputIterator,
 659:c:\program files\daisytoolchain\arm-none-eabi\include\c++\10.2.1\bits\stl_algo.h **** 	    typename iterator_traits<_InputIterator>::value_type>)
 660:c:\program files\daisytoolchain\arm-none-eabi\include\c++\10.2.1\bits\stl_algo.h ****       __glibcxx_function_requires(_UnaryPredicateConcept<_Predicate,
 661:c:\program files\daisytoolchain\arm-none-eabi\include\c++\10.2.1\bits\stl_algo.h **** 	    typename iterator_traits<_InputIterator>::value_type>)
 662:c:\program files\daisytoolchain\arm-none-eabi\include\c++\10.2.1\bits\stl_algo.h ****       __glibcxx_requires_valid_range(__first, __last);
 663:c:\program files\daisytoolchain\arm-none-eabi\include\c++\10.2.1\bits\stl_algo.h **** 
 664:c:\program files\daisytoolchain\arm-none-eabi\include\c++\10.2.1\bits\stl_algo.h ****       return std::__remove_copy_if(__first, __last, __result,
 665:c:\program files\daisytoolchain\arm-none-eabi\include\c++\10.2.1\bits\stl_algo.h **** 				   __gnu_cxx::__ops::__pred_iter(__pred));
 666:c:\program files\daisytoolchain\arm-none-eabi\include\c++\10.2.1\bits\stl_algo.h ****     }
 667:c:\program files\daisytoolchain\arm-none-eabi\include\c++\10.2.1\bits\stl_algo.h **** 
 668:c:\program files\daisytoolchain\arm-none-eabi\include\c++\10.2.1\bits\stl_algo.h **** #if __cplusplus >= 201103L
 669:c:\program files\daisytoolchain\arm-none-eabi\include\c++\10.2.1\bits\stl_algo.h ****   /**
 670:c:\program files\daisytoolchain\arm-none-eabi\include\c++\10.2.1\bits\stl_algo.h ****    *  @brief Copy the elements of a sequence for which a predicate is true.
 671:c:\program files\daisytoolchain\arm-none-eabi\include\c++\10.2.1\bits\stl_algo.h ****    *  @ingroup mutating_algorithms
 672:c:\program files\daisytoolchain\arm-none-eabi\include\c++\10.2.1\bits\stl_algo.h ****    *  @param  __first   An input iterator.
 673:c:\program files\daisytoolchain\arm-none-eabi\include\c++\10.2.1\bits\stl_algo.h ****    *  @param  __last    An input iterator.
 674:c:\program files\daisytoolchain\arm-none-eabi\include\c++\10.2.1\bits\stl_algo.h ****    *  @param  __result  An output iterator.
 675:c:\program files\daisytoolchain\arm-none-eabi\include\c++\10.2.1\bits\stl_algo.h ****    *  @param  __pred    A predicate.
 676:c:\program files\daisytoolchain\arm-none-eabi\include\c++\10.2.1\bits\stl_algo.h ****    *  @return   An iterator designating the end of the resulting sequence.
 677:c:\program files\daisytoolchain\arm-none-eabi\include\c++\10.2.1\bits\stl_algo.h ****    *
 678:c:\program files\daisytoolchain\arm-none-eabi\include\c++\10.2.1\bits\stl_algo.h ****    *  Copies each element in the range @p [__first,__last) for which
 679:c:\program files\daisytoolchain\arm-none-eabi\include\c++\10.2.1\bits\stl_algo.h ****    *  @p __pred returns true to the range beginning at @p __result.
 680:c:\program files\daisytoolchain\arm-none-eabi\include\c++\10.2.1\bits\stl_algo.h ****    *
 681:c:\program files\daisytoolchain\arm-none-eabi\include\c++\10.2.1\bits\stl_algo.h ****    *  copy_if() is stable, so the relative order of elements that are
 682:c:\program files\daisytoolchain\arm-none-eabi\include\c++\10.2.1\bits\stl_algo.h ****    *  copied is unchanged.
 683:c:\program files\daisytoolchain\arm-none-eabi\include\c++\10.2.1\bits\stl_algo.h ****   */
 684:c:\program files\daisytoolchain\arm-none-eabi\include\c++\10.2.1\bits\stl_algo.h ****   template<typename _InputIterator, typename _OutputIterator,
 685:c:\program files\daisytoolchain\arm-none-eabi\include\c++\10.2.1\bits\stl_algo.h **** 	   typename _Predicate>
 686:c:\program files\daisytoolchain\arm-none-eabi\include\c++\10.2.1\bits\stl_algo.h ****     _GLIBCXX20_CONSTEXPR
 687:c:\program files\daisytoolchain\arm-none-eabi\include\c++\10.2.1\bits\stl_algo.h ****     _OutputIterator
 688:c:\program files\daisytoolchain\arm-none-eabi\include\c++\10.2.1\bits\stl_algo.h ****     copy_if(_InputIterator __first, _InputIterator __last,
 689:c:\program files\daisytoolchain\arm-none-eabi\include\c++\10.2.1\bits\stl_algo.h **** 	    _OutputIterator __result, _Predicate __pred)
 690:c:\program files\daisytoolchain\arm-none-eabi\include\c++\10.2.1\bits\stl_algo.h ****     {
 691:c:\program files\daisytoolchain\arm-none-eabi\include\c++\10.2.1\bits\stl_algo.h ****       // concept requirements
 692:c:\program files\daisytoolchain\arm-none-eabi\include\c++\10.2.1\bits\stl_algo.h ****       __glibcxx_function_requires(_InputIteratorConcept<_InputIterator>)
 693:c:\program files\daisytoolchain\arm-none-eabi\include\c++\10.2.1\bits\stl_algo.h ****       __glibcxx_function_requires(_OutputIteratorConcept<_OutputIterator,
 694:c:\program files\daisytoolchain\arm-none-eabi\include\c++\10.2.1\bits\stl_algo.h **** 	    typename iterator_traits<_InputIterator>::value_type>)
 695:c:\program files\daisytoolchain\arm-none-eabi\include\c++\10.2.1\bits\stl_algo.h ****       __glibcxx_function_requires(_UnaryPredicateConcept<_Predicate,
 696:c:\program files\daisytoolchain\arm-none-eabi\include\c++\10.2.1\bits\stl_algo.h **** 	    typename iterator_traits<_InputIterator>::value_type>)
 697:c:\program files\daisytoolchain\arm-none-eabi\include\c++\10.2.1\bits\stl_algo.h ****       __glibcxx_requires_valid_range(__first, __last);
 698:c:\program files\daisytoolchain\arm-none-eabi\include\c++\10.2.1\bits\stl_algo.h **** 
 699:c:\program files\daisytoolchain\arm-none-eabi\include\c++\10.2.1\bits\stl_algo.h ****       for (; __first != __last; ++__first)
 700:c:\program files\daisytoolchain\arm-none-eabi\include\c++\10.2.1\bits\stl_algo.h **** 	if (__pred(*__first))
 701:c:\program files\daisytoolchain\arm-none-eabi\include\c++\10.2.1\bits\stl_algo.h **** 	  {
 702:c:\program files\daisytoolchain\arm-none-eabi\include\c++\10.2.1\bits\stl_algo.h **** 	    *__result = *__first;
ARM GAS  C:\Users\FINNDY~1\AppData\Local\Temp\ccFWr46h.s 			page 16


 703:c:\program files\daisytoolchain\arm-none-eabi\include\c++\10.2.1\bits\stl_algo.h **** 	    ++__result;
 704:c:\program files\daisytoolchain\arm-none-eabi\include\c++\10.2.1\bits\stl_algo.h **** 	  }
 705:c:\program files\daisytoolchain\arm-none-eabi\include\c++\10.2.1\bits\stl_algo.h ****       return __result;
 706:c:\program files\daisytoolchain\arm-none-eabi\include\c++\10.2.1\bits\stl_algo.h ****     }
 707:c:\program files\daisytoolchain\arm-none-eabi\include\c++\10.2.1\bits\stl_algo.h **** 
 708:c:\program files\daisytoolchain\arm-none-eabi\include\c++\10.2.1\bits\stl_algo.h ****   template<typename _InputIterator, typename _Size, typename _OutputIterator>
 709:c:\program files\daisytoolchain\arm-none-eabi\include\c++\10.2.1\bits\stl_algo.h ****     _GLIBCXX20_CONSTEXPR
 710:c:\program files\daisytoolchain\arm-none-eabi\include\c++\10.2.1\bits\stl_algo.h ****     _OutputIterator
 711:c:\program files\daisytoolchain\arm-none-eabi\include\c++\10.2.1\bits\stl_algo.h ****     __copy_n_a(_InputIterator __first, _Size __n, _OutputIterator __result)
 712:c:\program files\daisytoolchain\arm-none-eabi\include\c++\10.2.1\bits\stl_algo.h ****     {
 713:c:\program files\daisytoolchain\arm-none-eabi\include\c++\10.2.1\bits\stl_algo.h ****       if (__n > 0)
 714:c:\program files\daisytoolchain\arm-none-eabi\include\c++\10.2.1\bits\stl_algo.h **** 	{
 715:c:\program files\daisytoolchain\arm-none-eabi\include\c++\10.2.1\bits\stl_algo.h **** 	  while (true)
 716:c:\program files\daisytoolchain\arm-none-eabi\include\c++\10.2.1\bits\stl_algo.h **** 	    {
 717:c:\program files\daisytoolchain\arm-none-eabi\include\c++\10.2.1\bits\stl_algo.h **** 	      *__result = *__first;
 718:c:\program files\daisytoolchain\arm-none-eabi\include\c++\10.2.1\bits\stl_algo.h **** 	      ++__result;
 719:c:\program files\daisytoolchain\arm-none-eabi\include\c++\10.2.1\bits\stl_algo.h **** 	      if (--__n > 0)
 720:c:\program files\daisytoolchain\arm-none-eabi\include\c++\10.2.1\bits\stl_algo.h **** 		++__first;
 721:c:\program files\daisytoolchain\arm-none-eabi\include\c++\10.2.1\bits\stl_algo.h **** 	      else
 722:c:\program files\daisytoolchain\arm-none-eabi\include\c++\10.2.1\bits\stl_algo.h **** 		break;
 723:c:\program files\daisytoolchain\arm-none-eabi\include\c++\10.2.1\bits\stl_algo.h **** 	    }
 724:c:\program files\daisytoolchain\arm-none-eabi\include\c++\10.2.1\bits\stl_algo.h **** 	}
 725:c:\program files\daisytoolchain\arm-none-eabi\include\c++\10.2.1\bits\stl_algo.h ****       return __result;
 726:c:\program files\daisytoolchain\arm-none-eabi\include\c++\10.2.1\bits\stl_algo.h ****     }
 727:c:\program files\daisytoolchain\arm-none-eabi\include\c++\10.2.1\bits\stl_algo.h ****  
 728:c:\program files\daisytoolchain\arm-none-eabi\include\c++\10.2.1\bits\stl_algo.h ****   template<typename _CharT, typename _Size>
 729:c:\program files\daisytoolchain\arm-none-eabi\include\c++\10.2.1\bits\stl_algo.h ****     __enable_if_t<__is_char<_CharT>::__value, _CharT*>
 730:c:\program files\daisytoolchain\arm-none-eabi\include\c++\10.2.1\bits\stl_algo.h ****     __copy_n_a(istreambuf_iterator<_CharT, char_traits<_CharT>>,
 731:c:\program files\daisytoolchain\arm-none-eabi\include\c++\10.2.1\bits\stl_algo.h **** 	       _Size, _CharT*);
 732:c:\program files\daisytoolchain\arm-none-eabi\include\c++\10.2.1\bits\stl_algo.h **** 
 733:c:\program files\daisytoolchain\arm-none-eabi\include\c++\10.2.1\bits\stl_algo.h ****   template<typename _InputIterator, typename _Size, typename _OutputIterator>
 734:c:\program files\daisytoolchain\arm-none-eabi\include\c++\10.2.1\bits\stl_algo.h ****     _GLIBCXX20_CONSTEXPR
 735:c:\program files\daisytoolchain\arm-none-eabi\include\c++\10.2.1\bits\stl_algo.h ****     _OutputIterator
 736:c:\program files\daisytoolchain\arm-none-eabi\include\c++\10.2.1\bits\stl_algo.h ****     __copy_n(_InputIterator __first, _Size __n,
 737:c:\program files\daisytoolchain\arm-none-eabi\include\c++\10.2.1\bits\stl_algo.h **** 	     _OutputIterator __result, input_iterator_tag)
 738:c:\program files\daisytoolchain\arm-none-eabi\include\c++\10.2.1\bits\stl_algo.h ****     {
 739:c:\program files\daisytoolchain\arm-none-eabi\include\c++\10.2.1\bits\stl_algo.h ****       return std::__niter_wrap(__result,
 740:c:\program files\daisytoolchain\arm-none-eabi\include\c++\10.2.1\bits\stl_algo.h **** 			       __copy_n_a(__first, __n,
 741:c:\program files\daisytoolchain\arm-none-eabi\include\c++\10.2.1\bits\stl_algo.h **** 					  std::__niter_base(__result)));
 742:c:\program files\daisytoolchain\arm-none-eabi\include\c++\10.2.1\bits\stl_algo.h ****     }
 743:c:\program files\daisytoolchain\arm-none-eabi\include\c++\10.2.1\bits\stl_algo.h **** 
 744:c:\program files\daisytoolchain\arm-none-eabi\include\c++\10.2.1\bits\stl_algo.h ****   template<typename _RandomAccessIterator, typename _Size,
 745:c:\program files\daisytoolchain\arm-none-eabi\include\c++\10.2.1\bits\stl_algo.h **** 	   typename _OutputIterator>
 746:c:\program files\daisytoolchain\arm-none-eabi\include\c++\10.2.1\bits\stl_algo.h ****     _GLIBCXX20_CONSTEXPR
 747:c:\program files\daisytoolchain\arm-none-eabi\include\c++\10.2.1\bits\stl_algo.h ****     inline _OutputIterator
 748:c:\program files\daisytoolchain\arm-none-eabi\include\c++\10.2.1\bits\stl_algo.h ****     __copy_n(_RandomAccessIterator __first, _Size __n,
 749:c:\program files\daisytoolchain\arm-none-eabi\include\c++\10.2.1\bits\stl_algo.h **** 	     _OutputIterator __result, random_access_iterator_tag)
 750:c:\program files\daisytoolchain\arm-none-eabi\include\c++\10.2.1\bits\stl_algo.h ****     { return std::copy(__first, __first + __n, __result); }
 751:c:\program files\daisytoolchain\arm-none-eabi\include\c++\10.2.1\bits\stl_algo.h **** 
 752:c:\program files\daisytoolchain\arm-none-eabi\include\c++\10.2.1\bits\stl_algo.h ****   /**
 753:c:\program files\daisytoolchain\arm-none-eabi\include\c++\10.2.1\bits\stl_algo.h ****    *  @brief Copies the range [first,first+n) into [result,result+n).
 754:c:\program files\daisytoolchain\arm-none-eabi\include\c++\10.2.1\bits\stl_algo.h ****    *  @ingroup mutating_algorithms
 755:c:\program files\daisytoolchain\arm-none-eabi\include\c++\10.2.1\bits\stl_algo.h ****    *  @param  __first  An input iterator.
 756:c:\program files\daisytoolchain\arm-none-eabi\include\c++\10.2.1\bits\stl_algo.h ****    *  @param  __n      The number of elements to copy.
 757:c:\program files\daisytoolchain\arm-none-eabi\include\c++\10.2.1\bits\stl_algo.h ****    *  @param  __result An output iterator.
 758:c:\program files\daisytoolchain\arm-none-eabi\include\c++\10.2.1\bits\stl_algo.h ****    *  @return  result+n.
 759:c:\program files\daisytoolchain\arm-none-eabi\include\c++\10.2.1\bits\stl_algo.h ****    *
ARM GAS  C:\Users\FINNDY~1\AppData\Local\Temp\ccFWr46h.s 			page 17


 760:c:\program files\daisytoolchain\arm-none-eabi\include\c++\10.2.1\bits\stl_algo.h ****    *  This inline function will boil down to a call to @c memmove whenever
 761:c:\program files\daisytoolchain\arm-none-eabi\include\c++\10.2.1\bits\stl_algo.h ****    *  possible.  Failing that, if random access iterators are passed, then the
 762:c:\program files\daisytoolchain\arm-none-eabi\include\c++\10.2.1\bits\stl_algo.h ****    *  loop count will be known (and therefore a candidate for compiler
 763:c:\program files\daisytoolchain\arm-none-eabi\include\c++\10.2.1\bits\stl_algo.h ****    *  optimizations such as unrolling).
 764:c:\program files\daisytoolchain\arm-none-eabi\include\c++\10.2.1\bits\stl_algo.h ****   */
 765:c:\program files\daisytoolchain\arm-none-eabi\include\c++\10.2.1\bits\stl_algo.h ****   template<typename _InputIterator, typename _Size, typename _OutputIterator>
 766:c:\program files\daisytoolchain\arm-none-eabi\include\c++\10.2.1\bits\stl_algo.h ****     _GLIBCXX20_CONSTEXPR
 767:c:\program files\daisytoolchain\arm-none-eabi\include\c++\10.2.1\bits\stl_algo.h ****     inline _OutputIterator
 768:c:\program files\daisytoolchain\arm-none-eabi\include\c++\10.2.1\bits\stl_algo.h ****     copy_n(_InputIterator __first, _Size __n, _OutputIterator __result)
 769:c:\program files\daisytoolchain\arm-none-eabi\include\c++\10.2.1\bits\stl_algo.h ****     {
 770:c:\program files\daisytoolchain\arm-none-eabi\include\c++\10.2.1\bits\stl_algo.h ****       // concept requirements
 771:c:\program files\daisytoolchain\arm-none-eabi\include\c++\10.2.1\bits\stl_algo.h ****       __glibcxx_function_requires(_InputIteratorConcept<_InputIterator>)
 772:c:\program files\daisytoolchain\arm-none-eabi\include\c++\10.2.1\bits\stl_algo.h ****       __glibcxx_function_requires(_OutputIteratorConcept<_OutputIterator,
 773:c:\program files\daisytoolchain\arm-none-eabi\include\c++\10.2.1\bits\stl_algo.h **** 	    typename iterator_traits<_InputIterator>::value_type>)
 774:c:\program files\daisytoolchain\arm-none-eabi\include\c++\10.2.1\bits\stl_algo.h ****       __glibcxx_requires_can_increment(__first, __n);
 775:c:\program files\daisytoolchain\arm-none-eabi\include\c++\10.2.1\bits\stl_algo.h ****       __glibcxx_requires_can_increment(__result, __n);
 776:c:\program files\daisytoolchain\arm-none-eabi\include\c++\10.2.1\bits\stl_algo.h **** 
 777:c:\program files\daisytoolchain\arm-none-eabi\include\c++\10.2.1\bits\stl_algo.h ****       return std::__copy_n(__first, __n, __result,
 778:c:\program files\daisytoolchain\arm-none-eabi\include\c++\10.2.1\bits\stl_algo.h **** 			   std::__iterator_category(__first));
 779:c:\program files\daisytoolchain\arm-none-eabi\include\c++\10.2.1\bits\stl_algo.h ****     }
 780:c:\program files\daisytoolchain\arm-none-eabi\include\c++\10.2.1\bits\stl_algo.h **** 
 781:c:\program files\daisytoolchain\arm-none-eabi\include\c++\10.2.1\bits\stl_algo.h ****   /**
 782:c:\program files\daisytoolchain\arm-none-eabi\include\c++\10.2.1\bits\stl_algo.h ****    *  @brief Copy the elements of a sequence to separate output sequences
 783:c:\program files\daisytoolchain\arm-none-eabi\include\c++\10.2.1\bits\stl_algo.h ****    *         depending on the truth value of a predicate.
 784:c:\program files\daisytoolchain\arm-none-eabi\include\c++\10.2.1\bits\stl_algo.h ****    *  @ingroup mutating_algorithms
 785:c:\program files\daisytoolchain\arm-none-eabi\include\c++\10.2.1\bits\stl_algo.h ****    *  @param  __first   An input iterator.
 786:c:\program files\daisytoolchain\arm-none-eabi\include\c++\10.2.1\bits\stl_algo.h ****    *  @param  __last    An input iterator.
 787:c:\program files\daisytoolchain\arm-none-eabi\include\c++\10.2.1\bits\stl_algo.h ****    *  @param  __out_true   An output iterator.
 788:c:\program files\daisytoolchain\arm-none-eabi\include\c++\10.2.1\bits\stl_algo.h ****    *  @param  __out_false  An output iterator.
 789:c:\program files\daisytoolchain\arm-none-eabi\include\c++\10.2.1\bits\stl_algo.h ****    *  @param  __pred    A predicate.
 790:c:\program files\daisytoolchain\arm-none-eabi\include\c++\10.2.1\bits\stl_algo.h ****    *  @return   A pair designating the ends of the resulting sequences.
 791:c:\program files\daisytoolchain\arm-none-eabi\include\c++\10.2.1\bits\stl_algo.h ****    *
 792:c:\program files\daisytoolchain\arm-none-eabi\include\c++\10.2.1\bits\stl_algo.h ****    *  Copies each element in the range @p [__first,__last) for which
 793:c:\program files\daisytoolchain\arm-none-eabi\include\c++\10.2.1\bits\stl_algo.h ****    *  @p __pred returns true to the range beginning at @p out_true
 794:c:\program files\daisytoolchain\arm-none-eabi\include\c++\10.2.1\bits\stl_algo.h ****    *  and each element for which @p __pred returns false to @p __out_false.
 795:c:\program files\daisytoolchain\arm-none-eabi\include\c++\10.2.1\bits\stl_algo.h ****   */
 796:c:\program files\daisytoolchain\arm-none-eabi\include\c++\10.2.1\bits\stl_algo.h ****   template<typename _InputIterator, typename _OutputIterator1,
 797:c:\program files\daisytoolchain\arm-none-eabi\include\c++\10.2.1\bits\stl_algo.h **** 	   typename _OutputIterator2, typename _Predicate>
 798:c:\program files\daisytoolchain\arm-none-eabi\include\c++\10.2.1\bits\stl_algo.h ****     _GLIBCXX20_CONSTEXPR
 799:c:\program files\daisytoolchain\arm-none-eabi\include\c++\10.2.1\bits\stl_algo.h ****     pair<_OutputIterator1, _OutputIterator2>
 800:c:\program files\daisytoolchain\arm-none-eabi\include\c++\10.2.1\bits\stl_algo.h ****     partition_copy(_InputIterator __first, _InputIterator __last,
 801:c:\program files\daisytoolchain\arm-none-eabi\include\c++\10.2.1\bits\stl_algo.h **** 		   _OutputIterator1 __out_true, _OutputIterator2 __out_false,
 802:c:\program files\daisytoolchain\arm-none-eabi\include\c++\10.2.1\bits\stl_algo.h **** 		   _Predicate __pred)
 803:c:\program files\daisytoolchain\arm-none-eabi\include\c++\10.2.1\bits\stl_algo.h ****     {
 804:c:\program files\daisytoolchain\arm-none-eabi\include\c++\10.2.1\bits\stl_algo.h ****       // concept requirements
 805:c:\program files\daisytoolchain\arm-none-eabi\include\c++\10.2.1\bits\stl_algo.h ****       __glibcxx_function_requires(_InputIteratorConcept<_InputIterator>)
 806:c:\program files\daisytoolchain\arm-none-eabi\include\c++\10.2.1\bits\stl_algo.h ****       __glibcxx_function_requires(_OutputIteratorConcept<_OutputIterator1,
 807:c:\program files\daisytoolchain\arm-none-eabi\include\c++\10.2.1\bits\stl_algo.h **** 	    typename iterator_traits<_InputIterator>::value_type>)
 808:c:\program files\daisytoolchain\arm-none-eabi\include\c++\10.2.1\bits\stl_algo.h ****       __glibcxx_function_requires(_OutputIteratorConcept<_OutputIterator2,
 809:c:\program files\daisytoolchain\arm-none-eabi\include\c++\10.2.1\bits\stl_algo.h **** 	    typename iterator_traits<_InputIterator>::value_type>)
 810:c:\program files\daisytoolchain\arm-none-eabi\include\c++\10.2.1\bits\stl_algo.h ****       __glibcxx_function_requires(_UnaryPredicateConcept<_Predicate,
 811:c:\program files\daisytoolchain\arm-none-eabi\include\c++\10.2.1\bits\stl_algo.h **** 	    typename iterator_traits<_InputIterator>::value_type>)
 812:c:\program files\daisytoolchain\arm-none-eabi\include\c++\10.2.1\bits\stl_algo.h ****       __glibcxx_requires_valid_range(__first, __last);
 813:c:\program files\daisytoolchain\arm-none-eabi\include\c++\10.2.1\bits\stl_algo.h ****       
 814:c:\program files\daisytoolchain\arm-none-eabi\include\c++\10.2.1\bits\stl_algo.h ****       for (; __first != __last; ++__first)
 815:c:\program files\daisytoolchain\arm-none-eabi\include\c++\10.2.1\bits\stl_algo.h **** 	if (__pred(*__first))
 816:c:\program files\daisytoolchain\arm-none-eabi\include\c++\10.2.1\bits\stl_algo.h **** 	  {
ARM GAS  C:\Users\FINNDY~1\AppData\Local\Temp\ccFWr46h.s 			page 18


 817:c:\program files\daisytoolchain\arm-none-eabi\include\c++\10.2.1\bits\stl_algo.h **** 	    *__out_true = *__first;
 818:c:\program files\daisytoolchain\arm-none-eabi\include\c++\10.2.1\bits\stl_algo.h **** 	    ++__out_true;
 819:c:\program files\daisytoolchain\arm-none-eabi\include\c++\10.2.1\bits\stl_algo.h **** 	  }
 820:c:\program files\daisytoolchain\arm-none-eabi\include\c++\10.2.1\bits\stl_algo.h **** 	else
 821:c:\program files\daisytoolchain\arm-none-eabi\include\c++\10.2.1\bits\stl_algo.h **** 	  {
 822:c:\program files\daisytoolchain\arm-none-eabi\include\c++\10.2.1\bits\stl_algo.h **** 	    *__out_false = *__first;
 823:c:\program files\daisytoolchain\arm-none-eabi\include\c++\10.2.1\bits\stl_algo.h **** 	    ++__out_false;
 824:c:\program files\daisytoolchain\arm-none-eabi\include\c++\10.2.1\bits\stl_algo.h **** 	  }
 825:c:\program files\daisytoolchain\arm-none-eabi\include\c++\10.2.1\bits\stl_algo.h **** 
 826:c:\program files\daisytoolchain\arm-none-eabi\include\c++\10.2.1\bits\stl_algo.h ****       return pair<_OutputIterator1, _OutputIterator2>(__out_true, __out_false);
 827:c:\program files\daisytoolchain\arm-none-eabi\include\c++\10.2.1\bits\stl_algo.h ****     }
 828:c:\program files\daisytoolchain\arm-none-eabi\include\c++\10.2.1\bits\stl_algo.h **** #endif // C++11
 829:c:\program files\daisytoolchain\arm-none-eabi\include\c++\10.2.1\bits\stl_algo.h **** 
 830:c:\program files\daisytoolchain\arm-none-eabi\include\c++\10.2.1\bits\stl_algo.h ****   template<typename _ForwardIterator, typename _Predicate>
 831:c:\program files\daisytoolchain\arm-none-eabi\include\c++\10.2.1\bits\stl_algo.h ****     _GLIBCXX20_CONSTEXPR
 832:c:\program files\daisytoolchain\arm-none-eabi\include\c++\10.2.1\bits\stl_algo.h ****     _ForwardIterator
 833:c:\program files\daisytoolchain\arm-none-eabi\include\c++\10.2.1\bits\stl_algo.h ****     __remove_if(_ForwardIterator __first, _ForwardIterator __last,
 834:c:\program files\daisytoolchain\arm-none-eabi\include\c++\10.2.1\bits\stl_algo.h **** 		_Predicate __pred)
 835:c:\program files\daisytoolchain\arm-none-eabi\include\c++\10.2.1\bits\stl_algo.h ****     {
 836:c:\program files\daisytoolchain\arm-none-eabi\include\c++\10.2.1\bits\stl_algo.h ****       __first = std::__find_if(__first, __last, __pred);
 837:c:\program files\daisytoolchain\arm-none-eabi\include\c++\10.2.1\bits\stl_algo.h ****       if (__first == __last)
 838:c:\program files\daisytoolchain\arm-none-eabi\include\c++\10.2.1\bits\stl_algo.h **** 	return __first;
 839:c:\program files\daisytoolchain\arm-none-eabi\include\c++\10.2.1\bits\stl_algo.h ****       _ForwardIterator __result = __first;
 840:c:\program files\daisytoolchain\arm-none-eabi\include\c++\10.2.1\bits\stl_algo.h ****       ++__first;
 841:c:\program files\daisytoolchain\arm-none-eabi\include\c++\10.2.1\bits\stl_algo.h ****       for (; __first != __last; ++__first)
 842:c:\program files\daisytoolchain\arm-none-eabi\include\c++\10.2.1\bits\stl_algo.h **** 	if (!__pred(__first))
 843:c:\program files\daisytoolchain\arm-none-eabi\include\c++\10.2.1\bits\stl_algo.h **** 	  {
 844:c:\program files\daisytoolchain\arm-none-eabi\include\c++\10.2.1\bits\stl_algo.h **** 	    *__result = _GLIBCXX_MOVE(*__first);
 845:c:\program files\daisytoolchain\arm-none-eabi\include\c++\10.2.1\bits\stl_algo.h **** 	    ++__result;
 846:c:\program files\daisytoolchain\arm-none-eabi\include\c++\10.2.1\bits\stl_algo.h **** 	  }
 847:c:\program files\daisytoolchain\arm-none-eabi\include\c++\10.2.1\bits\stl_algo.h ****       return __result;
 848:c:\program files\daisytoolchain\arm-none-eabi\include\c++\10.2.1\bits\stl_algo.h ****     }
 849:c:\program files\daisytoolchain\arm-none-eabi\include\c++\10.2.1\bits\stl_algo.h **** 
 850:c:\program files\daisytoolchain\arm-none-eabi\include\c++\10.2.1\bits\stl_algo.h ****   /**
 851:c:\program files\daisytoolchain\arm-none-eabi\include\c++\10.2.1\bits\stl_algo.h ****    *  @brief Remove elements from a sequence.
 852:c:\program files\daisytoolchain\arm-none-eabi\include\c++\10.2.1\bits\stl_algo.h ****    *  @ingroup mutating_algorithms
 853:c:\program files\daisytoolchain\arm-none-eabi\include\c++\10.2.1\bits\stl_algo.h ****    *  @param  __first  An input iterator.
 854:c:\program files\daisytoolchain\arm-none-eabi\include\c++\10.2.1\bits\stl_algo.h ****    *  @param  __last   An input iterator.
 855:c:\program files\daisytoolchain\arm-none-eabi\include\c++\10.2.1\bits\stl_algo.h ****    *  @param  __value  The value to be removed.
 856:c:\program files\daisytoolchain\arm-none-eabi\include\c++\10.2.1\bits\stl_algo.h ****    *  @return   An iterator designating the end of the resulting sequence.
 857:c:\program files\daisytoolchain\arm-none-eabi\include\c++\10.2.1\bits\stl_algo.h ****    *
 858:c:\program files\daisytoolchain\arm-none-eabi\include\c++\10.2.1\bits\stl_algo.h ****    *  All elements equal to @p __value are removed from the range
 859:c:\program files\daisytoolchain\arm-none-eabi\include\c++\10.2.1\bits\stl_algo.h ****    *  @p [__first,__last).
 860:c:\program files\daisytoolchain\arm-none-eabi\include\c++\10.2.1\bits\stl_algo.h ****    *
 861:c:\program files\daisytoolchain\arm-none-eabi\include\c++\10.2.1\bits\stl_algo.h ****    *  remove() is stable, so the relative order of elements that are
 862:c:\program files\daisytoolchain\arm-none-eabi\include\c++\10.2.1\bits\stl_algo.h ****    *  not removed is unchanged.
 863:c:\program files\daisytoolchain\arm-none-eabi\include\c++\10.2.1\bits\stl_algo.h ****    *
 864:c:\program files\daisytoolchain\arm-none-eabi\include\c++\10.2.1\bits\stl_algo.h ****    *  Elements between the end of the resulting sequence and @p __last
 865:c:\program files\daisytoolchain\arm-none-eabi\include\c++\10.2.1\bits\stl_algo.h ****    *  are still present, but their value is unspecified.
 866:c:\program files\daisytoolchain\arm-none-eabi\include\c++\10.2.1\bits\stl_algo.h ****   */
 867:c:\program files\daisytoolchain\arm-none-eabi\include\c++\10.2.1\bits\stl_algo.h ****   template<typename _ForwardIterator, typename _Tp>
 868:c:\program files\daisytoolchain\arm-none-eabi\include\c++\10.2.1\bits\stl_algo.h ****     _GLIBCXX20_CONSTEXPR
 869:c:\program files\daisytoolchain\arm-none-eabi\include\c++\10.2.1\bits\stl_algo.h ****     inline _ForwardIterator
 870:c:\program files\daisytoolchain\arm-none-eabi\include\c++\10.2.1\bits\stl_algo.h ****     remove(_ForwardIterator __first, _ForwardIterator __last,
 871:c:\program files\daisytoolchain\arm-none-eabi\include\c++\10.2.1\bits\stl_algo.h **** 	   const _Tp& __value)
 872:c:\program files\daisytoolchain\arm-none-eabi\include\c++\10.2.1\bits\stl_algo.h ****     {
 873:c:\program files\daisytoolchain\arm-none-eabi\include\c++\10.2.1\bits\stl_algo.h ****       // concept requirements
ARM GAS  C:\Users\FINNDY~1\AppData\Local\Temp\ccFWr46h.s 			page 19


 874:c:\program files\daisytoolchain\arm-none-eabi\include\c++\10.2.1\bits\stl_algo.h ****       __glibcxx_function_requires(_Mutable_ForwardIteratorConcept<
 875:c:\program files\daisytoolchain\arm-none-eabi\include\c++\10.2.1\bits\stl_algo.h **** 				  _ForwardIterator>)
 876:c:\program files\daisytoolchain\arm-none-eabi\include\c++\10.2.1\bits\stl_algo.h ****       __glibcxx_function_requires(_EqualOpConcept<
 877:c:\program files\daisytoolchain\arm-none-eabi\include\c++\10.2.1\bits\stl_algo.h **** 	    typename iterator_traits<_ForwardIterator>::value_type, _Tp>)
 878:c:\program files\daisytoolchain\arm-none-eabi\include\c++\10.2.1\bits\stl_algo.h ****       __glibcxx_requires_valid_range(__first, __last);
 879:c:\program files\daisytoolchain\arm-none-eabi\include\c++\10.2.1\bits\stl_algo.h **** 
 880:c:\program files\daisytoolchain\arm-none-eabi\include\c++\10.2.1\bits\stl_algo.h ****       return std::__remove_if(__first, __last,
 881:c:\program files\daisytoolchain\arm-none-eabi\include\c++\10.2.1\bits\stl_algo.h **** 		__gnu_cxx::__ops::__iter_equals_val(__value));
 882:c:\program files\daisytoolchain\arm-none-eabi\include\c++\10.2.1\bits\stl_algo.h ****     }
 883:c:\program files\daisytoolchain\arm-none-eabi\include\c++\10.2.1\bits\stl_algo.h **** 
 884:c:\program files\daisytoolchain\arm-none-eabi\include\c++\10.2.1\bits\stl_algo.h ****   /**
 885:c:\program files\daisytoolchain\arm-none-eabi\include\c++\10.2.1\bits\stl_algo.h ****    *  @brief Remove elements from a sequence using a predicate.
 886:c:\program files\daisytoolchain\arm-none-eabi\include\c++\10.2.1\bits\stl_algo.h ****    *  @ingroup mutating_algorithms
 887:c:\program files\daisytoolchain\arm-none-eabi\include\c++\10.2.1\bits\stl_algo.h ****    *  @param  __first  A forward iterator.
 888:c:\program files\daisytoolchain\arm-none-eabi\include\c++\10.2.1\bits\stl_algo.h ****    *  @param  __last   A forward iterator.
 889:c:\program files\daisytoolchain\arm-none-eabi\include\c++\10.2.1\bits\stl_algo.h ****    *  @param  __pred   A predicate.
 890:c:\program files\daisytoolchain\arm-none-eabi\include\c++\10.2.1\bits\stl_algo.h ****    *  @return   An iterator designating the end of the resulting sequence.
 891:c:\program files\daisytoolchain\arm-none-eabi\include\c++\10.2.1\bits\stl_algo.h ****    *
 892:c:\program files\daisytoolchain\arm-none-eabi\include\c++\10.2.1\bits\stl_algo.h ****    *  All elements for which @p __pred returns true are removed from the range
 893:c:\program files\daisytoolchain\arm-none-eabi\include\c++\10.2.1\bits\stl_algo.h ****    *  @p [__first,__last).
 894:c:\program files\daisytoolchain\arm-none-eabi\include\c++\10.2.1\bits\stl_algo.h ****    *
 895:c:\program files\daisytoolchain\arm-none-eabi\include\c++\10.2.1\bits\stl_algo.h ****    *  remove_if() is stable, so the relative order of elements that are
 896:c:\program files\daisytoolchain\arm-none-eabi\include\c++\10.2.1\bits\stl_algo.h ****    *  not removed is unchanged.
 897:c:\program files\daisytoolchain\arm-none-eabi\include\c++\10.2.1\bits\stl_algo.h ****    *
 898:c:\program files\daisytoolchain\arm-none-eabi\include\c++\10.2.1\bits\stl_algo.h ****    *  Elements between the end of the resulting sequence and @p __last
 899:c:\program files\daisytoolchain\arm-none-eabi\include\c++\10.2.1\bits\stl_algo.h ****    *  are still present, but their value is unspecified.
 900:c:\program files\daisytoolchain\arm-none-eabi\include\c++\10.2.1\bits\stl_algo.h ****   */
 901:c:\program files\daisytoolchain\arm-none-eabi\include\c++\10.2.1\bits\stl_algo.h ****   template<typename _ForwardIterator, typename _Predicate>
 902:c:\program files\daisytoolchain\arm-none-eabi\include\c++\10.2.1\bits\stl_algo.h ****     _GLIBCXX20_CONSTEXPR
 903:c:\program files\daisytoolchain\arm-none-eabi\include\c++\10.2.1\bits\stl_algo.h ****     inline _ForwardIterator
 904:c:\program files\daisytoolchain\arm-none-eabi\include\c++\10.2.1\bits\stl_algo.h ****     remove_if(_ForwardIterator __first, _ForwardIterator __last,
 905:c:\program files\daisytoolchain\arm-none-eabi\include\c++\10.2.1\bits\stl_algo.h **** 	      _Predicate __pred)
 906:c:\program files\daisytoolchain\arm-none-eabi\include\c++\10.2.1\bits\stl_algo.h ****     {
 907:c:\program files\daisytoolchain\arm-none-eabi\include\c++\10.2.1\bits\stl_algo.h ****       // concept requirements
 908:c:\program files\daisytoolchain\arm-none-eabi\include\c++\10.2.1\bits\stl_algo.h ****       __glibcxx_function_requires(_Mutable_ForwardIteratorConcept<
 909:c:\program files\daisytoolchain\arm-none-eabi\include\c++\10.2.1\bits\stl_algo.h **** 				  _ForwardIterator>)
 910:c:\program files\daisytoolchain\arm-none-eabi\include\c++\10.2.1\bits\stl_algo.h ****       __glibcxx_function_requires(_UnaryPredicateConcept<_Predicate,
 911:c:\program files\daisytoolchain\arm-none-eabi\include\c++\10.2.1\bits\stl_algo.h **** 	    typename iterator_traits<_ForwardIterator>::value_type>)
 912:c:\program files\daisytoolchain\arm-none-eabi\include\c++\10.2.1\bits\stl_algo.h ****       __glibcxx_requires_valid_range(__first, __last);
 913:c:\program files\daisytoolchain\arm-none-eabi\include\c++\10.2.1\bits\stl_algo.h **** 
 914:c:\program files\daisytoolchain\arm-none-eabi\include\c++\10.2.1\bits\stl_algo.h ****       return std::__remove_if(__first, __last,
 915:c:\program files\daisytoolchain\arm-none-eabi\include\c++\10.2.1\bits\stl_algo.h **** 			      __gnu_cxx::__ops::__pred_iter(__pred));
 916:c:\program files\daisytoolchain\arm-none-eabi\include\c++\10.2.1\bits\stl_algo.h ****     }
 917:c:\program files\daisytoolchain\arm-none-eabi\include\c++\10.2.1\bits\stl_algo.h **** 
 918:c:\program files\daisytoolchain\arm-none-eabi\include\c++\10.2.1\bits\stl_algo.h ****   template<typename _ForwardIterator, typename _BinaryPredicate>
 919:c:\program files\daisytoolchain\arm-none-eabi\include\c++\10.2.1\bits\stl_algo.h ****     _GLIBCXX20_CONSTEXPR
 920:c:\program files\daisytoolchain\arm-none-eabi\include\c++\10.2.1\bits\stl_algo.h ****     _ForwardIterator
 921:c:\program files\daisytoolchain\arm-none-eabi\include\c++\10.2.1\bits\stl_algo.h ****     __adjacent_find(_ForwardIterator __first, _ForwardIterator __last,
 922:c:\program files\daisytoolchain\arm-none-eabi\include\c++\10.2.1\bits\stl_algo.h **** 		    _BinaryPredicate __binary_pred)
 923:c:\program files\daisytoolchain\arm-none-eabi\include\c++\10.2.1\bits\stl_algo.h ****     {
 924:c:\program files\daisytoolchain\arm-none-eabi\include\c++\10.2.1\bits\stl_algo.h ****       if (__first == __last)
 925:c:\program files\daisytoolchain\arm-none-eabi\include\c++\10.2.1\bits\stl_algo.h **** 	return __last;
 926:c:\program files\daisytoolchain\arm-none-eabi\include\c++\10.2.1\bits\stl_algo.h ****       _ForwardIterator __next = __first;
 927:c:\program files\daisytoolchain\arm-none-eabi\include\c++\10.2.1\bits\stl_algo.h ****       while (++__next != __last)
 928:c:\program files\daisytoolchain\arm-none-eabi\include\c++\10.2.1\bits\stl_algo.h **** 	{
 929:c:\program files\daisytoolchain\arm-none-eabi\include\c++\10.2.1\bits\stl_algo.h **** 	  if (__binary_pred(__first, __next))
 930:c:\program files\daisytoolchain\arm-none-eabi\include\c++\10.2.1\bits\stl_algo.h **** 	    return __first;
ARM GAS  C:\Users\FINNDY~1\AppData\Local\Temp\ccFWr46h.s 			page 20


 931:c:\program files\daisytoolchain\arm-none-eabi\include\c++\10.2.1\bits\stl_algo.h **** 	  __first = __next;
 932:c:\program files\daisytoolchain\arm-none-eabi\include\c++\10.2.1\bits\stl_algo.h **** 	}
 933:c:\program files\daisytoolchain\arm-none-eabi\include\c++\10.2.1\bits\stl_algo.h ****       return __last;
 934:c:\program files\daisytoolchain\arm-none-eabi\include\c++\10.2.1\bits\stl_algo.h ****     }
 935:c:\program files\daisytoolchain\arm-none-eabi\include\c++\10.2.1\bits\stl_algo.h **** 
 936:c:\program files\daisytoolchain\arm-none-eabi\include\c++\10.2.1\bits\stl_algo.h ****   template<typename _ForwardIterator, typename _BinaryPredicate>
 937:c:\program files\daisytoolchain\arm-none-eabi\include\c++\10.2.1\bits\stl_algo.h ****     _GLIBCXX20_CONSTEXPR
 938:c:\program files\daisytoolchain\arm-none-eabi\include\c++\10.2.1\bits\stl_algo.h ****     _ForwardIterator
 939:c:\program files\daisytoolchain\arm-none-eabi\include\c++\10.2.1\bits\stl_algo.h ****     __unique(_ForwardIterator __first, _ForwardIterator __last,
 940:c:\program files\daisytoolchain\arm-none-eabi\include\c++\10.2.1\bits\stl_algo.h **** 	     _BinaryPredicate __binary_pred)
 941:c:\program files\daisytoolchain\arm-none-eabi\include\c++\10.2.1\bits\stl_algo.h ****     {
 942:c:\program files\daisytoolchain\arm-none-eabi\include\c++\10.2.1\bits\stl_algo.h ****       // Skip the beginning, if already unique.
 943:c:\program files\daisytoolchain\arm-none-eabi\include\c++\10.2.1\bits\stl_algo.h ****       __first = std::__adjacent_find(__first, __last, __binary_pred);
 944:c:\program files\daisytoolchain\arm-none-eabi\include\c++\10.2.1\bits\stl_algo.h ****       if (__first == __last)
 945:c:\program files\daisytoolchain\arm-none-eabi\include\c++\10.2.1\bits\stl_algo.h **** 	return __last;
 946:c:\program files\daisytoolchain\arm-none-eabi\include\c++\10.2.1\bits\stl_algo.h **** 
 947:c:\program files\daisytoolchain\arm-none-eabi\include\c++\10.2.1\bits\stl_algo.h ****       // Do the real copy work.
 948:c:\program files\daisytoolchain\arm-none-eabi\include\c++\10.2.1\bits\stl_algo.h ****       _ForwardIterator __dest = __first;
 949:c:\program files\daisytoolchain\arm-none-eabi\include\c++\10.2.1\bits\stl_algo.h ****       ++__first;
 950:c:\program files\daisytoolchain\arm-none-eabi\include\c++\10.2.1\bits\stl_algo.h ****       while (++__first != __last)
 951:c:\program files\daisytoolchain\arm-none-eabi\include\c++\10.2.1\bits\stl_algo.h **** 	if (!__binary_pred(__dest, __first))
 952:c:\program files\daisytoolchain\arm-none-eabi\include\c++\10.2.1\bits\stl_algo.h **** 	  *++__dest = _GLIBCXX_MOVE(*__first);
 953:c:\program files\daisytoolchain\arm-none-eabi\include\c++\10.2.1\bits\stl_algo.h ****       return ++__dest;
 954:c:\program files\daisytoolchain\arm-none-eabi\include\c++\10.2.1\bits\stl_algo.h ****     }
 955:c:\program files\daisytoolchain\arm-none-eabi\include\c++\10.2.1\bits\stl_algo.h **** 
 956:c:\program files\daisytoolchain\arm-none-eabi\include\c++\10.2.1\bits\stl_algo.h ****   /**
 957:c:\program files\daisytoolchain\arm-none-eabi\include\c++\10.2.1\bits\stl_algo.h ****    *  @brief Remove consecutive duplicate values from a sequence.
 958:c:\program files\daisytoolchain\arm-none-eabi\include\c++\10.2.1\bits\stl_algo.h ****    *  @ingroup mutating_algorithms
 959:c:\program files\daisytoolchain\arm-none-eabi\include\c++\10.2.1\bits\stl_algo.h ****    *  @param  __first  A forward iterator.
 960:c:\program files\daisytoolchain\arm-none-eabi\include\c++\10.2.1\bits\stl_algo.h ****    *  @param  __last   A forward iterator.
 961:c:\program files\daisytoolchain\arm-none-eabi\include\c++\10.2.1\bits\stl_algo.h ****    *  @return  An iterator designating the end of the resulting sequence.
 962:c:\program files\daisytoolchain\arm-none-eabi\include\c++\10.2.1\bits\stl_algo.h ****    *
 963:c:\program files\daisytoolchain\arm-none-eabi\include\c++\10.2.1\bits\stl_algo.h ****    *  Removes all but the first element from each group of consecutive
 964:c:\program files\daisytoolchain\arm-none-eabi\include\c++\10.2.1\bits\stl_algo.h ****    *  values that compare equal.
 965:c:\program files\daisytoolchain\arm-none-eabi\include\c++\10.2.1\bits\stl_algo.h ****    *  unique() is stable, so the relative order of elements that are
 966:c:\program files\daisytoolchain\arm-none-eabi\include\c++\10.2.1\bits\stl_algo.h ****    *  not removed is unchanged.
 967:c:\program files\daisytoolchain\arm-none-eabi\include\c++\10.2.1\bits\stl_algo.h ****    *  Elements between the end of the resulting sequence and @p __last
 968:c:\program files\daisytoolchain\arm-none-eabi\include\c++\10.2.1\bits\stl_algo.h ****    *  are still present, but their value is unspecified.
 969:c:\program files\daisytoolchain\arm-none-eabi\include\c++\10.2.1\bits\stl_algo.h ****   */
 970:c:\program files\daisytoolchain\arm-none-eabi\include\c++\10.2.1\bits\stl_algo.h ****   template<typename _ForwardIterator>
 971:c:\program files\daisytoolchain\arm-none-eabi\include\c++\10.2.1\bits\stl_algo.h ****     _GLIBCXX20_CONSTEXPR
 972:c:\program files\daisytoolchain\arm-none-eabi\include\c++\10.2.1\bits\stl_algo.h ****     inline _ForwardIterator
 973:c:\program files\daisytoolchain\arm-none-eabi\include\c++\10.2.1\bits\stl_algo.h ****     unique(_ForwardIterator __first, _ForwardIterator __last)
 974:c:\program files\daisytoolchain\arm-none-eabi\include\c++\10.2.1\bits\stl_algo.h ****     {
 975:c:\program files\daisytoolchain\arm-none-eabi\include\c++\10.2.1\bits\stl_algo.h ****       // concept requirements
 976:c:\program files\daisytoolchain\arm-none-eabi\include\c++\10.2.1\bits\stl_algo.h ****       __glibcxx_function_requires(_Mutable_ForwardIteratorConcept<
 977:c:\program files\daisytoolchain\arm-none-eabi\include\c++\10.2.1\bits\stl_algo.h **** 				  _ForwardIterator>)
 978:c:\program files\daisytoolchain\arm-none-eabi\include\c++\10.2.1\bits\stl_algo.h ****       __glibcxx_function_requires(_EqualityComparableConcept<
 979:c:\program files\daisytoolchain\arm-none-eabi\include\c++\10.2.1\bits\stl_algo.h **** 		     typename iterator_traits<_ForwardIterator>::value_type>)
 980:c:\program files\daisytoolchain\arm-none-eabi\include\c++\10.2.1\bits\stl_algo.h ****       __glibcxx_requires_valid_range(__first, __last);
 981:c:\program files\daisytoolchain\arm-none-eabi\include\c++\10.2.1\bits\stl_algo.h **** 
 982:c:\program files\daisytoolchain\arm-none-eabi\include\c++\10.2.1\bits\stl_algo.h ****       return std::__unique(__first, __last,
 983:c:\program files\daisytoolchain\arm-none-eabi\include\c++\10.2.1\bits\stl_algo.h **** 			   __gnu_cxx::__ops::__iter_equal_to_iter());
 984:c:\program files\daisytoolchain\arm-none-eabi\include\c++\10.2.1\bits\stl_algo.h ****     }
 985:c:\program files\daisytoolchain\arm-none-eabi\include\c++\10.2.1\bits\stl_algo.h **** 
 986:c:\program files\daisytoolchain\arm-none-eabi\include\c++\10.2.1\bits\stl_algo.h ****   /**
 987:c:\program files\daisytoolchain\arm-none-eabi\include\c++\10.2.1\bits\stl_algo.h ****    *  @brief Remove consecutive values from a sequence using a predicate.
ARM GAS  C:\Users\FINNDY~1\AppData\Local\Temp\ccFWr46h.s 			page 21


 988:c:\program files\daisytoolchain\arm-none-eabi\include\c++\10.2.1\bits\stl_algo.h ****    *  @ingroup mutating_algorithms
 989:c:\program files\daisytoolchain\arm-none-eabi\include\c++\10.2.1\bits\stl_algo.h ****    *  @param  __first        A forward iterator.
 990:c:\program files\daisytoolchain\arm-none-eabi\include\c++\10.2.1\bits\stl_algo.h ****    *  @param  __last         A forward iterator.
 991:c:\program files\daisytoolchain\arm-none-eabi\include\c++\10.2.1\bits\stl_algo.h ****    *  @param  __binary_pred  A binary predicate.
 992:c:\program files\daisytoolchain\arm-none-eabi\include\c++\10.2.1\bits\stl_algo.h ****    *  @return  An iterator designating the end of the resulting sequence.
 993:c:\program files\daisytoolchain\arm-none-eabi\include\c++\10.2.1\bits\stl_algo.h ****    *
 994:c:\program files\daisytoolchain\arm-none-eabi\include\c++\10.2.1\bits\stl_algo.h ****    *  Removes all but the first element from each group of consecutive
 995:c:\program files\daisytoolchain\arm-none-eabi\include\c++\10.2.1\bits\stl_algo.h ****    *  values for which @p __binary_pred returns true.
 996:c:\program files\daisytoolchain\arm-none-eabi\include\c++\10.2.1\bits\stl_algo.h ****    *  unique() is stable, so the relative order of elements that are
 997:c:\program files\daisytoolchain\arm-none-eabi\include\c++\10.2.1\bits\stl_algo.h ****    *  not removed is unchanged.
 998:c:\program files\daisytoolchain\arm-none-eabi\include\c++\10.2.1\bits\stl_algo.h ****    *  Elements between the end of the resulting sequence and @p __last
 999:c:\program files\daisytoolchain\arm-none-eabi\include\c++\10.2.1\bits\stl_algo.h ****    *  are still present, but their value is unspecified.
1000:c:\program files\daisytoolchain\arm-none-eabi\include\c++\10.2.1\bits\stl_algo.h ****   */
1001:c:\program files\daisytoolchain\arm-none-eabi\include\c++\10.2.1\bits\stl_algo.h ****   template<typename _ForwardIterator, typename _BinaryPredicate>
1002:c:\program files\daisytoolchain\arm-none-eabi\include\c++\10.2.1\bits\stl_algo.h ****     _GLIBCXX20_CONSTEXPR
1003:c:\program files\daisytoolchain\arm-none-eabi\include\c++\10.2.1\bits\stl_algo.h ****     inline _ForwardIterator
1004:c:\program files\daisytoolchain\arm-none-eabi\include\c++\10.2.1\bits\stl_algo.h ****     unique(_ForwardIterator __first, _ForwardIterator __last,
1005:c:\program files\daisytoolchain\arm-none-eabi\include\c++\10.2.1\bits\stl_algo.h **** 	   _BinaryPredicate __binary_pred)
1006:c:\program files\daisytoolchain\arm-none-eabi\include\c++\10.2.1\bits\stl_algo.h ****     {
1007:c:\program files\daisytoolchain\arm-none-eabi\include\c++\10.2.1\bits\stl_algo.h ****       // concept requirements
1008:c:\program files\daisytoolchain\arm-none-eabi\include\c++\10.2.1\bits\stl_algo.h ****       __glibcxx_function_requires(_Mutable_ForwardIteratorConcept<
1009:c:\program files\daisytoolchain\arm-none-eabi\include\c++\10.2.1\bits\stl_algo.h **** 				  _ForwardIterator>)
1010:c:\program files\daisytoolchain\arm-none-eabi\include\c++\10.2.1\bits\stl_algo.h ****       __glibcxx_function_requires(_BinaryPredicateConcept<_BinaryPredicate,
1011:c:\program files\daisytoolchain\arm-none-eabi\include\c++\10.2.1\bits\stl_algo.h **** 		typename iterator_traits<_ForwardIterator>::value_type,
1012:c:\program files\daisytoolchain\arm-none-eabi\include\c++\10.2.1\bits\stl_algo.h **** 		typename iterator_traits<_ForwardIterator>::value_type>)
1013:c:\program files\daisytoolchain\arm-none-eabi\include\c++\10.2.1\bits\stl_algo.h ****       __glibcxx_requires_valid_range(__first, __last);
1014:c:\program files\daisytoolchain\arm-none-eabi\include\c++\10.2.1\bits\stl_algo.h **** 
1015:c:\program files\daisytoolchain\arm-none-eabi\include\c++\10.2.1\bits\stl_algo.h ****       return std::__unique(__first, __last,
1016:c:\program files\daisytoolchain\arm-none-eabi\include\c++\10.2.1\bits\stl_algo.h **** 			   __gnu_cxx::__ops::__iter_comp_iter(__binary_pred));
1017:c:\program files\daisytoolchain\arm-none-eabi\include\c++\10.2.1\bits\stl_algo.h ****     }
1018:c:\program files\daisytoolchain\arm-none-eabi\include\c++\10.2.1\bits\stl_algo.h **** 
1019:c:\program files\daisytoolchain\arm-none-eabi\include\c++\10.2.1\bits\stl_algo.h ****   /**
1020:c:\program files\daisytoolchain\arm-none-eabi\include\c++\10.2.1\bits\stl_algo.h ****    *  This is an uglified
1021:c:\program files\daisytoolchain\arm-none-eabi\include\c++\10.2.1\bits\stl_algo.h ****    *  unique_copy(_InputIterator, _InputIterator, _OutputIterator,
1022:c:\program files\daisytoolchain\arm-none-eabi\include\c++\10.2.1\bits\stl_algo.h ****    *              _BinaryPredicate)
1023:c:\program files\daisytoolchain\arm-none-eabi\include\c++\10.2.1\bits\stl_algo.h ****    *  overloaded for forward iterators and output iterator as result.
1024:c:\program files\daisytoolchain\arm-none-eabi\include\c++\10.2.1\bits\stl_algo.h ****   */
1025:c:\program files\daisytoolchain\arm-none-eabi\include\c++\10.2.1\bits\stl_algo.h ****   template<typename _ForwardIterator, typename _OutputIterator,
1026:c:\program files\daisytoolchain\arm-none-eabi\include\c++\10.2.1\bits\stl_algo.h **** 	   typename _BinaryPredicate>
1027:c:\program files\daisytoolchain\arm-none-eabi\include\c++\10.2.1\bits\stl_algo.h ****     _GLIBCXX20_CONSTEXPR
1028:c:\program files\daisytoolchain\arm-none-eabi\include\c++\10.2.1\bits\stl_algo.h ****     _OutputIterator
1029:c:\program files\daisytoolchain\arm-none-eabi\include\c++\10.2.1\bits\stl_algo.h ****     __unique_copy(_ForwardIterator __first, _ForwardIterator __last,
1030:c:\program files\daisytoolchain\arm-none-eabi\include\c++\10.2.1\bits\stl_algo.h **** 		  _OutputIterator __result, _BinaryPredicate __binary_pred,
1031:c:\program files\daisytoolchain\arm-none-eabi\include\c++\10.2.1\bits\stl_algo.h **** 		  forward_iterator_tag, output_iterator_tag)
1032:c:\program files\daisytoolchain\arm-none-eabi\include\c++\10.2.1\bits\stl_algo.h ****     {
1033:c:\program files\daisytoolchain\arm-none-eabi\include\c++\10.2.1\bits\stl_algo.h ****       // concept requirements -- iterators already checked
1034:c:\program files\daisytoolchain\arm-none-eabi\include\c++\10.2.1\bits\stl_algo.h ****       __glibcxx_function_requires(_BinaryPredicateConcept<_BinaryPredicate,
1035:c:\program files\daisytoolchain\arm-none-eabi\include\c++\10.2.1\bits\stl_algo.h **** 	  typename iterator_traits<_ForwardIterator>::value_type,
1036:c:\program files\daisytoolchain\arm-none-eabi\include\c++\10.2.1\bits\stl_algo.h **** 	  typename iterator_traits<_ForwardIterator>::value_type>)
1037:c:\program files\daisytoolchain\arm-none-eabi\include\c++\10.2.1\bits\stl_algo.h **** 
1038:c:\program files\daisytoolchain\arm-none-eabi\include\c++\10.2.1\bits\stl_algo.h ****       _ForwardIterator __next = __first;
1039:c:\program files\daisytoolchain\arm-none-eabi\include\c++\10.2.1\bits\stl_algo.h ****       *__result = *__first;
1040:c:\program files\daisytoolchain\arm-none-eabi\include\c++\10.2.1\bits\stl_algo.h ****       while (++__next != __last)
1041:c:\program files\daisytoolchain\arm-none-eabi\include\c++\10.2.1\bits\stl_algo.h **** 	if (!__binary_pred(__first, __next))
1042:c:\program files\daisytoolchain\arm-none-eabi\include\c++\10.2.1\bits\stl_algo.h **** 	  {
1043:c:\program files\daisytoolchain\arm-none-eabi\include\c++\10.2.1\bits\stl_algo.h **** 	    __first = __next;
1044:c:\program files\daisytoolchain\arm-none-eabi\include\c++\10.2.1\bits\stl_algo.h **** 	    *++__result = *__first;
ARM GAS  C:\Users\FINNDY~1\AppData\Local\Temp\ccFWr46h.s 			page 22


1045:c:\program files\daisytoolchain\arm-none-eabi\include\c++\10.2.1\bits\stl_algo.h **** 	  }
1046:c:\program files\daisytoolchain\arm-none-eabi\include\c++\10.2.1\bits\stl_algo.h ****       return ++__result;
1047:c:\program files\daisytoolchain\arm-none-eabi\include\c++\10.2.1\bits\stl_algo.h ****     }
1048:c:\program files\daisytoolchain\arm-none-eabi\include\c++\10.2.1\bits\stl_algo.h **** 
1049:c:\program files\daisytoolchain\arm-none-eabi\include\c++\10.2.1\bits\stl_algo.h ****   /**
1050:c:\program files\daisytoolchain\arm-none-eabi\include\c++\10.2.1\bits\stl_algo.h ****    *  This is an uglified
1051:c:\program files\daisytoolchain\arm-none-eabi\include\c++\10.2.1\bits\stl_algo.h ****    *  unique_copy(_InputIterator, _InputIterator, _OutputIterator,
1052:c:\program files\daisytoolchain\arm-none-eabi\include\c++\10.2.1\bits\stl_algo.h ****    *              _BinaryPredicate)
1053:c:\program files\daisytoolchain\arm-none-eabi\include\c++\10.2.1\bits\stl_algo.h ****    *  overloaded for input iterators and output iterator as result.
1054:c:\program files\daisytoolchain\arm-none-eabi\include\c++\10.2.1\bits\stl_algo.h ****   */
1055:c:\program files\daisytoolchain\arm-none-eabi\include\c++\10.2.1\bits\stl_algo.h ****   template<typename _InputIterator, typename _OutputIterator,
1056:c:\program files\daisytoolchain\arm-none-eabi\include\c++\10.2.1\bits\stl_algo.h **** 	   typename _BinaryPredicate>
1057:c:\program files\daisytoolchain\arm-none-eabi\include\c++\10.2.1\bits\stl_algo.h ****     _GLIBCXX20_CONSTEXPR
1058:c:\program files\daisytoolchain\arm-none-eabi\include\c++\10.2.1\bits\stl_algo.h ****     _OutputIterator
1059:c:\program files\daisytoolchain\arm-none-eabi\include\c++\10.2.1\bits\stl_algo.h ****     __unique_copy(_InputIterator __first, _InputIterator __last,
1060:c:\program files\daisytoolchain\arm-none-eabi\include\c++\10.2.1\bits\stl_algo.h **** 		  _OutputIterator __result, _BinaryPredicate __binary_pred,
1061:c:\program files\daisytoolchain\arm-none-eabi\include\c++\10.2.1\bits\stl_algo.h **** 		  input_iterator_tag, output_iterator_tag)
1062:c:\program files\daisytoolchain\arm-none-eabi\include\c++\10.2.1\bits\stl_algo.h ****     {
1063:c:\program files\daisytoolchain\arm-none-eabi\include\c++\10.2.1\bits\stl_algo.h ****       // concept requirements -- iterators already checked
1064:c:\program files\daisytoolchain\arm-none-eabi\include\c++\10.2.1\bits\stl_algo.h ****       __glibcxx_function_requires(_BinaryPredicateConcept<_BinaryPredicate,
1065:c:\program files\daisytoolchain\arm-none-eabi\include\c++\10.2.1\bits\stl_algo.h **** 	  typename iterator_traits<_InputIterator>::value_type,
1066:c:\program files\daisytoolchain\arm-none-eabi\include\c++\10.2.1\bits\stl_algo.h **** 	  typename iterator_traits<_InputIterator>::value_type>)
1067:c:\program files\daisytoolchain\arm-none-eabi\include\c++\10.2.1\bits\stl_algo.h **** 
1068:c:\program files\daisytoolchain\arm-none-eabi\include\c++\10.2.1\bits\stl_algo.h ****       typename iterator_traits<_InputIterator>::value_type __value = *__first;
1069:c:\program files\daisytoolchain\arm-none-eabi\include\c++\10.2.1\bits\stl_algo.h ****       __decltype(__gnu_cxx::__ops::__iter_comp_val(__binary_pred))
1070:c:\program files\daisytoolchain\arm-none-eabi\include\c++\10.2.1\bits\stl_algo.h **** 	__rebound_pred
1071:c:\program files\daisytoolchain\arm-none-eabi\include\c++\10.2.1\bits\stl_algo.h **** 	= __gnu_cxx::__ops::__iter_comp_val(__binary_pred);
1072:c:\program files\daisytoolchain\arm-none-eabi\include\c++\10.2.1\bits\stl_algo.h ****       *__result = __value;
1073:c:\program files\daisytoolchain\arm-none-eabi\include\c++\10.2.1\bits\stl_algo.h ****       while (++__first != __last)
1074:c:\program files\daisytoolchain\arm-none-eabi\include\c++\10.2.1\bits\stl_algo.h **** 	if (!__rebound_pred(__first, __value))
1075:c:\program files\daisytoolchain\arm-none-eabi\include\c++\10.2.1\bits\stl_algo.h **** 	  {
1076:c:\program files\daisytoolchain\arm-none-eabi\include\c++\10.2.1\bits\stl_algo.h **** 	    __value = *__first;
1077:c:\program files\daisytoolchain\arm-none-eabi\include\c++\10.2.1\bits\stl_algo.h **** 	    *++__result = __value;
1078:c:\program files\daisytoolchain\arm-none-eabi\include\c++\10.2.1\bits\stl_algo.h **** 	  }
1079:c:\program files\daisytoolchain\arm-none-eabi\include\c++\10.2.1\bits\stl_algo.h ****       return ++__result;
1080:c:\program files\daisytoolchain\arm-none-eabi\include\c++\10.2.1\bits\stl_algo.h ****     }
1081:c:\program files\daisytoolchain\arm-none-eabi\include\c++\10.2.1\bits\stl_algo.h **** 
1082:c:\program files\daisytoolchain\arm-none-eabi\include\c++\10.2.1\bits\stl_algo.h ****   /**
1083:c:\program files\daisytoolchain\arm-none-eabi\include\c++\10.2.1\bits\stl_algo.h ****    *  This is an uglified
1084:c:\program files\daisytoolchain\arm-none-eabi\include\c++\10.2.1\bits\stl_algo.h ****    *  unique_copy(_InputIterator, _InputIterator, _OutputIterator,
1085:c:\program files\daisytoolchain\arm-none-eabi\include\c++\10.2.1\bits\stl_algo.h ****    *              _BinaryPredicate)
1086:c:\program files\daisytoolchain\arm-none-eabi\include\c++\10.2.1\bits\stl_algo.h ****    *  overloaded for input iterators and forward iterator as result.
1087:c:\program files\daisytoolchain\arm-none-eabi\include\c++\10.2.1\bits\stl_algo.h ****   */
1088:c:\program files\daisytoolchain\arm-none-eabi\include\c++\10.2.1\bits\stl_algo.h ****   template<typename _InputIterator, typename _ForwardIterator,
1089:c:\program files\daisytoolchain\arm-none-eabi\include\c++\10.2.1\bits\stl_algo.h **** 	   typename _BinaryPredicate>
1090:c:\program files\daisytoolchain\arm-none-eabi\include\c++\10.2.1\bits\stl_algo.h ****     _GLIBCXX20_CONSTEXPR
1091:c:\program files\daisytoolchain\arm-none-eabi\include\c++\10.2.1\bits\stl_algo.h ****     _ForwardIterator
1092:c:\program files\daisytoolchain\arm-none-eabi\include\c++\10.2.1\bits\stl_algo.h ****     __unique_copy(_InputIterator __first, _InputIterator __last,
1093:c:\program files\daisytoolchain\arm-none-eabi\include\c++\10.2.1\bits\stl_algo.h **** 		  _ForwardIterator __result, _BinaryPredicate __binary_pred,
1094:c:\program files\daisytoolchain\arm-none-eabi\include\c++\10.2.1\bits\stl_algo.h **** 		  input_iterator_tag, forward_iterator_tag)
1095:c:\program files\daisytoolchain\arm-none-eabi\include\c++\10.2.1\bits\stl_algo.h ****     {
1096:c:\program files\daisytoolchain\arm-none-eabi\include\c++\10.2.1\bits\stl_algo.h ****       // concept requirements -- iterators already checked
1097:c:\program files\daisytoolchain\arm-none-eabi\include\c++\10.2.1\bits\stl_algo.h ****       __glibcxx_function_requires(_BinaryPredicateConcept<_BinaryPredicate,
1098:c:\program files\daisytoolchain\arm-none-eabi\include\c++\10.2.1\bits\stl_algo.h **** 	  typename iterator_traits<_ForwardIterator>::value_type,
1099:c:\program files\daisytoolchain\arm-none-eabi\include\c++\10.2.1\bits\stl_algo.h **** 	  typename iterator_traits<_InputIterator>::value_type>)
1100:c:\program files\daisytoolchain\arm-none-eabi\include\c++\10.2.1\bits\stl_algo.h ****       *__result = *__first;
1101:c:\program files\daisytoolchain\arm-none-eabi\include\c++\10.2.1\bits\stl_algo.h ****       while (++__first != __last)
ARM GAS  C:\Users\FINNDY~1\AppData\Local\Temp\ccFWr46h.s 			page 23


1102:c:\program files\daisytoolchain\arm-none-eabi\include\c++\10.2.1\bits\stl_algo.h **** 	if (!__binary_pred(__result, __first))
1103:c:\program files\daisytoolchain\arm-none-eabi\include\c++\10.2.1\bits\stl_algo.h **** 	  *++__result = *__first;
1104:c:\program files\daisytoolchain\arm-none-eabi\include\c++\10.2.1\bits\stl_algo.h ****       return ++__result;
1105:c:\program files\daisytoolchain\arm-none-eabi\include\c++\10.2.1\bits\stl_algo.h ****     }
1106:c:\program files\daisytoolchain\arm-none-eabi\include\c++\10.2.1\bits\stl_algo.h **** 
1107:c:\program files\daisytoolchain\arm-none-eabi\include\c++\10.2.1\bits\stl_algo.h ****   /**
1108:c:\program files\daisytoolchain\arm-none-eabi\include\c++\10.2.1\bits\stl_algo.h ****    *  This is an uglified reverse(_BidirectionalIterator,
1109:c:\program files\daisytoolchain\arm-none-eabi\include\c++\10.2.1\bits\stl_algo.h ****    *                              _BidirectionalIterator)
1110:c:\program files\daisytoolchain\arm-none-eabi\include\c++\10.2.1\bits\stl_algo.h ****    *  overloaded for bidirectional iterators.
1111:c:\program files\daisytoolchain\arm-none-eabi\include\c++\10.2.1\bits\stl_algo.h ****   */
1112:c:\program files\daisytoolchain\arm-none-eabi\include\c++\10.2.1\bits\stl_algo.h ****   template<typename _BidirectionalIterator>
1113:c:\program files\daisytoolchain\arm-none-eabi\include\c++\10.2.1\bits\stl_algo.h ****     _GLIBCXX20_CONSTEXPR
1114:c:\program files\daisytoolchain\arm-none-eabi\include\c++\10.2.1\bits\stl_algo.h ****     void
1115:c:\program files\daisytoolchain\arm-none-eabi\include\c++\10.2.1\bits\stl_algo.h ****     __reverse(_BidirectionalIterator __first, _BidirectionalIterator __last,
1116:c:\program files\daisytoolchain\arm-none-eabi\include\c++\10.2.1\bits\stl_algo.h **** 	      bidirectional_iterator_tag)
1117:c:\program files\daisytoolchain\arm-none-eabi\include\c++\10.2.1\bits\stl_algo.h ****     {
1118:c:\program files\daisytoolchain\arm-none-eabi\include\c++\10.2.1\bits\stl_algo.h ****       while (true)
1119:c:\program files\daisytoolchain\arm-none-eabi\include\c++\10.2.1\bits\stl_algo.h **** 	if (__first == __last || __first == --__last)
1120:c:\program files\daisytoolchain\arm-none-eabi\include\c++\10.2.1\bits\stl_algo.h **** 	  return;
1121:c:\program files\daisytoolchain\arm-none-eabi\include\c++\10.2.1\bits\stl_algo.h **** 	else
1122:c:\program files\daisytoolchain\arm-none-eabi\include\c++\10.2.1\bits\stl_algo.h **** 	  {
1123:c:\program files\daisytoolchain\arm-none-eabi\include\c++\10.2.1\bits\stl_algo.h **** 	    std::iter_swap(__first, __last);
1124:c:\program files\daisytoolchain\arm-none-eabi\include\c++\10.2.1\bits\stl_algo.h **** 	    ++__first;
1125:c:\program files\daisytoolchain\arm-none-eabi\include\c++\10.2.1\bits\stl_algo.h **** 	  }
1126:c:\program files\daisytoolchain\arm-none-eabi\include\c++\10.2.1\bits\stl_algo.h ****     }
1127:c:\program files\daisytoolchain\arm-none-eabi\include\c++\10.2.1\bits\stl_algo.h **** 
1128:c:\program files\daisytoolchain\arm-none-eabi\include\c++\10.2.1\bits\stl_algo.h ****   /**
1129:c:\program files\daisytoolchain\arm-none-eabi\include\c++\10.2.1\bits\stl_algo.h ****    *  This is an uglified reverse(_BidirectionalIterator,
1130:c:\program files\daisytoolchain\arm-none-eabi\include\c++\10.2.1\bits\stl_algo.h ****    *                              _BidirectionalIterator)
1131:c:\program files\daisytoolchain\arm-none-eabi\include\c++\10.2.1\bits\stl_algo.h ****    *  overloaded for random access iterators.
1132:c:\program files\daisytoolchain\arm-none-eabi\include\c++\10.2.1\bits\stl_algo.h ****   */
1133:c:\program files\daisytoolchain\arm-none-eabi\include\c++\10.2.1\bits\stl_algo.h ****   template<typename _RandomAccessIterator>
1134:c:\program files\daisytoolchain\arm-none-eabi\include\c++\10.2.1\bits\stl_algo.h ****     _GLIBCXX20_CONSTEXPR
1135:c:\program files\daisytoolchain\arm-none-eabi\include\c++\10.2.1\bits\stl_algo.h ****     void
1136:c:\program files\daisytoolchain\arm-none-eabi\include\c++\10.2.1\bits\stl_algo.h ****     __reverse(_RandomAccessIterator __first, _RandomAccessIterator __last,
1137:c:\program files\daisytoolchain\arm-none-eabi\include\c++\10.2.1\bits\stl_algo.h **** 	      random_access_iterator_tag)
1138:c:\program files\daisytoolchain\arm-none-eabi\include\c++\10.2.1\bits\stl_algo.h ****     {
1139:c:\program files\daisytoolchain\arm-none-eabi\include\c++\10.2.1\bits\stl_algo.h ****       if (__first == __last)
1140:c:\program files\daisytoolchain\arm-none-eabi\include\c++\10.2.1\bits\stl_algo.h **** 	return;
1141:c:\program files\daisytoolchain\arm-none-eabi\include\c++\10.2.1\bits\stl_algo.h ****       --__last;
1142:c:\program files\daisytoolchain\arm-none-eabi\include\c++\10.2.1\bits\stl_algo.h ****       while (__first < __last)
1143:c:\program files\daisytoolchain\arm-none-eabi\include\c++\10.2.1\bits\stl_algo.h **** 	{
1144:c:\program files\daisytoolchain\arm-none-eabi\include\c++\10.2.1\bits\stl_algo.h **** 	  std::iter_swap(__first, __last);
1145:c:\program files\daisytoolchain\arm-none-eabi\include\c++\10.2.1\bits\stl_algo.h **** 	  ++__first;
1146:c:\program files\daisytoolchain\arm-none-eabi\include\c++\10.2.1\bits\stl_algo.h **** 	  --__last;
1147:c:\program files\daisytoolchain\arm-none-eabi\include\c++\10.2.1\bits\stl_algo.h **** 	}
1148:c:\program files\daisytoolchain\arm-none-eabi\include\c++\10.2.1\bits\stl_algo.h ****     }
1149:c:\program files\daisytoolchain\arm-none-eabi\include\c++\10.2.1\bits\stl_algo.h **** 
1150:c:\program files\daisytoolchain\arm-none-eabi\include\c++\10.2.1\bits\stl_algo.h ****   /**
1151:c:\program files\daisytoolchain\arm-none-eabi\include\c++\10.2.1\bits\stl_algo.h ****    *  @brief Reverse a sequence.
1152:c:\program files\daisytoolchain\arm-none-eabi\include\c++\10.2.1\bits\stl_algo.h ****    *  @ingroup mutating_algorithms
1153:c:\program files\daisytoolchain\arm-none-eabi\include\c++\10.2.1\bits\stl_algo.h ****    *  @param  __first  A bidirectional iterator.
1154:c:\program files\daisytoolchain\arm-none-eabi\include\c++\10.2.1\bits\stl_algo.h ****    *  @param  __last   A bidirectional iterator.
1155:c:\program files\daisytoolchain\arm-none-eabi\include\c++\10.2.1\bits\stl_algo.h ****    *  @return   reverse() returns no value.
1156:c:\program files\daisytoolchain\arm-none-eabi\include\c++\10.2.1\bits\stl_algo.h ****    *
1157:c:\program files\daisytoolchain\arm-none-eabi\include\c++\10.2.1\bits\stl_algo.h ****    *  Reverses the order of the elements in the range @p [__first,__last),
1158:c:\program files\daisytoolchain\arm-none-eabi\include\c++\10.2.1\bits\stl_algo.h ****    *  so that the first element becomes the last etc.
ARM GAS  C:\Users\FINNDY~1\AppData\Local\Temp\ccFWr46h.s 			page 24


1159:c:\program files\daisytoolchain\arm-none-eabi\include\c++\10.2.1\bits\stl_algo.h ****    *  For every @c i such that @p 0<=i<=(__last-__first)/2), @p reverse()
1160:c:\program files\daisytoolchain\arm-none-eabi\include\c++\10.2.1\bits\stl_algo.h ****    *  swaps @p *(__first+i) and @p *(__last-(i+1))
1161:c:\program files\daisytoolchain\arm-none-eabi\include\c++\10.2.1\bits\stl_algo.h ****   */
1162:c:\program files\daisytoolchain\arm-none-eabi\include\c++\10.2.1\bits\stl_algo.h ****   template<typename _BidirectionalIterator>
1163:c:\program files\daisytoolchain\arm-none-eabi\include\c++\10.2.1\bits\stl_algo.h ****     _GLIBCXX20_CONSTEXPR
1164:c:\program files\daisytoolchain\arm-none-eabi\include\c++\10.2.1\bits\stl_algo.h ****     inline void
1165:c:\program files\daisytoolchain\arm-none-eabi\include\c++\10.2.1\bits\stl_algo.h ****     reverse(_BidirectionalIterator __first, _BidirectionalIterator __last)
1166:c:\program files\daisytoolchain\arm-none-eabi\include\c++\10.2.1\bits\stl_algo.h ****     {
1167:c:\program files\daisytoolchain\arm-none-eabi\include\c++\10.2.1\bits\stl_algo.h ****       // concept requirements
1168:c:\program files\daisytoolchain\arm-none-eabi\include\c++\10.2.1\bits\stl_algo.h ****       __glibcxx_function_requires(_Mutable_BidirectionalIteratorConcept<
1169:c:\program files\daisytoolchain\arm-none-eabi\include\c++\10.2.1\bits\stl_algo.h **** 				  _BidirectionalIterator>)
1170:c:\program files\daisytoolchain\arm-none-eabi\include\c++\10.2.1\bits\stl_algo.h ****       __glibcxx_requires_valid_range(__first, __last);
1171:c:\program files\daisytoolchain\arm-none-eabi\include\c++\10.2.1\bits\stl_algo.h ****       std::__reverse(__first, __last, std::__iterator_category(__first));
1172:c:\program files\daisytoolchain\arm-none-eabi\include\c++\10.2.1\bits\stl_algo.h ****     }
1173:c:\program files\daisytoolchain\arm-none-eabi\include\c++\10.2.1\bits\stl_algo.h **** 
1174:c:\program files\daisytoolchain\arm-none-eabi\include\c++\10.2.1\bits\stl_algo.h ****   /**
1175:c:\program files\daisytoolchain\arm-none-eabi\include\c++\10.2.1\bits\stl_algo.h ****    *  @brief Copy a sequence, reversing its elements.
1176:c:\program files\daisytoolchain\arm-none-eabi\include\c++\10.2.1\bits\stl_algo.h ****    *  @ingroup mutating_algorithms
1177:c:\program files\daisytoolchain\arm-none-eabi\include\c++\10.2.1\bits\stl_algo.h ****    *  @param  __first   A bidirectional iterator.
1178:c:\program files\daisytoolchain\arm-none-eabi\include\c++\10.2.1\bits\stl_algo.h ****    *  @param  __last    A bidirectional iterator.
1179:c:\program files\daisytoolchain\arm-none-eabi\include\c++\10.2.1\bits\stl_algo.h ****    *  @param  __result  An output iterator.
1180:c:\program files\daisytoolchain\arm-none-eabi\include\c++\10.2.1\bits\stl_algo.h ****    *  @return  An iterator designating the end of the resulting sequence.
1181:c:\program files\daisytoolchain\arm-none-eabi\include\c++\10.2.1\bits\stl_algo.h ****    *
1182:c:\program files\daisytoolchain\arm-none-eabi\include\c++\10.2.1\bits\stl_algo.h ****    *  Copies the elements in the range @p [__first,__last) to the
1183:c:\program files\daisytoolchain\arm-none-eabi\include\c++\10.2.1\bits\stl_algo.h ****    *  range @p [__result,__result+(__last-__first)) such that the
1184:c:\program files\daisytoolchain\arm-none-eabi\include\c++\10.2.1\bits\stl_algo.h ****    *  order of the elements is reversed.  For every @c i such that @p
1185:c:\program files\daisytoolchain\arm-none-eabi\include\c++\10.2.1\bits\stl_algo.h ****    *  0<=i<=(__last-__first), @p reverse_copy() performs the
1186:c:\program files\daisytoolchain\arm-none-eabi\include\c++\10.2.1\bits\stl_algo.h ****    *  assignment @p *(__result+(__last-__first)-1-i) = *(__first+i).
1187:c:\program files\daisytoolchain\arm-none-eabi\include\c++\10.2.1\bits\stl_algo.h ****    *  The ranges @p [__first,__last) and @p
1188:c:\program files\daisytoolchain\arm-none-eabi\include\c++\10.2.1\bits\stl_algo.h ****    *  [__result,__result+(__last-__first)) must not overlap.
1189:c:\program files\daisytoolchain\arm-none-eabi\include\c++\10.2.1\bits\stl_algo.h ****   */
1190:c:\program files\daisytoolchain\arm-none-eabi\include\c++\10.2.1\bits\stl_algo.h ****   template<typename _BidirectionalIterator, typename _OutputIterator>
1191:c:\program files\daisytoolchain\arm-none-eabi\include\c++\10.2.1\bits\stl_algo.h ****     _GLIBCXX20_CONSTEXPR
1192:c:\program files\daisytoolchain\arm-none-eabi\include\c++\10.2.1\bits\stl_algo.h ****     _OutputIterator
1193:c:\program files\daisytoolchain\arm-none-eabi\include\c++\10.2.1\bits\stl_algo.h ****     reverse_copy(_BidirectionalIterator __first, _BidirectionalIterator __last,
1194:c:\program files\daisytoolchain\arm-none-eabi\include\c++\10.2.1\bits\stl_algo.h **** 		 _OutputIterator __result)
1195:c:\program files\daisytoolchain\arm-none-eabi\include\c++\10.2.1\bits\stl_algo.h ****     {
1196:c:\program files\daisytoolchain\arm-none-eabi\include\c++\10.2.1\bits\stl_algo.h ****       // concept requirements
1197:c:\program files\daisytoolchain\arm-none-eabi\include\c++\10.2.1\bits\stl_algo.h ****       __glibcxx_function_requires(_BidirectionalIteratorConcept<
1198:c:\program files\daisytoolchain\arm-none-eabi\include\c++\10.2.1\bits\stl_algo.h **** 				  _BidirectionalIterator>)
1199:c:\program files\daisytoolchain\arm-none-eabi\include\c++\10.2.1\bits\stl_algo.h ****       __glibcxx_function_requires(_OutputIteratorConcept<_OutputIterator,
1200:c:\program files\daisytoolchain\arm-none-eabi\include\c++\10.2.1\bits\stl_algo.h **** 		typename iterator_traits<_BidirectionalIterator>::value_type>)
1201:c:\program files\daisytoolchain\arm-none-eabi\include\c++\10.2.1\bits\stl_algo.h ****       __glibcxx_requires_valid_range(__first, __last);
1202:c:\program files\daisytoolchain\arm-none-eabi\include\c++\10.2.1\bits\stl_algo.h **** 
1203:c:\program files\daisytoolchain\arm-none-eabi\include\c++\10.2.1\bits\stl_algo.h ****       while (__first != __last)
1204:c:\program files\daisytoolchain\arm-none-eabi\include\c++\10.2.1\bits\stl_algo.h **** 	{
1205:c:\program files\daisytoolchain\arm-none-eabi\include\c++\10.2.1\bits\stl_algo.h **** 	  --__last;
1206:c:\program files\daisytoolchain\arm-none-eabi\include\c++\10.2.1\bits\stl_algo.h **** 	  *__result = *__last;
1207:c:\program files\daisytoolchain\arm-none-eabi\include\c++\10.2.1\bits\stl_algo.h **** 	  ++__result;
1208:c:\program files\daisytoolchain\arm-none-eabi\include\c++\10.2.1\bits\stl_algo.h **** 	}
1209:c:\program files\daisytoolchain\arm-none-eabi\include\c++\10.2.1\bits\stl_algo.h ****       return __result;
1210:c:\program files\daisytoolchain\arm-none-eabi\include\c++\10.2.1\bits\stl_algo.h ****     }
1211:c:\program files\daisytoolchain\arm-none-eabi\include\c++\10.2.1\bits\stl_algo.h **** 
1212:c:\program files\daisytoolchain\arm-none-eabi\include\c++\10.2.1\bits\stl_algo.h ****   /**
1213:c:\program files\daisytoolchain\arm-none-eabi\include\c++\10.2.1\bits\stl_algo.h ****    *  This is a helper function for the rotate algorithm specialized on RAIs.
1214:c:\program files\daisytoolchain\arm-none-eabi\include\c++\10.2.1\bits\stl_algo.h ****    *  It returns the greatest common divisor of two integer values.
1215:c:\program files\daisytoolchain\arm-none-eabi\include\c++\10.2.1\bits\stl_algo.h ****   */
ARM GAS  C:\Users\FINNDY~1\AppData\Local\Temp\ccFWr46h.s 			page 25


1216:c:\program files\daisytoolchain\arm-none-eabi\include\c++\10.2.1\bits\stl_algo.h ****   template<typename _EuclideanRingElement>
1217:c:\program files\daisytoolchain\arm-none-eabi\include\c++\10.2.1\bits\stl_algo.h ****     _GLIBCXX20_CONSTEXPR
1218:c:\program files\daisytoolchain\arm-none-eabi\include\c++\10.2.1\bits\stl_algo.h ****     _EuclideanRingElement
1219:c:\program files\daisytoolchain\arm-none-eabi\include\c++\10.2.1\bits\stl_algo.h ****     __gcd(_EuclideanRingElement __m, _EuclideanRingElement __n)
1220:c:\program files\daisytoolchain\arm-none-eabi\include\c++\10.2.1\bits\stl_algo.h ****     {
1221:c:\program files\daisytoolchain\arm-none-eabi\include\c++\10.2.1\bits\stl_algo.h ****       while (__n != 0)
1222:c:\program files\daisytoolchain\arm-none-eabi\include\c++\10.2.1\bits\stl_algo.h **** 	{
1223:c:\program files\daisytoolchain\arm-none-eabi\include\c++\10.2.1\bits\stl_algo.h **** 	  _EuclideanRingElement __t = __m % __n;
1224:c:\program files\daisytoolchain\arm-none-eabi\include\c++\10.2.1\bits\stl_algo.h **** 	  __m = __n;
1225:c:\program files\daisytoolchain\arm-none-eabi\include\c++\10.2.1\bits\stl_algo.h **** 	  __n = __t;
1226:c:\program files\daisytoolchain\arm-none-eabi\include\c++\10.2.1\bits\stl_algo.h **** 	}
1227:c:\program files\daisytoolchain\arm-none-eabi\include\c++\10.2.1\bits\stl_algo.h ****       return __m;
1228:c:\program files\daisytoolchain\arm-none-eabi\include\c++\10.2.1\bits\stl_algo.h ****     }
1229:c:\program files\daisytoolchain\arm-none-eabi\include\c++\10.2.1\bits\stl_algo.h **** 
1230:c:\program files\daisytoolchain\arm-none-eabi\include\c++\10.2.1\bits\stl_algo.h ****   inline namespace _V2
1231:c:\program files\daisytoolchain\arm-none-eabi\include\c++\10.2.1\bits\stl_algo.h ****   {
1232:c:\program files\daisytoolchain\arm-none-eabi\include\c++\10.2.1\bits\stl_algo.h **** 
1233:c:\program files\daisytoolchain\arm-none-eabi\include\c++\10.2.1\bits\stl_algo.h ****   /// This is a helper function for the rotate algorithm.
1234:c:\program files\daisytoolchain\arm-none-eabi\include\c++\10.2.1\bits\stl_algo.h ****   template<typename _ForwardIterator>
1235:c:\program files\daisytoolchain\arm-none-eabi\include\c++\10.2.1\bits\stl_algo.h ****     _GLIBCXX20_CONSTEXPR
1236:c:\program files\daisytoolchain\arm-none-eabi\include\c++\10.2.1\bits\stl_algo.h ****     _ForwardIterator
1237:c:\program files\daisytoolchain\arm-none-eabi\include\c++\10.2.1\bits\stl_algo.h ****     __rotate(_ForwardIterator __first,
1238:c:\program files\daisytoolchain\arm-none-eabi\include\c++\10.2.1\bits\stl_algo.h **** 	     _ForwardIterator __middle,
1239:c:\program files\daisytoolchain\arm-none-eabi\include\c++\10.2.1\bits\stl_algo.h **** 	     _ForwardIterator __last,
1240:c:\program files\daisytoolchain\arm-none-eabi\include\c++\10.2.1\bits\stl_algo.h **** 	     forward_iterator_tag)
1241:c:\program files\daisytoolchain\arm-none-eabi\include\c++\10.2.1\bits\stl_algo.h ****     {
1242:c:\program files\daisytoolchain\arm-none-eabi\include\c++\10.2.1\bits\stl_algo.h ****       if (__first == __middle)
1243:c:\program files\daisytoolchain\arm-none-eabi\include\c++\10.2.1\bits\stl_algo.h **** 	return __last;
1244:c:\program files\daisytoolchain\arm-none-eabi\include\c++\10.2.1\bits\stl_algo.h ****       else if (__last == __middle)
1245:c:\program files\daisytoolchain\arm-none-eabi\include\c++\10.2.1\bits\stl_algo.h **** 	return __first;
1246:c:\program files\daisytoolchain\arm-none-eabi\include\c++\10.2.1\bits\stl_algo.h **** 
1247:c:\program files\daisytoolchain\arm-none-eabi\include\c++\10.2.1\bits\stl_algo.h ****       _ForwardIterator __first2 = __middle;
1248:c:\program files\daisytoolchain\arm-none-eabi\include\c++\10.2.1\bits\stl_algo.h ****       do
1249:c:\program files\daisytoolchain\arm-none-eabi\include\c++\10.2.1\bits\stl_algo.h **** 	{
1250:c:\program files\daisytoolchain\arm-none-eabi\include\c++\10.2.1\bits\stl_algo.h **** 	  std::iter_swap(__first, __first2);
1251:c:\program files\daisytoolchain\arm-none-eabi\include\c++\10.2.1\bits\stl_algo.h **** 	  ++__first;
1252:c:\program files\daisytoolchain\arm-none-eabi\include\c++\10.2.1\bits\stl_algo.h **** 	  ++__first2;
1253:c:\program files\daisytoolchain\arm-none-eabi\include\c++\10.2.1\bits\stl_algo.h **** 	  if (__first == __middle)
1254:c:\program files\daisytoolchain\arm-none-eabi\include\c++\10.2.1\bits\stl_algo.h **** 	    __middle = __first2;
1255:c:\program files\daisytoolchain\arm-none-eabi\include\c++\10.2.1\bits\stl_algo.h **** 	}
1256:c:\program files\daisytoolchain\arm-none-eabi\include\c++\10.2.1\bits\stl_algo.h ****       while (__first2 != __last);
1257:c:\program files\daisytoolchain\arm-none-eabi\include\c++\10.2.1\bits\stl_algo.h **** 
1258:c:\program files\daisytoolchain\arm-none-eabi\include\c++\10.2.1\bits\stl_algo.h ****       _ForwardIterator __ret = __first;
1259:c:\program files\daisytoolchain\arm-none-eabi\include\c++\10.2.1\bits\stl_algo.h **** 
1260:c:\program files\daisytoolchain\arm-none-eabi\include\c++\10.2.1\bits\stl_algo.h ****       __first2 = __middle;
1261:c:\program files\daisytoolchain\arm-none-eabi\include\c++\10.2.1\bits\stl_algo.h **** 
1262:c:\program files\daisytoolchain\arm-none-eabi\include\c++\10.2.1\bits\stl_algo.h ****       while (__first2 != __last)
1263:c:\program files\daisytoolchain\arm-none-eabi\include\c++\10.2.1\bits\stl_algo.h **** 	{
1264:c:\program files\daisytoolchain\arm-none-eabi\include\c++\10.2.1\bits\stl_algo.h **** 	  std::iter_swap(__first, __first2);
1265:c:\program files\daisytoolchain\arm-none-eabi\include\c++\10.2.1\bits\stl_algo.h **** 	  ++__first;
1266:c:\program files\daisytoolchain\arm-none-eabi\include\c++\10.2.1\bits\stl_algo.h **** 	  ++__first2;
1267:c:\program files\daisytoolchain\arm-none-eabi\include\c++\10.2.1\bits\stl_algo.h **** 	  if (__first == __middle)
1268:c:\program files\daisytoolchain\arm-none-eabi\include\c++\10.2.1\bits\stl_algo.h **** 	    __middle = __first2;
1269:c:\program files\daisytoolchain\arm-none-eabi\include\c++\10.2.1\bits\stl_algo.h **** 	  else if (__first2 == __last)
1270:c:\program files\daisytoolchain\arm-none-eabi\include\c++\10.2.1\bits\stl_algo.h **** 	    __first2 = __middle;
1271:c:\program files\daisytoolchain\arm-none-eabi\include\c++\10.2.1\bits\stl_algo.h **** 	}
1272:c:\program files\daisytoolchain\arm-none-eabi\include\c++\10.2.1\bits\stl_algo.h ****       return __ret;
ARM GAS  C:\Users\FINNDY~1\AppData\Local\Temp\ccFWr46h.s 			page 26


1273:c:\program files\daisytoolchain\arm-none-eabi\include\c++\10.2.1\bits\stl_algo.h ****     }
1274:c:\program files\daisytoolchain\arm-none-eabi\include\c++\10.2.1\bits\stl_algo.h **** 
1275:c:\program files\daisytoolchain\arm-none-eabi\include\c++\10.2.1\bits\stl_algo.h ****    /// This is a helper function for the rotate algorithm.
1276:c:\program files\daisytoolchain\arm-none-eabi\include\c++\10.2.1\bits\stl_algo.h ****   template<typename _BidirectionalIterator>
1277:c:\program files\daisytoolchain\arm-none-eabi\include\c++\10.2.1\bits\stl_algo.h ****     _GLIBCXX20_CONSTEXPR
1278:c:\program files\daisytoolchain\arm-none-eabi\include\c++\10.2.1\bits\stl_algo.h ****     _BidirectionalIterator
1279:c:\program files\daisytoolchain\arm-none-eabi\include\c++\10.2.1\bits\stl_algo.h ****     __rotate(_BidirectionalIterator __first,
1280:c:\program files\daisytoolchain\arm-none-eabi\include\c++\10.2.1\bits\stl_algo.h **** 	     _BidirectionalIterator __middle,
1281:c:\program files\daisytoolchain\arm-none-eabi\include\c++\10.2.1\bits\stl_algo.h **** 	     _BidirectionalIterator __last,
1282:c:\program files\daisytoolchain\arm-none-eabi\include\c++\10.2.1\bits\stl_algo.h **** 	      bidirectional_iterator_tag)
1283:c:\program files\daisytoolchain\arm-none-eabi\include\c++\10.2.1\bits\stl_algo.h ****     {
1284:c:\program files\daisytoolchain\arm-none-eabi\include\c++\10.2.1\bits\stl_algo.h ****       // concept requirements
1285:c:\program files\daisytoolchain\arm-none-eabi\include\c++\10.2.1\bits\stl_algo.h ****       __glibcxx_function_requires(_Mutable_BidirectionalIteratorConcept<
1286:c:\program files\daisytoolchain\arm-none-eabi\include\c++\10.2.1\bits\stl_algo.h **** 				  _BidirectionalIterator>)
1287:c:\program files\daisytoolchain\arm-none-eabi\include\c++\10.2.1\bits\stl_algo.h **** 
1288:c:\program files\daisytoolchain\arm-none-eabi\include\c++\10.2.1\bits\stl_algo.h ****       if (__first == __middle)
1289:c:\program files\daisytoolchain\arm-none-eabi\include\c++\10.2.1\bits\stl_algo.h **** 	return __last;
1290:c:\program files\daisytoolchain\arm-none-eabi\include\c++\10.2.1\bits\stl_algo.h ****       else if (__last == __middle)
1291:c:\program files\daisytoolchain\arm-none-eabi\include\c++\10.2.1\bits\stl_algo.h **** 	return __first;
1292:c:\program files\daisytoolchain\arm-none-eabi\include\c++\10.2.1\bits\stl_algo.h **** 
1293:c:\program files\daisytoolchain\arm-none-eabi\include\c++\10.2.1\bits\stl_algo.h ****       std::__reverse(__first,  __middle, bidirectional_iterator_tag());
1294:c:\program files\daisytoolchain\arm-none-eabi\include\c++\10.2.1\bits\stl_algo.h ****       std::__reverse(__middle, __last,   bidirectional_iterator_tag());
1295:c:\program files\daisytoolchain\arm-none-eabi\include\c++\10.2.1\bits\stl_algo.h **** 
1296:c:\program files\daisytoolchain\arm-none-eabi\include\c++\10.2.1\bits\stl_algo.h ****       while (__first != __middle && __middle != __last)
1297:c:\program files\daisytoolchain\arm-none-eabi\include\c++\10.2.1\bits\stl_algo.h **** 	{
1298:c:\program files\daisytoolchain\arm-none-eabi\include\c++\10.2.1\bits\stl_algo.h **** 	  std::iter_swap(__first, --__last);
1299:c:\program files\daisytoolchain\arm-none-eabi\include\c++\10.2.1\bits\stl_algo.h **** 	  ++__first;
1300:c:\program files\daisytoolchain\arm-none-eabi\include\c++\10.2.1\bits\stl_algo.h **** 	}
1301:c:\program files\daisytoolchain\arm-none-eabi\include\c++\10.2.1\bits\stl_algo.h **** 
1302:c:\program files\daisytoolchain\arm-none-eabi\include\c++\10.2.1\bits\stl_algo.h ****       if (__first == __middle)
1303:c:\program files\daisytoolchain\arm-none-eabi\include\c++\10.2.1\bits\stl_algo.h **** 	{
1304:c:\program files\daisytoolchain\arm-none-eabi\include\c++\10.2.1\bits\stl_algo.h **** 	  std::__reverse(__middle, __last,   bidirectional_iterator_tag());
1305:c:\program files\daisytoolchain\arm-none-eabi\include\c++\10.2.1\bits\stl_algo.h **** 	  return __last;
1306:c:\program files\daisytoolchain\arm-none-eabi\include\c++\10.2.1\bits\stl_algo.h **** 	}
1307:c:\program files\daisytoolchain\arm-none-eabi\include\c++\10.2.1\bits\stl_algo.h ****       else
1308:c:\program files\daisytoolchain\arm-none-eabi\include\c++\10.2.1\bits\stl_algo.h **** 	{
1309:c:\program files\daisytoolchain\arm-none-eabi\include\c++\10.2.1\bits\stl_algo.h **** 	  std::__reverse(__first,  __middle, bidirectional_iterator_tag());
1310:c:\program files\daisytoolchain\arm-none-eabi\include\c++\10.2.1\bits\stl_algo.h **** 	  return __first;
1311:c:\program files\daisytoolchain\arm-none-eabi\include\c++\10.2.1\bits\stl_algo.h **** 	}
1312:c:\program files\daisytoolchain\arm-none-eabi\include\c++\10.2.1\bits\stl_algo.h ****     }
1313:c:\program files\daisytoolchain\arm-none-eabi\include\c++\10.2.1\bits\stl_algo.h **** 
1314:c:\program files\daisytoolchain\arm-none-eabi\include\c++\10.2.1\bits\stl_algo.h ****   /// This is a helper function for the rotate algorithm.
1315:c:\program files\daisytoolchain\arm-none-eabi\include\c++\10.2.1\bits\stl_algo.h ****   template<typename _RandomAccessIterator>
1316:c:\program files\daisytoolchain\arm-none-eabi\include\c++\10.2.1\bits\stl_algo.h ****     _GLIBCXX20_CONSTEXPR
1317:c:\program files\daisytoolchain\arm-none-eabi\include\c++\10.2.1\bits\stl_algo.h ****     _RandomAccessIterator
1318:c:\program files\daisytoolchain\arm-none-eabi\include\c++\10.2.1\bits\stl_algo.h ****     __rotate(_RandomAccessIterator __first,
1319:c:\program files\daisytoolchain\arm-none-eabi\include\c++\10.2.1\bits\stl_algo.h **** 	     _RandomAccessIterator __middle,
1320:c:\program files\daisytoolchain\arm-none-eabi\include\c++\10.2.1\bits\stl_algo.h **** 	     _RandomAccessIterator __last,
1321:c:\program files\daisytoolchain\arm-none-eabi\include\c++\10.2.1\bits\stl_algo.h **** 	     random_access_iterator_tag)
1322:c:\program files\daisytoolchain\arm-none-eabi\include\c++\10.2.1\bits\stl_algo.h ****     {
1323:c:\program files\daisytoolchain\arm-none-eabi\include\c++\10.2.1\bits\stl_algo.h ****       // concept requirements
1324:c:\program files\daisytoolchain\arm-none-eabi\include\c++\10.2.1\bits\stl_algo.h ****       __glibcxx_function_requires(_Mutable_RandomAccessIteratorConcept<
1325:c:\program files\daisytoolchain\arm-none-eabi\include\c++\10.2.1\bits\stl_algo.h **** 				  _RandomAccessIterator>)
1326:c:\program files\daisytoolchain\arm-none-eabi\include\c++\10.2.1\bits\stl_algo.h **** 
1327:c:\program files\daisytoolchain\arm-none-eabi\include\c++\10.2.1\bits\stl_algo.h ****       if (__first == __middle)
1328:c:\program files\daisytoolchain\arm-none-eabi\include\c++\10.2.1\bits\stl_algo.h **** 	return __last;
1329:c:\program files\daisytoolchain\arm-none-eabi\include\c++\10.2.1\bits\stl_algo.h ****       else if (__last == __middle)
ARM GAS  C:\Users\FINNDY~1\AppData\Local\Temp\ccFWr46h.s 			page 27


1330:c:\program files\daisytoolchain\arm-none-eabi\include\c++\10.2.1\bits\stl_algo.h **** 	return __first;
1331:c:\program files\daisytoolchain\arm-none-eabi\include\c++\10.2.1\bits\stl_algo.h **** 
1332:c:\program files\daisytoolchain\arm-none-eabi\include\c++\10.2.1\bits\stl_algo.h ****       typedef typename iterator_traits<_RandomAccessIterator>::difference_type
1333:c:\program files\daisytoolchain\arm-none-eabi\include\c++\10.2.1\bits\stl_algo.h **** 	_Distance;
1334:c:\program files\daisytoolchain\arm-none-eabi\include\c++\10.2.1\bits\stl_algo.h ****       typedef typename iterator_traits<_RandomAccessIterator>::value_type
1335:c:\program files\daisytoolchain\arm-none-eabi\include\c++\10.2.1\bits\stl_algo.h **** 	_ValueType;
1336:c:\program files\daisytoolchain\arm-none-eabi\include\c++\10.2.1\bits\stl_algo.h **** 
1337:c:\program files\daisytoolchain\arm-none-eabi\include\c++\10.2.1\bits\stl_algo.h ****       _Distance __n = __last   - __first;
1338:c:\program files\daisytoolchain\arm-none-eabi\include\c++\10.2.1\bits\stl_algo.h ****       _Distance __k = __middle - __first;
1339:c:\program files\daisytoolchain\arm-none-eabi\include\c++\10.2.1\bits\stl_algo.h **** 
1340:c:\program files\daisytoolchain\arm-none-eabi\include\c++\10.2.1\bits\stl_algo.h ****       if (__k == __n - __k)
1341:c:\program files\daisytoolchain\arm-none-eabi\include\c++\10.2.1\bits\stl_algo.h **** 	{
1342:c:\program files\daisytoolchain\arm-none-eabi\include\c++\10.2.1\bits\stl_algo.h **** 	  std::swap_ranges(__first, __middle, __middle);
1343:c:\program files\daisytoolchain\arm-none-eabi\include\c++\10.2.1\bits\stl_algo.h **** 	  return __middle;
1344:c:\program files\daisytoolchain\arm-none-eabi\include\c++\10.2.1\bits\stl_algo.h **** 	}
1345:c:\program files\daisytoolchain\arm-none-eabi\include\c++\10.2.1\bits\stl_algo.h **** 
1346:c:\program files\daisytoolchain\arm-none-eabi\include\c++\10.2.1\bits\stl_algo.h ****       _RandomAccessIterator __p = __first;
1347:c:\program files\daisytoolchain\arm-none-eabi\include\c++\10.2.1\bits\stl_algo.h ****       _RandomAccessIterator __ret = __first + (__last - __middle);
1348:c:\program files\daisytoolchain\arm-none-eabi\include\c++\10.2.1\bits\stl_algo.h **** 
1349:c:\program files\daisytoolchain\arm-none-eabi\include\c++\10.2.1\bits\stl_algo.h ****       for (;;)
1350:c:\program files\daisytoolchain\arm-none-eabi\include\c++\10.2.1\bits\stl_algo.h **** 	{
1351:c:\program files\daisytoolchain\arm-none-eabi\include\c++\10.2.1\bits\stl_algo.h **** 	  if (__k < __n - __k)
1352:c:\program files\daisytoolchain\arm-none-eabi\include\c++\10.2.1\bits\stl_algo.h **** 	    {
1353:c:\program files\daisytoolchain\arm-none-eabi\include\c++\10.2.1\bits\stl_algo.h **** 	      if (__is_pod(_ValueType) && __k == 1)
1354:c:\program files\daisytoolchain\arm-none-eabi\include\c++\10.2.1\bits\stl_algo.h **** 		{
1355:c:\program files\daisytoolchain\arm-none-eabi\include\c++\10.2.1\bits\stl_algo.h **** 		  _ValueType __t = _GLIBCXX_MOVE(*__p);
1356:c:\program files\daisytoolchain\arm-none-eabi\include\c++\10.2.1\bits\stl_algo.h **** 		  _GLIBCXX_MOVE3(__p + 1, __p + __n, __p);
1357:c:\program files\daisytoolchain\arm-none-eabi\include\c++\10.2.1\bits\stl_algo.h **** 		  *(__p + __n - 1) = _GLIBCXX_MOVE(__t);
1358:c:\program files\daisytoolchain\arm-none-eabi\include\c++\10.2.1\bits\stl_algo.h **** 		  return __ret;
1359:c:\program files\daisytoolchain\arm-none-eabi\include\c++\10.2.1\bits\stl_algo.h **** 		}
1360:c:\program files\daisytoolchain\arm-none-eabi\include\c++\10.2.1\bits\stl_algo.h **** 	      _RandomAccessIterator __q = __p + __k;
1361:c:\program files\daisytoolchain\arm-none-eabi\include\c++\10.2.1\bits\stl_algo.h **** 	      for (_Distance __i = 0; __i < __n - __k; ++ __i)
1362:c:\program files\daisytoolchain\arm-none-eabi\include\c++\10.2.1\bits\stl_algo.h **** 		{
1363:c:\program files\daisytoolchain\arm-none-eabi\include\c++\10.2.1\bits\stl_algo.h **** 		  std::iter_swap(__p, __q);
1364:c:\program files\daisytoolchain\arm-none-eabi\include\c++\10.2.1\bits\stl_algo.h **** 		  ++__p;
1365:c:\program files\daisytoolchain\arm-none-eabi\include\c++\10.2.1\bits\stl_algo.h **** 		  ++__q;
1366:c:\program files\daisytoolchain\arm-none-eabi\include\c++\10.2.1\bits\stl_algo.h **** 		}
1367:c:\program files\daisytoolchain\arm-none-eabi\include\c++\10.2.1\bits\stl_algo.h **** 	      __n %= __k;
1368:c:\program files\daisytoolchain\arm-none-eabi\include\c++\10.2.1\bits\stl_algo.h **** 	      if (__n == 0)
1369:c:\program files\daisytoolchain\arm-none-eabi\include\c++\10.2.1\bits\stl_algo.h **** 		return __ret;
1370:c:\program files\daisytoolchain\arm-none-eabi\include\c++\10.2.1\bits\stl_algo.h **** 	      std::swap(__n, __k);
1371:c:\program files\daisytoolchain\arm-none-eabi\include\c++\10.2.1\bits\stl_algo.h **** 	      __k = __n - __k;
1372:c:\program files\daisytoolchain\arm-none-eabi\include\c++\10.2.1\bits\stl_algo.h **** 	    }
1373:c:\program files\daisytoolchain\arm-none-eabi\include\c++\10.2.1\bits\stl_algo.h **** 	  else
1374:c:\program files\daisytoolchain\arm-none-eabi\include\c++\10.2.1\bits\stl_algo.h **** 	    {
1375:c:\program files\daisytoolchain\arm-none-eabi\include\c++\10.2.1\bits\stl_algo.h **** 	      __k = __n - __k;
1376:c:\program files\daisytoolchain\arm-none-eabi\include\c++\10.2.1\bits\stl_algo.h **** 	      if (__is_pod(_ValueType) && __k == 1)
1377:c:\program files\daisytoolchain\arm-none-eabi\include\c++\10.2.1\bits\stl_algo.h **** 		{
1378:c:\program files\daisytoolchain\arm-none-eabi\include\c++\10.2.1\bits\stl_algo.h **** 		  _ValueType __t = _GLIBCXX_MOVE(*(__p + __n - 1));
1379:c:\program files\daisytoolchain\arm-none-eabi\include\c++\10.2.1\bits\stl_algo.h **** 		  _GLIBCXX_MOVE_BACKWARD3(__p, __p + __n - 1, __p + __n);
1380:c:\program files\daisytoolchain\arm-none-eabi\include\c++\10.2.1\bits\stl_algo.h **** 		  *__p = _GLIBCXX_MOVE(__t);
1381:c:\program files\daisytoolchain\arm-none-eabi\include\c++\10.2.1\bits\stl_algo.h **** 		  return __ret;
1382:c:\program files\daisytoolchain\arm-none-eabi\include\c++\10.2.1\bits\stl_algo.h **** 		}
1383:c:\program files\daisytoolchain\arm-none-eabi\include\c++\10.2.1\bits\stl_algo.h **** 	      _RandomAccessIterator __q = __p + __n;
1384:c:\program files\daisytoolchain\arm-none-eabi\include\c++\10.2.1\bits\stl_algo.h **** 	      __p = __q - __k;
1385:c:\program files\daisytoolchain\arm-none-eabi\include\c++\10.2.1\bits\stl_algo.h **** 	      for (_Distance __i = 0; __i < __n - __k; ++ __i)
1386:c:\program files\daisytoolchain\arm-none-eabi\include\c++\10.2.1\bits\stl_algo.h **** 		{
ARM GAS  C:\Users\FINNDY~1\AppData\Local\Temp\ccFWr46h.s 			page 28


1387:c:\program files\daisytoolchain\arm-none-eabi\include\c++\10.2.1\bits\stl_algo.h **** 		  --__p;
1388:c:\program files\daisytoolchain\arm-none-eabi\include\c++\10.2.1\bits\stl_algo.h **** 		  --__q;
1389:c:\program files\daisytoolchain\arm-none-eabi\include\c++\10.2.1\bits\stl_algo.h **** 		  std::iter_swap(__p, __q);
1390:c:\program files\daisytoolchain\arm-none-eabi\include\c++\10.2.1\bits\stl_algo.h **** 		}
1391:c:\program files\daisytoolchain\arm-none-eabi\include\c++\10.2.1\bits\stl_algo.h **** 	      __n %= __k;
1392:c:\program files\daisytoolchain\arm-none-eabi\include\c++\10.2.1\bits\stl_algo.h **** 	      if (__n == 0)
1393:c:\program files\daisytoolchain\arm-none-eabi\include\c++\10.2.1\bits\stl_algo.h **** 		return __ret;
1394:c:\program files\daisytoolchain\arm-none-eabi\include\c++\10.2.1\bits\stl_algo.h **** 	      std::swap(__n, __k);
1395:c:\program files\daisytoolchain\arm-none-eabi\include\c++\10.2.1\bits\stl_algo.h **** 	    }
1396:c:\program files\daisytoolchain\arm-none-eabi\include\c++\10.2.1\bits\stl_algo.h **** 	}
1397:c:\program files\daisytoolchain\arm-none-eabi\include\c++\10.2.1\bits\stl_algo.h ****     }
1398:c:\program files\daisytoolchain\arm-none-eabi\include\c++\10.2.1\bits\stl_algo.h **** 
1399:c:\program files\daisytoolchain\arm-none-eabi\include\c++\10.2.1\bits\stl_algo.h ****    // _GLIBCXX_RESOLVE_LIB_DEFECTS
1400:c:\program files\daisytoolchain\arm-none-eabi\include\c++\10.2.1\bits\stl_algo.h ****    // DR 488. rotate throws away useful information
1401:c:\program files\daisytoolchain\arm-none-eabi\include\c++\10.2.1\bits\stl_algo.h ****   /**
1402:c:\program files\daisytoolchain\arm-none-eabi\include\c++\10.2.1\bits\stl_algo.h ****    *  @brief Rotate the elements of a sequence.
1403:c:\program files\daisytoolchain\arm-none-eabi\include\c++\10.2.1\bits\stl_algo.h ****    *  @ingroup mutating_algorithms
1404:c:\program files\daisytoolchain\arm-none-eabi\include\c++\10.2.1\bits\stl_algo.h ****    *  @param  __first   A forward iterator.
1405:c:\program files\daisytoolchain\arm-none-eabi\include\c++\10.2.1\bits\stl_algo.h ****    *  @param  __middle  A forward iterator.
1406:c:\program files\daisytoolchain\arm-none-eabi\include\c++\10.2.1\bits\stl_algo.h ****    *  @param  __last    A forward iterator.
1407:c:\program files\daisytoolchain\arm-none-eabi\include\c++\10.2.1\bits\stl_algo.h ****    *  @return  first + (last - middle).
1408:c:\program files\daisytoolchain\arm-none-eabi\include\c++\10.2.1\bits\stl_algo.h ****    *
1409:c:\program files\daisytoolchain\arm-none-eabi\include\c++\10.2.1\bits\stl_algo.h ****    *  Rotates the elements of the range @p [__first,__last) by 
1410:c:\program files\daisytoolchain\arm-none-eabi\include\c++\10.2.1\bits\stl_algo.h ****    *  @p (__middle - __first) positions so that the element at @p __middle
1411:c:\program files\daisytoolchain\arm-none-eabi\include\c++\10.2.1\bits\stl_algo.h ****    *  is moved to @p __first, the element at @p __middle+1 is moved to
1412:c:\program files\daisytoolchain\arm-none-eabi\include\c++\10.2.1\bits\stl_algo.h ****    *  @p __first+1 and so on for each element in the range
1413:c:\program files\daisytoolchain\arm-none-eabi\include\c++\10.2.1\bits\stl_algo.h ****    *  @p [__first,__last).
1414:c:\program files\daisytoolchain\arm-none-eabi\include\c++\10.2.1\bits\stl_algo.h ****    *
1415:c:\program files\daisytoolchain\arm-none-eabi\include\c++\10.2.1\bits\stl_algo.h ****    *  This effectively swaps the ranges @p [__first,__middle) and
1416:c:\program files\daisytoolchain\arm-none-eabi\include\c++\10.2.1\bits\stl_algo.h ****    *  @p [__middle,__last).
1417:c:\program files\daisytoolchain\arm-none-eabi\include\c++\10.2.1\bits\stl_algo.h ****    *
1418:c:\program files\daisytoolchain\arm-none-eabi\include\c++\10.2.1\bits\stl_algo.h ****    *  Performs
1419:c:\program files\daisytoolchain\arm-none-eabi\include\c++\10.2.1\bits\stl_algo.h ****    *   @p *(__first+(n+(__last-__middle))%(__last-__first))=*(__first+n)
1420:c:\program files\daisytoolchain\arm-none-eabi\include\c++\10.2.1\bits\stl_algo.h ****    *  for each @p n in the range @p [0,__last-__first).
1421:c:\program files\daisytoolchain\arm-none-eabi\include\c++\10.2.1\bits\stl_algo.h ****   */
1422:c:\program files\daisytoolchain\arm-none-eabi\include\c++\10.2.1\bits\stl_algo.h ****   template<typename _ForwardIterator>
1423:c:\program files\daisytoolchain\arm-none-eabi\include\c++\10.2.1\bits\stl_algo.h ****     _GLIBCXX20_CONSTEXPR
1424:c:\program files\daisytoolchain\arm-none-eabi\include\c++\10.2.1\bits\stl_algo.h ****     inline _ForwardIterator
1425:c:\program files\daisytoolchain\arm-none-eabi\include\c++\10.2.1\bits\stl_algo.h ****     rotate(_ForwardIterator __first, _ForwardIterator __middle,
1426:c:\program files\daisytoolchain\arm-none-eabi\include\c++\10.2.1\bits\stl_algo.h **** 	   _ForwardIterator __last)
1427:c:\program files\daisytoolchain\arm-none-eabi\include\c++\10.2.1\bits\stl_algo.h ****     {
1428:c:\program files\daisytoolchain\arm-none-eabi\include\c++\10.2.1\bits\stl_algo.h ****       // concept requirements
1429:c:\program files\daisytoolchain\arm-none-eabi\include\c++\10.2.1\bits\stl_algo.h ****       __glibcxx_function_requires(_Mutable_ForwardIteratorConcept<
1430:c:\program files\daisytoolchain\arm-none-eabi\include\c++\10.2.1\bits\stl_algo.h **** 				  _ForwardIterator>)
1431:c:\program files\daisytoolchain\arm-none-eabi\include\c++\10.2.1\bits\stl_algo.h ****       __glibcxx_requires_valid_range(__first, __middle);
1432:c:\program files\daisytoolchain\arm-none-eabi\include\c++\10.2.1\bits\stl_algo.h ****       __glibcxx_requires_valid_range(__middle, __last);
1433:c:\program files\daisytoolchain\arm-none-eabi\include\c++\10.2.1\bits\stl_algo.h **** 
1434:c:\program files\daisytoolchain\arm-none-eabi\include\c++\10.2.1\bits\stl_algo.h ****       return std::__rotate(__first, __middle, __last,
1435:c:\program files\daisytoolchain\arm-none-eabi\include\c++\10.2.1\bits\stl_algo.h **** 			   std::__iterator_category(__first));
1436:c:\program files\daisytoolchain\arm-none-eabi\include\c++\10.2.1\bits\stl_algo.h ****     }
1437:c:\program files\daisytoolchain\arm-none-eabi\include\c++\10.2.1\bits\stl_algo.h **** 
1438:c:\program files\daisytoolchain\arm-none-eabi\include\c++\10.2.1\bits\stl_algo.h ****   } // namespace _V2
1439:c:\program files\daisytoolchain\arm-none-eabi\include\c++\10.2.1\bits\stl_algo.h **** 
1440:c:\program files\daisytoolchain\arm-none-eabi\include\c++\10.2.1\bits\stl_algo.h ****   /**
1441:c:\program files\daisytoolchain\arm-none-eabi\include\c++\10.2.1\bits\stl_algo.h ****    *  @brief Copy a sequence, rotating its elements.
1442:c:\program files\daisytoolchain\arm-none-eabi\include\c++\10.2.1\bits\stl_algo.h ****    *  @ingroup mutating_algorithms
1443:c:\program files\daisytoolchain\arm-none-eabi\include\c++\10.2.1\bits\stl_algo.h ****    *  @param  __first   A forward iterator.
ARM GAS  C:\Users\FINNDY~1\AppData\Local\Temp\ccFWr46h.s 			page 29


1444:c:\program files\daisytoolchain\arm-none-eabi\include\c++\10.2.1\bits\stl_algo.h ****    *  @param  __middle  A forward iterator.
1445:c:\program files\daisytoolchain\arm-none-eabi\include\c++\10.2.1\bits\stl_algo.h ****    *  @param  __last    A forward iterator.
1446:c:\program files\daisytoolchain\arm-none-eabi\include\c++\10.2.1\bits\stl_algo.h ****    *  @param  __result  An output iterator.
1447:c:\program files\daisytoolchain\arm-none-eabi\include\c++\10.2.1\bits\stl_algo.h ****    *  @return   An iterator designating the end of the resulting sequence.
1448:c:\program files\daisytoolchain\arm-none-eabi\include\c++\10.2.1\bits\stl_algo.h ****    *
1449:c:\program files\daisytoolchain\arm-none-eabi\include\c++\10.2.1\bits\stl_algo.h ****    *  Copies the elements of the range @p [__first,__last) to the
1450:c:\program files\daisytoolchain\arm-none-eabi\include\c++\10.2.1\bits\stl_algo.h ****    *  range beginning at @result, rotating the copied elements by 
1451:c:\program files\daisytoolchain\arm-none-eabi\include\c++\10.2.1\bits\stl_algo.h ****    *  @p (__middle-__first) positions so that the element at @p __middle
1452:c:\program files\daisytoolchain\arm-none-eabi\include\c++\10.2.1\bits\stl_algo.h ****    *  is moved to @p __result, the element at @p __middle+1 is moved
1453:c:\program files\daisytoolchain\arm-none-eabi\include\c++\10.2.1\bits\stl_algo.h ****    *  to @p __result+1 and so on for each element in the range @p
1454:c:\program files\daisytoolchain\arm-none-eabi\include\c++\10.2.1\bits\stl_algo.h ****    *  [__first,__last).
1455:c:\program files\daisytoolchain\arm-none-eabi\include\c++\10.2.1\bits\stl_algo.h ****    *
1456:c:\program files\daisytoolchain\arm-none-eabi\include\c++\10.2.1\bits\stl_algo.h ****    *  Performs 
1457:c:\program files\daisytoolchain\arm-none-eabi\include\c++\10.2.1\bits\stl_algo.h ****    *  @p *(__result+(n+(__last-__middle))%(__last-__first))=*(__first+n)
1458:c:\program files\daisytoolchain\arm-none-eabi\include\c++\10.2.1\bits\stl_algo.h ****    *  for each @p n in the range @p [0,__last-__first).
1459:c:\program files\daisytoolchain\arm-none-eabi\include\c++\10.2.1\bits\stl_algo.h ****   */
1460:c:\program files\daisytoolchain\arm-none-eabi\include\c++\10.2.1\bits\stl_algo.h ****   template<typename _ForwardIterator, typename _OutputIterator>
1461:c:\program files\daisytoolchain\arm-none-eabi\include\c++\10.2.1\bits\stl_algo.h ****     _GLIBCXX20_CONSTEXPR
1462:c:\program files\daisytoolchain\arm-none-eabi\include\c++\10.2.1\bits\stl_algo.h ****     inline _OutputIterator
1463:c:\program files\daisytoolchain\arm-none-eabi\include\c++\10.2.1\bits\stl_algo.h ****     rotate_copy(_ForwardIterator __first, _ForwardIterator __middle,
1464:c:\program files\daisytoolchain\arm-none-eabi\include\c++\10.2.1\bits\stl_algo.h **** 		_ForwardIterator __last, _OutputIterator __result)
1465:c:\program files\daisytoolchain\arm-none-eabi\include\c++\10.2.1\bits\stl_algo.h ****     {
1466:c:\program files\daisytoolchain\arm-none-eabi\include\c++\10.2.1\bits\stl_algo.h ****       // concept requirements
1467:c:\program files\daisytoolchain\arm-none-eabi\include\c++\10.2.1\bits\stl_algo.h ****       __glibcxx_function_requires(_ForwardIteratorConcept<_ForwardIterator>)
1468:c:\program files\daisytoolchain\arm-none-eabi\include\c++\10.2.1\bits\stl_algo.h ****       __glibcxx_function_requires(_OutputIteratorConcept<_OutputIterator,
1469:c:\program files\daisytoolchain\arm-none-eabi\include\c++\10.2.1\bits\stl_algo.h **** 		typename iterator_traits<_ForwardIterator>::value_type>)
1470:c:\program files\daisytoolchain\arm-none-eabi\include\c++\10.2.1\bits\stl_algo.h ****       __glibcxx_requires_valid_range(__first, __middle);
1471:c:\program files\daisytoolchain\arm-none-eabi\include\c++\10.2.1\bits\stl_algo.h ****       __glibcxx_requires_valid_range(__middle, __last);
1472:c:\program files\daisytoolchain\arm-none-eabi\include\c++\10.2.1\bits\stl_algo.h **** 
1473:c:\program files\daisytoolchain\arm-none-eabi\include\c++\10.2.1\bits\stl_algo.h ****       return std::copy(__first, __middle,
1474:c:\program files\daisytoolchain\arm-none-eabi\include\c++\10.2.1\bits\stl_algo.h **** 		       std::copy(__middle, __last, __result));
1475:c:\program files\daisytoolchain\arm-none-eabi\include\c++\10.2.1\bits\stl_algo.h ****     }
1476:c:\program files\daisytoolchain\arm-none-eabi\include\c++\10.2.1\bits\stl_algo.h **** 
1477:c:\program files\daisytoolchain\arm-none-eabi\include\c++\10.2.1\bits\stl_algo.h ****   /// This is a helper function...
1478:c:\program files\daisytoolchain\arm-none-eabi\include\c++\10.2.1\bits\stl_algo.h ****   template<typename _ForwardIterator, typename _Predicate>
1479:c:\program files\daisytoolchain\arm-none-eabi\include\c++\10.2.1\bits\stl_algo.h ****     _GLIBCXX20_CONSTEXPR
1480:c:\program files\daisytoolchain\arm-none-eabi\include\c++\10.2.1\bits\stl_algo.h ****     _ForwardIterator
1481:c:\program files\daisytoolchain\arm-none-eabi\include\c++\10.2.1\bits\stl_algo.h ****     __partition(_ForwardIterator __first, _ForwardIterator __last,
1482:c:\program files\daisytoolchain\arm-none-eabi\include\c++\10.2.1\bits\stl_algo.h **** 		_Predicate __pred, forward_iterator_tag)
1483:c:\program files\daisytoolchain\arm-none-eabi\include\c++\10.2.1\bits\stl_algo.h ****     {
1484:c:\program files\daisytoolchain\arm-none-eabi\include\c++\10.2.1\bits\stl_algo.h ****       if (__first == __last)
1485:c:\program files\daisytoolchain\arm-none-eabi\include\c++\10.2.1\bits\stl_algo.h **** 	return __first;
1486:c:\program files\daisytoolchain\arm-none-eabi\include\c++\10.2.1\bits\stl_algo.h **** 
1487:c:\program files\daisytoolchain\arm-none-eabi\include\c++\10.2.1\bits\stl_algo.h ****       while (__pred(*__first))
1488:c:\program files\daisytoolchain\arm-none-eabi\include\c++\10.2.1\bits\stl_algo.h **** 	if (++__first == __last)
1489:c:\program files\daisytoolchain\arm-none-eabi\include\c++\10.2.1\bits\stl_algo.h **** 	  return __first;
1490:c:\program files\daisytoolchain\arm-none-eabi\include\c++\10.2.1\bits\stl_algo.h **** 
1491:c:\program files\daisytoolchain\arm-none-eabi\include\c++\10.2.1\bits\stl_algo.h ****       _ForwardIterator __next = __first;
1492:c:\program files\daisytoolchain\arm-none-eabi\include\c++\10.2.1\bits\stl_algo.h **** 
1493:c:\program files\daisytoolchain\arm-none-eabi\include\c++\10.2.1\bits\stl_algo.h ****       while (++__next != __last)
1494:c:\program files\daisytoolchain\arm-none-eabi\include\c++\10.2.1\bits\stl_algo.h **** 	if (__pred(*__next))
1495:c:\program files\daisytoolchain\arm-none-eabi\include\c++\10.2.1\bits\stl_algo.h **** 	  {
1496:c:\program files\daisytoolchain\arm-none-eabi\include\c++\10.2.1\bits\stl_algo.h **** 	    std::iter_swap(__first, __next);
1497:c:\program files\daisytoolchain\arm-none-eabi\include\c++\10.2.1\bits\stl_algo.h **** 	    ++__first;
1498:c:\program files\daisytoolchain\arm-none-eabi\include\c++\10.2.1\bits\stl_algo.h **** 	  }
1499:c:\program files\daisytoolchain\arm-none-eabi\include\c++\10.2.1\bits\stl_algo.h **** 
1500:c:\program files\daisytoolchain\arm-none-eabi\include\c++\10.2.1\bits\stl_algo.h ****       return __first;
ARM GAS  C:\Users\FINNDY~1\AppData\Local\Temp\ccFWr46h.s 			page 30


1501:c:\program files\daisytoolchain\arm-none-eabi\include\c++\10.2.1\bits\stl_algo.h ****     }
1502:c:\program files\daisytoolchain\arm-none-eabi\include\c++\10.2.1\bits\stl_algo.h **** 
1503:c:\program files\daisytoolchain\arm-none-eabi\include\c++\10.2.1\bits\stl_algo.h ****   /// This is a helper function...
1504:c:\program files\daisytoolchain\arm-none-eabi\include\c++\10.2.1\bits\stl_algo.h ****   template<typename _BidirectionalIterator, typename _Predicate>
1505:c:\program files\daisytoolchain\arm-none-eabi\include\c++\10.2.1\bits\stl_algo.h ****     _GLIBCXX20_CONSTEXPR
1506:c:\program files\daisytoolchain\arm-none-eabi\include\c++\10.2.1\bits\stl_algo.h ****     _BidirectionalIterator
1507:c:\program files\daisytoolchain\arm-none-eabi\include\c++\10.2.1\bits\stl_algo.h ****     __partition(_BidirectionalIterator __first, _BidirectionalIterator __last,
1508:c:\program files\daisytoolchain\arm-none-eabi\include\c++\10.2.1\bits\stl_algo.h **** 		_Predicate __pred, bidirectional_iterator_tag)
1509:c:\program files\daisytoolchain\arm-none-eabi\include\c++\10.2.1\bits\stl_algo.h ****     {
1510:c:\program files\daisytoolchain\arm-none-eabi\include\c++\10.2.1\bits\stl_algo.h ****       while (true)
1511:c:\program files\daisytoolchain\arm-none-eabi\include\c++\10.2.1\bits\stl_algo.h **** 	{
1512:c:\program files\daisytoolchain\arm-none-eabi\include\c++\10.2.1\bits\stl_algo.h **** 	  while (true)
1513:c:\program files\daisytoolchain\arm-none-eabi\include\c++\10.2.1\bits\stl_algo.h **** 	    if (__first == __last)
1514:c:\program files\daisytoolchain\arm-none-eabi\include\c++\10.2.1\bits\stl_algo.h **** 	      return __first;
1515:c:\program files\daisytoolchain\arm-none-eabi\include\c++\10.2.1\bits\stl_algo.h **** 	    else if (__pred(*__first))
1516:c:\program files\daisytoolchain\arm-none-eabi\include\c++\10.2.1\bits\stl_algo.h **** 	      ++__first;
1517:c:\program files\daisytoolchain\arm-none-eabi\include\c++\10.2.1\bits\stl_algo.h **** 	    else
1518:c:\program files\daisytoolchain\arm-none-eabi\include\c++\10.2.1\bits\stl_algo.h **** 	      break;
1519:c:\program files\daisytoolchain\arm-none-eabi\include\c++\10.2.1\bits\stl_algo.h **** 	  --__last;
1520:c:\program files\daisytoolchain\arm-none-eabi\include\c++\10.2.1\bits\stl_algo.h **** 	  while (true)
1521:c:\program files\daisytoolchain\arm-none-eabi\include\c++\10.2.1\bits\stl_algo.h **** 	    if (__first == __last)
1522:c:\program files\daisytoolchain\arm-none-eabi\include\c++\10.2.1\bits\stl_algo.h **** 	      return __first;
1523:c:\program files\daisytoolchain\arm-none-eabi\include\c++\10.2.1\bits\stl_algo.h **** 	    else if (!bool(__pred(*__last)))
1524:c:\program files\daisytoolchain\arm-none-eabi\include\c++\10.2.1\bits\stl_algo.h **** 	      --__last;
1525:c:\program files\daisytoolchain\arm-none-eabi\include\c++\10.2.1\bits\stl_algo.h **** 	    else
1526:c:\program files\daisytoolchain\arm-none-eabi\include\c++\10.2.1\bits\stl_algo.h **** 	      break;
1527:c:\program files\daisytoolchain\arm-none-eabi\include\c++\10.2.1\bits\stl_algo.h **** 	  std::iter_swap(__first, __last);
1528:c:\program files\daisytoolchain\arm-none-eabi\include\c++\10.2.1\bits\stl_algo.h **** 	  ++__first;
1529:c:\program files\daisytoolchain\arm-none-eabi\include\c++\10.2.1\bits\stl_algo.h **** 	}
1530:c:\program files\daisytoolchain\arm-none-eabi\include\c++\10.2.1\bits\stl_algo.h ****     }
1531:c:\program files\daisytoolchain\arm-none-eabi\include\c++\10.2.1\bits\stl_algo.h **** 
1532:c:\program files\daisytoolchain\arm-none-eabi\include\c++\10.2.1\bits\stl_algo.h ****   // partition
1533:c:\program files\daisytoolchain\arm-none-eabi\include\c++\10.2.1\bits\stl_algo.h **** 
1534:c:\program files\daisytoolchain\arm-none-eabi\include\c++\10.2.1\bits\stl_algo.h ****   /// This is a helper function...
1535:c:\program files\daisytoolchain\arm-none-eabi\include\c++\10.2.1\bits\stl_algo.h ****   /// Requires __first != __last and !__pred(__first)
1536:c:\program files\daisytoolchain\arm-none-eabi\include\c++\10.2.1\bits\stl_algo.h ****   /// and __len == distance(__first, __last).
1537:c:\program files\daisytoolchain\arm-none-eabi\include\c++\10.2.1\bits\stl_algo.h ****   ///
1538:c:\program files\daisytoolchain\arm-none-eabi\include\c++\10.2.1\bits\stl_algo.h ****   /// !__pred(__first) allows us to guarantee that we don't
1539:c:\program files\daisytoolchain\arm-none-eabi\include\c++\10.2.1\bits\stl_algo.h ****   /// move-assign an element onto itself.
1540:c:\program files\daisytoolchain\arm-none-eabi\include\c++\10.2.1\bits\stl_algo.h ****   template<typename _ForwardIterator, typename _Pointer, typename _Predicate,
1541:c:\program files\daisytoolchain\arm-none-eabi\include\c++\10.2.1\bits\stl_algo.h **** 	   typename _Distance>
1542:c:\program files\daisytoolchain\arm-none-eabi\include\c++\10.2.1\bits\stl_algo.h ****     _ForwardIterator
1543:c:\program files\daisytoolchain\arm-none-eabi\include\c++\10.2.1\bits\stl_algo.h ****     __stable_partition_adaptive(_ForwardIterator __first,
1544:c:\program files\daisytoolchain\arm-none-eabi\include\c++\10.2.1\bits\stl_algo.h **** 				_ForwardIterator __last,
1545:c:\program files\daisytoolchain\arm-none-eabi\include\c++\10.2.1\bits\stl_algo.h **** 				_Predicate __pred, _Distance __len,
1546:c:\program files\daisytoolchain\arm-none-eabi\include\c++\10.2.1\bits\stl_algo.h **** 				_Pointer __buffer,
1547:c:\program files\daisytoolchain\arm-none-eabi\include\c++\10.2.1\bits\stl_algo.h **** 				_Distance __buffer_size)
1548:c:\program files\daisytoolchain\arm-none-eabi\include\c++\10.2.1\bits\stl_algo.h ****     {
1549:c:\program files\daisytoolchain\arm-none-eabi\include\c++\10.2.1\bits\stl_algo.h ****       if (__len == 1)
1550:c:\program files\daisytoolchain\arm-none-eabi\include\c++\10.2.1\bits\stl_algo.h **** 	return __first;
1551:c:\program files\daisytoolchain\arm-none-eabi\include\c++\10.2.1\bits\stl_algo.h **** 
1552:c:\program files\daisytoolchain\arm-none-eabi\include\c++\10.2.1\bits\stl_algo.h ****       if (__len <= __buffer_size)
1553:c:\program files\daisytoolchain\arm-none-eabi\include\c++\10.2.1\bits\stl_algo.h **** 	{
1554:c:\program files\daisytoolchain\arm-none-eabi\include\c++\10.2.1\bits\stl_algo.h **** 	  _ForwardIterator __result1 = __first;
1555:c:\program files\daisytoolchain\arm-none-eabi\include\c++\10.2.1\bits\stl_algo.h **** 	  _Pointer __result2 = __buffer;
1556:c:\program files\daisytoolchain\arm-none-eabi\include\c++\10.2.1\bits\stl_algo.h **** 
1557:c:\program files\daisytoolchain\arm-none-eabi\include\c++\10.2.1\bits\stl_algo.h **** 	  // The precondition guarantees that !__pred(__first), so
ARM GAS  C:\Users\FINNDY~1\AppData\Local\Temp\ccFWr46h.s 			page 31


1558:c:\program files\daisytoolchain\arm-none-eabi\include\c++\10.2.1\bits\stl_algo.h **** 	  // move that element to the buffer before starting the loop.
1559:c:\program files\daisytoolchain\arm-none-eabi\include\c++\10.2.1\bits\stl_algo.h **** 	  // This ensures that we only call __pred once per element.
1560:c:\program files\daisytoolchain\arm-none-eabi\include\c++\10.2.1\bits\stl_algo.h **** 	  *__result2 = _GLIBCXX_MOVE(*__first);
1561:c:\program files\daisytoolchain\arm-none-eabi\include\c++\10.2.1\bits\stl_algo.h **** 	  ++__result2;
1562:c:\program files\daisytoolchain\arm-none-eabi\include\c++\10.2.1\bits\stl_algo.h **** 	  ++__first;
1563:c:\program files\daisytoolchain\arm-none-eabi\include\c++\10.2.1\bits\stl_algo.h **** 	  for (; __first != __last; ++__first)
1564:c:\program files\daisytoolchain\arm-none-eabi\include\c++\10.2.1\bits\stl_algo.h **** 	    if (__pred(__first))
1565:c:\program files\daisytoolchain\arm-none-eabi\include\c++\10.2.1\bits\stl_algo.h **** 	      {
1566:c:\program files\daisytoolchain\arm-none-eabi\include\c++\10.2.1\bits\stl_algo.h **** 		*__result1 = _GLIBCXX_MOVE(*__first);
1567:c:\program files\daisytoolchain\arm-none-eabi\include\c++\10.2.1\bits\stl_algo.h **** 		++__result1;
1568:c:\program files\daisytoolchain\arm-none-eabi\include\c++\10.2.1\bits\stl_algo.h **** 	      }
1569:c:\program files\daisytoolchain\arm-none-eabi\include\c++\10.2.1\bits\stl_algo.h **** 	    else
1570:c:\program files\daisytoolchain\arm-none-eabi\include\c++\10.2.1\bits\stl_algo.h **** 	      {
1571:c:\program files\daisytoolchain\arm-none-eabi\include\c++\10.2.1\bits\stl_algo.h **** 		*__result2 = _GLIBCXX_MOVE(*__first);
1572:c:\program files\daisytoolchain\arm-none-eabi\include\c++\10.2.1\bits\stl_algo.h **** 		++__result2;
1573:c:\program files\daisytoolchain\arm-none-eabi\include\c++\10.2.1\bits\stl_algo.h **** 	      }
1574:c:\program files\daisytoolchain\arm-none-eabi\include\c++\10.2.1\bits\stl_algo.h **** 
1575:c:\program files\daisytoolchain\arm-none-eabi\include\c++\10.2.1\bits\stl_algo.h **** 	  _GLIBCXX_MOVE3(__buffer, __result2, __result1);
1576:c:\program files\daisytoolchain\arm-none-eabi\include\c++\10.2.1\bits\stl_algo.h **** 	  return __result1;
1577:c:\program files\daisytoolchain\arm-none-eabi\include\c++\10.2.1\bits\stl_algo.h **** 	}
1578:c:\program files\daisytoolchain\arm-none-eabi\include\c++\10.2.1\bits\stl_algo.h **** 
1579:c:\program files\daisytoolchain\arm-none-eabi\include\c++\10.2.1\bits\stl_algo.h ****       _ForwardIterator __middle = __first;
1580:c:\program files\daisytoolchain\arm-none-eabi\include\c++\10.2.1\bits\stl_algo.h ****       std::advance(__middle, __len / 2);
1581:c:\program files\daisytoolchain\arm-none-eabi\include\c++\10.2.1\bits\stl_algo.h ****       _ForwardIterator __left_split =
1582:c:\program files\daisytoolchain\arm-none-eabi\include\c++\10.2.1\bits\stl_algo.h **** 	std::__stable_partition_adaptive(__first, __middle, __pred,
1583:c:\program files\daisytoolchain\arm-none-eabi\include\c++\10.2.1\bits\stl_algo.h **** 					 __len / 2, __buffer,
1584:c:\program files\daisytoolchain\arm-none-eabi\include\c++\10.2.1\bits\stl_algo.h **** 					 __buffer_size);
1585:c:\program files\daisytoolchain\arm-none-eabi\include\c++\10.2.1\bits\stl_algo.h **** 
1586:c:\program files\daisytoolchain\arm-none-eabi\include\c++\10.2.1\bits\stl_algo.h ****       // Advance past true-predicate values to satisfy this
1587:c:\program files\daisytoolchain\arm-none-eabi\include\c++\10.2.1\bits\stl_algo.h ****       // function's preconditions.
1588:c:\program files\daisytoolchain\arm-none-eabi\include\c++\10.2.1\bits\stl_algo.h ****       _Distance __right_len = __len - __len / 2;
1589:c:\program files\daisytoolchain\arm-none-eabi\include\c++\10.2.1\bits\stl_algo.h ****       _ForwardIterator __right_split =
1590:c:\program files\daisytoolchain\arm-none-eabi\include\c++\10.2.1\bits\stl_algo.h **** 	std::__find_if_not_n(__middle, __right_len, __pred);
1591:c:\program files\daisytoolchain\arm-none-eabi\include\c++\10.2.1\bits\stl_algo.h **** 
1592:c:\program files\daisytoolchain\arm-none-eabi\include\c++\10.2.1\bits\stl_algo.h ****       if (__right_len)
1593:c:\program files\daisytoolchain\arm-none-eabi\include\c++\10.2.1\bits\stl_algo.h **** 	__right_split =
1594:c:\program files\daisytoolchain\arm-none-eabi\include\c++\10.2.1\bits\stl_algo.h **** 	  std::__stable_partition_adaptive(__right_split, __last, __pred,
1595:c:\program files\daisytoolchain\arm-none-eabi\include\c++\10.2.1\bits\stl_algo.h **** 					   __right_len,
1596:c:\program files\daisytoolchain\arm-none-eabi\include\c++\10.2.1\bits\stl_algo.h **** 					   __buffer, __buffer_size);
1597:c:\program files\daisytoolchain\arm-none-eabi\include\c++\10.2.1\bits\stl_algo.h **** 
1598:c:\program files\daisytoolchain\arm-none-eabi\include\c++\10.2.1\bits\stl_algo.h ****       return std::rotate(__left_split, __middle, __right_split);
1599:c:\program files\daisytoolchain\arm-none-eabi\include\c++\10.2.1\bits\stl_algo.h ****     }
1600:c:\program files\daisytoolchain\arm-none-eabi\include\c++\10.2.1\bits\stl_algo.h **** 
1601:c:\program files\daisytoolchain\arm-none-eabi\include\c++\10.2.1\bits\stl_algo.h ****   template<typename _ForwardIterator, typename _Predicate>
1602:c:\program files\daisytoolchain\arm-none-eabi\include\c++\10.2.1\bits\stl_algo.h ****     _ForwardIterator
1603:c:\program files\daisytoolchain\arm-none-eabi\include\c++\10.2.1\bits\stl_algo.h ****     __stable_partition(_ForwardIterator __first, _ForwardIterator __last,
1604:c:\program files\daisytoolchain\arm-none-eabi\include\c++\10.2.1\bits\stl_algo.h **** 		       _Predicate __pred)
1605:c:\program files\daisytoolchain\arm-none-eabi\include\c++\10.2.1\bits\stl_algo.h ****     {
1606:c:\program files\daisytoolchain\arm-none-eabi\include\c++\10.2.1\bits\stl_algo.h ****       __first = std::__find_if_not(__first, __last, __pred);
1607:c:\program files\daisytoolchain\arm-none-eabi\include\c++\10.2.1\bits\stl_algo.h **** 
1608:c:\program files\daisytoolchain\arm-none-eabi\include\c++\10.2.1\bits\stl_algo.h ****       if (__first == __last)
1609:c:\program files\daisytoolchain\arm-none-eabi\include\c++\10.2.1\bits\stl_algo.h **** 	return __first;
1610:c:\program files\daisytoolchain\arm-none-eabi\include\c++\10.2.1\bits\stl_algo.h **** 
1611:c:\program files\daisytoolchain\arm-none-eabi\include\c++\10.2.1\bits\stl_algo.h ****       typedef typename iterator_traits<_ForwardIterator>::value_type
1612:c:\program files\daisytoolchain\arm-none-eabi\include\c++\10.2.1\bits\stl_algo.h **** 	_ValueType;
1613:c:\program files\daisytoolchain\arm-none-eabi\include\c++\10.2.1\bits\stl_algo.h ****       typedef typename iterator_traits<_ForwardIterator>::difference_type
1614:c:\program files\daisytoolchain\arm-none-eabi\include\c++\10.2.1\bits\stl_algo.h **** 	_DistanceType;
ARM GAS  C:\Users\FINNDY~1\AppData\Local\Temp\ccFWr46h.s 			page 32


1615:c:\program files\daisytoolchain\arm-none-eabi\include\c++\10.2.1\bits\stl_algo.h **** 
1616:c:\program files\daisytoolchain\arm-none-eabi\include\c++\10.2.1\bits\stl_algo.h ****       _Temporary_buffer<_ForwardIterator, _ValueType>
1617:c:\program files\daisytoolchain\arm-none-eabi\include\c++\10.2.1\bits\stl_algo.h **** 	__buf(__first, std::distance(__first, __last));
1618:c:\program files\daisytoolchain\arm-none-eabi\include\c++\10.2.1\bits\stl_algo.h ****       return
1619:c:\program files\daisytoolchain\arm-none-eabi\include\c++\10.2.1\bits\stl_algo.h **** 	std::__stable_partition_adaptive(__first, __last, __pred,
1620:c:\program files\daisytoolchain\arm-none-eabi\include\c++\10.2.1\bits\stl_algo.h **** 					 _DistanceType(__buf.requested_size()),
1621:c:\program files\daisytoolchain\arm-none-eabi\include\c++\10.2.1\bits\stl_algo.h **** 					 __buf.begin(),
1622:c:\program files\daisytoolchain\arm-none-eabi\include\c++\10.2.1\bits\stl_algo.h **** 					 _DistanceType(__buf.size()));
1623:c:\program files\daisytoolchain\arm-none-eabi\include\c++\10.2.1\bits\stl_algo.h ****     }
1624:c:\program files\daisytoolchain\arm-none-eabi\include\c++\10.2.1\bits\stl_algo.h **** 
1625:c:\program files\daisytoolchain\arm-none-eabi\include\c++\10.2.1\bits\stl_algo.h ****   /**
1626:c:\program files\daisytoolchain\arm-none-eabi\include\c++\10.2.1\bits\stl_algo.h ****    *  @brief Move elements for which a predicate is true to the beginning
1627:c:\program files\daisytoolchain\arm-none-eabi\include\c++\10.2.1\bits\stl_algo.h ****    *         of a sequence, preserving relative ordering.
1628:c:\program files\daisytoolchain\arm-none-eabi\include\c++\10.2.1\bits\stl_algo.h ****    *  @ingroup mutating_algorithms
1629:c:\program files\daisytoolchain\arm-none-eabi\include\c++\10.2.1\bits\stl_algo.h ****    *  @param  __first   A forward iterator.
1630:c:\program files\daisytoolchain\arm-none-eabi\include\c++\10.2.1\bits\stl_algo.h ****    *  @param  __last    A forward iterator.
1631:c:\program files\daisytoolchain\arm-none-eabi\include\c++\10.2.1\bits\stl_algo.h ****    *  @param  __pred    A predicate functor.
1632:c:\program files\daisytoolchain\arm-none-eabi\include\c++\10.2.1\bits\stl_algo.h ****    *  @return  An iterator @p middle such that @p __pred(i) is true for each
1633:c:\program files\daisytoolchain\arm-none-eabi\include\c++\10.2.1\bits\stl_algo.h ****    *  iterator @p i in the range @p [first,middle) and false for each @p i
1634:c:\program files\daisytoolchain\arm-none-eabi\include\c++\10.2.1\bits\stl_algo.h ****    *  in the range @p [middle,last).
1635:c:\program files\daisytoolchain\arm-none-eabi\include\c++\10.2.1\bits\stl_algo.h ****    *
1636:c:\program files\daisytoolchain\arm-none-eabi\include\c++\10.2.1\bits\stl_algo.h ****    *  Performs the same function as @p partition() with the additional
1637:c:\program files\daisytoolchain\arm-none-eabi\include\c++\10.2.1\bits\stl_algo.h ****    *  guarantee that the relative ordering of elements in each group is
1638:c:\program files\daisytoolchain\arm-none-eabi\include\c++\10.2.1\bits\stl_algo.h ****    *  preserved, so any two elements @p x and @p y in the range
1639:c:\program files\daisytoolchain\arm-none-eabi\include\c++\10.2.1\bits\stl_algo.h ****    *  @p [__first,__last) such that @p __pred(x)==__pred(y) will have the same
1640:c:\program files\daisytoolchain\arm-none-eabi\include\c++\10.2.1\bits\stl_algo.h ****    *  relative ordering after calling @p stable_partition().
1641:c:\program files\daisytoolchain\arm-none-eabi\include\c++\10.2.1\bits\stl_algo.h ****   */
1642:c:\program files\daisytoolchain\arm-none-eabi\include\c++\10.2.1\bits\stl_algo.h ****   template<typename _ForwardIterator, typename _Predicate>
1643:c:\program files\daisytoolchain\arm-none-eabi\include\c++\10.2.1\bits\stl_algo.h ****     inline _ForwardIterator
1644:c:\program files\daisytoolchain\arm-none-eabi\include\c++\10.2.1\bits\stl_algo.h ****     stable_partition(_ForwardIterator __first, _ForwardIterator __last,
1645:c:\program files\daisytoolchain\arm-none-eabi\include\c++\10.2.1\bits\stl_algo.h **** 		     _Predicate __pred)
1646:c:\program files\daisytoolchain\arm-none-eabi\include\c++\10.2.1\bits\stl_algo.h ****     {
1647:c:\program files\daisytoolchain\arm-none-eabi\include\c++\10.2.1\bits\stl_algo.h ****       // concept requirements
1648:c:\program files\daisytoolchain\arm-none-eabi\include\c++\10.2.1\bits\stl_algo.h ****       __glibcxx_function_requires(_Mutable_ForwardIteratorConcept<
1649:c:\program files\daisytoolchain\arm-none-eabi\include\c++\10.2.1\bits\stl_algo.h **** 				  _ForwardIterator>)
1650:c:\program files\daisytoolchain\arm-none-eabi\include\c++\10.2.1\bits\stl_algo.h ****       __glibcxx_function_requires(_UnaryPredicateConcept<_Predicate,
1651:c:\program files\daisytoolchain\arm-none-eabi\include\c++\10.2.1\bits\stl_algo.h **** 	    typename iterator_traits<_ForwardIterator>::value_type>)
1652:c:\program files\daisytoolchain\arm-none-eabi\include\c++\10.2.1\bits\stl_algo.h ****       __glibcxx_requires_valid_range(__first, __last);
1653:c:\program files\daisytoolchain\arm-none-eabi\include\c++\10.2.1\bits\stl_algo.h **** 
1654:c:\program files\daisytoolchain\arm-none-eabi\include\c++\10.2.1\bits\stl_algo.h ****       return std::__stable_partition(__first, __last,
1655:c:\program files\daisytoolchain\arm-none-eabi\include\c++\10.2.1\bits\stl_algo.h **** 				     __gnu_cxx::__ops::__pred_iter(__pred));
1656:c:\program files\daisytoolchain\arm-none-eabi\include\c++\10.2.1\bits\stl_algo.h ****     }
1657:c:\program files\daisytoolchain\arm-none-eabi\include\c++\10.2.1\bits\stl_algo.h **** 
1658:c:\program files\daisytoolchain\arm-none-eabi\include\c++\10.2.1\bits\stl_algo.h ****   /// This is a helper function for the sort routines.
1659:c:\program files\daisytoolchain\arm-none-eabi\include\c++\10.2.1\bits\stl_algo.h ****   template<typename _RandomAccessIterator, typename _Compare>
1660:c:\program files\daisytoolchain\arm-none-eabi\include\c++\10.2.1\bits\stl_algo.h ****     _GLIBCXX20_CONSTEXPR
1661:c:\program files\daisytoolchain\arm-none-eabi\include\c++\10.2.1\bits\stl_algo.h ****     void
1662:c:\program files\daisytoolchain\arm-none-eabi\include\c++\10.2.1\bits\stl_algo.h ****     __heap_select(_RandomAccessIterator __first,
1663:c:\program files\daisytoolchain\arm-none-eabi\include\c++\10.2.1\bits\stl_algo.h **** 		  _RandomAccessIterator __middle,
1664:c:\program files\daisytoolchain\arm-none-eabi\include\c++\10.2.1\bits\stl_algo.h **** 		  _RandomAccessIterator __last, _Compare __comp)
1665:c:\program files\daisytoolchain\arm-none-eabi\include\c++\10.2.1\bits\stl_algo.h ****     {
1666:c:\program files\daisytoolchain\arm-none-eabi\include\c++\10.2.1\bits\stl_algo.h ****       std::__make_heap(__first, __middle, __comp);
1667:c:\program files\daisytoolchain\arm-none-eabi\include\c++\10.2.1\bits\stl_algo.h ****       for (_RandomAccessIterator __i = __middle; __i < __last; ++__i)
1668:c:\program files\daisytoolchain\arm-none-eabi\include\c++\10.2.1\bits\stl_algo.h **** 	if (__comp(__i, __first))
1669:c:\program files\daisytoolchain\arm-none-eabi\include\c++\10.2.1\bits\stl_algo.h **** 	  std::__pop_heap(__first, __middle, __i, __comp);
1670:c:\program files\daisytoolchain\arm-none-eabi\include\c++\10.2.1\bits\stl_algo.h ****     }
1671:c:\program files\daisytoolchain\arm-none-eabi\include\c++\10.2.1\bits\stl_algo.h **** 
ARM GAS  C:\Users\FINNDY~1\AppData\Local\Temp\ccFWr46h.s 			page 33


1672:c:\program files\daisytoolchain\arm-none-eabi\include\c++\10.2.1\bits\stl_algo.h ****   // partial_sort
1673:c:\program files\daisytoolchain\arm-none-eabi\include\c++\10.2.1\bits\stl_algo.h **** 
1674:c:\program files\daisytoolchain\arm-none-eabi\include\c++\10.2.1\bits\stl_algo.h ****   template<typename _InputIterator, typename _RandomAccessIterator,
1675:c:\program files\daisytoolchain\arm-none-eabi\include\c++\10.2.1\bits\stl_algo.h **** 	   typename _Compare>
1676:c:\program files\daisytoolchain\arm-none-eabi\include\c++\10.2.1\bits\stl_algo.h ****     _GLIBCXX20_CONSTEXPR
1677:c:\program files\daisytoolchain\arm-none-eabi\include\c++\10.2.1\bits\stl_algo.h ****     _RandomAccessIterator
1678:c:\program files\daisytoolchain\arm-none-eabi\include\c++\10.2.1\bits\stl_algo.h ****     __partial_sort_copy(_InputIterator __first, _InputIterator __last,
1679:c:\program files\daisytoolchain\arm-none-eabi\include\c++\10.2.1\bits\stl_algo.h **** 			_RandomAccessIterator __result_first,
1680:c:\program files\daisytoolchain\arm-none-eabi\include\c++\10.2.1\bits\stl_algo.h **** 			_RandomAccessIterator __result_last,
1681:c:\program files\daisytoolchain\arm-none-eabi\include\c++\10.2.1\bits\stl_algo.h **** 			_Compare __comp)
1682:c:\program files\daisytoolchain\arm-none-eabi\include\c++\10.2.1\bits\stl_algo.h ****     {
1683:c:\program files\daisytoolchain\arm-none-eabi\include\c++\10.2.1\bits\stl_algo.h ****       typedef typename iterator_traits<_InputIterator>::value_type
1684:c:\program files\daisytoolchain\arm-none-eabi\include\c++\10.2.1\bits\stl_algo.h **** 	_InputValueType;
1685:c:\program files\daisytoolchain\arm-none-eabi\include\c++\10.2.1\bits\stl_algo.h ****       typedef iterator_traits<_RandomAccessIterator> _RItTraits;
1686:c:\program files\daisytoolchain\arm-none-eabi\include\c++\10.2.1\bits\stl_algo.h ****       typedef typename _RItTraits::difference_type _DistanceType;
1687:c:\program files\daisytoolchain\arm-none-eabi\include\c++\10.2.1\bits\stl_algo.h **** 
1688:c:\program files\daisytoolchain\arm-none-eabi\include\c++\10.2.1\bits\stl_algo.h ****       if (__result_first == __result_last)
1689:c:\program files\daisytoolchain\arm-none-eabi\include\c++\10.2.1\bits\stl_algo.h **** 	return __result_last;
1690:c:\program files\daisytoolchain\arm-none-eabi\include\c++\10.2.1\bits\stl_algo.h ****       _RandomAccessIterator __result_real_last = __result_first;
1691:c:\program files\daisytoolchain\arm-none-eabi\include\c++\10.2.1\bits\stl_algo.h ****       while (__first != __last && __result_real_last != __result_last)
1692:c:\program files\daisytoolchain\arm-none-eabi\include\c++\10.2.1\bits\stl_algo.h **** 	{
1693:c:\program files\daisytoolchain\arm-none-eabi\include\c++\10.2.1\bits\stl_algo.h **** 	  *__result_real_last = *__first;
1694:c:\program files\daisytoolchain\arm-none-eabi\include\c++\10.2.1\bits\stl_algo.h **** 	  ++__result_real_last;
1695:c:\program files\daisytoolchain\arm-none-eabi\include\c++\10.2.1\bits\stl_algo.h **** 	  ++__first;
1696:c:\program files\daisytoolchain\arm-none-eabi\include\c++\10.2.1\bits\stl_algo.h **** 	}
1697:c:\program files\daisytoolchain\arm-none-eabi\include\c++\10.2.1\bits\stl_algo.h ****       
1698:c:\program files\daisytoolchain\arm-none-eabi\include\c++\10.2.1\bits\stl_algo.h ****       std::__make_heap(__result_first, __result_real_last, __comp);
1699:c:\program files\daisytoolchain\arm-none-eabi\include\c++\10.2.1\bits\stl_algo.h ****       while (__first != __last)
1700:c:\program files\daisytoolchain\arm-none-eabi\include\c++\10.2.1\bits\stl_algo.h **** 	{
1701:c:\program files\daisytoolchain\arm-none-eabi\include\c++\10.2.1\bits\stl_algo.h **** 	  if (__comp(__first, __result_first))
1702:c:\program files\daisytoolchain\arm-none-eabi\include\c++\10.2.1\bits\stl_algo.h **** 	    std::__adjust_heap(__result_first, _DistanceType(0),
1703:c:\program files\daisytoolchain\arm-none-eabi\include\c++\10.2.1\bits\stl_algo.h **** 			       _DistanceType(__result_real_last
1704:c:\program files\daisytoolchain\arm-none-eabi\include\c++\10.2.1\bits\stl_algo.h **** 					     - __result_first),
1705:c:\program files\daisytoolchain\arm-none-eabi\include\c++\10.2.1\bits\stl_algo.h **** 			       _InputValueType(*__first), __comp);
1706:c:\program files\daisytoolchain\arm-none-eabi\include\c++\10.2.1\bits\stl_algo.h **** 	  ++__first;
1707:c:\program files\daisytoolchain\arm-none-eabi\include\c++\10.2.1\bits\stl_algo.h **** 	}
1708:c:\program files\daisytoolchain\arm-none-eabi\include\c++\10.2.1\bits\stl_algo.h ****       std::__sort_heap(__result_first, __result_real_last, __comp);
1709:c:\program files\daisytoolchain\arm-none-eabi\include\c++\10.2.1\bits\stl_algo.h ****       return __result_real_last;
1710:c:\program files\daisytoolchain\arm-none-eabi\include\c++\10.2.1\bits\stl_algo.h ****     }
1711:c:\program files\daisytoolchain\arm-none-eabi\include\c++\10.2.1\bits\stl_algo.h **** 
1712:c:\program files\daisytoolchain\arm-none-eabi\include\c++\10.2.1\bits\stl_algo.h ****   /**
1713:c:\program files\daisytoolchain\arm-none-eabi\include\c++\10.2.1\bits\stl_algo.h ****    *  @brief Copy the smallest elements of a sequence.
1714:c:\program files\daisytoolchain\arm-none-eabi\include\c++\10.2.1\bits\stl_algo.h ****    *  @ingroup sorting_algorithms
1715:c:\program files\daisytoolchain\arm-none-eabi\include\c++\10.2.1\bits\stl_algo.h ****    *  @param  __first   An iterator.
1716:c:\program files\daisytoolchain\arm-none-eabi\include\c++\10.2.1\bits\stl_algo.h ****    *  @param  __last    Another iterator.
1717:c:\program files\daisytoolchain\arm-none-eabi\include\c++\10.2.1\bits\stl_algo.h ****    *  @param  __result_first   A random-access iterator.
1718:c:\program files\daisytoolchain\arm-none-eabi\include\c++\10.2.1\bits\stl_algo.h ****    *  @param  __result_last    Another random-access iterator.
1719:c:\program files\daisytoolchain\arm-none-eabi\include\c++\10.2.1\bits\stl_algo.h ****    *  @return   An iterator indicating the end of the resulting sequence.
1720:c:\program files\daisytoolchain\arm-none-eabi\include\c++\10.2.1\bits\stl_algo.h ****    *
1721:c:\program files\daisytoolchain\arm-none-eabi\include\c++\10.2.1\bits\stl_algo.h ****    *  Copies and sorts the smallest N values from the range @p [__first,__last)
1722:c:\program files\daisytoolchain\arm-none-eabi\include\c++\10.2.1\bits\stl_algo.h ****    *  to the range beginning at @p __result_first, where the number of
1723:c:\program files\daisytoolchain\arm-none-eabi\include\c++\10.2.1\bits\stl_algo.h ****    *  elements to be copied, @p N, is the smaller of @p (__last-__first) and
1724:c:\program files\daisytoolchain\arm-none-eabi\include\c++\10.2.1\bits\stl_algo.h ****    *  @p (__result_last-__result_first).
1725:c:\program files\daisytoolchain\arm-none-eabi\include\c++\10.2.1\bits\stl_algo.h ****    *  After the sort if @e i and @e j are iterators in the range
1726:c:\program files\daisytoolchain\arm-none-eabi\include\c++\10.2.1\bits\stl_algo.h ****    *  @p [__result_first,__result_first+N) such that i precedes j then
1727:c:\program files\daisytoolchain\arm-none-eabi\include\c++\10.2.1\bits\stl_algo.h ****    *  *j<*i is false.
1728:c:\program files\daisytoolchain\arm-none-eabi\include\c++\10.2.1\bits\stl_algo.h ****    *  The value returned is @p __result_first+N.
ARM GAS  C:\Users\FINNDY~1\AppData\Local\Temp\ccFWr46h.s 			page 34


1729:c:\program files\daisytoolchain\arm-none-eabi\include\c++\10.2.1\bits\stl_algo.h ****   */
1730:c:\program files\daisytoolchain\arm-none-eabi\include\c++\10.2.1\bits\stl_algo.h ****   template<typename _InputIterator, typename _RandomAccessIterator>
1731:c:\program files\daisytoolchain\arm-none-eabi\include\c++\10.2.1\bits\stl_algo.h ****     _GLIBCXX20_CONSTEXPR
1732:c:\program files\daisytoolchain\arm-none-eabi\include\c++\10.2.1\bits\stl_algo.h ****     inline _RandomAccessIterator
1733:c:\program files\daisytoolchain\arm-none-eabi\include\c++\10.2.1\bits\stl_algo.h ****     partial_sort_copy(_InputIterator __first, _InputIterator __last,
1734:c:\program files\daisytoolchain\arm-none-eabi\include\c++\10.2.1\bits\stl_algo.h **** 		      _RandomAccessIterator __result_first,
1735:c:\program files\daisytoolchain\arm-none-eabi\include\c++\10.2.1\bits\stl_algo.h **** 		      _RandomAccessIterator __result_last)
1736:c:\program files\daisytoolchain\arm-none-eabi\include\c++\10.2.1\bits\stl_algo.h ****     {
1737:c:\program files\daisytoolchain\arm-none-eabi\include\c++\10.2.1\bits\stl_algo.h **** #ifdef _GLIBCXX_CONCEPT_CHECKS
1738:c:\program files\daisytoolchain\arm-none-eabi\include\c++\10.2.1\bits\stl_algo.h ****       typedef typename iterator_traits<_InputIterator>::value_type
1739:c:\program files\daisytoolchain\arm-none-eabi\include\c++\10.2.1\bits\stl_algo.h **** 	_InputValueType;
1740:c:\program files\daisytoolchain\arm-none-eabi\include\c++\10.2.1\bits\stl_algo.h ****       typedef typename iterator_traits<_RandomAccessIterator>::value_type
1741:c:\program files\daisytoolchain\arm-none-eabi\include\c++\10.2.1\bits\stl_algo.h **** 	_OutputValueType;
1742:c:\program files\daisytoolchain\arm-none-eabi\include\c++\10.2.1\bits\stl_algo.h **** #endif
1743:c:\program files\daisytoolchain\arm-none-eabi\include\c++\10.2.1\bits\stl_algo.h **** 
1744:c:\program files\daisytoolchain\arm-none-eabi\include\c++\10.2.1\bits\stl_algo.h ****       // concept requirements
1745:c:\program files\daisytoolchain\arm-none-eabi\include\c++\10.2.1\bits\stl_algo.h ****       __glibcxx_function_requires(_InputIteratorConcept<_InputIterator>)
1746:c:\program files\daisytoolchain\arm-none-eabi\include\c++\10.2.1\bits\stl_algo.h ****       __glibcxx_function_requires(_ConvertibleConcept<_InputValueType,
1747:c:\program files\daisytoolchain\arm-none-eabi\include\c++\10.2.1\bits\stl_algo.h **** 				  _OutputValueType>)
1748:c:\program files\daisytoolchain\arm-none-eabi\include\c++\10.2.1\bits\stl_algo.h ****       __glibcxx_function_requires(_LessThanOpConcept<_InputValueType,
1749:c:\program files\daisytoolchain\arm-none-eabi\include\c++\10.2.1\bits\stl_algo.h **** 						     _OutputValueType>)
1750:c:\program files\daisytoolchain\arm-none-eabi\include\c++\10.2.1\bits\stl_algo.h ****       __glibcxx_function_requires(_LessThanComparableConcept<_OutputValueType>)
1751:c:\program files\daisytoolchain\arm-none-eabi\include\c++\10.2.1\bits\stl_algo.h ****       __glibcxx_requires_valid_range(__first, __last);
1752:c:\program files\daisytoolchain\arm-none-eabi\include\c++\10.2.1\bits\stl_algo.h ****       __glibcxx_requires_irreflexive(__first, __last);
1753:c:\program files\daisytoolchain\arm-none-eabi\include\c++\10.2.1\bits\stl_algo.h ****       __glibcxx_requires_valid_range(__result_first, __result_last);
1754:c:\program files\daisytoolchain\arm-none-eabi\include\c++\10.2.1\bits\stl_algo.h **** 
1755:c:\program files\daisytoolchain\arm-none-eabi\include\c++\10.2.1\bits\stl_algo.h ****       return std::__partial_sort_copy(__first, __last,
1756:c:\program files\daisytoolchain\arm-none-eabi\include\c++\10.2.1\bits\stl_algo.h **** 				      __result_first, __result_last,
1757:c:\program files\daisytoolchain\arm-none-eabi\include\c++\10.2.1\bits\stl_algo.h **** 				      __gnu_cxx::__ops::__iter_less_iter());
1758:c:\program files\daisytoolchain\arm-none-eabi\include\c++\10.2.1\bits\stl_algo.h ****     }
1759:c:\program files\daisytoolchain\arm-none-eabi\include\c++\10.2.1\bits\stl_algo.h **** 
1760:c:\program files\daisytoolchain\arm-none-eabi\include\c++\10.2.1\bits\stl_algo.h ****   /**
1761:c:\program files\daisytoolchain\arm-none-eabi\include\c++\10.2.1\bits\stl_algo.h ****    *  @brief Copy the smallest elements of a sequence using a predicate for
1762:c:\program files\daisytoolchain\arm-none-eabi\include\c++\10.2.1\bits\stl_algo.h ****    *         comparison.
1763:c:\program files\daisytoolchain\arm-none-eabi\include\c++\10.2.1\bits\stl_algo.h ****    *  @ingroup sorting_algorithms
1764:c:\program files\daisytoolchain\arm-none-eabi\include\c++\10.2.1\bits\stl_algo.h ****    *  @param  __first   An input iterator.
1765:c:\program files\daisytoolchain\arm-none-eabi\include\c++\10.2.1\bits\stl_algo.h ****    *  @param  __last    Another input iterator.
1766:c:\program files\daisytoolchain\arm-none-eabi\include\c++\10.2.1\bits\stl_algo.h ****    *  @param  __result_first   A random-access iterator.
1767:c:\program files\daisytoolchain\arm-none-eabi\include\c++\10.2.1\bits\stl_algo.h ****    *  @param  __result_last    Another random-access iterator.
1768:c:\program files\daisytoolchain\arm-none-eabi\include\c++\10.2.1\bits\stl_algo.h ****    *  @param  __comp    A comparison functor.
1769:c:\program files\daisytoolchain\arm-none-eabi\include\c++\10.2.1\bits\stl_algo.h ****    *  @return   An iterator indicating the end of the resulting sequence.
1770:c:\program files\daisytoolchain\arm-none-eabi\include\c++\10.2.1\bits\stl_algo.h ****    *
1771:c:\program files\daisytoolchain\arm-none-eabi\include\c++\10.2.1\bits\stl_algo.h ****    *  Copies and sorts the smallest N values from the range @p [__first,__last)
1772:c:\program files\daisytoolchain\arm-none-eabi\include\c++\10.2.1\bits\stl_algo.h ****    *  to the range beginning at @p result_first, where the number of
1773:c:\program files\daisytoolchain\arm-none-eabi\include\c++\10.2.1\bits\stl_algo.h ****    *  elements to be copied, @p N, is the smaller of @p (__last-__first) and
1774:c:\program files\daisytoolchain\arm-none-eabi\include\c++\10.2.1\bits\stl_algo.h ****    *  @p (__result_last-__result_first).
1775:c:\program files\daisytoolchain\arm-none-eabi\include\c++\10.2.1\bits\stl_algo.h ****    *  After the sort if @e i and @e j are iterators in the range
1776:c:\program files\daisytoolchain\arm-none-eabi\include\c++\10.2.1\bits\stl_algo.h ****    *  @p [__result_first,__result_first+N) such that i precedes j then
1777:c:\program files\daisytoolchain\arm-none-eabi\include\c++\10.2.1\bits\stl_algo.h ****    *  @p __comp(*j,*i) is false.
1778:c:\program files\daisytoolchain\arm-none-eabi\include\c++\10.2.1\bits\stl_algo.h ****    *  The value returned is @p __result_first+N.
1779:c:\program files\daisytoolchain\arm-none-eabi\include\c++\10.2.1\bits\stl_algo.h ****   */
1780:c:\program files\daisytoolchain\arm-none-eabi\include\c++\10.2.1\bits\stl_algo.h ****   template<typename _InputIterator, typename _RandomAccessIterator,
1781:c:\program files\daisytoolchain\arm-none-eabi\include\c++\10.2.1\bits\stl_algo.h **** 	   typename _Compare>
1782:c:\program files\daisytoolchain\arm-none-eabi\include\c++\10.2.1\bits\stl_algo.h ****     _GLIBCXX20_CONSTEXPR
1783:c:\program files\daisytoolchain\arm-none-eabi\include\c++\10.2.1\bits\stl_algo.h ****     inline _RandomAccessIterator
1784:c:\program files\daisytoolchain\arm-none-eabi\include\c++\10.2.1\bits\stl_algo.h ****     partial_sort_copy(_InputIterator __first, _InputIterator __last,
1785:c:\program files\daisytoolchain\arm-none-eabi\include\c++\10.2.1\bits\stl_algo.h **** 		      _RandomAccessIterator __result_first,
ARM GAS  C:\Users\FINNDY~1\AppData\Local\Temp\ccFWr46h.s 			page 35


1786:c:\program files\daisytoolchain\arm-none-eabi\include\c++\10.2.1\bits\stl_algo.h **** 		      _RandomAccessIterator __result_last,
1787:c:\program files\daisytoolchain\arm-none-eabi\include\c++\10.2.1\bits\stl_algo.h **** 		      _Compare __comp)
1788:c:\program files\daisytoolchain\arm-none-eabi\include\c++\10.2.1\bits\stl_algo.h ****     {
1789:c:\program files\daisytoolchain\arm-none-eabi\include\c++\10.2.1\bits\stl_algo.h **** #ifdef _GLIBCXX_CONCEPT_CHECKS
1790:c:\program files\daisytoolchain\arm-none-eabi\include\c++\10.2.1\bits\stl_algo.h ****       typedef typename iterator_traits<_InputIterator>::value_type
1791:c:\program files\daisytoolchain\arm-none-eabi\include\c++\10.2.1\bits\stl_algo.h **** 	_InputValueType;
1792:c:\program files\daisytoolchain\arm-none-eabi\include\c++\10.2.1\bits\stl_algo.h ****       typedef typename iterator_traits<_RandomAccessIterator>::value_type
1793:c:\program files\daisytoolchain\arm-none-eabi\include\c++\10.2.1\bits\stl_algo.h **** 	_OutputValueType;
1794:c:\program files\daisytoolchain\arm-none-eabi\include\c++\10.2.1\bits\stl_algo.h **** #endif
1795:c:\program files\daisytoolchain\arm-none-eabi\include\c++\10.2.1\bits\stl_algo.h **** 
1796:c:\program files\daisytoolchain\arm-none-eabi\include\c++\10.2.1\bits\stl_algo.h ****       // concept requirements
1797:c:\program files\daisytoolchain\arm-none-eabi\include\c++\10.2.1\bits\stl_algo.h ****       __glibcxx_function_requires(_InputIteratorConcept<_InputIterator>)
1798:c:\program files\daisytoolchain\arm-none-eabi\include\c++\10.2.1\bits\stl_algo.h ****       __glibcxx_function_requires(_Mutable_RandomAccessIteratorConcept<
1799:c:\program files\daisytoolchain\arm-none-eabi\include\c++\10.2.1\bits\stl_algo.h **** 				  _RandomAccessIterator>)
1800:c:\program files\daisytoolchain\arm-none-eabi\include\c++\10.2.1\bits\stl_algo.h ****       __glibcxx_function_requires(_ConvertibleConcept<_InputValueType,
1801:c:\program files\daisytoolchain\arm-none-eabi\include\c++\10.2.1\bits\stl_algo.h **** 				  _OutputValueType>)
1802:c:\program files\daisytoolchain\arm-none-eabi\include\c++\10.2.1\bits\stl_algo.h ****       __glibcxx_function_requires(_BinaryPredicateConcept<_Compare,
1803:c:\program files\daisytoolchain\arm-none-eabi\include\c++\10.2.1\bits\stl_algo.h **** 				  _InputValueType, _OutputValueType>)
1804:c:\program files\daisytoolchain\arm-none-eabi\include\c++\10.2.1\bits\stl_algo.h ****       __glibcxx_function_requires(_BinaryPredicateConcept<_Compare,
1805:c:\program files\daisytoolchain\arm-none-eabi\include\c++\10.2.1\bits\stl_algo.h **** 				  _OutputValueType, _OutputValueType>)
1806:c:\program files\daisytoolchain\arm-none-eabi\include\c++\10.2.1\bits\stl_algo.h ****       __glibcxx_requires_valid_range(__first, __last);
1807:c:\program files\daisytoolchain\arm-none-eabi\include\c++\10.2.1\bits\stl_algo.h ****       __glibcxx_requires_irreflexive_pred(__first, __last, __comp);
1808:c:\program files\daisytoolchain\arm-none-eabi\include\c++\10.2.1\bits\stl_algo.h ****       __glibcxx_requires_valid_range(__result_first, __result_last);
1809:c:\program files\daisytoolchain\arm-none-eabi\include\c++\10.2.1\bits\stl_algo.h **** 
1810:c:\program files\daisytoolchain\arm-none-eabi\include\c++\10.2.1\bits\stl_algo.h ****       return std::__partial_sort_copy(__first, __last,
1811:c:\program files\daisytoolchain\arm-none-eabi\include\c++\10.2.1\bits\stl_algo.h **** 				      __result_first, __result_last,
1812:c:\program files\daisytoolchain\arm-none-eabi\include\c++\10.2.1\bits\stl_algo.h **** 				__gnu_cxx::__ops::__iter_comp_iter(__comp));
1813:c:\program files\daisytoolchain\arm-none-eabi\include\c++\10.2.1\bits\stl_algo.h ****     }
1814:c:\program files\daisytoolchain\arm-none-eabi\include\c++\10.2.1\bits\stl_algo.h **** 
1815:c:\program files\daisytoolchain\arm-none-eabi\include\c++\10.2.1\bits\stl_algo.h ****   /// This is a helper function for the sort routine.
1816:c:\program files\daisytoolchain\arm-none-eabi\include\c++\10.2.1\bits\stl_algo.h ****   template<typename _RandomAccessIterator, typename _Compare>
1817:c:\program files\daisytoolchain\arm-none-eabi\include\c++\10.2.1\bits\stl_algo.h ****     _GLIBCXX20_CONSTEXPR
1818:c:\program files\daisytoolchain\arm-none-eabi\include\c++\10.2.1\bits\stl_algo.h ****     void
1819:c:\program files\daisytoolchain\arm-none-eabi\include\c++\10.2.1\bits\stl_algo.h ****     __unguarded_linear_insert(_RandomAccessIterator __last,
1820:c:\program files\daisytoolchain\arm-none-eabi\include\c++\10.2.1\bits\stl_algo.h **** 			      _Compare __comp)
1821:c:\program files\daisytoolchain\arm-none-eabi\include\c++\10.2.1\bits\stl_algo.h ****     {
1822:c:\program files\daisytoolchain\arm-none-eabi\include\c++\10.2.1\bits\stl_algo.h ****       typename iterator_traits<_RandomAccessIterator>::value_type
1823:c:\program files\daisytoolchain\arm-none-eabi\include\c++\10.2.1\bits\stl_algo.h **** 	__val = _GLIBCXX_MOVE(*__last);
1824:c:\program files\daisytoolchain\arm-none-eabi\include\c++\10.2.1\bits\stl_algo.h ****       _RandomAccessIterator __next = __last;
1825:c:\program files\daisytoolchain\arm-none-eabi\include\c++\10.2.1\bits\stl_algo.h ****       --__next;
1826:c:\program files\daisytoolchain\arm-none-eabi\include\c++\10.2.1\bits\stl_algo.h ****       while (__comp(__val, __next))
1827:c:\program files\daisytoolchain\arm-none-eabi\include\c++\10.2.1\bits\stl_algo.h **** 	{
1828:c:\program files\daisytoolchain\arm-none-eabi\include\c++\10.2.1\bits\stl_algo.h **** 	  *__last = _GLIBCXX_MOVE(*__next);
1829:c:\program files\daisytoolchain\arm-none-eabi\include\c++\10.2.1\bits\stl_algo.h **** 	  __last = __next;
1830:c:\program files\daisytoolchain\arm-none-eabi\include\c++\10.2.1\bits\stl_algo.h **** 	  --__next;
1831:c:\program files\daisytoolchain\arm-none-eabi\include\c++\10.2.1\bits\stl_algo.h **** 	}
1832:c:\program files\daisytoolchain\arm-none-eabi\include\c++\10.2.1\bits\stl_algo.h ****       *__last = _GLIBCXX_MOVE(__val);
1833:c:\program files\daisytoolchain\arm-none-eabi\include\c++\10.2.1\bits\stl_algo.h ****     }
1834:c:\program files\daisytoolchain\arm-none-eabi\include\c++\10.2.1\bits\stl_algo.h **** 
1835:c:\program files\daisytoolchain\arm-none-eabi\include\c++\10.2.1\bits\stl_algo.h ****   /// This is a helper function for the sort routine.
1836:c:\program files\daisytoolchain\arm-none-eabi\include\c++\10.2.1\bits\stl_algo.h ****   template<typename _RandomAccessIterator, typename _Compare>
1837:c:\program files\daisytoolchain\arm-none-eabi\include\c++\10.2.1\bits\stl_algo.h ****     _GLIBCXX20_CONSTEXPR
1838:c:\program files\daisytoolchain\arm-none-eabi\include\c++\10.2.1\bits\stl_algo.h ****     void
1839:c:\program files\daisytoolchain\arm-none-eabi\include\c++\10.2.1\bits\stl_algo.h ****     __insertion_sort(_RandomAccessIterator __first,
1840:c:\program files\daisytoolchain\arm-none-eabi\include\c++\10.2.1\bits\stl_algo.h **** 		     _RandomAccessIterator __last, _Compare __comp)
1841:c:\program files\daisytoolchain\arm-none-eabi\include\c++\10.2.1\bits\stl_algo.h ****     {
1842:c:\program files\daisytoolchain\arm-none-eabi\include\c++\10.2.1\bits\stl_algo.h ****       if (__first == __last) return;
ARM GAS  C:\Users\FINNDY~1\AppData\Local\Temp\ccFWr46h.s 			page 36


1843:c:\program files\daisytoolchain\arm-none-eabi\include\c++\10.2.1\bits\stl_algo.h **** 
1844:c:\program files\daisytoolchain\arm-none-eabi\include\c++\10.2.1\bits\stl_algo.h ****       for (_RandomAccessIterator __i = __first + 1; __i != __last; ++__i)
1845:c:\program files\daisytoolchain\arm-none-eabi\include\c++\10.2.1\bits\stl_algo.h **** 	{
1846:c:\program files\daisytoolchain\arm-none-eabi\include\c++\10.2.1\bits\stl_algo.h **** 	  if (__comp(__i, __first))
1847:c:\program files\daisytoolchain\arm-none-eabi\include\c++\10.2.1\bits\stl_algo.h **** 	    {
1848:c:\program files\daisytoolchain\arm-none-eabi\include\c++\10.2.1\bits\stl_algo.h **** 	      typename iterator_traits<_RandomAccessIterator>::value_type
1849:c:\program files\daisytoolchain\arm-none-eabi\include\c++\10.2.1\bits\stl_algo.h **** 		__val = _GLIBCXX_MOVE(*__i);
1850:c:\program files\daisytoolchain\arm-none-eabi\include\c++\10.2.1\bits\stl_algo.h **** 	      _GLIBCXX_MOVE_BACKWARD3(__first, __i, __i + 1);
1851:c:\program files\daisytoolchain\arm-none-eabi\include\c++\10.2.1\bits\stl_algo.h **** 	      *__first = _GLIBCXX_MOVE(__val);
1852:c:\program files\daisytoolchain\arm-none-eabi\include\c++\10.2.1\bits\stl_algo.h **** 	    }
1853:c:\program files\daisytoolchain\arm-none-eabi\include\c++\10.2.1\bits\stl_algo.h **** 	  else
1854:c:\program files\daisytoolchain\arm-none-eabi\include\c++\10.2.1\bits\stl_algo.h **** 	    std::__unguarded_linear_insert(__i,
1855:c:\program files\daisytoolchain\arm-none-eabi\include\c++\10.2.1\bits\stl_algo.h **** 				__gnu_cxx::__ops::__val_comp_iter(__comp));
1856:c:\program files\daisytoolchain\arm-none-eabi\include\c++\10.2.1\bits\stl_algo.h **** 	}
1857:c:\program files\daisytoolchain\arm-none-eabi\include\c++\10.2.1\bits\stl_algo.h ****     }
1858:c:\program files\daisytoolchain\arm-none-eabi\include\c++\10.2.1\bits\stl_algo.h **** 
1859:c:\program files\daisytoolchain\arm-none-eabi\include\c++\10.2.1\bits\stl_algo.h ****   /// This is a helper function for the sort routine.
1860:c:\program files\daisytoolchain\arm-none-eabi\include\c++\10.2.1\bits\stl_algo.h ****   template<typename _RandomAccessIterator, typename _Compare>
1861:c:\program files\daisytoolchain\arm-none-eabi\include\c++\10.2.1\bits\stl_algo.h ****     _GLIBCXX20_CONSTEXPR
1862:c:\program files\daisytoolchain\arm-none-eabi\include\c++\10.2.1\bits\stl_algo.h ****     inline void
1863:c:\program files\daisytoolchain\arm-none-eabi\include\c++\10.2.1\bits\stl_algo.h ****     __unguarded_insertion_sort(_RandomAccessIterator __first,
1864:c:\program files\daisytoolchain\arm-none-eabi\include\c++\10.2.1\bits\stl_algo.h **** 			       _RandomAccessIterator __last, _Compare __comp)
1865:c:\program files\daisytoolchain\arm-none-eabi\include\c++\10.2.1\bits\stl_algo.h ****     {
1866:c:\program files\daisytoolchain\arm-none-eabi\include\c++\10.2.1\bits\stl_algo.h ****       for (_RandomAccessIterator __i = __first; __i != __last; ++__i)
1867:c:\program files\daisytoolchain\arm-none-eabi\include\c++\10.2.1\bits\stl_algo.h **** 	std::__unguarded_linear_insert(__i,
1868:c:\program files\daisytoolchain\arm-none-eabi\include\c++\10.2.1\bits\stl_algo.h **** 				__gnu_cxx::__ops::__val_comp_iter(__comp));
1869:c:\program files\daisytoolchain\arm-none-eabi\include\c++\10.2.1\bits\stl_algo.h ****     }
1870:c:\program files\daisytoolchain\arm-none-eabi\include\c++\10.2.1\bits\stl_algo.h **** 
1871:c:\program files\daisytoolchain\arm-none-eabi\include\c++\10.2.1\bits\stl_algo.h ****   /**
1872:c:\program files\daisytoolchain\arm-none-eabi\include\c++\10.2.1\bits\stl_algo.h ****    *  @doctodo
1873:c:\program files\daisytoolchain\arm-none-eabi\include\c++\10.2.1\bits\stl_algo.h ****    *  This controls some aspect of the sort routines.
1874:c:\program files\daisytoolchain\arm-none-eabi\include\c++\10.2.1\bits\stl_algo.h ****   */
1875:c:\program files\daisytoolchain\arm-none-eabi\include\c++\10.2.1\bits\stl_algo.h ****   enum { _S_threshold = 16 };
1876:c:\program files\daisytoolchain\arm-none-eabi\include\c++\10.2.1\bits\stl_algo.h **** 
1877:c:\program files\daisytoolchain\arm-none-eabi\include\c++\10.2.1\bits\stl_algo.h ****   /// This is a helper function for the sort routine.
1878:c:\program files\daisytoolchain\arm-none-eabi\include\c++\10.2.1\bits\stl_algo.h ****   template<typename _RandomAccessIterator, typename _Compare>
1879:c:\program files\daisytoolchain\arm-none-eabi\include\c++\10.2.1\bits\stl_algo.h ****     _GLIBCXX20_CONSTEXPR
1880:c:\program files\daisytoolchain\arm-none-eabi\include\c++\10.2.1\bits\stl_algo.h ****     void
1881:c:\program files\daisytoolchain\arm-none-eabi\include\c++\10.2.1\bits\stl_algo.h ****     __final_insertion_sort(_RandomAccessIterator __first,
1882:c:\program files\daisytoolchain\arm-none-eabi\include\c++\10.2.1\bits\stl_algo.h **** 			   _RandomAccessIterator __last, _Compare __comp)
1883:c:\program files\daisytoolchain\arm-none-eabi\include\c++\10.2.1\bits\stl_algo.h ****     {
1884:c:\program files\daisytoolchain\arm-none-eabi\include\c++\10.2.1\bits\stl_algo.h ****       if (__last - __first > int(_S_threshold))
1885:c:\program files\daisytoolchain\arm-none-eabi\include\c++\10.2.1\bits\stl_algo.h **** 	{
1886:c:\program files\daisytoolchain\arm-none-eabi\include\c++\10.2.1\bits\stl_algo.h **** 	  std::__insertion_sort(__first, __first + int(_S_threshold), __comp);
1887:c:\program files\daisytoolchain\arm-none-eabi\include\c++\10.2.1\bits\stl_algo.h **** 	  std::__unguarded_insertion_sort(__first + int(_S_threshold), __last,
1888:c:\program files\daisytoolchain\arm-none-eabi\include\c++\10.2.1\bits\stl_algo.h **** 					  __comp);
1889:c:\program files\daisytoolchain\arm-none-eabi\include\c++\10.2.1\bits\stl_algo.h **** 	}
1890:c:\program files\daisytoolchain\arm-none-eabi\include\c++\10.2.1\bits\stl_algo.h ****       else
1891:c:\program files\daisytoolchain\arm-none-eabi\include\c++\10.2.1\bits\stl_algo.h **** 	std::__insertion_sort(__first, __last, __comp);
1892:c:\program files\daisytoolchain\arm-none-eabi\include\c++\10.2.1\bits\stl_algo.h ****     }
1893:c:\program files\daisytoolchain\arm-none-eabi\include\c++\10.2.1\bits\stl_algo.h **** 
1894:c:\program files\daisytoolchain\arm-none-eabi\include\c++\10.2.1\bits\stl_algo.h ****   /// This is a helper function...
1895:c:\program files\daisytoolchain\arm-none-eabi\include\c++\10.2.1\bits\stl_algo.h ****   template<typename _RandomAccessIterator, typename _Compare>
1896:c:\program files\daisytoolchain\arm-none-eabi\include\c++\10.2.1\bits\stl_algo.h ****     _GLIBCXX20_CONSTEXPR
1897:c:\program files\daisytoolchain\arm-none-eabi\include\c++\10.2.1\bits\stl_algo.h ****     _RandomAccessIterator
1898:c:\program files\daisytoolchain\arm-none-eabi\include\c++\10.2.1\bits\stl_algo.h ****     __unguarded_partition(_RandomAccessIterator __first,
1899:c:\program files\daisytoolchain\arm-none-eabi\include\c++\10.2.1\bits\stl_algo.h **** 			  _RandomAccessIterator __last,
ARM GAS  C:\Users\FINNDY~1\AppData\Local\Temp\ccFWr46h.s 			page 37


1900:c:\program files\daisytoolchain\arm-none-eabi\include\c++\10.2.1\bits\stl_algo.h **** 			  _RandomAccessIterator __pivot, _Compare __comp)
1901:c:\program files\daisytoolchain\arm-none-eabi\include\c++\10.2.1\bits\stl_algo.h ****     {
1902:c:\program files\daisytoolchain\arm-none-eabi\include\c++\10.2.1\bits\stl_algo.h ****       while (true)
1903:c:\program files\daisytoolchain\arm-none-eabi\include\c++\10.2.1\bits\stl_algo.h **** 	{
1904:c:\program files\daisytoolchain\arm-none-eabi\include\c++\10.2.1\bits\stl_algo.h **** 	  while (__comp(__first, __pivot))
1905:c:\program files\daisytoolchain\arm-none-eabi\include\c++\10.2.1\bits\stl_algo.h **** 	    ++__first;
1906:c:\program files\daisytoolchain\arm-none-eabi\include\c++\10.2.1\bits\stl_algo.h **** 	  --__last;
1907:c:\program files\daisytoolchain\arm-none-eabi\include\c++\10.2.1\bits\stl_algo.h **** 	  while (__comp(__pivot, __last))
1908:c:\program files\daisytoolchain\arm-none-eabi\include\c++\10.2.1\bits\stl_algo.h **** 	    --__last;
1909:c:\program files\daisytoolchain\arm-none-eabi\include\c++\10.2.1\bits\stl_algo.h **** 	  if (!(__first < __last))
1910:c:\program files\daisytoolchain\arm-none-eabi\include\c++\10.2.1\bits\stl_algo.h **** 	    return __first;
1911:c:\program files\daisytoolchain\arm-none-eabi\include\c++\10.2.1\bits\stl_algo.h **** 	  std::iter_swap(__first, __last);
1912:c:\program files\daisytoolchain\arm-none-eabi\include\c++\10.2.1\bits\stl_algo.h **** 	  ++__first;
1913:c:\program files\daisytoolchain\arm-none-eabi\include\c++\10.2.1\bits\stl_algo.h **** 	}
1914:c:\program files\daisytoolchain\arm-none-eabi\include\c++\10.2.1\bits\stl_algo.h ****     }
1915:c:\program files\daisytoolchain\arm-none-eabi\include\c++\10.2.1\bits\stl_algo.h **** 
1916:c:\program files\daisytoolchain\arm-none-eabi\include\c++\10.2.1\bits\stl_algo.h ****   /// This is a helper function...
1917:c:\program files\daisytoolchain\arm-none-eabi\include\c++\10.2.1\bits\stl_algo.h ****   template<typename _RandomAccessIterator, typename _Compare>
1918:c:\program files\daisytoolchain\arm-none-eabi\include\c++\10.2.1\bits\stl_algo.h ****     _GLIBCXX20_CONSTEXPR
1919:c:\program files\daisytoolchain\arm-none-eabi\include\c++\10.2.1\bits\stl_algo.h ****     inline _RandomAccessIterator
1920:c:\program files\daisytoolchain\arm-none-eabi\include\c++\10.2.1\bits\stl_algo.h ****     __unguarded_partition_pivot(_RandomAccessIterator __first,
1921:c:\program files\daisytoolchain\arm-none-eabi\include\c++\10.2.1\bits\stl_algo.h **** 				_RandomAccessIterator __last, _Compare __comp)
1922:c:\program files\daisytoolchain\arm-none-eabi\include\c++\10.2.1\bits\stl_algo.h ****     {
1923:c:\program files\daisytoolchain\arm-none-eabi\include\c++\10.2.1\bits\stl_algo.h ****       _RandomAccessIterator __mid = __first + (__last - __first) / 2;
1924:c:\program files\daisytoolchain\arm-none-eabi\include\c++\10.2.1\bits\stl_algo.h ****       std::__move_median_to_first(__first, __first + 1, __mid, __last - 1,
1925:c:\program files\daisytoolchain\arm-none-eabi\include\c++\10.2.1\bits\stl_algo.h **** 				  __comp);
1926:c:\program files\daisytoolchain\arm-none-eabi\include\c++\10.2.1\bits\stl_algo.h ****       return std::__unguarded_partition(__first + 1, __last, __first, __comp);
1927:c:\program files\daisytoolchain\arm-none-eabi\include\c++\10.2.1\bits\stl_algo.h ****     }
1928:c:\program files\daisytoolchain\arm-none-eabi\include\c++\10.2.1\bits\stl_algo.h **** 
1929:c:\program files\daisytoolchain\arm-none-eabi\include\c++\10.2.1\bits\stl_algo.h ****   template<typename _RandomAccessIterator, typename _Compare>
1930:c:\program files\daisytoolchain\arm-none-eabi\include\c++\10.2.1\bits\stl_algo.h ****     _GLIBCXX20_CONSTEXPR
1931:c:\program files\daisytoolchain\arm-none-eabi\include\c++\10.2.1\bits\stl_algo.h ****     inline void
1932:c:\program files\daisytoolchain\arm-none-eabi\include\c++\10.2.1\bits\stl_algo.h ****     __partial_sort(_RandomAccessIterator __first,
1933:c:\program files\daisytoolchain\arm-none-eabi\include\c++\10.2.1\bits\stl_algo.h **** 		   _RandomAccessIterator __middle,
1934:c:\program files\daisytoolchain\arm-none-eabi\include\c++\10.2.1\bits\stl_algo.h **** 		   _RandomAccessIterator __last,
1935:c:\program files\daisytoolchain\arm-none-eabi\include\c++\10.2.1\bits\stl_algo.h **** 		   _Compare __comp)
1936:c:\program files\daisytoolchain\arm-none-eabi\include\c++\10.2.1\bits\stl_algo.h ****     {
1937:c:\program files\daisytoolchain\arm-none-eabi\include\c++\10.2.1\bits\stl_algo.h ****       std::__heap_select(__first, __middle, __last, __comp);
1938:c:\program files\daisytoolchain\arm-none-eabi\include\c++\10.2.1\bits\stl_algo.h ****       std::__sort_heap(__first, __middle, __comp);
1939:c:\program files\daisytoolchain\arm-none-eabi\include\c++\10.2.1\bits\stl_algo.h ****     }
1940:c:\program files\daisytoolchain\arm-none-eabi\include\c++\10.2.1\bits\stl_algo.h **** 
1941:c:\program files\daisytoolchain\arm-none-eabi\include\c++\10.2.1\bits\stl_algo.h ****   /// This is a helper function for the sort routine.
1942:c:\program files\daisytoolchain\arm-none-eabi\include\c++\10.2.1\bits\stl_algo.h ****   template<typename _RandomAccessIterator, typename _Size, typename _Compare>
1943:c:\program files\daisytoolchain\arm-none-eabi\include\c++\10.2.1\bits\stl_algo.h ****     _GLIBCXX20_CONSTEXPR
1944:c:\program files\daisytoolchain\arm-none-eabi\include\c++\10.2.1\bits\stl_algo.h ****     void
1945:c:\program files\daisytoolchain\arm-none-eabi\include\c++\10.2.1\bits\stl_algo.h ****     __introsort_loop(_RandomAccessIterator __first,
1946:c:\program files\daisytoolchain\arm-none-eabi\include\c++\10.2.1\bits\stl_algo.h **** 		     _RandomAccessIterator __last,
1947:c:\program files\daisytoolchain\arm-none-eabi\include\c++\10.2.1\bits\stl_algo.h **** 		     _Size __depth_limit, _Compare __comp)
1948:c:\program files\daisytoolchain\arm-none-eabi\include\c++\10.2.1\bits\stl_algo.h ****     {
1949:c:\program files\daisytoolchain\arm-none-eabi\include\c++\10.2.1\bits\stl_algo.h ****       while (__last - __first > int(_S_threshold))
1950:c:\program files\daisytoolchain\arm-none-eabi\include\c++\10.2.1\bits\stl_algo.h **** 	{
1951:c:\program files\daisytoolchain\arm-none-eabi\include\c++\10.2.1\bits\stl_algo.h **** 	  if (__depth_limit == 0)
1952:c:\program files\daisytoolchain\arm-none-eabi\include\c++\10.2.1\bits\stl_algo.h **** 	    {
1953:c:\program files\daisytoolchain\arm-none-eabi\include\c++\10.2.1\bits\stl_algo.h **** 	      std::__partial_sort(__first, __last, __last, __comp);
1954:c:\program files\daisytoolchain\arm-none-eabi\include\c++\10.2.1\bits\stl_algo.h **** 	      return;
1955:c:\program files\daisytoolchain\arm-none-eabi\include\c++\10.2.1\bits\stl_algo.h **** 	    }
1956:c:\program files\daisytoolchain\arm-none-eabi\include\c++\10.2.1\bits\stl_algo.h **** 	  --__depth_limit;
ARM GAS  C:\Users\FINNDY~1\AppData\Local\Temp\ccFWr46h.s 			page 38


1957:c:\program files\daisytoolchain\arm-none-eabi\include\c++\10.2.1\bits\stl_algo.h **** 	  _RandomAccessIterator __cut =
1958:c:\program files\daisytoolchain\arm-none-eabi\include\c++\10.2.1\bits\stl_algo.h **** 	    std::__unguarded_partition_pivot(__first, __last, __comp);
1959:c:\program files\daisytoolchain\arm-none-eabi\include\c++\10.2.1\bits\stl_algo.h **** 	  std::__introsort_loop(__cut, __last, __depth_limit, __comp);
1960:c:\program files\daisytoolchain\arm-none-eabi\include\c++\10.2.1\bits\stl_algo.h **** 	  __last = __cut;
1961:c:\program files\daisytoolchain\arm-none-eabi\include\c++\10.2.1\bits\stl_algo.h **** 	}
1962:c:\program files\daisytoolchain\arm-none-eabi\include\c++\10.2.1\bits\stl_algo.h ****     }
1963:c:\program files\daisytoolchain\arm-none-eabi\include\c++\10.2.1\bits\stl_algo.h **** 
1964:c:\program files\daisytoolchain\arm-none-eabi\include\c++\10.2.1\bits\stl_algo.h ****   // sort
1965:c:\program files\daisytoolchain\arm-none-eabi\include\c++\10.2.1\bits\stl_algo.h **** 
1966:c:\program files\daisytoolchain\arm-none-eabi\include\c++\10.2.1\bits\stl_algo.h ****   template<typename _RandomAccessIterator, typename _Compare>
1967:c:\program files\daisytoolchain\arm-none-eabi\include\c++\10.2.1\bits\stl_algo.h ****     _GLIBCXX20_CONSTEXPR
1968:c:\program files\daisytoolchain\arm-none-eabi\include\c++\10.2.1\bits\stl_algo.h ****     inline void
1969:c:\program files\daisytoolchain\arm-none-eabi\include\c++\10.2.1\bits\stl_algo.h ****     __sort(_RandomAccessIterator __first, _RandomAccessIterator __last,
1970:c:\program files\daisytoolchain\arm-none-eabi\include\c++\10.2.1\bits\stl_algo.h **** 	   _Compare __comp)
1971:c:\program files\daisytoolchain\arm-none-eabi\include\c++\10.2.1\bits\stl_algo.h ****     {
1972:c:\program files\daisytoolchain\arm-none-eabi\include\c++\10.2.1\bits\stl_algo.h ****       if (__first != __last)
1973:c:\program files\daisytoolchain\arm-none-eabi\include\c++\10.2.1\bits\stl_algo.h **** 	{
1974:c:\program files\daisytoolchain\arm-none-eabi\include\c++\10.2.1\bits\stl_algo.h **** 	  std::__introsort_loop(__first, __last,
1975:c:\program files\daisytoolchain\arm-none-eabi\include\c++\10.2.1\bits\stl_algo.h **** 				std::__lg(__last - __first) * 2,
1976:c:\program files\daisytoolchain\arm-none-eabi\include\c++\10.2.1\bits\stl_algo.h **** 				__comp);
1977:c:\program files\daisytoolchain\arm-none-eabi\include\c++\10.2.1\bits\stl_algo.h **** 	  std::__final_insertion_sort(__first, __last, __comp);
1978:c:\program files\daisytoolchain\arm-none-eabi\include\c++\10.2.1\bits\stl_algo.h **** 	}
1979:c:\program files\daisytoolchain\arm-none-eabi\include\c++\10.2.1\bits\stl_algo.h ****     }
1980:c:\program files\daisytoolchain\arm-none-eabi\include\c++\10.2.1\bits\stl_algo.h **** 
1981:c:\program files\daisytoolchain\arm-none-eabi\include\c++\10.2.1\bits\stl_algo.h ****   template<typename _RandomAccessIterator, typename _Size, typename _Compare>
1982:c:\program files\daisytoolchain\arm-none-eabi\include\c++\10.2.1\bits\stl_algo.h ****     _GLIBCXX20_CONSTEXPR
1983:c:\program files\daisytoolchain\arm-none-eabi\include\c++\10.2.1\bits\stl_algo.h ****     void
1984:c:\program files\daisytoolchain\arm-none-eabi\include\c++\10.2.1\bits\stl_algo.h ****     __introselect(_RandomAccessIterator __first, _RandomAccessIterator __nth,
1985:c:\program files\daisytoolchain\arm-none-eabi\include\c++\10.2.1\bits\stl_algo.h **** 		  _RandomAccessIterator __last, _Size __depth_limit,
1986:c:\program files\daisytoolchain\arm-none-eabi\include\c++\10.2.1\bits\stl_algo.h **** 		  _Compare __comp)
1987:c:\program files\daisytoolchain\arm-none-eabi\include\c++\10.2.1\bits\stl_algo.h ****     {
1988:c:\program files\daisytoolchain\arm-none-eabi\include\c++\10.2.1\bits\stl_algo.h ****       while (__last - __first > 3)
1989:c:\program files\daisytoolchain\arm-none-eabi\include\c++\10.2.1\bits\stl_algo.h **** 	{
1990:c:\program files\daisytoolchain\arm-none-eabi\include\c++\10.2.1\bits\stl_algo.h **** 	  if (__depth_limit == 0)
1991:c:\program files\daisytoolchain\arm-none-eabi\include\c++\10.2.1\bits\stl_algo.h **** 	    {
1992:c:\program files\daisytoolchain\arm-none-eabi\include\c++\10.2.1\bits\stl_algo.h **** 	      std::__heap_select(__first, __nth + 1, __last, __comp);
1993:c:\program files\daisytoolchain\arm-none-eabi\include\c++\10.2.1\bits\stl_algo.h **** 	      // Place the nth largest element in its final position.
1994:c:\program files\daisytoolchain\arm-none-eabi\include\c++\10.2.1\bits\stl_algo.h **** 	      std::iter_swap(__first, __nth);
1995:c:\program files\daisytoolchain\arm-none-eabi\include\c++\10.2.1\bits\stl_algo.h **** 	      return;
1996:c:\program files\daisytoolchain\arm-none-eabi\include\c++\10.2.1\bits\stl_algo.h **** 	    }
1997:c:\program files\daisytoolchain\arm-none-eabi\include\c++\10.2.1\bits\stl_algo.h **** 	  --__depth_limit;
1998:c:\program files\daisytoolchain\arm-none-eabi\include\c++\10.2.1\bits\stl_algo.h **** 	  _RandomAccessIterator __cut =
1999:c:\program files\daisytoolchain\arm-none-eabi\include\c++\10.2.1\bits\stl_algo.h **** 	    std::__unguarded_partition_pivot(__first, __last, __comp);
2000:c:\program files\daisytoolchain\arm-none-eabi\include\c++\10.2.1\bits\stl_algo.h **** 	  if (__cut <= __nth)
2001:c:\program files\daisytoolchain\arm-none-eabi\include\c++\10.2.1\bits\stl_algo.h **** 	    __first = __cut;
2002:c:\program files\daisytoolchain\arm-none-eabi\include\c++\10.2.1\bits\stl_algo.h **** 	  else
2003:c:\program files\daisytoolchain\arm-none-eabi\include\c++\10.2.1\bits\stl_algo.h **** 	    __last = __cut;
2004:c:\program files\daisytoolchain\arm-none-eabi\include\c++\10.2.1\bits\stl_algo.h **** 	}
2005:c:\program files\daisytoolchain\arm-none-eabi\include\c++\10.2.1\bits\stl_algo.h ****       std::__insertion_sort(__first, __last, __comp);
2006:c:\program files\daisytoolchain\arm-none-eabi\include\c++\10.2.1\bits\stl_algo.h ****     }
2007:c:\program files\daisytoolchain\arm-none-eabi\include\c++\10.2.1\bits\stl_algo.h **** 
2008:c:\program files\daisytoolchain\arm-none-eabi\include\c++\10.2.1\bits\stl_algo.h ****   // nth_element
2009:c:\program files\daisytoolchain\arm-none-eabi\include\c++\10.2.1\bits\stl_algo.h **** 
2010:c:\program files\daisytoolchain\arm-none-eabi\include\c++\10.2.1\bits\stl_algo.h ****   // lower_bound moved to stl_algobase.h
2011:c:\program files\daisytoolchain\arm-none-eabi\include\c++\10.2.1\bits\stl_algo.h **** 
2012:c:\program files\daisytoolchain\arm-none-eabi\include\c++\10.2.1\bits\stl_algo.h ****   /**
2013:c:\program files\daisytoolchain\arm-none-eabi\include\c++\10.2.1\bits\stl_algo.h ****    *  @brief Finds the first position in which @p __val could be inserted
ARM GAS  C:\Users\FINNDY~1\AppData\Local\Temp\ccFWr46h.s 			page 39


2014:c:\program files\daisytoolchain\arm-none-eabi\include\c++\10.2.1\bits\stl_algo.h ****    *         without changing the ordering.
2015:c:\program files\daisytoolchain\arm-none-eabi\include\c++\10.2.1\bits\stl_algo.h ****    *  @ingroup binary_search_algorithms
2016:c:\program files\daisytoolchain\arm-none-eabi\include\c++\10.2.1\bits\stl_algo.h ****    *  @param  __first   An iterator.
2017:c:\program files\daisytoolchain\arm-none-eabi\include\c++\10.2.1\bits\stl_algo.h ****    *  @param  __last    Another iterator.
2018:c:\program files\daisytoolchain\arm-none-eabi\include\c++\10.2.1\bits\stl_algo.h ****    *  @param  __val     The search term.
2019:c:\program files\daisytoolchain\arm-none-eabi\include\c++\10.2.1\bits\stl_algo.h ****    *  @param  __comp    A functor to use for comparisons.
2020:c:\program files\daisytoolchain\arm-none-eabi\include\c++\10.2.1\bits\stl_algo.h ****    *  @return An iterator pointing to the first element <em>not less
2021:c:\program files\daisytoolchain\arm-none-eabi\include\c++\10.2.1\bits\stl_algo.h ****    *           than</em> @p __val, or end() if every element is less
2022:c:\program files\daisytoolchain\arm-none-eabi\include\c++\10.2.1\bits\stl_algo.h ****    *           than @p __val.
2023:c:\program files\daisytoolchain\arm-none-eabi\include\c++\10.2.1\bits\stl_algo.h ****    *  @ingroup binary_search_algorithms
2024:c:\program files\daisytoolchain\arm-none-eabi\include\c++\10.2.1\bits\stl_algo.h ****    *
2025:c:\program files\daisytoolchain\arm-none-eabi\include\c++\10.2.1\bits\stl_algo.h ****    *  The comparison function should have the same effects on ordering as
2026:c:\program files\daisytoolchain\arm-none-eabi\include\c++\10.2.1\bits\stl_algo.h ****    *  the function used for the initial sort.
2027:c:\program files\daisytoolchain\arm-none-eabi\include\c++\10.2.1\bits\stl_algo.h ****   */
2028:c:\program files\daisytoolchain\arm-none-eabi\include\c++\10.2.1\bits\stl_algo.h ****   template<typename _ForwardIterator, typename _Tp, typename _Compare>
2029:c:\program files\daisytoolchain\arm-none-eabi\include\c++\10.2.1\bits\stl_algo.h ****     _GLIBCXX20_CONSTEXPR
2030:c:\program files\daisytoolchain\arm-none-eabi\include\c++\10.2.1\bits\stl_algo.h ****     inline _ForwardIterator
2031:c:\program files\daisytoolchain\arm-none-eabi\include\c++\10.2.1\bits\stl_algo.h ****     lower_bound(_ForwardIterator __first, _ForwardIterator __last,
2032:c:\program files\daisytoolchain\arm-none-eabi\include\c++\10.2.1\bits\stl_algo.h **** 		const _Tp& __val, _Compare __comp)
2033:c:\program files\daisytoolchain\arm-none-eabi\include\c++\10.2.1\bits\stl_algo.h ****     {
2034:c:\program files\daisytoolchain\arm-none-eabi\include\c++\10.2.1\bits\stl_algo.h ****       // concept requirements
2035:c:\program files\daisytoolchain\arm-none-eabi\include\c++\10.2.1\bits\stl_algo.h ****       __glibcxx_function_requires(_ForwardIteratorConcept<_ForwardIterator>)
2036:c:\program files\daisytoolchain\arm-none-eabi\include\c++\10.2.1\bits\stl_algo.h ****       __glibcxx_function_requires(_BinaryPredicateConcept<_Compare,
2037:c:\program files\daisytoolchain\arm-none-eabi\include\c++\10.2.1\bits\stl_algo.h **** 	typename iterator_traits<_ForwardIterator>::value_type, _Tp>)
2038:c:\program files\daisytoolchain\arm-none-eabi\include\c++\10.2.1\bits\stl_algo.h ****       __glibcxx_requires_partitioned_lower_pred(__first, __last,
2039:c:\program files\daisytoolchain\arm-none-eabi\include\c++\10.2.1\bits\stl_algo.h **** 						__val, __comp);
2040:c:\program files\daisytoolchain\arm-none-eabi\include\c++\10.2.1\bits\stl_algo.h **** 
2041:c:\program files\daisytoolchain\arm-none-eabi\include\c++\10.2.1\bits\stl_algo.h ****       return std::__lower_bound(__first, __last, __val,
2042:c:\program files\daisytoolchain\arm-none-eabi\include\c++\10.2.1\bits\stl_algo.h **** 				__gnu_cxx::__ops::__iter_comp_val(__comp));
2043:c:\program files\daisytoolchain\arm-none-eabi\include\c++\10.2.1\bits\stl_algo.h ****     }
2044:c:\program files\daisytoolchain\arm-none-eabi\include\c++\10.2.1\bits\stl_algo.h **** 
2045:c:\program files\daisytoolchain\arm-none-eabi\include\c++\10.2.1\bits\stl_algo.h ****   template<typename _ForwardIterator, typename _Tp, typename _Compare>
2046:c:\program files\daisytoolchain\arm-none-eabi\include\c++\10.2.1\bits\stl_algo.h ****     _GLIBCXX20_CONSTEXPR
2047:c:\program files\daisytoolchain\arm-none-eabi\include\c++\10.2.1\bits\stl_algo.h ****     _ForwardIterator
2048:c:\program files\daisytoolchain\arm-none-eabi\include\c++\10.2.1\bits\stl_algo.h ****     __upper_bound(_ForwardIterator __first, _ForwardIterator __last,
2049:c:\program files\daisytoolchain\arm-none-eabi\include\c++\10.2.1\bits\stl_algo.h **** 		  const _Tp& __val, _Compare __comp)
2050:c:\program files\daisytoolchain\arm-none-eabi\include\c++\10.2.1\bits\stl_algo.h ****     {
2051:c:\program files\daisytoolchain\arm-none-eabi\include\c++\10.2.1\bits\stl_algo.h ****       typedef typename iterator_traits<_ForwardIterator>::difference_type
2052:c:\program files\daisytoolchain\arm-none-eabi\include\c++\10.2.1\bits\stl_algo.h **** 	_DistanceType;
2053:c:\program files\daisytoolchain\arm-none-eabi\include\c++\10.2.1\bits\stl_algo.h **** 
2054:c:\program files\daisytoolchain\arm-none-eabi\include\c++\10.2.1\bits\stl_algo.h ****       _DistanceType __len = std::distance(__first, __last);
2055:c:\program files\daisytoolchain\arm-none-eabi\include\c++\10.2.1\bits\stl_algo.h **** 
2056:c:\program files\daisytoolchain\arm-none-eabi\include\c++\10.2.1\bits\stl_algo.h ****       while (__len > 0)
2057:c:\program files\daisytoolchain\arm-none-eabi\include\c++\10.2.1\bits\stl_algo.h **** 	{
2058:c:\program files\daisytoolchain\arm-none-eabi\include\c++\10.2.1\bits\stl_algo.h **** 	  _DistanceType __half = __len >> 1;
2059:c:\program files\daisytoolchain\arm-none-eabi\include\c++\10.2.1\bits\stl_algo.h **** 	  _ForwardIterator __middle = __first;
2060:c:\program files\daisytoolchain\arm-none-eabi\include\c++\10.2.1\bits\stl_algo.h **** 	  std::advance(__middle, __half);
2061:c:\program files\daisytoolchain\arm-none-eabi\include\c++\10.2.1\bits\stl_algo.h **** 	  if (__comp(__val, __middle))
2062:c:\program files\daisytoolchain\arm-none-eabi\include\c++\10.2.1\bits\stl_algo.h **** 	    __len = __half;
2063:c:\program files\daisytoolchain\arm-none-eabi\include\c++\10.2.1\bits\stl_algo.h **** 	  else
2064:c:\program files\daisytoolchain\arm-none-eabi\include\c++\10.2.1\bits\stl_algo.h **** 	    {
2065:c:\program files\daisytoolchain\arm-none-eabi\include\c++\10.2.1\bits\stl_algo.h **** 	      __first = __middle;
2066:c:\program files\daisytoolchain\arm-none-eabi\include\c++\10.2.1\bits\stl_algo.h **** 	      ++__first;
2067:c:\program files\daisytoolchain\arm-none-eabi\include\c++\10.2.1\bits\stl_algo.h **** 	      __len = __len - __half - 1;
2068:c:\program files\daisytoolchain\arm-none-eabi\include\c++\10.2.1\bits\stl_algo.h **** 	    }
2069:c:\program files\daisytoolchain\arm-none-eabi\include\c++\10.2.1\bits\stl_algo.h **** 	}
2070:c:\program files\daisytoolchain\arm-none-eabi\include\c++\10.2.1\bits\stl_algo.h ****       return __first;
ARM GAS  C:\Users\FINNDY~1\AppData\Local\Temp\ccFWr46h.s 			page 40


2071:c:\program files\daisytoolchain\arm-none-eabi\include\c++\10.2.1\bits\stl_algo.h ****     }
2072:c:\program files\daisytoolchain\arm-none-eabi\include\c++\10.2.1\bits\stl_algo.h **** 
2073:c:\program files\daisytoolchain\arm-none-eabi\include\c++\10.2.1\bits\stl_algo.h ****   /**
2074:c:\program files\daisytoolchain\arm-none-eabi\include\c++\10.2.1\bits\stl_algo.h ****    *  @brief Finds the last position in which @p __val could be inserted
2075:c:\program files\daisytoolchain\arm-none-eabi\include\c++\10.2.1\bits\stl_algo.h ****    *         without changing the ordering.
2076:c:\program files\daisytoolchain\arm-none-eabi\include\c++\10.2.1\bits\stl_algo.h ****    *  @ingroup binary_search_algorithms
2077:c:\program files\daisytoolchain\arm-none-eabi\include\c++\10.2.1\bits\stl_algo.h ****    *  @param  __first   An iterator.
2078:c:\program files\daisytoolchain\arm-none-eabi\include\c++\10.2.1\bits\stl_algo.h ****    *  @param  __last    Another iterator.
2079:c:\program files\daisytoolchain\arm-none-eabi\include\c++\10.2.1\bits\stl_algo.h ****    *  @param  __val     The search term.
2080:c:\program files\daisytoolchain\arm-none-eabi\include\c++\10.2.1\bits\stl_algo.h ****    *  @return  An iterator pointing to the first element greater than @p __val,
2081:c:\program files\daisytoolchain\arm-none-eabi\include\c++\10.2.1\bits\stl_algo.h ****    *           or end() if no elements are greater than @p __val.
2082:c:\program files\daisytoolchain\arm-none-eabi\include\c++\10.2.1\bits\stl_algo.h ****    *  @ingroup binary_search_algorithms
2083:c:\program files\daisytoolchain\arm-none-eabi\include\c++\10.2.1\bits\stl_algo.h ****   */
2084:c:\program files\daisytoolchain\arm-none-eabi\include\c++\10.2.1\bits\stl_algo.h ****   template<typename _ForwardIterator, typename _Tp>
2085:c:\program files\daisytoolchain\arm-none-eabi\include\c++\10.2.1\bits\stl_algo.h ****     _GLIBCXX20_CONSTEXPR
2086:c:\program files\daisytoolchain\arm-none-eabi\include\c++\10.2.1\bits\stl_algo.h ****     inline _ForwardIterator
2087:c:\program files\daisytoolchain\arm-none-eabi\include\c++\10.2.1\bits\stl_algo.h ****     upper_bound(_ForwardIterator __first, _ForwardIterator __last,
2088:c:\program files\daisytoolchain\arm-none-eabi\include\c++\10.2.1\bits\stl_algo.h **** 		const _Tp& __val)
2089:c:\program files\daisytoolchain\arm-none-eabi\include\c++\10.2.1\bits\stl_algo.h ****     {
2090:c:\program files\daisytoolchain\arm-none-eabi\include\c++\10.2.1\bits\stl_algo.h ****       // concept requirements
2091:c:\program files\daisytoolchain\arm-none-eabi\include\c++\10.2.1\bits\stl_algo.h ****       __glibcxx_function_requires(_ForwardIteratorConcept<_ForwardIterator>)
2092:c:\program files\daisytoolchain\arm-none-eabi\include\c++\10.2.1\bits\stl_algo.h ****       __glibcxx_function_requires(_LessThanOpConcept<
2093:c:\program files\daisytoolchain\arm-none-eabi\include\c++\10.2.1\bits\stl_algo.h **** 	_Tp, typename iterator_traits<_ForwardIterator>::value_type>)
2094:c:\program files\daisytoolchain\arm-none-eabi\include\c++\10.2.1\bits\stl_algo.h ****       __glibcxx_requires_partitioned_upper(__first, __last, __val);
2095:c:\program files\daisytoolchain\arm-none-eabi\include\c++\10.2.1\bits\stl_algo.h **** 
2096:c:\program files\daisytoolchain\arm-none-eabi\include\c++\10.2.1\bits\stl_algo.h ****       return std::__upper_bound(__first, __last, __val,
2097:c:\program files\daisytoolchain\arm-none-eabi\include\c++\10.2.1\bits\stl_algo.h **** 				__gnu_cxx::__ops::__val_less_iter());
2098:c:\program files\daisytoolchain\arm-none-eabi\include\c++\10.2.1\bits\stl_algo.h ****     }
2099:c:\program files\daisytoolchain\arm-none-eabi\include\c++\10.2.1\bits\stl_algo.h **** 
2100:c:\program files\daisytoolchain\arm-none-eabi\include\c++\10.2.1\bits\stl_algo.h ****   /**
2101:c:\program files\daisytoolchain\arm-none-eabi\include\c++\10.2.1\bits\stl_algo.h ****    *  @brief Finds the last position in which @p __val could be inserted
2102:c:\program files\daisytoolchain\arm-none-eabi\include\c++\10.2.1\bits\stl_algo.h ****    *         without changing the ordering.
2103:c:\program files\daisytoolchain\arm-none-eabi\include\c++\10.2.1\bits\stl_algo.h ****    *  @ingroup binary_search_algorithms
2104:c:\program files\daisytoolchain\arm-none-eabi\include\c++\10.2.1\bits\stl_algo.h ****    *  @param  __first   An iterator.
2105:c:\program files\daisytoolchain\arm-none-eabi\include\c++\10.2.1\bits\stl_algo.h ****    *  @param  __last    Another iterator.
2106:c:\program files\daisytoolchain\arm-none-eabi\include\c++\10.2.1\bits\stl_algo.h ****    *  @param  __val     The search term.
2107:c:\program files\daisytoolchain\arm-none-eabi\include\c++\10.2.1\bits\stl_algo.h ****    *  @param  __comp    A functor to use for comparisons.
2108:c:\program files\daisytoolchain\arm-none-eabi\include\c++\10.2.1\bits\stl_algo.h ****    *  @return  An iterator pointing to the first element greater than @p __val,
2109:c:\program files\daisytoolchain\arm-none-eabi\include\c++\10.2.1\bits\stl_algo.h ****    *           or end() if no elements are greater than @p __val.
2110:c:\program files\daisytoolchain\arm-none-eabi\include\c++\10.2.1\bits\stl_algo.h ****    *  @ingroup binary_search_algorithms
2111:c:\program files\daisytoolchain\arm-none-eabi\include\c++\10.2.1\bits\stl_algo.h ****    *
2112:c:\program files\daisytoolchain\arm-none-eabi\include\c++\10.2.1\bits\stl_algo.h ****    *  The comparison function should have the same effects on ordering as
2113:c:\program files\daisytoolchain\arm-none-eabi\include\c++\10.2.1\bits\stl_algo.h ****    *  the function used for the initial sort.
2114:c:\program files\daisytoolchain\arm-none-eabi\include\c++\10.2.1\bits\stl_algo.h ****   */
2115:c:\program files\daisytoolchain\arm-none-eabi\include\c++\10.2.1\bits\stl_algo.h ****   template<typename _ForwardIterator, typename _Tp, typename _Compare>
2116:c:\program files\daisytoolchain\arm-none-eabi\include\c++\10.2.1\bits\stl_algo.h ****     _GLIBCXX20_CONSTEXPR
2117:c:\program files\daisytoolchain\arm-none-eabi\include\c++\10.2.1\bits\stl_algo.h ****     inline _ForwardIterator
2118:c:\program files\daisytoolchain\arm-none-eabi\include\c++\10.2.1\bits\stl_algo.h ****     upper_bound(_ForwardIterator __first, _ForwardIterator __last,
2119:c:\program files\daisytoolchain\arm-none-eabi\include\c++\10.2.1\bits\stl_algo.h **** 		const _Tp& __val, _Compare __comp)
2120:c:\program files\daisytoolchain\arm-none-eabi\include\c++\10.2.1\bits\stl_algo.h ****     {
2121:c:\program files\daisytoolchain\arm-none-eabi\include\c++\10.2.1\bits\stl_algo.h ****       // concept requirements
2122:c:\program files\daisytoolchain\arm-none-eabi\include\c++\10.2.1\bits\stl_algo.h ****       __glibcxx_function_requires(_ForwardIteratorConcept<_ForwardIterator>)
2123:c:\program files\daisytoolchain\arm-none-eabi\include\c++\10.2.1\bits\stl_algo.h ****       __glibcxx_function_requires(_BinaryPredicateConcept<_Compare,
2124:c:\program files\daisytoolchain\arm-none-eabi\include\c++\10.2.1\bits\stl_algo.h **** 	_Tp, typename iterator_traits<_ForwardIterator>::value_type>)
2125:c:\program files\daisytoolchain\arm-none-eabi\include\c++\10.2.1\bits\stl_algo.h ****       __glibcxx_requires_partitioned_upper_pred(__first, __last,
2126:c:\program files\daisytoolchain\arm-none-eabi\include\c++\10.2.1\bits\stl_algo.h **** 						__val, __comp);
2127:c:\program files\daisytoolchain\arm-none-eabi\include\c++\10.2.1\bits\stl_algo.h **** 
ARM GAS  C:\Users\FINNDY~1\AppData\Local\Temp\ccFWr46h.s 			page 41


2128:c:\program files\daisytoolchain\arm-none-eabi\include\c++\10.2.1\bits\stl_algo.h ****       return std::__upper_bound(__first, __last, __val,
2129:c:\program files\daisytoolchain\arm-none-eabi\include\c++\10.2.1\bits\stl_algo.h **** 				__gnu_cxx::__ops::__val_comp_iter(__comp));
2130:c:\program files\daisytoolchain\arm-none-eabi\include\c++\10.2.1\bits\stl_algo.h ****     }
2131:c:\program files\daisytoolchain\arm-none-eabi\include\c++\10.2.1\bits\stl_algo.h **** 
2132:c:\program files\daisytoolchain\arm-none-eabi\include\c++\10.2.1\bits\stl_algo.h ****   template<typename _ForwardIterator, typename _Tp,
2133:c:\program files\daisytoolchain\arm-none-eabi\include\c++\10.2.1\bits\stl_algo.h **** 	   typename _CompareItTp, typename _CompareTpIt>
2134:c:\program files\daisytoolchain\arm-none-eabi\include\c++\10.2.1\bits\stl_algo.h ****     _GLIBCXX20_CONSTEXPR
2135:c:\program files\daisytoolchain\arm-none-eabi\include\c++\10.2.1\bits\stl_algo.h ****     pair<_ForwardIterator, _ForwardIterator>
2136:c:\program files\daisytoolchain\arm-none-eabi\include\c++\10.2.1\bits\stl_algo.h ****     __equal_range(_ForwardIterator __first, _ForwardIterator __last,
2137:c:\program files\daisytoolchain\arm-none-eabi\include\c++\10.2.1\bits\stl_algo.h **** 		  const _Tp& __val,
2138:c:\program files\daisytoolchain\arm-none-eabi\include\c++\10.2.1\bits\stl_algo.h **** 		  _CompareItTp __comp_it_val, _CompareTpIt __comp_val_it)
2139:c:\program files\daisytoolchain\arm-none-eabi\include\c++\10.2.1\bits\stl_algo.h ****     {
2140:c:\program files\daisytoolchain\arm-none-eabi\include\c++\10.2.1\bits\stl_algo.h ****       typedef typename iterator_traits<_ForwardIterator>::difference_type
2141:c:\program files\daisytoolchain\arm-none-eabi\include\c++\10.2.1\bits\stl_algo.h **** 	_DistanceType;
2142:c:\program files\daisytoolchain\arm-none-eabi\include\c++\10.2.1\bits\stl_algo.h **** 
2143:c:\program files\daisytoolchain\arm-none-eabi\include\c++\10.2.1\bits\stl_algo.h ****       _DistanceType __len = std::distance(__first, __last);
2144:c:\program files\daisytoolchain\arm-none-eabi\include\c++\10.2.1\bits\stl_algo.h **** 
2145:c:\program files\daisytoolchain\arm-none-eabi\include\c++\10.2.1\bits\stl_algo.h ****       while (__len > 0)
2146:c:\program files\daisytoolchain\arm-none-eabi\include\c++\10.2.1\bits\stl_algo.h **** 	{
2147:c:\program files\daisytoolchain\arm-none-eabi\include\c++\10.2.1\bits\stl_algo.h **** 	  _DistanceType __half = __len >> 1;
2148:c:\program files\daisytoolchain\arm-none-eabi\include\c++\10.2.1\bits\stl_algo.h **** 	  _ForwardIterator __middle = __first;
2149:c:\program files\daisytoolchain\arm-none-eabi\include\c++\10.2.1\bits\stl_algo.h **** 	  std::advance(__middle, __half);
2150:c:\program files\daisytoolchain\arm-none-eabi\include\c++\10.2.1\bits\stl_algo.h **** 	  if (__comp_it_val(__middle, __val))
2151:c:\program files\daisytoolchain\arm-none-eabi\include\c++\10.2.1\bits\stl_algo.h **** 	    {
2152:c:\program files\daisytoolchain\arm-none-eabi\include\c++\10.2.1\bits\stl_algo.h **** 	      __first = __middle;
2153:c:\program files\daisytoolchain\arm-none-eabi\include\c++\10.2.1\bits\stl_algo.h **** 	      ++__first;
2154:c:\program files\daisytoolchain\arm-none-eabi\include\c++\10.2.1\bits\stl_algo.h **** 	      __len = __len - __half - 1;
2155:c:\program files\daisytoolchain\arm-none-eabi\include\c++\10.2.1\bits\stl_algo.h **** 	    }
2156:c:\program files\daisytoolchain\arm-none-eabi\include\c++\10.2.1\bits\stl_algo.h **** 	  else if (__comp_val_it(__val, __middle))
2157:c:\program files\daisytoolchain\arm-none-eabi\include\c++\10.2.1\bits\stl_algo.h **** 	    __len = __half;
2158:c:\program files\daisytoolchain\arm-none-eabi\include\c++\10.2.1\bits\stl_algo.h **** 	  else
2159:c:\program files\daisytoolchain\arm-none-eabi\include\c++\10.2.1\bits\stl_algo.h **** 	    {
2160:c:\program files\daisytoolchain\arm-none-eabi\include\c++\10.2.1\bits\stl_algo.h **** 	      _ForwardIterator __left
2161:c:\program files\daisytoolchain\arm-none-eabi\include\c++\10.2.1\bits\stl_algo.h **** 		= std::__lower_bound(__first, __middle, __val, __comp_it_val);
2162:c:\program files\daisytoolchain\arm-none-eabi\include\c++\10.2.1\bits\stl_algo.h **** 	      std::advance(__first, __len);
2163:c:\program files\daisytoolchain\arm-none-eabi\include\c++\10.2.1\bits\stl_algo.h **** 	      _ForwardIterator __right
2164:c:\program files\daisytoolchain\arm-none-eabi\include\c++\10.2.1\bits\stl_algo.h **** 		= std::__upper_bound(++__middle, __first, __val, __comp_val_it);
2165:c:\program files\daisytoolchain\arm-none-eabi\include\c++\10.2.1\bits\stl_algo.h **** 	      return pair<_ForwardIterator, _ForwardIterator>(__left, __right);
2166:c:\program files\daisytoolchain\arm-none-eabi\include\c++\10.2.1\bits\stl_algo.h **** 	    }
2167:c:\program files\daisytoolchain\arm-none-eabi\include\c++\10.2.1\bits\stl_algo.h **** 	}
2168:c:\program files\daisytoolchain\arm-none-eabi\include\c++\10.2.1\bits\stl_algo.h ****       return pair<_ForwardIterator, _ForwardIterator>(__first, __first);
2169:c:\program files\daisytoolchain\arm-none-eabi\include\c++\10.2.1\bits\stl_algo.h ****     }
2170:c:\program files\daisytoolchain\arm-none-eabi\include\c++\10.2.1\bits\stl_algo.h **** 
2171:c:\program files\daisytoolchain\arm-none-eabi\include\c++\10.2.1\bits\stl_algo.h ****   /**
2172:c:\program files\daisytoolchain\arm-none-eabi\include\c++\10.2.1\bits\stl_algo.h ****    *  @brief Finds the largest subrange in which @p __val could be inserted
2173:c:\program files\daisytoolchain\arm-none-eabi\include\c++\10.2.1\bits\stl_algo.h ****    *         at any place in it without changing the ordering.
2174:c:\program files\daisytoolchain\arm-none-eabi\include\c++\10.2.1\bits\stl_algo.h ****    *  @ingroup binary_search_algorithms
2175:c:\program files\daisytoolchain\arm-none-eabi\include\c++\10.2.1\bits\stl_algo.h ****    *  @param  __first   An iterator.
2176:c:\program files\daisytoolchain\arm-none-eabi\include\c++\10.2.1\bits\stl_algo.h ****    *  @param  __last    Another iterator.
2177:c:\program files\daisytoolchain\arm-none-eabi\include\c++\10.2.1\bits\stl_algo.h ****    *  @param  __val     The search term.
2178:c:\program files\daisytoolchain\arm-none-eabi\include\c++\10.2.1\bits\stl_algo.h ****    *  @return  An pair of iterators defining the subrange.
2179:c:\program files\daisytoolchain\arm-none-eabi\include\c++\10.2.1\bits\stl_algo.h ****    *  @ingroup binary_search_algorithms
2180:c:\program files\daisytoolchain\arm-none-eabi\include\c++\10.2.1\bits\stl_algo.h ****    *
2181:c:\program files\daisytoolchain\arm-none-eabi\include\c++\10.2.1\bits\stl_algo.h ****    *  This is equivalent to
2182:c:\program files\daisytoolchain\arm-none-eabi\include\c++\10.2.1\bits\stl_algo.h ****    *  @code
2183:c:\program files\daisytoolchain\arm-none-eabi\include\c++\10.2.1\bits\stl_algo.h ****    *    std::make_pair(lower_bound(__first, __last, __val),
2184:c:\program files\daisytoolchain\arm-none-eabi\include\c++\10.2.1\bits\stl_algo.h ****    *                   upper_bound(__first, __last, __val))
ARM GAS  C:\Users\FINNDY~1\AppData\Local\Temp\ccFWr46h.s 			page 42


2185:c:\program files\daisytoolchain\arm-none-eabi\include\c++\10.2.1\bits\stl_algo.h ****    *  @endcode
2186:c:\program files\daisytoolchain\arm-none-eabi\include\c++\10.2.1\bits\stl_algo.h ****    *  but does not actually call those functions.
2187:c:\program files\daisytoolchain\arm-none-eabi\include\c++\10.2.1\bits\stl_algo.h ****   */
2188:c:\program files\daisytoolchain\arm-none-eabi\include\c++\10.2.1\bits\stl_algo.h ****   template<typename _ForwardIterator, typename _Tp>
2189:c:\program files\daisytoolchain\arm-none-eabi\include\c++\10.2.1\bits\stl_algo.h ****     _GLIBCXX20_CONSTEXPR
2190:c:\program files\daisytoolchain\arm-none-eabi\include\c++\10.2.1\bits\stl_algo.h ****     inline pair<_ForwardIterator, _ForwardIterator>
2191:c:\program files\daisytoolchain\arm-none-eabi\include\c++\10.2.1\bits\stl_algo.h ****     equal_range(_ForwardIterator __first, _ForwardIterator __last,
2192:c:\program files\daisytoolchain\arm-none-eabi\include\c++\10.2.1\bits\stl_algo.h **** 		const _Tp& __val)
2193:c:\program files\daisytoolchain\arm-none-eabi\include\c++\10.2.1\bits\stl_algo.h ****     {
2194:c:\program files\daisytoolchain\arm-none-eabi\include\c++\10.2.1\bits\stl_algo.h ****       // concept requirements
2195:c:\program files\daisytoolchain\arm-none-eabi\include\c++\10.2.1\bits\stl_algo.h ****       __glibcxx_function_requires(_ForwardIteratorConcept<_ForwardIterator>)
2196:c:\program files\daisytoolchain\arm-none-eabi\include\c++\10.2.1\bits\stl_algo.h ****       __glibcxx_function_requires(_LessThanOpConcept<
2197:c:\program files\daisytoolchain\arm-none-eabi\include\c++\10.2.1\bits\stl_algo.h **** 	typename iterator_traits<_ForwardIterator>::value_type, _Tp>)
2198:c:\program files\daisytoolchain\arm-none-eabi\include\c++\10.2.1\bits\stl_algo.h ****       __glibcxx_function_requires(_LessThanOpConcept<
2199:c:\program files\daisytoolchain\arm-none-eabi\include\c++\10.2.1\bits\stl_algo.h **** 	_Tp, typename iterator_traits<_ForwardIterator>::value_type>)
2200:c:\program files\daisytoolchain\arm-none-eabi\include\c++\10.2.1\bits\stl_algo.h ****       __glibcxx_requires_partitioned_lower(__first, __last, __val);
2201:c:\program files\daisytoolchain\arm-none-eabi\include\c++\10.2.1\bits\stl_algo.h ****       __glibcxx_requires_partitioned_upper(__first, __last, __val);
2202:c:\program files\daisytoolchain\arm-none-eabi\include\c++\10.2.1\bits\stl_algo.h **** 
2203:c:\program files\daisytoolchain\arm-none-eabi\include\c++\10.2.1\bits\stl_algo.h ****       return std::__equal_range(__first, __last, __val,
2204:c:\program files\daisytoolchain\arm-none-eabi\include\c++\10.2.1\bits\stl_algo.h **** 				__gnu_cxx::__ops::__iter_less_val(),
2205:c:\program files\daisytoolchain\arm-none-eabi\include\c++\10.2.1\bits\stl_algo.h **** 				__gnu_cxx::__ops::__val_less_iter());
2206:c:\program files\daisytoolchain\arm-none-eabi\include\c++\10.2.1\bits\stl_algo.h ****     }
2207:c:\program files\daisytoolchain\arm-none-eabi\include\c++\10.2.1\bits\stl_algo.h **** 
2208:c:\program files\daisytoolchain\arm-none-eabi\include\c++\10.2.1\bits\stl_algo.h ****   /**
2209:c:\program files\daisytoolchain\arm-none-eabi\include\c++\10.2.1\bits\stl_algo.h ****    *  @brief Finds the largest subrange in which @p __val could be inserted
2210:c:\program files\daisytoolchain\arm-none-eabi\include\c++\10.2.1\bits\stl_algo.h ****    *         at any place in it without changing the ordering.
2211:c:\program files\daisytoolchain\arm-none-eabi\include\c++\10.2.1\bits\stl_algo.h ****    *  @param  __first   An iterator.
2212:c:\program files\daisytoolchain\arm-none-eabi\include\c++\10.2.1\bits\stl_algo.h ****    *  @param  __last    Another iterator.
2213:c:\program files\daisytoolchain\arm-none-eabi\include\c++\10.2.1\bits\stl_algo.h ****    *  @param  __val     The search term.
2214:c:\program files\daisytoolchain\arm-none-eabi\include\c++\10.2.1\bits\stl_algo.h ****    *  @param  __comp    A functor to use for comparisons.
2215:c:\program files\daisytoolchain\arm-none-eabi\include\c++\10.2.1\bits\stl_algo.h ****    *  @return  An pair of iterators defining the subrange.
2216:c:\program files\daisytoolchain\arm-none-eabi\include\c++\10.2.1\bits\stl_algo.h ****    *  @ingroup binary_search_algorithms
2217:c:\program files\daisytoolchain\arm-none-eabi\include\c++\10.2.1\bits\stl_algo.h ****    *
2218:c:\program files\daisytoolchain\arm-none-eabi\include\c++\10.2.1\bits\stl_algo.h ****    *  This is equivalent to
2219:c:\program files\daisytoolchain\arm-none-eabi\include\c++\10.2.1\bits\stl_algo.h ****    *  @code
2220:c:\program files\daisytoolchain\arm-none-eabi\include\c++\10.2.1\bits\stl_algo.h ****    *    std::make_pair(lower_bound(__first, __last, __val, __comp),
2221:c:\program files\daisytoolchain\arm-none-eabi\include\c++\10.2.1\bits\stl_algo.h ****    *                   upper_bound(__first, __last, __val, __comp))
2222:c:\program files\daisytoolchain\arm-none-eabi\include\c++\10.2.1\bits\stl_algo.h ****    *  @endcode
2223:c:\program files\daisytoolchain\arm-none-eabi\include\c++\10.2.1\bits\stl_algo.h ****    *  but does not actually call those functions.
2224:c:\program files\daisytoolchain\arm-none-eabi\include\c++\10.2.1\bits\stl_algo.h ****   */
2225:c:\program files\daisytoolchain\arm-none-eabi\include\c++\10.2.1\bits\stl_algo.h ****   template<typename _ForwardIterator, typename _Tp, typename _Compare>
2226:c:\program files\daisytoolchain\arm-none-eabi\include\c++\10.2.1\bits\stl_algo.h ****     _GLIBCXX20_CONSTEXPR
2227:c:\program files\daisytoolchain\arm-none-eabi\include\c++\10.2.1\bits\stl_algo.h ****     inline pair<_ForwardIterator, _ForwardIterator>
2228:c:\program files\daisytoolchain\arm-none-eabi\include\c++\10.2.1\bits\stl_algo.h ****     equal_range(_ForwardIterator __first, _ForwardIterator __last,
2229:c:\program files\daisytoolchain\arm-none-eabi\include\c++\10.2.1\bits\stl_algo.h **** 		const _Tp& __val, _Compare __comp)
2230:c:\program files\daisytoolchain\arm-none-eabi\include\c++\10.2.1\bits\stl_algo.h ****     {
2231:c:\program files\daisytoolchain\arm-none-eabi\include\c++\10.2.1\bits\stl_algo.h ****       // concept requirements
2232:c:\program files\daisytoolchain\arm-none-eabi\include\c++\10.2.1\bits\stl_algo.h ****       __glibcxx_function_requires(_ForwardIteratorConcept<_ForwardIterator>)
2233:c:\program files\daisytoolchain\arm-none-eabi\include\c++\10.2.1\bits\stl_algo.h ****       __glibcxx_function_requires(_BinaryPredicateConcept<_Compare,
2234:c:\program files\daisytoolchain\arm-none-eabi\include\c++\10.2.1\bits\stl_algo.h **** 	typename iterator_traits<_ForwardIterator>::value_type, _Tp>)
2235:c:\program files\daisytoolchain\arm-none-eabi\include\c++\10.2.1\bits\stl_algo.h ****       __glibcxx_function_requires(_BinaryPredicateConcept<_Compare,
2236:c:\program files\daisytoolchain\arm-none-eabi\include\c++\10.2.1\bits\stl_algo.h **** 	_Tp, typename iterator_traits<_ForwardIterator>::value_type>)
2237:c:\program files\daisytoolchain\arm-none-eabi\include\c++\10.2.1\bits\stl_algo.h ****       __glibcxx_requires_partitioned_lower_pred(__first, __last,
2238:c:\program files\daisytoolchain\arm-none-eabi\include\c++\10.2.1\bits\stl_algo.h **** 						__val, __comp);
2239:c:\program files\daisytoolchain\arm-none-eabi\include\c++\10.2.1\bits\stl_algo.h ****       __glibcxx_requires_partitioned_upper_pred(__first, __last,
2240:c:\program files\daisytoolchain\arm-none-eabi\include\c++\10.2.1\bits\stl_algo.h **** 						__val, __comp);
2241:c:\program files\daisytoolchain\arm-none-eabi\include\c++\10.2.1\bits\stl_algo.h **** 
ARM GAS  C:\Users\FINNDY~1\AppData\Local\Temp\ccFWr46h.s 			page 43


2242:c:\program files\daisytoolchain\arm-none-eabi\include\c++\10.2.1\bits\stl_algo.h ****       return std::__equal_range(__first, __last, __val,
2243:c:\program files\daisytoolchain\arm-none-eabi\include\c++\10.2.1\bits\stl_algo.h **** 				__gnu_cxx::__ops::__iter_comp_val(__comp),
2244:c:\program files\daisytoolchain\arm-none-eabi\include\c++\10.2.1\bits\stl_algo.h **** 				__gnu_cxx::__ops::__val_comp_iter(__comp));
2245:c:\program files\daisytoolchain\arm-none-eabi\include\c++\10.2.1\bits\stl_algo.h ****     }
2246:c:\program files\daisytoolchain\arm-none-eabi\include\c++\10.2.1\bits\stl_algo.h **** 
2247:c:\program files\daisytoolchain\arm-none-eabi\include\c++\10.2.1\bits\stl_algo.h ****   /**
2248:c:\program files\daisytoolchain\arm-none-eabi\include\c++\10.2.1\bits\stl_algo.h ****    *  @brief Determines whether an element exists in a range.
2249:c:\program files\daisytoolchain\arm-none-eabi\include\c++\10.2.1\bits\stl_algo.h ****    *  @ingroup binary_search_algorithms
2250:c:\program files\daisytoolchain\arm-none-eabi\include\c++\10.2.1\bits\stl_algo.h ****    *  @param  __first   An iterator.
2251:c:\program files\daisytoolchain\arm-none-eabi\include\c++\10.2.1\bits\stl_algo.h ****    *  @param  __last    Another iterator.
2252:c:\program files\daisytoolchain\arm-none-eabi\include\c++\10.2.1\bits\stl_algo.h ****    *  @param  __val     The search term.
2253:c:\program files\daisytoolchain\arm-none-eabi\include\c++\10.2.1\bits\stl_algo.h ****    *  @return True if @p __val (or its equivalent) is in [@p
2254:c:\program files\daisytoolchain\arm-none-eabi\include\c++\10.2.1\bits\stl_algo.h ****    *  __first,@p __last ].
2255:c:\program files\daisytoolchain\arm-none-eabi\include\c++\10.2.1\bits\stl_algo.h ****    *
2256:c:\program files\daisytoolchain\arm-none-eabi\include\c++\10.2.1\bits\stl_algo.h ****    *  Note that this does not actually return an iterator to @p __val.  For
2257:c:\program files\daisytoolchain\arm-none-eabi\include\c++\10.2.1\bits\stl_algo.h ****    *  that, use std::find or a container's specialized find member functions.
2258:c:\program files\daisytoolchain\arm-none-eabi\include\c++\10.2.1\bits\stl_algo.h ****   */
2259:c:\program files\daisytoolchain\arm-none-eabi\include\c++\10.2.1\bits\stl_algo.h ****   template<typename _ForwardIterator, typename _Tp>
2260:c:\program files\daisytoolchain\arm-none-eabi\include\c++\10.2.1\bits\stl_algo.h ****     _GLIBCXX20_CONSTEXPR
2261:c:\program files\daisytoolchain\arm-none-eabi\include\c++\10.2.1\bits\stl_algo.h ****     bool
2262:c:\program files\daisytoolchain\arm-none-eabi\include\c++\10.2.1\bits\stl_algo.h ****     binary_search(_ForwardIterator __first, _ForwardIterator __last,
2263:c:\program files\daisytoolchain\arm-none-eabi\include\c++\10.2.1\bits\stl_algo.h **** 		  const _Tp& __val)
2264:c:\program files\daisytoolchain\arm-none-eabi\include\c++\10.2.1\bits\stl_algo.h ****     {
2265:c:\program files\daisytoolchain\arm-none-eabi\include\c++\10.2.1\bits\stl_algo.h ****       // concept requirements
2266:c:\program files\daisytoolchain\arm-none-eabi\include\c++\10.2.1\bits\stl_algo.h ****       __glibcxx_function_requires(_ForwardIteratorConcept<_ForwardIterator>)
2267:c:\program files\daisytoolchain\arm-none-eabi\include\c++\10.2.1\bits\stl_algo.h ****       __glibcxx_function_requires(_LessThanOpConcept<
2268:c:\program files\daisytoolchain\arm-none-eabi\include\c++\10.2.1\bits\stl_algo.h **** 	_Tp, typename iterator_traits<_ForwardIterator>::value_type>)
2269:c:\program files\daisytoolchain\arm-none-eabi\include\c++\10.2.1\bits\stl_algo.h ****       __glibcxx_requires_partitioned_lower(__first, __last, __val);
2270:c:\program files\daisytoolchain\arm-none-eabi\include\c++\10.2.1\bits\stl_algo.h ****       __glibcxx_requires_partitioned_upper(__first, __last, __val);
2271:c:\program files\daisytoolchain\arm-none-eabi\include\c++\10.2.1\bits\stl_algo.h **** 
2272:c:\program files\daisytoolchain\arm-none-eabi\include\c++\10.2.1\bits\stl_algo.h ****       _ForwardIterator __i
2273:c:\program files\daisytoolchain\arm-none-eabi\include\c++\10.2.1\bits\stl_algo.h **** 	= std::__lower_bound(__first, __last, __val,
2274:c:\program files\daisytoolchain\arm-none-eabi\include\c++\10.2.1\bits\stl_algo.h **** 			     __gnu_cxx::__ops::__iter_less_val());
2275:c:\program files\daisytoolchain\arm-none-eabi\include\c++\10.2.1\bits\stl_algo.h ****       return __i != __last && !(__val < *__i);
2276:c:\program files\daisytoolchain\arm-none-eabi\include\c++\10.2.1\bits\stl_algo.h ****     }
2277:c:\program files\daisytoolchain\arm-none-eabi\include\c++\10.2.1\bits\stl_algo.h **** 
2278:c:\program files\daisytoolchain\arm-none-eabi\include\c++\10.2.1\bits\stl_algo.h ****   /**
2279:c:\program files\daisytoolchain\arm-none-eabi\include\c++\10.2.1\bits\stl_algo.h ****    *  @brief Determines whether an element exists in a range.
2280:c:\program files\daisytoolchain\arm-none-eabi\include\c++\10.2.1\bits\stl_algo.h ****    *  @ingroup binary_search_algorithms
2281:c:\program files\daisytoolchain\arm-none-eabi\include\c++\10.2.1\bits\stl_algo.h ****    *  @param  __first   An iterator.
2282:c:\program files\daisytoolchain\arm-none-eabi\include\c++\10.2.1\bits\stl_algo.h ****    *  @param  __last    Another iterator.
2283:c:\program files\daisytoolchain\arm-none-eabi\include\c++\10.2.1\bits\stl_algo.h ****    *  @param  __val     The search term.
2284:c:\program files\daisytoolchain\arm-none-eabi\include\c++\10.2.1\bits\stl_algo.h ****    *  @param  __comp    A functor to use for comparisons.
2285:c:\program files\daisytoolchain\arm-none-eabi\include\c++\10.2.1\bits\stl_algo.h ****    *  @return  True if @p __val (or its equivalent) is in @p [__first,__last].
2286:c:\program files\daisytoolchain\arm-none-eabi\include\c++\10.2.1\bits\stl_algo.h ****    *
2287:c:\program files\daisytoolchain\arm-none-eabi\include\c++\10.2.1\bits\stl_algo.h ****    *  Note that this does not actually return an iterator to @p __val.  For
2288:c:\program files\daisytoolchain\arm-none-eabi\include\c++\10.2.1\bits\stl_algo.h ****    *  that, use std::find or a container's specialized find member functions.
2289:c:\program files\daisytoolchain\arm-none-eabi\include\c++\10.2.1\bits\stl_algo.h ****    *
2290:c:\program files\daisytoolchain\arm-none-eabi\include\c++\10.2.1\bits\stl_algo.h ****    *  The comparison function should have the same effects on ordering as
2291:c:\program files\daisytoolchain\arm-none-eabi\include\c++\10.2.1\bits\stl_algo.h ****    *  the function used for the initial sort.
2292:c:\program files\daisytoolchain\arm-none-eabi\include\c++\10.2.1\bits\stl_algo.h ****   */
2293:c:\program files\daisytoolchain\arm-none-eabi\include\c++\10.2.1\bits\stl_algo.h ****   template<typename _ForwardIterator, typename _Tp, typename _Compare>
2294:c:\program files\daisytoolchain\arm-none-eabi\include\c++\10.2.1\bits\stl_algo.h ****     _GLIBCXX20_CONSTEXPR
2295:c:\program files\daisytoolchain\arm-none-eabi\include\c++\10.2.1\bits\stl_algo.h ****     bool
2296:c:\program files\daisytoolchain\arm-none-eabi\include\c++\10.2.1\bits\stl_algo.h ****     binary_search(_ForwardIterator __first, _ForwardIterator __last,
2297:c:\program files\daisytoolchain\arm-none-eabi\include\c++\10.2.1\bits\stl_algo.h **** 		  const _Tp& __val, _Compare __comp)
2298:c:\program files\daisytoolchain\arm-none-eabi\include\c++\10.2.1\bits\stl_algo.h ****     {
ARM GAS  C:\Users\FINNDY~1\AppData\Local\Temp\ccFWr46h.s 			page 44


2299:c:\program files\daisytoolchain\arm-none-eabi\include\c++\10.2.1\bits\stl_algo.h ****       // concept requirements
2300:c:\program files\daisytoolchain\arm-none-eabi\include\c++\10.2.1\bits\stl_algo.h ****       __glibcxx_function_requires(_ForwardIteratorConcept<_ForwardIterator>)
2301:c:\program files\daisytoolchain\arm-none-eabi\include\c++\10.2.1\bits\stl_algo.h ****       __glibcxx_function_requires(_BinaryPredicateConcept<_Compare,
2302:c:\program files\daisytoolchain\arm-none-eabi\include\c++\10.2.1\bits\stl_algo.h **** 	_Tp, typename iterator_traits<_ForwardIterator>::value_type>)
2303:c:\program files\daisytoolchain\arm-none-eabi\include\c++\10.2.1\bits\stl_algo.h ****       __glibcxx_requires_partitioned_lower_pred(__first, __last,
2304:c:\program files\daisytoolchain\arm-none-eabi\include\c++\10.2.1\bits\stl_algo.h **** 						__val, __comp);
2305:c:\program files\daisytoolchain\arm-none-eabi\include\c++\10.2.1\bits\stl_algo.h ****       __glibcxx_requires_partitioned_upper_pred(__first, __last,
2306:c:\program files\daisytoolchain\arm-none-eabi\include\c++\10.2.1\bits\stl_algo.h **** 						__val, __comp);
2307:c:\program files\daisytoolchain\arm-none-eabi\include\c++\10.2.1\bits\stl_algo.h **** 
2308:c:\program files\daisytoolchain\arm-none-eabi\include\c++\10.2.1\bits\stl_algo.h ****       _ForwardIterator __i
2309:c:\program files\daisytoolchain\arm-none-eabi\include\c++\10.2.1\bits\stl_algo.h **** 	= std::__lower_bound(__first, __last, __val,
2310:c:\program files\daisytoolchain\arm-none-eabi\include\c++\10.2.1\bits\stl_algo.h **** 			     __gnu_cxx::__ops::__iter_comp_val(__comp));
2311:c:\program files\daisytoolchain\arm-none-eabi\include\c++\10.2.1\bits\stl_algo.h ****       return __i != __last && !bool(__comp(__val, *__i));
2312:c:\program files\daisytoolchain\arm-none-eabi\include\c++\10.2.1\bits\stl_algo.h ****     }
2313:c:\program files\daisytoolchain\arm-none-eabi\include\c++\10.2.1\bits\stl_algo.h **** 
2314:c:\program files\daisytoolchain\arm-none-eabi\include\c++\10.2.1\bits\stl_algo.h ****   // merge
2315:c:\program files\daisytoolchain\arm-none-eabi\include\c++\10.2.1\bits\stl_algo.h **** 
2316:c:\program files\daisytoolchain\arm-none-eabi\include\c++\10.2.1\bits\stl_algo.h ****   /// This is a helper function for the __merge_adaptive routines.
2317:c:\program files\daisytoolchain\arm-none-eabi\include\c++\10.2.1\bits\stl_algo.h ****   template<typename _InputIterator1, typename _InputIterator2,
2318:c:\program files\daisytoolchain\arm-none-eabi\include\c++\10.2.1\bits\stl_algo.h **** 	   typename _OutputIterator, typename _Compare>
2319:c:\program files\daisytoolchain\arm-none-eabi\include\c++\10.2.1\bits\stl_algo.h ****     void
2320:c:\program files\daisytoolchain\arm-none-eabi\include\c++\10.2.1\bits\stl_algo.h ****     __move_merge_adaptive(_InputIterator1 __first1, _InputIterator1 __last1,
2321:c:\program files\daisytoolchain\arm-none-eabi\include\c++\10.2.1\bits\stl_algo.h **** 			  _InputIterator2 __first2, _InputIterator2 __last2,
2322:c:\program files\daisytoolchain\arm-none-eabi\include\c++\10.2.1\bits\stl_algo.h **** 			  _OutputIterator __result, _Compare __comp)
2323:c:\program files\daisytoolchain\arm-none-eabi\include\c++\10.2.1\bits\stl_algo.h ****     {
2324:c:\program files\daisytoolchain\arm-none-eabi\include\c++\10.2.1\bits\stl_algo.h ****       while (__first1 != __last1 && __first2 != __last2)
2325:c:\program files\daisytoolchain\arm-none-eabi\include\c++\10.2.1\bits\stl_algo.h **** 	{
2326:c:\program files\daisytoolchain\arm-none-eabi\include\c++\10.2.1\bits\stl_algo.h **** 	  if (__comp(__first2, __first1))
2327:c:\program files\daisytoolchain\arm-none-eabi\include\c++\10.2.1\bits\stl_algo.h **** 	    {
2328:c:\program files\daisytoolchain\arm-none-eabi\include\c++\10.2.1\bits\stl_algo.h **** 	      *__result = _GLIBCXX_MOVE(*__first2);
2329:c:\program files\daisytoolchain\arm-none-eabi\include\c++\10.2.1\bits\stl_algo.h **** 	      ++__first2;
2330:c:\program files\daisytoolchain\arm-none-eabi\include\c++\10.2.1\bits\stl_algo.h **** 	    }
2331:c:\program files\daisytoolchain\arm-none-eabi\include\c++\10.2.1\bits\stl_algo.h **** 	  else
2332:c:\program files\daisytoolchain\arm-none-eabi\include\c++\10.2.1\bits\stl_algo.h **** 	    {
2333:c:\program files\daisytoolchain\arm-none-eabi\include\c++\10.2.1\bits\stl_algo.h **** 	      *__result = _GLIBCXX_MOVE(*__first1);
2334:c:\program files\daisytoolchain\arm-none-eabi\include\c++\10.2.1\bits\stl_algo.h **** 	      ++__first1;
2335:c:\program files\daisytoolchain\arm-none-eabi\include\c++\10.2.1\bits\stl_algo.h **** 	    }
2336:c:\program files\daisytoolchain\arm-none-eabi\include\c++\10.2.1\bits\stl_algo.h **** 	  ++__result;
2337:c:\program files\daisytoolchain\arm-none-eabi\include\c++\10.2.1\bits\stl_algo.h **** 	}
2338:c:\program files\daisytoolchain\arm-none-eabi\include\c++\10.2.1\bits\stl_algo.h ****       if (__first1 != __last1)
2339:c:\program files\daisytoolchain\arm-none-eabi\include\c++\10.2.1\bits\stl_algo.h **** 	_GLIBCXX_MOVE3(__first1, __last1, __result);
2340:c:\program files\daisytoolchain\arm-none-eabi\include\c++\10.2.1\bits\stl_algo.h ****     }
2341:c:\program files\daisytoolchain\arm-none-eabi\include\c++\10.2.1\bits\stl_algo.h **** 
2342:c:\program files\daisytoolchain\arm-none-eabi\include\c++\10.2.1\bits\stl_algo.h ****   /// This is a helper function for the __merge_adaptive routines.
2343:c:\program files\daisytoolchain\arm-none-eabi\include\c++\10.2.1\bits\stl_algo.h ****   template<typename _BidirectionalIterator1, typename _BidirectionalIterator2,
2344:c:\program files\daisytoolchain\arm-none-eabi\include\c++\10.2.1\bits\stl_algo.h **** 	   typename _BidirectionalIterator3, typename _Compare>
2345:c:\program files\daisytoolchain\arm-none-eabi\include\c++\10.2.1\bits\stl_algo.h ****     void
2346:c:\program files\daisytoolchain\arm-none-eabi\include\c++\10.2.1\bits\stl_algo.h ****     __move_merge_adaptive_backward(_BidirectionalIterator1 __first1,
2347:c:\program files\daisytoolchain\arm-none-eabi\include\c++\10.2.1\bits\stl_algo.h **** 				   _BidirectionalIterator1 __last1,
2348:c:\program files\daisytoolchain\arm-none-eabi\include\c++\10.2.1\bits\stl_algo.h **** 				   _BidirectionalIterator2 __first2,
2349:c:\program files\daisytoolchain\arm-none-eabi\include\c++\10.2.1\bits\stl_algo.h **** 				   _BidirectionalIterator2 __last2,
2350:c:\program files\daisytoolchain\arm-none-eabi\include\c++\10.2.1\bits\stl_algo.h **** 				   _BidirectionalIterator3 __result,
2351:c:\program files\daisytoolchain\arm-none-eabi\include\c++\10.2.1\bits\stl_algo.h **** 				   _Compare __comp)
2352:c:\program files\daisytoolchain\arm-none-eabi\include\c++\10.2.1\bits\stl_algo.h ****     {
2353:c:\program files\daisytoolchain\arm-none-eabi\include\c++\10.2.1\bits\stl_algo.h ****       if (__first1 == __last1)
2354:c:\program files\daisytoolchain\arm-none-eabi\include\c++\10.2.1\bits\stl_algo.h **** 	{
2355:c:\program files\daisytoolchain\arm-none-eabi\include\c++\10.2.1\bits\stl_algo.h **** 	  _GLIBCXX_MOVE_BACKWARD3(__first2, __last2, __result);
ARM GAS  C:\Users\FINNDY~1\AppData\Local\Temp\ccFWr46h.s 			page 45


2356:c:\program files\daisytoolchain\arm-none-eabi\include\c++\10.2.1\bits\stl_algo.h **** 	  return;
2357:c:\program files\daisytoolchain\arm-none-eabi\include\c++\10.2.1\bits\stl_algo.h **** 	}
2358:c:\program files\daisytoolchain\arm-none-eabi\include\c++\10.2.1\bits\stl_algo.h ****       else if (__first2 == __last2)
2359:c:\program files\daisytoolchain\arm-none-eabi\include\c++\10.2.1\bits\stl_algo.h **** 	return;
2360:c:\program files\daisytoolchain\arm-none-eabi\include\c++\10.2.1\bits\stl_algo.h **** 
2361:c:\program files\daisytoolchain\arm-none-eabi\include\c++\10.2.1\bits\stl_algo.h ****       --__last1;
2362:c:\program files\daisytoolchain\arm-none-eabi\include\c++\10.2.1\bits\stl_algo.h ****       --__last2;
2363:c:\program files\daisytoolchain\arm-none-eabi\include\c++\10.2.1\bits\stl_algo.h ****       while (true)
2364:c:\program files\daisytoolchain\arm-none-eabi\include\c++\10.2.1\bits\stl_algo.h **** 	{
2365:c:\program files\daisytoolchain\arm-none-eabi\include\c++\10.2.1\bits\stl_algo.h **** 	  if (__comp(__last2, __last1))
2366:c:\program files\daisytoolchain\arm-none-eabi\include\c++\10.2.1\bits\stl_algo.h **** 	    {
2367:c:\program files\daisytoolchain\arm-none-eabi\include\c++\10.2.1\bits\stl_algo.h **** 	      *--__result = _GLIBCXX_MOVE(*__last1);
2368:c:\program files\daisytoolchain\arm-none-eabi\include\c++\10.2.1\bits\stl_algo.h **** 	      if (__first1 == __last1)
2369:c:\program files\daisytoolchain\arm-none-eabi\include\c++\10.2.1\bits\stl_algo.h **** 		{
2370:c:\program files\daisytoolchain\arm-none-eabi\include\c++\10.2.1\bits\stl_algo.h **** 		  _GLIBCXX_MOVE_BACKWARD3(__first2, ++__last2, __result);
2371:c:\program files\daisytoolchain\arm-none-eabi\include\c++\10.2.1\bits\stl_algo.h **** 		  return;
2372:c:\program files\daisytoolchain\arm-none-eabi\include\c++\10.2.1\bits\stl_algo.h **** 		}
2373:c:\program files\daisytoolchain\arm-none-eabi\include\c++\10.2.1\bits\stl_algo.h **** 	      --__last1;
2374:c:\program files\daisytoolchain\arm-none-eabi\include\c++\10.2.1\bits\stl_algo.h **** 	    }
2375:c:\program files\daisytoolchain\arm-none-eabi\include\c++\10.2.1\bits\stl_algo.h **** 	  else
2376:c:\program files\daisytoolchain\arm-none-eabi\include\c++\10.2.1\bits\stl_algo.h **** 	    {
2377:c:\program files\daisytoolchain\arm-none-eabi\include\c++\10.2.1\bits\stl_algo.h **** 	      *--__result = _GLIBCXX_MOVE(*__last2);
2378:c:\program files\daisytoolchain\arm-none-eabi\include\c++\10.2.1\bits\stl_algo.h **** 	      if (__first2 == __last2)
2379:c:\program files\daisytoolchain\arm-none-eabi\include\c++\10.2.1\bits\stl_algo.h **** 		return;
2380:c:\program files\daisytoolchain\arm-none-eabi\include\c++\10.2.1\bits\stl_algo.h **** 	      --__last2;
2381:c:\program files\daisytoolchain\arm-none-eabi\include\c++\10.2.1\bits\stl_algo.h **** 	    }
2382:c:\program files\daisytoolchain\arm-none-eabi\include\c++\10.2.1\bits\stl_algo.h **** 	}
2383:c:\program files\daisytoolchain\arm-none-eabi\include\c++\10.2.1\bits\stl_algo.h ****     }
2384:c:\program files\daisytoolchain\arm-none-eabi\include\c++\10.2.1\bits\stl_algo.h **** 
2385:c:\program files\daisytoolchain\arm-none-eabi\include\c++\10.2.1\bits\stl_algo.h ****   /// This is a helper function for the merge routines.
2386:c:\program files\daisytoolchain\arm-none-eabi\include\c++\10.2.1\bits\stl_algo.h ****   template<typename _BidirectionalIterator1, typename _BidirectionalIterator2,
2387:c:\program files\daisytoolchain\arm-none-eabi\include\c++\10.2.1\bits\stl_algo.h **** 	   typename _Distance>
2388:c:\program files\daisytoolchain\arm-none-eabi\include\c++\10.2.1\bits\stl_algo.h ****     _BidirectionalIterator1
2389:c:\program files\daisytoolchain\arm-none-eabi\include\c++\10.2.1\bits\stl_algo.h ****     __rotate_adaptive(_BidirectionalIterator1 __first,
2390:c:\program files\daisytoolchain\arm-none-eabi\include\c++\10.2.1\bits\stl_algo.h **** 		      _BidirectionalIterator1 __middle,
2391:c:\program files\daisytoolchain\arm-none-eabi\include\c++\10.2.1\bits\stl_algo.h **** 		      _BidirectionalIterator1 __last,
2392:c:\program files\daisytoolchain\arm-none-eabi\include\c++\10.2.1\bits\stl_algo.h **** 		      _Distance __len1, _Distance __len2,
2393:c:\program files\daisytoolchain\arm-none-eabi\include\c++\10.2.1\bits\stl_algo.h **** 		      _BidirectionalIterator2 __buffer,
2394:c:\program files\daisytoolchain\arm-none-eabi\include\c++\10.2.1\bits\stl_algo.h **** 		      _Distance __buffer_size)
2395:c:\program files\daisytoolchain\arm-none-eabi\include\c++\10.2.1\bits\stl_algo.h ****     {
2396:c:\program files\daisytoolchain\arm-none-eabi\include\c++\10.2.1\bits\stl_algo.h ****       _BidirectionalIterator2 __buffer_end;
2397:c:\program files\daisytoolchain\arm-none-eabi\include\c++\10.2.1\bits\stl_algo.h ****       if (__len1 > __len2 && __len2 <= __buffer_size)
2398:c:\program files\daisytoolchain\arm-none-eabi\include\c++\10.2.1\bits\stl_algo.h **** 	{
2399:c:\program files\daisytoolchain\arm-none-eabi\include\c++\10.2.1\bits\stl_algo.h **** 	  if (__len2)
2400:c:\program files\daisytoolchain\arm-none-eabi\include\c++\10.2.1\bits\stl_algo.h **** 	    {
2401:c:\program files\daisytoolchain\arm-none-eabi\include\c++\10.2.1\bits\stl_algo.h **** 	      __buffer_end = _GLIBCXX_MOVE3(__middle, __last, __buffer);
2402:c:\program files\daisytoolchain\arm-none-eabi\include\c++\10.2.1\bits\stl_algo.h **** 	      _GLIBCXX_MOVE_BACKWARD3(__first, __middle, __last);
2403:c:\program files\daisytoolchain\arm-none-eabi\include\c++\10.2.1\bits\stl_algo.h **** 	      return _GLIBCXX_MOVE3(__buffer, __buffer_end, __first);
2404:c:\program files\daisytoolchain\arm-none-eabi\include\c++\10.2.1\bits\stl_algo.h **** 	    }
2405:c:\program files\daisytoolchain\arm-none-eabi\include\c++\10.2.1\bits\stl_algo.h **** 	  else
2406:c:\program files\daisytoolchain\arm-none-eabi\include\c++\10.2.1\bits\stl_algo.h **** 	    return __first;
2407:c:\program files\daisytoolchain\arm-none-eabi\include\c++\10.2.1\bits\stl_algo.h **** 	}
2408:c:\program files\daisytoolchain\arm-none-eabi\include\c++\10.2.1\bits\stl_algo.h ****       else if (__len1 <= __buffer_size)
2409:c:\program files\daisytoolchain\arm-none-eabi\include\c++\10.2.1\bits\stl_algo.h **** 	{
2410:c:\program files\daisytoolchain\arm-none-eabi\include\c++\10.2.1\bits\stl_algo.h **** 	  if (__len1)
2411:c:\program files\daisytoolchain\arm-none-eabi\include\c++\10.2.1\bits\stl_algo.h **** 	    {
2412:c:\program files\daisytoolchain\arm-none-eabi\include\c++\10.2.1\bits\stl_algo.h **** 	      __buffer_end = _GLIBCXX_MOVE3(__first, __middle, __buffer);
ARM GAS  C:\Users\FINNDY~1\AppData\Local\Temp\ccFWr46h.s 			page 46


2413:c:\program files\daisytoolchain\arm-none-eabi\include\c++\10.2.1\bits\stl_algo.h **** 	      _GLIBCXX_MOVE3(__middle, __last, __first);
2414:c:\program files\daisytoolchain\arm-none-eabi\include\c++\10.2.1\bits\stl_algo.h **** 	      return _GLIBCXX_MOVE_BACKWARD3(__buffer, __buffer_end, __last);
2415:c:\program files\daisytoolchain\arm-none-eabi\include\c++\10.2.1\bits\stl_algo.h **** 	    }
2416:c:\program files\daisytoolchain\arm-none-eabi\include\c++\10.2.1\bits\stl_algo.h **** 	  else
2417:c:\program files\daisytoolchain\arm-none-eabi\include\c++\10.2.1\bits\stl_algo.h **** 	    return __last;
2418:c:\program files\daisytoolchain\arm-none-eabi\include\c++\10.2.1\bits\stl_algo.h **** 	}
2419:c:\program files\daisytoolchain\arm-none-eabi\include\c++\10.2.1\bits\stl_algo.h ****       else
2420:c:\program files\daisytoolchain\arm-none-eabi\include\c++\10.2.1\bits\stl_algo.h **** 	return std::rotate(__first, __middle, __last);
2421:c:\program files\daisytoolchain\arm-none-eabi\include\c++\10.2.1\bits\stl_algo.h ****     }
2422:c:\program files\daisytoolchain\arm-none-eabi\include\c++\10.2.1\bits\stl_algo.h **** 
2423:c:\program files\daisytoolchain\arm-none-eabi\include\c++\10.2.1\bits\stl_algo.h ****   /// This is a helper function for the merge routines.
2424:c:\program files\daisytoolchain\arm-none-eabi\include\c++\10.2.1\bits\stl_algo.h ****   template<typename _BidirectionalIterator, typename _Distance, 
2425:c:\program files\daisytoolchain\arm-none-eabi\include\c++\10.2.1\bits\stl_algo.h **** 	   typename _Pointer, typename _Compare>
2426:c:\program files\daisytoolchain\arm-none-eabi\include\c++\10.2.1\bits\stl_algo.h ****     void
2427:c:\program files\daisytoolchain\arm-none-eabi\include\c++\10.2.1\bits\stl_algo.h ****     __merge_adaptive(_BidirectionalIterator __first,
2428:c:\program files\daisytoolchain\arm-none-eabi\include\c++\10.2.1\bits\stl_algo.h **** 		     _BidirectionalIterator __middle,
2429:c:\program files\daisytoolchain\arm-none-eabi\include\c++\10.2.1\bits\stl_algo.h **** 		     _BidirectionalIterator __last,
2430:c:\program files\daisytoolchain\arm-none-eabi\include\c++\10.2.1\bits\stl_algo.h **** 		     _Distance __len1, _Distance __len2,
2431:c:\program files\daisytoolchain\arm-none-eabi\include\c++\10.2.1\bits\stl_algo.h **** 		     _Pointer __buffer, _Distance __buffer_size,
2432:c:\program files\daisytoolchain\arm-none-eabi\include\c++\10.2.1\bits\stl_algo.h **** 		     _Compare __comp)
2433:c:\program files\daisytoolchain\arm-none-eabi\include\c++\10.2.1\bits\stl_algo.h ****     {
2434:c:\program files\daisytoolchain\arm-none-eabi\include\c++\10.2.1\bits\stl_algo.h ****       if (__len1 <= __len2 && __len1 <= __buffer_size)
2435:c:\program files\daisytoolchain\arm-none-eabi\include\c++\10.2.1\bits\stl_algo.h **** 	{
2436:c:\program files\daisytoolchain\arm-none-eabi\include\c++\10.2.1\bits\stl_algo.h **** 	  _Pointer __buffer_end = _GLIBCXX_MOVE3(__first, __middle, __buffer);
2437:c:\program files\daisytoolchain\arm-none-eabi\include\c++\10.2.1\bits\stl_algo.h **** 	  std::__move_merge_adaptive(__buffer, __buffer_end, __middle, __last,
2438:c:\program files\daisytoolchain\arm-none-eabi\include\c++\10.2.1\bits\stl_algo.h **** 				     __first, __comp);
2439:c:\program files\daisytoolchain\arm-none-eabi\include\c++\10.2.1\bits\stl_algo.h **** 	}
2440:c:\program files\daisytoolchain\arm-none-eabi\include\c++\10.2.1\bits\stl_algo.h ****       else if (__len2 <= __buffer_size)
2441:c:\program files\daisytoolchain\arm-none-eabi\include\c++\10.2.1\bits\stl_algo.h **** 	{
2442:c:\program files\daisytoolchain\arm-none-eabi\include\c++\10.2.1\bits\stl_algo.h **** 	  _Pointer __buffer_end = _GLIBCXX_MOVE3(__middle, __last, __buffer);
2443:c:\program files\daisytoolchain\arm-none-eabi\include\c++\10.2.1\bits\stl_algo.h **** 	  std::__move_merge_adaptive_backward(__first, __middle, __buffer,
2444:c:\program files\daisytoolchain\arm-none-eabi\include\c++\10.2.1\bits\stl_algo.h **** 					      __buffer_end, __last, __comp);
2445:c:\program files\daisytoolchain\arm-none-eabi\include\c++\10.2.1\bits\stl_algo.h **** 	}
2446:c:\program files\daisytoolchain\arm-none-eabi\include\c++\10.2.1\bits\stl_algo.h ****       else
2447:c:\program files\daisytoolchain\arm-none-eabi\include\c++\10.2.1\bits\stl_algo.h **** 	{
2448:c:\program files\daisytoolchain\arm-none-eabi\include\c++\10.2.1\bits\stl_algo.h **** 	  _BidirectionalIterator __first_cut = __first;
2449:c:\program files\daisytoolchain\arm-none-eabi\include\c++\10.2.1\bits\stl_algo.h **** 	  _BidirectionalIterator __second_cut = __middle;
2450:c:\program files\daisytoolchain\arm-none-eabi\include\c++\10.2.1\bits\stl_algo.h **** 	  _Distance __len11 = 0;
2451:c:\program files\daisytoolchain\arm-none-eabi\include\c++\10.2.1\bits\stl_algo.h **** 	  _Distance __len22 = 0;
2452:c:\program files\daisytoolchain\arm-none-eabi\include\c++\10.2.1\bits\stl_algo.h **** 	  if (__len1 > __len2)
2453:c:\program files\daisytoolchain\arm-none-eabi\include\c++\10.2.1\bits\stl_algo.h **** 	    {
2454:c:\program files\daisytoolchain\arm-none-eabi\include\c++\10.2.1\bits\stl_algo.h **** 	      __len11 = __len1 / 2;
2455:c:\program files\daisytoolchain\arm-none-eabi\include\c++\10.2.1\bits\stl_algo.h **** 	      std::advance(__first_cut, __len11);
2456:c:\program files\daisytoolchain\arm-none-eabi\include\c++\10.2.1\bits\stl_algo.h **** 	      __second_cut
2457:c:\program files\daisytoolchain\arm-none-eabi\include\c++\10.2.1\bits\stl_algo.h **** 		= std::__lower_bound(__middle, __last, *__first_cut,
2458:c:\program files\daisytoolchain\arm-none-eabi\include\c++\10.2.1\bits\stl_algo.h **** 				     __gnu_cxx::__ops::__iter_comp_val(__comp));
2459:c:\program files\daisytoolchain\arm-none-eabi\include\c++\10.2.1\bits\stl_algo.h **** 	      __len22 = std::distance(__middle, __second_cut);
2460:c:\program files\daisytoolchain\arm-none-eabi\include\c++\10.2.1\bits\stl_algo.h **** 	    }
2461:c:\program files\daisytoolchain\arm-none-eabi\include\c++\10.2.1\bits\stl_algo.h **** 	  else
2462:c:\program files\daisytoolchain\arm-none-eabi\include\c++\10.2.1\bits\stl_algo.h **** 	    {
2463:c:\program files\daisytoolchain\arm-none-eabi\include\c++\10.2.1\bits\stl_algo.h **** 	      __len22 = __len2 / 2;
2464:c:\program files\daisytoolchain\arm-none-eabi\include\c++\10.2.1\bits\stl_algo.h **** 	      std::advance(__second_cut, __len22);
2465:c:\program files\daisytoolchain\arm-none-eabi\include\c++\10.2.1\bits\stl_algo.h **** 	      __first_cut
2466:c:\program files\daisytoolchain\arm-none-eabi\include\c++\10.2.1\bits\stl_algo.h **** 		= std::__upper_bound(__first, __middle, *__second_cut,
2467:c:\program files\daisytoolchain\arm-none-eabi\include\c++\10.2.1\bits\stl_algo.h **** 				     __gnu_cxx::__ops::__val_comp_iter(__comp));
2468:c:\program files\daisytoolchain\arm-none-eabi\include\c++\10.2.1\bits\stl_algo.h **** 	      __len11 = std::distance(__first, __first_cut);
2469:c:\program files\daisytoolchain\arm-none-eabi\include\c++\10.2.1\bits\stl_algo.h **** 	    }
ARM GAS  C:\Users\FINNDY~1\AppData\Local\Temp\ccFWr46h.s 			page 47


2470:c:\program files\daisytoolchain\arm-none-eabi\include\c++\10.2.1\bits\stl_algo.h **** 
2471:c:\program files\daisytoolchain\arm-none-eabi\include\c++\10.2.1\bits\stl_algo.h **** 	  _BidirectionalIterator __new_middle
2472:c:\program files\daisytoolchain\arm-none-eabi\include\c++\10.2.1\bits\stl_algo.h **** 	    = std::__rotate_adaptive(__first_cut, __middle, __second_cut,
2473:c:\program files\daisytoolchain\arm-none-eabi\include\c++\10.2.1\bits\stl_algo.h **** 				     __len1 - __len11, __len22, __buffer,
2474:c:\program files\daisytoolchain\arm-none-eabi\include\c++\10.2.1\bits\stl_algo.h **** 				     __buffer_size);
2475:c:\program files\daisytoolchain\arm-none-eabi\include\c++\10.2.1\bits\stl_algo.h **** 	  std::__merge_adaptive(__first, __first_cut, __new_middle, __len11,
2476:c:\program files\daisytoolchain\arm-none-eabi\include\c++\10.2.1\bits\stl_algo.h **** 				__len22, __buffer, __buffer_size, __comp);
2477:c:\program files\daisytoolchain\arm-none-eabi\include\c++\10.2.1\bits\stl_algo.h **** 	  std::__merge_adaptive(__new_middle, __second_cut, __last,
2478:c:\program files\daisytoolchain\arm-none-eabi\include\c++\10.2.1\bits\stl_algo.h **** 				__len1 - __len11,
2479:c:\program files\daisytoolchain\arm-none-eabi\include\c++\10.2.1\bits\stl_algo.h **** 				__len2 - __len22, __buffer,
2480:c:\program files\daisytoolchain\arm-none-eabi\include\c++\10.2.1\bits\stl_algo.h **** 				__buffer_size, __comp);
2481:c:\program files\daisytoolchain\arm-none-eabi\include\c++\10.2.1\bits\stl_algo.h **** 	}
2482:c:\program files\daisytoolchain\arm-none-eabi\include\c++\10.2.1\bits\stl_algo.h ****     }
2483:c:\program files\daisytoolchain\arm-none-eabi\include\c++\10.2.1\bits\stl_algo.h **** 
2484:c:\program files\daisytoolchain\arm-none-eabi\include\c++\10.2.1\bits\stl_algo.h ****   /// This is a helper function for the merge routines.
2485:c:\program files\daisytoolchain\arm-none-eabi\include\c++\10.2.1\bits\stl_algo.h ****   template<typename _BidirectionalIterator, typename _Distance,
2486:c:\program files\daisytoolchain\arm-none-eabi\include\c++\10.2.1\bits\stl_algo.h **** 	   typename _Compare>
2487:c:\program files\daisytoolchain\arm-none-eabi\include\c++\10.2.1\bits\stl_algo.h ****     void
2488:c:\program files\daisytoolchain\arm-none-eabi\include\c++\10.2.1\bits\stl_algo.h ****     __merge_without_buffer(_BidirectionalIterator __first,
2489:c:\program files\daisytoolchain\arm-none-eabi\include\c++\10.2.1\bits\stl_algo.h **** 			   _BidirectionalIterator __middle,
2490:c:\program files\daisytoolchain\arm-none-eabi\include\c++\10.2.1\bits\stl_algo.h **** 			   _BidirectionalIterator __last,
2491:c:\program files\daisytoolchain\arm-none-eabi\include\c++\10.2.1\bits\stl_algo.h **** 			   _Distance __len1, _Distance __len2,
2492:c:\program files\daisytoolchain\arm-none-eabi\include\c++\10.2.1\bits\stl_algo.h **** 			   _Compare __comp)
2493:c:\program files\daisytoolchain\arm-none-eabi\include\c++\10.2.1\bits\stl_algo.h ****     {
2494:c:\program files\daisytoolchain\arm-none-eabi\include\c++\10.2.1\bits\stl_algo.h ****       if (__len1 == 0 || __len2 == 0)
2495:c:\program files\daisytoolchain\arm-none-eabi\include\c++\10.2.1\bits\stl_algo.h **** 	return;
2496:c:\program files\daisytoolchain\arm-none-eabi\include\c++\10.2.1\bits\stl_algo.h **** 
2497:c:\program files\daisytoolchain\arm-none-eabi\include\c++\10.2.1\bits\stl_algo.h ****       if (__len1 + __len2 == 2)
2498:c:\program files\daisytoolchain\arm-none-eabi\include\c++\10.2.1\bits\stl_algo.h **** 	{
2499:c:\program files\daisytoolchain\arm-none-eabi\include\c++\10.2.1\bits\stl_algo.h **** 	  if (__comp(__middle, __first))
2500:c:\program files\daisytoolchain\arm-none-eabi\include\c++\10.2.1\bits\stl_algo.h **** 	    std::iter_swap(__first, __middle);
2501:c:\program files\daisytoolchain\arm-none-eabi\include\c++\10.2.1\bits\stl_algo.h **** 	  return;
2502:c:\program files\daisytoolchain\arm-none-eabi\include\c++\10.2.1\bits\stl_algo.h **** 	}
2503:c:\program files\daisytoolchain\arm-none-eabi\include\c++\10.2.1\bits\stl_algo.h **** 
2504:c:\program files\daisytoolchain\arm-none-eabi\include\c++\10.2.1\bits\stl_algo.h ****       _BidirectionalIterator __first_cut = __first;
2505:c:\program files\daisytoolchain\arm-none-eabi\include\c++\10.2.1\bits\stl_algo.h ****       _BidirectionalIterator __second_cut = __middle;
2506:c:\program files\daisytoolchain\arm-none-eabi\include\c++\10.2.1\bits\stl_algo.h ****       _Distance __len11 = 0;
2507:c:\program files\daisytoolchain\arm-none-eabi\include\c++\10.2.1\bits\stl_algo.h ****       _Distance __len22 = 0;
2508:c:\program files\daisytoolchain\arm-none-eabi\include\c++\10.2.1\bits\stl_algo.h ****       if (__len1 > __len2)
2509:c:\program files\daisytoolchain\arm-none-eabi\include\c++\10.2.1\bits\stl_algo.h **** 	{
2510:c:\program files\daisytoolchain\arm-none-eabi\include\c++\10.2.1\bits\stl_algo.h **** 	  __len11 = __len1 / 2;
2511:c:\program files\daisytoolchain\arm-none-eabi\include\c++\10.2.1\bits\stl_algo.h **** 	  std::advance(__first_cut, __len11);
2512:c:\program files\daisytoolchain\arm-none-eabi\include\c++\10.2.1\bits\stl_algo.h **** 	  __second_cut
2513:c:\program files\daisytoolchain\arm-none-eabi\include\c++\10.2.1\bits\stl_algo.h **** 	    = std::__lower_bound(__middle, __last, *__first_cut,
2514:c:\program files\daisytoolchain\arm-none-eabi\include\c++\10.2.1\bits\stl_algo.h **** 				 __gnu_cxx::__ops::__iter_comp_val(__comp));
2515:c:\program files\daisytoolchain\arm-none-eabi\include\c++\10.2.1\bits\stl_algo.h **** 	  __len22 = std::distance(__middle, __second_cut);
2516:c:\program files\daisytoolchain\arm-none-eabi\include\c++\10.2.1\bits\stl_algo.h **** 	}
2517:c:\program files\daisytoolchain\arm-none-eabi\include\c++\10.2.1\bits\stl_algo.h ****       else
2518:c:\program files\daisytoolchain\arm-none-eabi\include\c++\10.2.1\bits\stl_algo.h **** 	{
2519:c:\program files\daisytoolchain\arm-none-eabi\include\c++\10.2.1\bits\stl_algo.h **** 	  __len22 = __len2 / 2;
2520:c:\program files\daisytoolchain\arm-none-eabi\include\c++\10.2.1\bits\stl_algo.h **** 	  std::advance(__second_cut, __len22);
2521:c:\program files\daisytoolchain\arm-none-eabi\include\c++\10.2.1\bits\stl_algo.h **** 	  __first_cut
2522:c:\program files\daisytoolchain\arm-none-eabi\include\c++\10.2.1\bits\stl_algo.h **** 	    = std::__upper_bound(__first, __middle, *__second_cut,
2523:c:\program files\daisytoolchain\arm-none-eabi\include\c++\10.2.1\bits\stl_algo.h **** 				 __gnu_cxx::__ops::__val_comp_iter(__comp));
2524:c:\program files\daisytoolchain\arm-none-eabi\include\c++\10.2.1\bits\stl_algo.h **** 	  __len11 = std::distance(__first, __first_cut);
2525:c:\program files\daisytoolchain\arm-none-eabi\include\c++\10.2.1\bits\stl_algo.h **** 	}
2526:c:\program files\daisytoolchain\arm-none-eabi\include\c++\10.2.1\bits\stl_algo.h **** 
ARM GAS  C:\Users\FINNDY~1\AppData\Local\Temp\ccFWr46h.s 			page 48


2527:c:\program files\daisytoolchain\arm-none-eabi\include\c++\10.2.1\bits\stl_algo.h ****       _BidirectionalIterator __new_middle
2528:c:\program files\daisytoolchain\arm-none-eabi\include\c++\10.2.1\bits\stl_algo.h **** 	= std::rotate(__first_cut, __middle, __second_cut);
2529:c:\program files\daisytoolchain\arm-none-eabi\include\c++\10.2.1\bits\stl_algo.h ****       std::__merge_without_buffer(__first, __first_cut, __new_middle,
2530:c:\program files\daisytoolchain\arm-none-eabi\include\c++\10.2.1\bits\stl_algo.h **** 				  __len11, __len22, __comp);
2531:c:\program files\daisytoolchain\arm-none-eabi\include\c++\10.2.1\bits\stl_algo.h ****       std::__merge_without_buffer(__new_middle, __second_cut, __last,
2532:c:\program files\daisytoolchain\arm-none-eabi\include\c++\10.2.1\bits\stl_algo.h **** 				  __len1 - __len11, __len2 - __len22, __comp);
2533:c:\program files\daisytoolchain\arm-none-eabi\include\c++\10.2.1\bits\stl_algo.h ****     }
2534:c:\program files\daisytoolchain\arm-none-eabi\include\c++\10.2.1\bits\stl_algo.h **** 
2535:c:\program files\daisytoolchain\arm-none-eabi\include\c++\10.2.1\bits\stl_algo.h ****   template<typename _BidirectionalIterator, typename _Compare>
2536:c:\program files\daisytoolchain\arm-none-eabi\include\c++\10.2.1\bits\stl_algo.h ****     void
2537:c:\program files\daisytoolchain\arm-none-eabi\include\c++\10.2.1\bits\stl_algo.h ****     __inplace_merge(_BidirectionalIterator __first,
2538:c:\program files\daisytoolchain\arm-none-eabi\include\c++\10.2.1\bits\stl_algo.h **** 		    _BidirectionalIterator __middle,
2539:c:\program files\daisytoolchain\arm-none-eabi\include\c++\10.2.1\bits\stl_algo.h **** 		    _BidirectionalIterator __last,
2540:c:\program files\daisytoolchain\arm-none-eabi\include\c++\10.2.1\bits\stl_algo.h **** 		    _Compare __comp)
2541:c:\program files\daisytoolchain\arm-none-eabi\include\c++\10.2.1\bits\stl_algo.h ****     {
2542:c:\program files\daisytoolchain\arm-none-eabi\include\c++\10.2.1\bits\stl_algo.h ****       typedef typename iterator_traits<_BidirectionalIterator>::value_type
2543:c:\program files\daisytoolchain\arm-none-eabi\include\c++\10.2.1\bits\stl_algo.h **** 	  _ValueType;
2544:c:\program files\daisytoolchain\arm-none-eabi\include\c++\10.2.1\bits\stl_algo.h ****       typedef typename iterator_traits<_BidirectionalIterator>::difference_type
2545:c:\program files\daisytoolchain\arm-none-eabi\include\c++\10.2.1\bits\stl_algo.h **** 	  _DistanceType;
2546:c:\program files\daisytoolchain\arm-none-eabi\include\c++\10.2.1\bits\stl_algo.h **** 
2547:c:\program files\daisytoolchain\arm-none-eabi\include\c++\10.2.1\bits\stl_algo.h ****       if (__first == __middle || __middle == __last)
2548:c:\program files\daisytoolchain\arm-none-eabi\include\c++\10.2.1\bits\stl_algo.h **** 	return;
2549:c:\program files\daisytoolchain\arm-none-eabi\include\c++\10.2.1\bits\stl_algo.h **** 
2550:c:\program files\daisytoolchain\arm-none-eabi\include\c++\10.2.1\bits\stl_algo.h ****       const _DistanceType __len1 = std::distance(__first, __middle);
2551:c:\program files\daisytoolchain\arm-none-eabi\include\c++\10.2.1\bits\stl_algo.h ****       const _DistanceType __len2 = std::distance(__middle, __last);
2552:c:\program files\daisytoolchain\arm-none-eabi\include\c++\10.2.1\bits\stl_algo.h **** 
2553:c:\program files\daisytoolchain\arm-none-eabi\include\c++\10.2.1\bits\stl_algo.h ****       typedef _Temporary_buffer<_BidirectionalIterator, _ValueType> _TmpBuf;
2554:c:\program files\daisytoolchain\arm-none-eabi\include\c++\10.2.1\bits\stl_algo.h ****       _TmpBuf __buf(__first, __len1 + __len2);
2555:c:\program files\daisytoolchain\arm-none-eabi\include\c++\10.2.1\bits\stl_algo.h **** 
2556:c:\program files\daisytoolchain\arm-none-eabi\include\c++\10.2.1\bits\stl_algo.h ****       if (__buf.begin() == 0)
2557:c:\program files\daisytoolchain\arm-none-eabi\include\c++\10.2.1\bits\stl_algo.h **** 	std::__merge_without_buffer
2558:c:\program files\daisytoolchain\arm-none-eabi\include\c++\10.2.1\bits\stl_algo.h **** 	  (__first, __middle, __last, __len1, __len2, __comp);
2559:c:\program files\daisytoolchain\arm-none-eabi\include\c++\10.2.1\bits\stl_algo.h ****       else
2560:c:\program files\daisytoolchain\arm-none-eabi\include\c++\10.2.1\bits\stl_algo.h **** 	std::__merge_adaptive
2561:c:\program files\daisytoolchain\arm-none-eabi\include\c++\10.2.1\bits\stl_algo.h **** 	  (__first, __middle, __last, __len1, __len2, __buf.begin(),
2562:c:\program files\daisytoolchain\arm-none-eabi\include\c++\10.2.1\bits\stl_algo.h **** 	   _DistanceType(__buf.size()), __comp);
2563:c:\program files\daisytoolchain\arm-none-eabi\include\c++\10.2.1\bits\stl_algo.h ****     }
2564:c:\program files\daisytoolchain\arm-none-eabi\include\c++\10.2.1\bits\stl_algo.h **** 
2565:c:\program files\daisytoolchain\arm-none-eabi\include\c++\10.2.1\bits\stl_algo.h ****   /**
2566:c:\program files\daisytoolchain\arm-none-eabi\include\c++\10.2.1\bits\stl_algo.h ****    *  @brief Merges two sorted ranges in place.
2567:c:\program files\daisytoolchain\arm-none-eabi\include\c++\10.2.1\bits\stl_algo.h ****    *  @ingroup sorting_algorithms
2568:c:\program files\daisytoolchain\arm-none-eabi\include\c++\10.2.1\bits\stl_algo.h ****    *  @param  __first   An iterator.
2569:c:\program files\daisytoolchain\arm-none-eabi\include\c++\10.2.1\bits\stl_algo.h ****    *  @param  __middle  Another iterator.
2570:c:\program files\daisytoolchain\arm-none-eabi\include\c++\10.2.1\bits\stl_algo.h ****    *  @param  __last    Another iterator.
2571:c:\program files\daisytoolchain\arm-none-eabi\include\c++\10.2.1\bits\stl_algo.h ****    *  @return  Nothing.
2572:c:\program files\daisytoolchain\arm-none-eabi\include\c++\10.2.1\bits\stl_algo.h ****    *
2573:c:\program files\daisytoolchain\arm-none-eabi\include\c++\10.2.1\bits\stl_algo.h ****    *  Merges two sorted and consecutive ranges, [__first,__middle) and
2574:c:\program files\daisytoolchain\arm-none-eabi\include\c++\10.2.1\bits\stl_algo.h ****    *  [__middle,__last), and puts the result in [__first,__last).  The
2575:c:\program files\daisytoolchain\arm-none-eabi\include\c++\10.2.1\bits\stl_algo.h ****    *  output will be sorted.  The sort is @e stable, that is, for
2576:c:\program files\daisytoolchain\arm-none-eabi\include\c++\10.2.1\bits\stl_algo.h ****    *  equivalent elements in the two ranges, elements from the first
2577:c:\program files\daisytoolchain\arm-none-eabi\include\c++\10.2.1\bits\stl_algo.h ****    *  range will always come before elements from the second.
2578:c:\program files\daisytoolchain\arm-none-eabi\include\c++\10.2.1\bits\stl_algo.h ****    *
2579:c:\program files\daisytoolchain\arm-none-eabi\include\c++\10.2.1\bits\stl_algo.h ****    *  If enough additional memory is available, this takes (__last-__first)-1
2580:c:\program files\daisytoolchain\arm-none-eabi\include\c++\10.2.1\bits\stl_algo.h ****    *  comparisons.  Otherwise an NlogN algorithm is used, where N is
2581:c:\program files\daisytoolchain\arm-none-eabi\include\c++\10.2.1\bits\stl_algo.h ****    *  distance(__first,__last).
2582:c:\program files\daisytoolchain\arm-none-eabi\include\c++\10.2.1\bits\stl_algo.h ****   */
2583:c:\program files\daisytoolchain\arm-none-eabi\include\c++\10.2.1\bits\stl_algo.h ****   template<typename _BidirectionalIterator>
ARM GAS  C:\Users\FINNDY~1\AppData\Local\Temp\ccFWr46h.s 			page 49


2584:c:\program files\daisytoolchain\arm-none-eabi\include\c++\10.2.1\bits\stl_algo.h ****     inline void
2585:c:\program files\daisytoolchain\arm-none-eabi\include\c++\10.2.1\bits\stl_algo.h ****     inplace_merge(_BidirectionalIterator __first,
2586:c:\program files\daisytoolchain\arm-none-eabi\include\c++\10.2.1\bits\stl_algo.h **** 		  _BidirectionalIterator __middle,
2587:c:\program files\daisytoolchain\arm-none-eabi\include\c++\10.2.1\bits\stl_algo.h **** 		  _BidirectionalIterator __last)
2588:c:\program files\daisytoolchain\arm-none-eabi\include\c++\10.2.1\bits\stl_algo.h ****     {
2589:c:\program files\daisytoolchain\arm-none-eabi\include\c++\10.2.1\bits\stl_algo.h ****       // concept requirements
2590:c:\program files\daisytoolchain\arm-none-eabi\include\c++\10.2.1\bits\stl_algo.h ****       __glibcxx_function_requires(_Mutable_BidirectionalIteratorConcept<
2591:c:\program files\daisytoolchain\arm-none-eabi\include\c++\10.2.1\bits\stl_algo.h **** 	    _BidirectionalIterator>)
2592:c:\program files\daisytoolchain\arm-none-eabi\include\c++\10.2.1\bits\stl_algo.h ****       __glibcxx_function_requires(_LessThanComparableConcept<
2593:c:\program files\daisytoolchain\arm-none-eabi\include\c++\10.2.1\bits\stl_algo.h **** 	    typename iterator_traits<_BidirectionalIterator>::value_type>)
2594:c:\program files\daisytoolchain\arm-none-eabi\include\c++\10.2.1\bits\stl_algo.h ****       __glibcxx_requires_sorted(__first, __middle);
2595:c:\program files\daisytoolchain\arm-none-eabi\include\c++\10.2.1\bits\stl_algo.h ****       __glibcxx_requires_sorted(__middle, __last);
2596:c:\program files\daisytoolchain\arm-none-eabi\include\c++\10.2.1\bits\stl_algo.h ****       __glibcxx_requires_irreflexive(__first, __last);
2597:c:\program files\daisytoolchain\arm-none-eabi\include\c++\10.2.1\bits\stl_algo.h **** 
2598:c:\program files\daisytoolchain\arm-none-eabi\include\c++\10.2.1\bits\stl_algo.h ****       std::__inplace_merge(__first, __middle, __last,
2599:c:\program files\daisytoolchain\arm-none-eabi\include\c++\10.2.1\bits\stl_algo.h **** 			   __gnu_cxx::__ops::__iter_less_iter());
2600:c:\program files\daisytoolchain\arm-none-eabi\include\c++\10.2.1\bits\stl_algo.h ****     }
2601:c:\program files\daisytoolchain\arm-none-eabi\include\c++\10.2.1\bits\stl_algo.h **** 
2602:c:\program files\daisytoolchain\arm-none-eabi\include\c++\10.2.1\bits\stl_algo.h ****   /**
2603:c:\program files\daisytoolchain\arm-none-eabi\include\c++\10.2.1\bits\stl_algo.h ****    *  @brief Merges two sorted ranges in place.
2604:c:\program files\daisytoolchain\arm-none-eabi\include\c++\10.2.1\bits\stl_algo.h ****    *  @ingroup sorting_algorithms
2605:c:\program files\daisytoolchain\arm-none-eabi\include\c++\10.2.1\bits\stl_algo.h ****    *  @param  __first   An iterator.
2606:c:\program files\daisytoolchain\arm-none-eabi\include\c++\10.2.1\bits\stl_algo.h ****    *  @param  __middle  Another iterator.
2607:c:\program files\daisytoolchain\arm-none-eabi\include\c++\10.2.1\bits\stl_algo.h ****    *  @param  __last    Another iterator.
2608:c:\program files\daisytoolchain\arm-none-eabi\include\c++\10.2.1\bits\stl_algo.h ****    *  @param  __comp    A functor to use for comparisons.
2609:c:\program files\daisytoolchain\arm-none-eabi\include\c++\10.2.1\bits\stl_algo.h ****    *  @return  Nothing.
2610:c:\program files\daisytoolchain\arm-none-eabi\include\c++\10.2.1\bits\stl_algo.h ****    *
2611:c:\program files\daisytoolchain\arm-none-eabi\include\c++\10.2.1\bits\stl_algo.h ****    *  Merges two sorted and consecutive ranges, [__first,__middle) and
2612:c:\program files\daisytoolchain\arm-none-eabi\include\c++\10.2.1\bits\stl_algo.h ****    *  [middle,last), and puts the result in [__first,__last).  The output will
2613:c:\program files\daisytoolchain\arm-none-eabi\include\c++\10.2.1\bits\stl_algo.h ****    *  be sorted.  The sort is @e stable, that is, for equivalent
2614:c:\program files\daisytoolchain\arm-none-eabi\include\c++\10.2.1\bits\stl_algo.h ****    *  elements in the two ranges, elements from the first range will always
2615:c:\program files\daisytoolchain\arm-none-eabi\include\c++\10.2.1\bits\stl_algo.h ****    *  come before elements from the second.
2616:c:\program files\daisytoolchain\arm-none-eabi\include\c++\10.2.1\bits\stl_algo.h ****    *
2617:c:\program files\daisytoolchain\arm-none-eabi\include\c++\10.2.1\bits\stl_algo.h ****    *  If enough additional memory is available, this takes (__last-__first)-1
2618:c:\program files\daisytoolchain\arm-none-eabi\include\c++\10.2.1\bits\stl_algo.h ****    *  comparisons.  Otherwise an NlogN algorithm is used, where N is
2619:c:\program files\daisytoolchain\arm-none-eabi\include\c++\10.2.1\bits\stl_algo.h ****    *  distance(__first,__last).
2620:c:\program files\daisytoolchain\arm-none-eabi\include\c++\10.2.1\bits\stl_algo.h ****    *
2621:c:\program files\daisytoolchain\arm-none-eabi\include\c++\10.2.1\bits\stl_algo.h ****    *  The comparison function should have the same effects on ordering as
2622:c:\program files\daisytoolchain\arm-none-eabi\include\c++\10.2.1\bits\stl_algo.h ****    *  the function used for the initial sort.
2623:c:\program files\daisytoolchain\arm-none-eabi\include\c++\10.2.1\bits\stl_algo.h ****   */
2624:c:\program files\daisytoolchain\arm-none-eabi\include\c++\10.2.1\bits\stl_algo.h ****   template<typename _BidirectionalIterator, typename _Compare>
2625:c:\program files\daisytoolchain\arm-none-eabi\include\c++\10.2.1\bits\stl_algo.h ****     inline void
2626:c:\program files\daisytoolchain\arm-none-eabi\include\c++\10.2.1\bits\stl_algo.h ****     inplace_merge(_BidirectionalIterator __first,
2627:c:\program files\daisytoolchain\arm-none-eabi\include\c++\10.2.1\bits\stl_algo.h **** 		  _BidirectionalIterator __middle,
2628:c:\program files\daisytoolchain\arm-none-eabi\include\c++\10.2.1\bits\stl_algo.h **** 		  _BidirectionalIterator __last,
2629:c:\program files\daisytoolchain\arm-none-eabi\include\c++\10.2.1\bits\stl_algo.h **** 		  _Compare __comp)
2630:c:\program files\daisytoolchain\arm-none-eabi\include\c++\10.2.1\bits\stl_algo.h ****     {
2631:c:\program files\daisytoolchain\arm-none-eabi\include\c++\10.2.1\bits\stl_algo.h ****       // concept requirements
2632:c:\program files\daisytoolchain\arm-none-eabi\include\c++\10.2.1\bits\stl_algo.h ****       __glibcxx_function_requires(_Mutable_BidirectionalIteratorConcept<
2633:c:\program files\daisytoolchain\arm-none-eabi\include\c++\10.2.1\bits\stl_algo.h **** 	    _BidirectionalIterator>)
2634:c:\program files\daisytoolchain\arm-none-eabi\include\c++\10.2.1\bits\stl_algo.h ****       __glibcxx_function_requires(_BinaryPredicateConcept<_Compare,
2635:c:\program files\daisytoolchain\arm-none-eabi\include\c++\10.2.1\bits\stl_algo.h **** 	    typename iterator_traits<_BidirectionalIterator>::value_type,
2636:c:\program files\daisytoolchain\arm-none-eabi\include\c++\10.2.1\bits\stl_algo.h **** 	    typename iterator_traits<_BidirectionalIterator>::value_type>)
2637:c:\program files\daisytoolchain\arm-none-eabi\include\c++\10.2.1\bits\stl_algo.h ****       __glibcxx_requires_sorted_pred(__first, __middle, __comp);
2638:c:\program files\daisytoolchain\arm-none-eabi\include\c++\10.2.1\bits\stl_algo.h ****       __glibcxx_requires_sorted_pred(__middle, __last, __comp);
2639:c:\program files\daisytoolchain\arm-none-eabi\include\c++\10.2.1\bits\stl_algo.h ****       __glibcxx_requires_irreflexive_pred(__first, __last, __comp);
2640:c:\program files\daisytoolchain\arm-none-eabi\include\c++\10.2.1\bits\stl_algo.h **** 
ARM GAS  C:\Users\FINNDY~1\AppData\Local\Temp\ccFWr46h.s 			page 50


2641:c:\program files\daisytoolchain\arm-none-eabi\include\c++\10.2.1\bits\stl_algo.h ****       std::__inplace_merge(__first, __middle, __last,
2642:c:\program files\daisytoolchain\arm-none-eabi\include\c++\10.2.1\bits\stl_algo.h **** 			   __gnu_cxx::__ops::__iter_comp_iter(__comp));
2643:c:\program files\daisytoolchain\arm-none-eabi\include\c++\10.2.1\bits\stl_algo.h ****     }
2644:c:\program files\daisytoolchain\arm-none-eabi\include\c++\10.2.1\bits\stl_algo.h **** 
2645:c:\program files\daisytoolchain\arm-none-eabi\include\c++\10.2.1\bits\stl_algo.h **** 
2646:c:\program files\daisytoolchain\arm-none-eabi\include\c++\10.2.1\bits\stl_algo.h ****   /// This is a helper function for the __merge_sort_loop routines.
2647:c:\program files\daisytoolchain\arm-none-eabi\include\c++\10.2.1\bits\stl_algo.h ****   template<typename _InputIterator, typename _OutputIterator,
2648:c:\program files\daisytoolchain\arm-none-eabi\include\c++\10.2.1\bits\stl_algo.h **** 	   typename _Compare>
2649:c:\program files\daisytoolchain\arm-none-eabi\include\c++\10.2.1\bits\stl_algo.h ****     _OutputIterator
2650:c:\program files\daisytoolchain\arm-none-eabi\include\c++\10.2.1\bits\stl_algo.h ****     __move_merge(_InputIterator __first1, _InputIterator __last1,
2651:c:\program files\daisytoolchain\arm-none-eabi\include\c++\10.2.1\bits\stl_algo.h **** 		 _InputIterator __first2, _InputIterator __last2,
2652:c:\program files\daisytoolchain\arm-none-eabi\include\c++\10.2.1\bits\stl_algo.h **** 		 _OutputIterator __result, _Compare __comp)
2653:c:\program files\daisytoolchain\arm-none-eabi\include\c++\10.2.1\bits\stl_algo.h ****     {
2654:c:\program files\daisytoolchain\arm-none-eabi\include\c++\10.2.1\bits\stl_algo.h ****       while (__first1 != __last1 && __first2 != __last2)
2655:c:\program files\daisytoolchain\arm-none-eabi\include\c++\10.2.1\bits\stl_algo.h **** 	{
2656:c:\program files\daisytoolchain\arm-none-eabi\include\c++\10.2.1\bits\stl_algo.h **** 	  if (__comp(__first2, __first1))
2657:c:\program files\daisytoolchain\arm-none-eabi\include\c++\10.2.1\bits\stl_algo.h **** 	    {
2658:c:\program files\daisytoolchain\arm-none-eabi\include\c++\10.2.1\bits\stl_algo.h **** 	      *__result = _GLIBCXX_MOVE(*__first2);
2659:c:\program files\daisytoolchain\arm-none-eabi\include\c++\10.2.1\bits\stl_algo.h **** 	      ++__first2;
2660:c:\program files\daisytoolchain\arm-none-eabi\include\c++\10.2.1\bits\stl_algo.h **** 	    }
2661:c:\program files\daisytoolchain\arm-none-eabi\include\c++\10.2.1\bits\stl_algo.h **** 	  else
2662:c:\program files\daisytoolchain\arm-none-eabi\include\c++\10.2.1\bits\stl_algo.h **** 	    {
2663:c:\program files\daisytoolchain\arm-none-eabi\include\c++\10.2.1\bits\stl_algo.h **** 	      *__result = _GLIBCXX_MOVE(*__first1);
2664:c:\program files\daisytoolchain\arm-none-eabi\include\c++\10.2.1\bits\stl_algo.h **** 	      ++__first1;
2665:c:\program files\daisytoolchain\arm-none-eabi\include\c++\10.2.1\bits\stl_algo.h **** 	    }
2666:c:\program files\daisytoolchain\arm-none-eabi\include\c++\10.2.1\bits\stl_algo.h **** 	  ++__result;
2667:c:\program files\daisytoolchain\arm-none-eabi\include\c++\10.2.1\bits\stl_algo.h **** 	}
2668:c:\program files\daisytoolchain\arm-none-eabi\include\c++\10.2.1\bits\stl_algo.h ****       return _GLIBCXX_MOVE3(__first2, __last2,
2669:c:\program files\daisytoolchain\arm-none-eabi\include\c++\10.2.1\bits\stl_algo.h **** 			    _GLIBCXX_MOVE3(__first1, __last1,
2670:c:\program files\daisytoolchain\arm-none-eabi\include\c++\10.2.1\bits\stl_algo.h **** 					   __result));
2671:c:\program files\daisytoolchain\arm-none-eabi\include\c++\10.2.1\bits\stl_algo.h ****     }
2672:c:\program files\daisytoolchain\arm-none-eabi\include\c++\10.2.1\bits\stl_algo.h **** 
2673:c:\program files\daisytoolchain\arm-none-eabi\include\c++\10.2.1\bits\stl_algo.h ****   template<typename _RandomAccessIterator1, typename _RandomAccessIterator2,
2674:c:\program files\daisytoolchain\arm-none-eabi\include\c++\10.2.1\bits\stl_algo.h **** 	   typename _Distance, typename _Compare>
2675:c:\program files\daisytoolchain\arm-none-eabi\include\c++\10.2.1\bits\stl_algo.h ****     void
2676:c:\program files\daisytoolchain\arm-none-eabi\include\c++\10.2.1\bits\stl_algo.h ****     __merge_sort_loop(_RandomAccessIterator1 __first,
2677:c:\program files\daisytoolchain\arm-none-eabi\include\c++\10.2.1\bits\stl_algo.h **** 		      _RandomAccessIterator1 __last,
2678:c:\program files\daisytoolchain\arm-none-eabi\include\c++\10.2.1\bits\stl_algo.h **** 		      _RandomAccessIterator2 __result, _Distance __step_size,
2679:c:\program files\daisytoolchain\arm-none-eabi\include\c++\10.2.1\bits\stl_algo.h **** 		      _Compare __comp)
2680:c:\program files\daisytoolchain\arm-none-eabi\include\c++\10.2.1\bits\stl_algo.h ****     {
2681:c:\program files\daisytoolchain\arm-none-eabi\include\c++\10.2.1\bits\stl_algo.h ****       const _Distance __two_step = 2 * __step_size;
2682:c:\program files\daisytoolchain\arm-none-eabi\include\c++\10.2.1\bits\stl_algo.h **** 
2683:c:\program files\daisytoolchain\arm-none-eabi\include\c++\10.2.1\bits\stl_algo.h ****       while (__last - __first >= __two_step)
2684:c:\program files\daisytoolchain\arm-none-eabi\include\c++\10.2.1\bits\stl_algo.h **** 	{
2685:c:\program files\daisytoolchain\arm-none-eabi\include\c++\10.2.1\bits\stl_algo.h **** 	  __result = std::__move_merge(__first, __first + __step_size,
2686:c:\program files\daisytoolchain\arm-none-eabi\include\c++\10.2.1\bits\stl_algo.h **** 				       __first + __step_size,
2687:c:\program files\daisytoolchain\arm-none-eabi\include\c++\10.2.1\bits\stl_algo.h **** 				       __first + __two_step,
2688:c:\program files\daisytoolchain\arm-none-eabi\include\c++\10.2.1\bits\stl_algo.h **** 				       __result, __comp);
2689:c:\program files\daisytoolchain\arm-none-eabi\include\c++\10.2.1\bits\stl_algo.h **** 	  __first += __two_step;
2690:c:\program files\daisytoolchain\arm-none-eabi\include\c++\10.2.1\bits\stl_algo.h **** 	}
2691:c:\program files\daisytoolchain\arm-none-eabi\include\c++\10.2.1\bits\stl_algo.h ****       __step_size = std::min(_Distance(__last - __first), __step_size);
2692:c:\program files\daisytoolchain\arm-none-eabi\include\c++\10.2.1\bits\stl_algo.h **** 
2693:c:\program files\daisytoolchain\arm-none-eabi\include\c++\10.2.1\bits\stl_algo.h ****       std::__move_merge(__first, __first + __step_size,
2694:c:\program files\daisytoolchain\arm-none-eabi\include\c++\10.2.1\bits\stl_algo.h **** 			__first + __step_size, __last, __result, __comp);
2695:c:\program files\daisytoolchain\arm-none-eabi\include\c++\10.2.1\bits\stl_algo.h ****     }
2696:c:\program files\daisytoolchain\arm-none-eabi\include\c++\10.2.1\bits\stl_algo.h **** 
2697:c:\program files\daisytoolchain\arm-none-eabi\include\c++\10.2.1\bits\stl_algo.h ****   template<typename _RandomAccessIterator, typename _Distance,
ARM GAS  C:\Users\FINNDY~1\AppData\Local\Temp\ccFWr46h.s 			page 51


2698:c:\program files\daisytoolchain\arm-none-eabi\include\c++\10.2.1\bits\stl_algo.h **** 	   typename _Compare>
2699:c:\program files\daisytoolchain\arm-none-eabi\include\c++\10.2.1\bits\stl_algo.h ****     _GLIBCXX20_CONSTEXPR
2700:c:\program files\daisytoolchain\arm-none-eabi\include\c++\10.2.1\bits\stl_algo.h ****     void
2701:c:\program files\daisytoolchain\arm-none-eabi\include\c++\10.2.1\bits\stl_algo.h ****     __chunk_insertion_sort(_RandomAccessIterator __first,
2702:c:\program files\daisytoolchain\arm-none-eabi\include\c++\10.2.1\bits\stl_algo.h **** 			   _RandomAccessIterator __last,
2703:c:\program files\daisytoolchain\arm-none-eabi\include\c++\10.2.1\bits\stl_algo.h **** 			   _Distance __chunk_size, _Compare __comp)
2704:c:\program files\daisytoolchain\arm-none-eabi\include\c++\10.2.1\bits\stl_algo.h ****     {
2705:c:\program files\daisytoolchain\arm-none-eabi\include\c++\10.2.1\bits\stl_algo.h ****       while (__last - __first >= __chunk_size)
2706:c:\program files\daisytoolchain\arm-none-eabi\include\c++\10.2.1\bits\stl_algo.h **** 	{
2707:c:\program files\daisytoolchain\arm-none-eabi\include\c++\10.2.1\bits\stl_algo.h **** 	  std::__insertion_sort(__first, __first + __chunk_size, __comp);
2708:c:\program files\daisytoolchain\arm-none-eabi\include\c++\10.2.1\bits\stl_algo.h **** 	  __first += __chunk_size;
2709:c:\program files\daisytoolchain\arm-none-eabi\include\c++\10.2.1\bits\stl_algo.h **** 	}
2710:c:\program files\daisytoolchain\arm-none-eabi\include\c++\10.2.1\bits\stl_algo.h ****       std::__insertion_sort(__first, __last, __comp);
2711:c:\program files\daisytoolchain\arm-none-eabi\include\c++\10.2.1\bits\stl_algo.h ****     }
2712:c:\program files\daisytoolchain\arm-none-eabi\include\c++\10.2.1\bits\stl_algo.h **** 
2713:c:\program files\daisytoolchain\arm-none-eabi\include\c++\10.2.1\bits\stl_algo.h ****   enum { _S_chunk_size = 7 };
2714:c:\program files\daisytoolchain\arm-none-eabi\include\c++\10.2.1\bits\stl_algo.h **** 
2715:c:\program files\daisytoolchain\arm-none-eabi\include\c++\10.2.1\bits\stl_algo.h ****   template<typename _RandomAccessIterator, typename _Pointer, typename _Compare>
2716:c:\program files\daisytoolchain\arm-none-eabi\include\c++\10.2.1\bits\stl_algo.h ****     void
2717:c:\program files\daisytoolchain\arm-none-eabi\include\c++\10.2.1\bits\stl_algo.h ****     __merge_sort_with_buffer(_RandomAccessIterator __first,
2718:c:\program files\daisytoolchain\arm-none-eabi\include\c++\10.2.1\bits\stl_algo.h **** 			     _RandomAccessIterator __last,
2719:c:\program files\daisytoolchain\arm-none-eabi\include\c++\10.2.1\bits\stl_algo.h **** 			     _Pointer __buffer, _Compare __comp)
2720:c:\program files\daisytoolchain\arm-none-eabi\include\c++\10.2.1\bits\stl_algo.h ****     {
2721:c:\program files\daisytoolchain\arm-none-eabi\include\c++\10.2.1\bits\stl_algo.h ****       typedef typename iterator_traits<_RandomAccessIterator>::difference_type
2722:c:\program files\daisytoolchain\arm-none-eabi\include\c++\10.2.1\bits\stl_algo.h **** 	_Distance;
2723:c:\program files\daisytoolchain\arm-none-eabi\include\c++\10.2.1\bits\stl_algo.h **** 
2724:c:\program files\daisytoolchain\arm-none-eabi\include\c++\10.2.1\bits\stl_algo.h ****       const _Distance __len = __last - __first;
2725:c:\program files\daisytoolchain\arm-none-eabi\include\c++\10.2.1\bits\stl_algo.h ****       const _Pointer __buffer_last = __buffer + __len;
2726:c:\program files\daisytoolchain\arm-none-eabi\include\c++\10.2.1\bits\stl_algo.h **** 
2727:c:\program files\daisytoolchain\arm-none-eabi\include\c++\10.2.1\bits\stl_algo.h ****       _Distance __step_size = _S_chunk_size;
2728:c:\program files\daisytoolchain\arm-none-eabi\include\c++\10.2.1\bits\stl_algo.h ****       std::__chunk_insertion_sort(__first, __last, __step_size, __comp);
2729:c:\program files\daisytoolchain\arm-none-eabi\include\c++\10.2.1\bits\stl_algo.h **** 
2730:c:\program files\daisytoolchain\arm-none-eabi\include\c++\10.2.1\bits\stl_algo.h ****       while (__step_size < __len)
2731:c:\program files\daisytoolchain\arm-none-eabi\include\c++\10.2.1\bits\stl_algo.h **** 	{
2732:c:\program files\daisytoolchain\arm-none-eabi\include\c++\10.2.1\bits\stl_algo.h **** 	  std::__merge_sort_loop(__first, __last, __buffer,
2733:c:\program files\daisytoolchain\arm-none-eabi\include\c++\10.2.1\bits\stl_algo.h **** 				 __step_size, __comp);
2734:c:\program files\daisytoolchain\arm-none-eabi\include\c++\10.2.1\bits\stl_algo.h **** 	  __step_size *= 2;
2735:c:\program files\daisytoolchain\arm-none-eabi\include\c++\10.2.1\bits\stl_algo.h **** 	  std::__merge_sort_loop(__buffer, __buffer_last, __first,
2736:c:\program files\daisytoolchain\arm-none-eabi\include\c++\10.2.1\bits\stl_algo.h **** 				 __step_size, __comp);
2737:c:\program files\daisytoolchain\arm-none-eabi\include\c++\10.2.1\bits\stl_algo.h **** 	  __step_size *= 2;
2738:c:\program files\daisytoolchain\arm-none-eabi\include\c++\10.2.1\bits\stl_algo.h **** 	}
2739:c:\program files\daisytoolchain\arm-none-eabi\include\c++\10.2.1\bits\stl_algo.h ****     }
2740:c:\program files\daisytoolchain\arm-none-eabi\include\c++\10.2.1\bits\stl_algo.h **** 
2741:c:\program files\daisytoolchain\arm-none-eabi\include\c++\10.2.1\bits\stl_algo.h ****   template<typename _RandomAccessIterator, typename _Pointer,
2742:c:\program files\daisytoolchain\arm-none-eabi\include\c++\10.2.1\bits\stl_algo.h **** 	   typename _Distance, typename _Compare>
2743:c:\program files\daisytoolchain\arm-none-eabi\include\c++\10.2.1\bits\stl_algo.h ****     void
2744:c:\program files\daisytoolchain\arm-none-eabi\include\c++\10.2.1\bits\stl_algo.h ****     __stable_sort_adaptive(_RandomAccessIterator __first,
2745:c:\program files\daisytoolchain\arm-none-eabi\include\c++\10.2.1\bits\stl_algo.h **** 			   _RandomAccessIterator __last,
2746:c:\program files\daisytoolchain\arm-none-eabi\include\c++\10.2.1\bits\stl_algo.h **** 			   _Pointer __buffer, _Distance __buffer_size,
2747:c:\program files\daisytoolchain\arm-none-eabi\include\c++\10.2.1\bits\stl_algo.h **** 			   _Compare __comp)
2748:c:\program files\daisytoolchain\arm-none-eabi\include\c++\10.2.1\bits\stl_algo.h ****     {
2749:c:\program files\daisytoolchain\arm-none-eabi\include\c++\10.2.1\bits\stl_algo.h ****       const _Distance __len = (__last - __first + 1) / 2;
2750:c:\program files\daisytoolchain\arm-none-eabi\include\c++\10.2.1\bits\stl_algo.h ****       const _RandomAccessIterator __middle = __first + __len;
2751:c:\program files\daisytoolchain\arm-none-eabi\include\c++\10.2.1\bits\stl_algo.h ****       if (__len > __buffer_size)
2752:c:\program files\daisytoolchain\arm-none-eabi\include\c++\10.2.1\bits\stl_algo.h **** 	{
2753:c:\program files\daisytoolchain\arm-none-eabi\include\c++\10.2.1\bits\stl_algo.h **** 	  std::__stable_sort_adaptive(__first, __middle, __buffer,
2754:c:\program files\daisytoolchain\arm-none-eabi\include\c++\10.2.1\bits\stl_algo.h **** 				      __buffer_size, __comp);
ARM GAS  C:\Users\FINNDY~1\AppData\Local\Temp\ccFWr46h.s 			page 52


2755:c:\program files\daisytoolchain\arm-none-eabi\include\c++\10.2.1\bits\stl_algo.h **** 	  std::__stable_sort_adaptive(__middle, __last, __buffer,
2756:c:\program files\daisytoolchain\arm-none-eabi\include\c++\10.2.1\bits\stl_algo.h **** 				      __buffer_size, __comp);
2757:c:\program files\daisytoolchain\arm-none-eabi\include\c++\10.2.1\bits\stl_algo.h **** 	}
2758:c:\program files\daisytoolchain\arm-none-eabi\include\c++\10.2.1\bits\stl_algo.h ****       else
2759:c:\program files\daisytoolchain\arm-none-eabi\include\c++\10.2.1\bits\stl_algo.h **** 	{
2760:c:\program files\daisytoolchain\arm-none-eabi\include\c++\10.2.1\bits\stl_algo.h **** 	  std::__merge_sort_with_buffer(__first, __middle, __buffer, __comp);
2761:c:\program files\daisytoolchain\arm-none-eabi\include\c++\10.2.1\bits\stl_algo.h **** 	  std::__merge_sort_with_buffer(__middle, __last, __buffer, __comp);
2762:c:\program files\daisytoolchain\arm-none-eabi\include\c++\10.2.1\bits\stl_algo.h **** 	}
2763:c:\program files\daisytoolchain\arm-none-eabi\include\c++\10.2.1\bits\stl_algo.h ****       std::__merge_adaptive(__first, __middle, __last,
2764:c:\program files\daisytoolchain\arm-none-eabi\include\c++\10.2.1\bits\stl_algo.h **** 			    _Distance(__middle - __first),
2765:c:\program files\daisytoolchain\arm-none-eabi\include\c++\10.2.1\bits\stl_algo.h **** 			    _Distance(__last - __middle),
2766:c:\program files\daisytoolchain\arm-none-eabi\include\c++\10.2.1\bits\stl_algo.h **** 			    __buffer, __buffer_size,
2767:c:\program files\daisytoolchain\arm-none-eabi\include\c++\10.2.1\bits\stl_algo.h **** 			    __comp);
2768:c:\program files\daisytoolchain\arm-none-eabi\include\c++\10.2.1\bits\stl_algo.h ****     }
2769:c:\program files\daisytoolchain\arm-none-eabi\include\c++\10.2.1\bits\stl_algo.h **** 
2770:c:\program files\daisytoolchain\arm-none-eabi\include\c++\10.2.1\bits\stl_algo.h ****   /// This is a helper function for the stable sorting routines.
2771:c:\program files\daisytoolchain\arm-none-eabi\include\c++\10.2.1\bits\stl_algo.h ****   template<typename _RandomAccessIterator, typename _Compare>
2772:c:\program files\daisytoolchain\arm-none-eabi\include\c++\10.2.1\bits\stl_algo.h ****     void
2773:c:\program files\daisytoolchain\arm-none-eabi\include\c++\10.2.1\bits\stl_algo.h ****     __inplace_stable_sort(_RandomAccessIterator __first,
2774:c:\program files\daisytoolchain\arm-none-eabi\include\c++\10.2.1\bits\stl_algo.h **** 			  _RandomAccessIterator __last, _Compare __comp)
2775:c:\program files\daisytoolchain\arm-none-eabi\include\c++\10.2.1\bits\stl_algo.h ****     {
2776:c:\program files\daisytoolchain\arm-none-eabi\include\c++\10.2.1\bits\stl_algo.h ****       if (__last - __first < 15)
2777:c:\program files\daisytoolchain\arm-none-eabi\include\c++\10.2.1\bits\stl_algo.h **** 	{
2778:c:\program files\daisytoolchain\arm-none-eabi\include\c++\10.2.1\bits\stl_algo.h **** 	  std::__insertion_sort(__first, __last, __comp);
2779:c:\program files\daisytoolchain\arm-none-eabi\include\c++\10.2.1\bits\stl_algo.h **** 	  return;
2780:c:\program files\daisytoolchain\arm-none-eabi\include\c++\10.2.1\bits\stl_algo.h **** 	}
2781:c:\program files\daisytoolchain\arm-none-eabi\include\c++\10.2.1\bits\stl_algo.h ****       _RandomAccessIterator __middle = __first + (__last - __first) / 2;
2782:c:\program files\daisytoolchain\arm-none-eabi\include\c++\10.2.1\bits\stl_algo.h ****       std::__inplace_stable_sort(__first, __middle, __comp);
2783:c:\program files\daisytoolchain\arm-none-eabi\include\c++\10.2.1\bits\stl_algo.h ****       std::__inplace_stable_sort(__middle, __last, __comp);
2784:c:\program files\daisytoolchain\arm-none-eabi\include\c++\10.2.1\bits\stl_algo.h ****       std::__merge_without_buffer(__first, __middle, __last,
2785:c:\program files\daisytoolchain\arm-none-eabi\include\c++\10.2.1\bits\stl_algo.h **** 				  __middle - __first,
2786:c:\program files\daisytoolchain\arm-none-eabi\include\c++\10.2.1\bits\stl_algo.h **** 				  __last - __middle,
2787:c:\program files\daisytoolchain\arm-none-eabi\include\c++\10.2.1\bits\stl_algo.h **** 				  __comp);
2788:c:\program files\daisytoolchain\arm-none-eabi\include\c++\10.2.1\bits\stl_algo.h ****     }
2789:c:\program files\daisytoolchain\arm-none-eabi\include\c++\10.2.1\bits\stl_algo.h **** 
2790:c:\program files\daisytoolchain\arm-none-eabi\include\c++\10.2.1\bits\stl_algo.h ****   // stable_sort
2791:c:\program files\daisytoolchain\arm-none-eabi\include\c++\10.2.1\bits\stl_algo.h **** 
2792:c:\program files\daisytoolchain\arm-none-eabi\include\c++\10.2.1\bits\stl_algo.h ****   // Set algorithms: includes, set_union, set_intersection, set_difference,
2793:c:\program files\daisytoolchain\arm-none-eabi\include\c++\10.2.1\bits\stl_algo.h ****   // set_symmetric_difference.  All of these algorithms have the precondition
2794:c:\program files\daisytoolchain\arm-none-eabi\include\c++\10.2.1\bits\stl_algo.h ****   // that their input ranges are sorted and the postcondition that their output
2795:c:\program files\daisytoolchain\arm-none-eabi\include\c++\10.2.1\bits\stl_algo.h ****   // ranges are sorted.
2796:c:\program files\daisytoolchain\arm-none-eabi\include\c++\10.2.1\bits\stl_algo.h **** 
2797:c:\program files\daisytoolchain\arm-none-eabi\include\c++\10.2.1\bits\stl_algo.h ****   template<typename _InputIterator1, typename _InputIterator2,
2798:c:\program files\daisytoolchain\arm-none-eabi\include\c++\10.2.1\bits\stl_algo.h **** 	   typename _Compare>
2799:c:\program files\daisytoolchain\arm-none-eabi\include\c++\10.2.1\bits\stl_algo.h ****     _GLIBCXX20_CONSTEXPR
2800:c:\program files\daisytoolchain\arm-none-eabi\include\c++\10.2.1\bits\stl_algo.h ****     bool
2801:c:\program files\daisytoolchain\arm-none-eabi\include\c++\10.2.1\bits\stl_algo.h ****     __includes(_InputIterator1 __first1, _InputIterator1 __last1,
2802:c:\program files\daisytoolchain\arm-none-eabi\include\c++\10.2.1\bits\stl_algo.h **** 	       _InputIterator2 __first2, _InputIterator2 __last2,
2803:c:\program files\daisytoolchain\arm-none-eabi\include\c++\10.2.1\bits\stl_algo.h **** 	       _Compare __comp)
2804:c:\program files\daisytoolchain\arm-none-eabi\include\c++\10.2.1\bits\stl_algo.h ****     {
2805:c:\program files\daisytoolchain\arm-none-eabi\include\c++\10.2.1\bits\stl_algo.h ****       while (__first1 != __last1 && __first2 != __last2)
2806:c:\program files\daisytoolchain\arm-none-eabi\include\c++\10.2.1\bits\stl_algo.h **** 	if (__comp(__first2, __first1))
2807:c:\program files\daisytoolchain\arm-none-eabi\include\c++\10.2.1\bits\stl_algo.h **** 	  return false;
2808:c:\program files\daisytoolchain\arm-none-eabi\include\c++\10.2.1\bits\stl_algo.h **** 	else if (__comp(__first1, __first2))
2809:c:\program files\daisytoolchain\arm-none-eabi\include\c++\10.2.1\bits\stl_algo.h **** 	  ++__first1;
2810:c:\program files\daisytoolchain\arm-none-eabi\include\c++\10.2.1\bits\stl_algo.h **** 	else
2811:c:\program files\daisytoolchain\arm-none-eabi\include\c++\10.2.1\bits\stl_algo.h **** 	  {
ARM GAS  C:\Users\FINNDY~1\AppData\Local\Temp\ccFWr46h.s 			page 53


2812:c:\program files\daisytoolchain\arm-none-eabi\include\c++\10.2.1\bits\stl_algo.h **** 	    ++__first1;
2813:c:\program files\daisytoolchain\arm-none-eabi\include\c++\10.2.1\bits\stl_algo.h **** 	    ++__first2;
2814:c:\program files\daisytoolchain\arm-none-eabi\include\c++\10.2.1\bits\stl_algo.h **** 	  }
2815:c:\program files\daisytoolchain\arm-none-eabi\include\c++\10.2.1\bits\stl_algo.h **** 
2816:c:\program files\daisytoolchain\arm-none-eabi\include\c++\10.2.1\bits\stl_algo.h ****       return __first2 == __last2;
2817:c:\program files\daisytoolchain\arm-none-eabi\include\c++\10.2.1\bits\stl_algo.h ****     }
2818:c:\program files\daisytoolchain\arm-none-eabi\include\c++\10.2.1\bits\stl_algo.h **** 
2819:c:\program files\daisytoolchain\arm-none-eabi\include\c++\10.2.1\bits\stl_algo.h ****   /**
2820:c:\program files\daisytoolchain\arm-none-eabi\include\c++\10.2.1\bits\stl_algo.h ****    *  @brief Determines whether all elements of a sequence exists in a range.
2821:c:\program files\daisytoolchain\arm-none-eabi\include\c++\10.2.1\bits\stl_algo.h ****    *  @param  __first1  Start of search range.
2822:c:\program files\daisytoolchain\arm-none-eabi\include\c++\10.2.1\bits\stl_algo.h ****    *  @param  __last1   End of search range.
2823:c:\program files\daisytoolchain\arm-none-eabi\include\c++\10.2.1\bits\stl_algo.h ****    *  @param  __first2  Start of sequence
2824:c:\program files\daisytoolchain\arm-none-eabi\include\c++\10.2.1\bits\stl_algo.h ****    *  @param  __last2   End of sequence.
2825:c:\program files\daisytoolchain\arm-none-eabi\include\c++\10.2.1\bits\stl_algo.h ****    *  @return  True if each element in [__first2,__last2) is contained in order
2826:c:\program files\daisytoolchain\arm-none-eabi\include\c++\10.2.1\bits\stl_algo.h ****    *  within [__first1,__last1).  False otherwise.
2827:c:\program files\daisytoolchain\arm-none-eabi\include\c++\10.2.1\bits\stl_algo.h ****    *  @ingroup set_algorithms
2828:c:\program files\daisytoolchain\arm-none-eabi\include\c++\10.2.1\bits\stl_algo.h ****    *
2829:c:\program files\daisytoolchain\arm-none-eabi\include\c++\10.2.1\bits\stl_algo.h ****    *  This operation expects both [__first1,__last1) and
2830:c:\program files\daisytoolchain\arm-none-eabi\include\c++\10.2.1\bits\stl_algo.h ****    *  [__first2,__last2) to be sorted.  Searches for the presence of
2831:c:\program files\daisytoolchain\arm-none-eabi\include\c++\10.2.1\bits\stl_algo.h ****    *  each element in [__first2,__last2) within [__first1,__last1).
2832:c:\program files\daisytoolchain\arm-none-eabi\include\c++\10.2.1\bits\stl_algo.h ****    *  The iterators over each range only move forward, so this is a
2833:c:\program files\daisytoolchain\arm-none-eabi\include\c++\10.2.1\bits\stl_algo.h ****    *  linear algorithm.  If an element in [__first2,__last2) is not
2834:c:\program files\daisytoolchain\arm-none-eabi\include\c++\10.2.1\bits\stl_algo.h ****    *  found before the search iterator reaches @p __last2, false is
2835:c:\program files\daisytoolchain\arm-none-eabi\include\c++\10.2.1\bits\stl_algo.h ****    *  returned.
2836:c:\program files\daisytoolchain\arm-none-eabi\include\c++\10.2.1\bits\stl_algo.h ****   */
2837:c:\program files\daisytoolchain\arm-none-eabi\include\c++\10.2.1\bits\stl_algo.h ****   template<typename _InputIterator1, typename _InputIterator2>
2838:c:\program files\daisytoolchain\arm-none-eabi\include\c++\10.2.1\bits\stl_algo.h ****     _GLIBCXX20_CONSTEXPR
2839:c:\program files\daisytoolchain\arm-none-eabi\include\c++\10.2.1\bits\stl_algo.h ****     inline bool
2840:c:\program files\daisytoolchain\arm-none-eabi\include\c++\10.2.1\bits\stl_algo.h ****     includes(_InputIterator1 __first1, _InputIterator1 __last1,
2841:c:\program files\daisytoolchain\arm-none-eabi\include\c++\10.2.1\bits\stl_algo.h **** 	     _InputIterator2 __first2, _InputIterator2 __last2)
2842:c:\program files\daisytoolchain\arm-none-eabi\include\c++\10.2.1\bits\stl_algo.h ****     {
2843:c:\program files\daisytoolchain\arm-none-eabi\include\c++\10.2.1\bits\stl_algo.h ****       // concept requirements
2844:c:\program files\daisytoolchain\arm-none-eabi\include\c++\10.2.1\bits\stl_algo.h ****       __glibcxx_function_requires(_InputIteratorConcept<_InputIterator1>)
2845:c:\program files\daisytoolchain\arm-none-eabi\include\c++\10.2.1\bits\stl_algo.h ****       __glibcxx_function_requires(_InputIteratorConcept<_InputIterator2>)
2846:c:\program files\daisytoolchain\arm-none-eabi\include\c++\10.2.1\bits\stl_algo.h ****       __glibcxx_function_requires(_LessThanOpConcept<
2847:c:\program files\daisytoolchain\arm-none-eabi\include\c++\10.2.1\bits\stl_algo.h **** 	    typename iterator_traits<_InputIterator1>::value_type,
2848:c:\program files\daisytoolchain\arm-none-eabi\include\c++\10.2.1\bits\stl_algo.h **** 	    typename iterator_traits<_InputIterator2>::value_type>)
2849:c:\program files\daisytoolchain\arm-none-eabi\include\c++\10.2.1\bits\stl_algo.h ****       __glibcxx_function_requires(_LessThanOpConcept<
2850:c:\program files\daisytoolchain\arm-none-eabi\include\c++\10.2.1\bits\stl_algo.h **** 	    typename iterator_traits<_InputIterator2>::value_type,
2851:c:\program files\daisytoolchain\arm-none-eabi\include\c++\10.2.1\bits\stl_algo.h **** 	    typename iterator_traits<_InputIterator1>::value_type>)
2852:c:\program files\daisytoolchain\arm-none-eabi\include\c++\10.2.1\bits\stl_algo.h ****       __glibcxx_requires_sorted_set(__first1, __last1, __first2);
2853:c:\program files\daisytoolchain\arm-none-eabi\include\c++\10.2.1\bits\stl_algo.h ****       __glibcxx_requires_sorted_set(__first2, __last2, __first1);
2854:c:\program files\daisytoolchain\arm-none-eabi\include\c++\10.2.1\bits\stl_algo.h ****       __glibcxx_requires_irreflexive2(__first1, __last1);
2855:c:\program files\daisytoolchain\arm-none-eabi\include\c++\10.2.1\bits\stl_algo.h ****       __glibcxx_requires_irreflexive2(__first2, __last2);
2856:c:\program files\daisytoolchain\arm-none-eabi\include\c++\10.2.1\bits\stl_algo.h **** 
2857:c:\program files\daisytoolchain\arm-none-eabi\include\c++\10.2.1\bits\stl_algo.h ****       return std::__includes(__first1, __last1, __first2, __last2,
2858:c:\program files\daisytoolchain\arm-none-eabi\include\c++\10.2.1\bits\stl_algo.h **** 			     __gnu_cxx::__ops::__iter_less_iter());
2859:c:\program files\daisytoolchain\arm-none-eabi\include\c++\10.2.1\bits\stl_algo.h ****     }
2860:c:\program files\daisytoolchain\arm-none-eabi\include\c++\10.2.1\bits\stl_algo.h **** 
2861:c:\program files\daisytoolchain\arm-none-eabi\include\c++\10.2.1\bits\stl_algo.h ****   /**
2862:c:\program files\daisytoolchain\arm-none-eabi\include\c++\10.2.1\bits\stl_algo.h ****    *  @brief Determines whether all elements of a sequence exists in a range
2863:c:\program files\daisytoolchain\arm-none-eabi\include\c++\10.2.1\bits\stl_algo.h ****    *  using comparison.
2864:c:\program files\daisytoolchain\arm-none-eabi\include\c++\10.2.1\bits\stl_algo.h ****    *  @ingroup set_algorithms
2865:c:\program files\daisytoolchain\arm-none-eabi\include\c++\10.2.1\bits\stl_algo.h ****    *  @param  __first1  Start of search range.
2866:c:\program files\daisytoolchain\arm-none-eabi\include\c++\10.2.1\bits\stl_algo.h ****    *  @param  __last1   End of search range.
2867:c:\program files\daisytoolchain\arm-none-eabi\include\c++\10.2.1\bits\stl_algo.h ****    *  @param  __first2  Start of sequence
2868:c:\program files\daisytoolchain\arm-none-eabi\include\c++\10.2.1\bits\stl_algo.h ****    *  @param  __last2   End of sequence.
ARM GAS  C:\Users\FINNDY~1\AppData\Local\Temp\ccFWr46h.s 			page 54


2869:c:\program files\daisytoolchain\arm-none-eabi\include\c++\10.2.1\bits\stl_algo.h ****    *  @param  __comp    Comparison function to use.
2870:c:\program files\daisytoolchain\arm-none-eabi\include\c++\10.2.1\bits\stl_algo.h ****    *  @return True if each element in [__first2,__last2) is contained
2871:c:\program files\daisytoolchain\arm-none-eabi\include\c++\10.2.1\bits\stl_algo.h ****    *  in order within [__first1,__last1) according to comp.  False
2872:c:\program files\daisytoolchain\arm-none-eabi\include\c++\10.2.1\bits\stl_algo.h ****    *  otherwise.  @ingroup set_algorithms
2873:c:\program files\daisytoolchain\arm-none-eabi\include\c++\10.2.1\bits\stl_algo.h ****    *
2874:c:\program files\daisytoolchain\arm-none-eabi\include\c++\10.2.1\bits\stl_algo.h ****    *  This operation expects both [__first1,__last1) and
2875:c:\program files\daisytoolchain\arm-none-eabi\include\c++\10.2.1\bits\stl_algo.h ****    *  [__first2,__last2) to be sorted.  Searches for the presence of
2876:c:\program files\daisytoolchain\arm-none-eabi\include\c++\10.2.1\bits\stl_algo.h ****    *  each element in [__first2,__last2) within [__first1,__last1),
2877:c:\program files\daisytoolchain\arm-none-eabi\include\c++\10.2.1\bits\stl_algo.h ****    *  using comp to decide.  The iterators over each range only move
2878:c:\program files\daisytoolchain\arm-none-eabi\include\c++\10.2.1\bits\stl_algo.h ****    *  forward, so this is a linear algorithm.  If an element in
2879:c:\program files\daisytoolchain\arm-none-eabi\include\c++\10.2.1\bits\stl_algo.h ****    *  [__first2,__last2) is not found before the search iterator
2880:c:\program files\daisytoolchain\arm-none-eabi\include\c++\10.2.1\bits\stl_algo.h ****    *  reaches @p __last2, false is returned.
2881:c:\program files\daisytoolchain\arm-none-eabi\include\c++\10.2.1\bits\stl_algo.h ****   */
2882:c:\program files\daisytoolchain\arm-none-eabi\include\c++\10.2.1\bits\stl_algo.h ****   template<typename _InputIterator1, typename _InputIterator2,
2883:c:\program files\daisytoolchain\arm-none-eabi\include\c++\10.2.1\bits\stl_algo.h **** 	   typename _Compare>
2884:c:\program files\daisytoolchain\arm-none-eabi\include\c++\10.2.1\bits\stl_algo.h ****     _GLIBCXX20_CONSTEXPR
2885:c:\program files\daisytoolchain\arm-none-eabi\include\c++\10.2.1\bits\stl_algo.h ****     inline bool
2886:c:\program files\daisytoolchain\arm-none-eabi\include\c++\10.2.1\bits\stl_algo.h ****     includes(_InputIterator1 __first1, _InputIterator1 __last1,
2887:c:\program files\daisytoolchain\arm-none-eabi\include\c++\10.2.1\bits\stl_algo.h **** 	     _InputIterator2 __first2, _InputIterator2 __last2,
2888:c:\program files\daisytoolchain\arm-none-eabi\include\c++\10.2.1\bits\stl_algo.h **** 	     _Compare __comp)
2889:c:\program files\daisytoolchain\arm-none-eabi\include\c++\10.2.1\bits\stl_algo.h ****     {
2890:c:\program files\daisytoolchain\arm-none-eabi\include\c++\10.2.1\bits\stl_algo.h ****       // concept requirements
2891:c:\program files\daisytoolchain\arm-none-eabi\include\c++\10.2.1\bits\stl_algo.h ****       __glibcxx_function_requires(_InputIteratorConcept<_InputIterator1>)
2892:c:\program files\daisytoolchain\arm-none-eabi\include\c++\10.2.1\bits\stl_algo.h ****       __glibcxx_function_requires(_InputIteratorConcept<_InputIterator2>)
2893:c:\program files\daisytoolchain\arm-none-eabi\include\c++\10.2.1\bits\stl_algo.h ****       __glibcxx_function_requires(_BinaryPredicateConcept<_Compare,
2894:c:\program files\daisytoolchain\arm-none-eabi\include\c++\10.2.1\bits\stl_algo.h **** 	    typename iterator_traits<_InputIterator1>::value_type,
2895:c:\program files\daisytoolchain\arm-none-eabi\include\c++\10.2.1\bits\stl_algo.h **** 	    typename iterator_traits<_InputIterator2>::value_type>)
2896:c:\program files\daisytoolchain\arm-none-eabi\include\c++\10.2.1\bits\stl_algo.h ****       __glibcxx_function_requires(_BinaryPredicateConcept<_Compare,
2897:c:\program files\daisytoolchain\arm-none-eabi\include\c++\10.2.1\bits\stl_algo.h **** 	    typename iterator_traits<_InputIterator2>::value_type,
2898:c:\program files\daisytoolchain\arm-none-eabi\include\c++\10.2.1\bits\stl_algo.h **** 	    typename iterator_traits<_InputIterator1>::value_type>)
2899:c:\program files\daisytoolchain\arm-none-eabi\include\c++\10.2.1\bits\stl_algo.h ****       __glibcxx_requires_sorted_set_pred(__first1, __last1, __first2, __comp);
2900:c:\program files\daisytoolchain\arm-none-eabi\include\c++\10.2.1\bits\stl_algo.h ****       __glibcxx_requires_sorted_set_pred(__first2, __last2, __first1, __comp);
2901:c:\program files\daisytoolchain\arm-none-eabi\include\c++\10.2.1\bits\stl_algo.h ****       __glibcxx_requires_irreflexive_pred2(__first1, __last1, __comp);
2902:c:\program files\daisytoolchain\arm-none-eabi\include\c++\10.2.1\bits\stl_algo.h ****       __glibcxx_requires_irreflexive_pred2(__first2, __last2, __comp);
2903:c:\program files\daisytoolchain\arm-none-eabi\include\c++\10.2.1\bits\stl_algo.h **** 
2904:c:\program files\daisytoolchain\arm-none-eabi\include\c++\10.2.1\bits\stl_algo.h ****       return std::__includes(__first1, __last1, __first2, __last2,
2905:c:\program files\daisytoolchain\arm-none-eabi\include\c++\10.2.1\bits\stl_algo.h **** 			     __gnu_cxx::__ops::__iter_comp_iter(__comp));
2906:c:\program files\daisytoolchain\arm-none-eabi\include\c++\10.2.1\bits\stl_algo.h ****     }
2907:c:\program files\daisytoolchain\arm-none-eabi\include\c++\10.2.1\bits\stl_algo.h **** 
2908:c:\program files\daisytoolchain\arm-none-eabi\include\c++\10.2.1\bits\stl_algo.h ****   // nth_element
2909:c:\program files\daisytoolchain\arm-none-eabi\include\c++\10.2.1\bits\stl_algo.h ****   // merge
2910:c:\program files\daisytoolchain\arm-none-eabi\include\c++\10.2.1\bits\stl_algo.h ****   // set_difference
2911:c:\program files\daisytoolchain\arm-none-eabi\include\c++\10.2.1\bits\stl_algo.h ****   // set_intersection
2912:c:\program files\daisytoolchain\arm-none-eabi\include\c++\10.2.1\bits\stl_algo.h ****   // set_union
2913:c:\program files\daisytoolchain\arm-none-eabi\include\c++\10.2.1\bits\stl_algo.h ****   // stable_sort
2914:c:\program files\daisytoolchain\arm-none-eabi\include\c++\10.2.1\bits\stl_algo.h ****   // set_symmetric_difference
2915:c:\program files\daisytoolchain\arm-none-eabi\include\c++\10.2.1\bits\stl_algo.h ****   // min_element
2916:c:\program files\daisytoolchain\arm-none-eabi\include\c++\10.2.1\bits\stl_algo.h ****   // max_element
2917:c:\program files\daisytoolchain\arm-none-eabi\include\c++\10.2.1\bits\stl_algo.h **** 
2918:c:\program files\daisytoolchain\arm-none-eabi\include\c++\10.2.1\bits\stl_algo.h ****   template<typename _BidirectionalIterator, typename _Compare>
2919:c:\program files\daisytoolchain\arm-none-eabi\include\c++\10.2.1\bits\stl_algo.h ****     _GLIBCXX20_CONSTEXPR
2920:c:\program files\daisytoolchain\arm-none-eabi\include\c++\10.2.1\bits\stl_algo.h ****     bool
2921:c:\program files\daisytoolchain\arm-none-eabi\include\c++\10.2.1\bits\stl_algo.h ****     __next_permutation(_BidirectionalIterator __first,
2922:c:\program files\daisytoolchain\arm-none-eabi\include\c++\10.2.1\bits\stl_algo.h **** 		       _BidirectionalIterator __last, _Compare __comp)
2923:c:\program files\daisytoolchain\arm-none-eabi\include\c++\10.2.1\bits\stl_algo.h ****     {
2924:c:\program files\daisytoolchain\arm-none-eabi\include\c++\10.2.1\bits\stl_algo.h ****       if (__first == __last)
2925:c:\program files\daisytoolchain\arm-none-eabi\include\c++\10.2.1\bits\stl_algo.h **** 	return false;
ARM GAS  C:\Users\FINNDY~1\AppData\Local\Temp\ccFWr46h.s 			page 55


2926:c:\program files\daisytoolchain\arm-none-eabi\include\c++\10.2.1\bits\stl_algo.h ****       _BidirectionalIterator __i = __first;
2927:c:\program files\daisytoolchain\arm-none-eabi\include\c++\10.2.1\bits\stl_algo.h ****       ++__i;
2928:c:\program files\daisytoolchain\arm-none-eabi\include\c++\10.2.1\bits\stl_algo.h ****       if (__i == __last)
2929:c:\program files\daisytoolchain\arm-none-eabi\include\c++\10.2.1\bits\stl_algo.h **** 	return false;
2930:c:\program files\daisytoolchain\arm-none-eabi\include\c++\10.2.1\bits\stl_algo.h ****       __i = __last;
2931:c:\program files\daisytoolchain\arm-none-eabi\include\c++\10.2.1\bits\stl_algo.h ****       --__i;
2932:c:\program files\daisytoolchain\arm-none-eabi\include\c++\10.2.1\bits\stl_algo.h **** 
2933:c:\program files\daisytoolchain\arm-none-eabi\include\c++\10.2.1\bits\stl_algo.h ****       for(;;)
2934:c:\program files\daisytoolchain\arm-none-eabi\include\c++\10.2.1\bits\stl_algo.h **** 	{
2935:c:\program files\daisytoolchain\arm-none-eabi\include\c++\10.2.1\bits\stl_algo.h **** 	  _BidirectionalIterator __ii = __i;
2936:c:\program files\daisytoolchain\arm-none-eabi\include\c++\10.2.1\bits\stl_algo.h **** 	  --__i;
2937:c:\program files\daisytoolchain\arm-none-eabi\include\c++\10.2.1\bits\stl_algo.h **** 	  if (__comp(__i, __ii))
2938:c:\program files\daisytoolchain\arm-none-eabi\include\c++\10.2.1\bits\stl_algo.h **** 	    {
2939:c:\program files\daisytoolchain\arm-none-eabi\include\c++\10.2.1\bits\stl_algo.h **** 	      _BidirectionalIterator __j = __last;
2940:c:\program files\daisytoolchain\arm-none-eabi\include\c++\10.2.1\bits\stl_algo.h **** 	      while (!__comp(__i, --__j))
2941:c:\program files\daisytoolchain\arm-none-eabi\include\c++\10.2.1\bits\stl_algo.h **** 		{}
2942:c:\program files\daisytoolchain\arm-none-eabi\include\c++\10.2.1\bits\stl_algo.h **** 	      std::iter_swap(__i, __j);
2943:c:\program files\daisytoolchain\arm-none-eabi\include\c++\10.2.1\bits\stl_algo.h **** 	      std::__reverse(__ii, __last,
2944:c:\program files\daisytoolchain\arm-none-eabi\include\c++\10.2.1\bits\stl_algo.h **** 			     std::__iterator_category(__first));
2945:c:\program files\daisytoolchain\arm-none-eabi\include\c++\10.2.1\bits\stl_algo.h **** 	      return true;
2946:c:\program files\daisytoolchain\arm-none-eabi\include\c++\10.2.1\bits\stl_algo.h **** 	    }
2947:c:\program files\daisytoolchain\arm-none-eabi\include\c++\10.2.1\bits\stl_algo.h **** 	  if (__i == __first)
2948:c:\program files\daisytoolchain\arm-none-eabi\include\c++\10.2.1\bits\stl_algo.h **** 	    {
2949:c:\program files\daisytoolchain\arm-none-eabi\include\c++\10.2.1\bits\stl_algo.h **** 	      std::__reverse(__first, __last,
2950:c:\program files\daisytoolchain\arm-none-eabi\include\c++\10.2.1\bits\stl_algo.h **** 			     std::__iterator_category(__first));
2951:c:\program files\daisytoolchain\arm-none-eabi\include\c++\10.2.1\bits\stl_algo.h **** 	      return false;
2952:c:\program files\daisytoolchain\arm-none-eabi\include\c++\10.2.1\bits\stl_algo.h **** 	    }
2953:c:\program files\daisytoolchain\arm-none-eabi\include\c++\10.2.1\bits\stl_algo.h **** 	}
2954:c:\program files\daisytoolchain\arm-none-eabi\include\c++\10.2.1\bits\stl_algo.h ****     }
2955:c:\program files\daisytoolchain\arm-none-eabi\include\c++\10.2.1\bits\stl_algo.h **** 
2956:c:\program files\daisytoolchain\arm-none-eabi\include\c++\10.2.1\bits\stl_algo.h ****   /**
2957:c:\program files\daisytoolchain\arm-none-eabi\include\c++\10.2.1\bits\stl_algo.h ****    *  @brief  Permute range into the next @e dictionary ordering.
2958:c:\program files\daisytoolchain\arm-none-eabi\include\c++\10.2.1\bits\stl_algo.h ****    *  @ingroup sorting_algorithms
2959:c:\program files\daisytoolchain\arm-none-eabi\include\c++\10.2.1\bits\stl_algo.h ****    *  @param  __first  Start of range.
2960:c:\program files\daisytoolchain\arm-none-eabi\include\c++\10.2.1\bits\stl_algo.h ****    *  @param  __last   End of range.
2961:c:\program files\daisytoolchain\arm-none-eabi\include\c++\10.2.1\bits\stl_algo.h ****    *  @return  False if wrapped to first permutation, true otherwise.
2962:c:\program files\daisytoolchain\arm-none-eabi\include\c++\10.2.1\bits\stl_algo.h ****    *
2963:c:\program files\daisytoolchain\arm-none-eabi\include\c++\10.2.1\bits\stl_algo.h ****    *  Treats all permutations of the range as a set of @e dictionary sorted
2964:c:\program files\daisytoolchain\arm-none-eabi\include\c++\10.2.1\bits\stl_algo.h ****    *  sequences.  Permutes the current sequence into the next one of this set.
2965:c:\program files\daisytoolchain\arm-none-eabi\include\c++\10.2.1\bits\stl_algo.h ****    *  Returns true if there are more sequences to generate.  If the sequence
2966:c:\program files\daisytoolchain\arm-none-eabi\include\c++\10.2.1\bits\stl_algo.h ****    *  is the largest of the set, the smallest is generated and false returned.
2967:c:\program files\daisytoolchain\arm-none-eabi\include\c++\10.2.1\bits\stl_algo.h ****   */
2968:c:\program files\daisytoolchain\arm-none-eabi\include\c++\10.2.1\bits\stl_algo.h ****   template<typename _BidirectionalIterator>
2969:c:\program files\daisytoolchain\arm-none-eabi\include\c++\10.2.1\bits\stl_algo.h ****     _GLIBCXX20_CONSTEXPR
2970:c:\program files\daisytoolchain\arm-none-eabi\include\c++\10.2.1\bits\stl_algo.h ****     inline bool
2971:c:\program files\daisytoolchain\arm-none-eabi\include\c++\10.2.1\bits\stl_algo.h ****     next_permutation(_BidirectionalIterator __first,
2972:c:\program files\daisytoolchain\arm-none-eabi\include\c++\10.2.1\bits\stl_algo.h **** 		     _BidirectionalIterator __last)
2973:c:\program files\daisytoolchain\arm-none-eabi\include\c++\10.2.1\bits\stl_algo.h ****     {
2974:c:\program files\daisytoolchain\arm-none-eabi\include\c++\10.2.1\bits\stl_algo.h ****       // concept requirements
2975:c:\program files\daisytoolchain\arm-none-eabi\include\c++\10.2.1\bits\stl_algo.h ****       __glibcxx_function_requires(_BidirectionalIteratorConcept<
2976:c:\program files\daisytoolchain\arm-none-eabi\include\c++\10.2.1\bits\stl_algo.h **** 				  _BidirectionalIterator>)
2977:c:\program files\daisytoolchain\arm-none-eabi\include\c++\10.2.1\bits\stl_algo.h ****       __glibcxx_function_requires(_LessThanComparableConcept<
2978:c:\program files\daisytoolchain\arm-none-eabi\include\c++\10.2.1\bits\stl_algo.h **** 	    typename iterator_traits<_BidirectionalIterator>::value_type>)
2979:c:\program files\daisytoolchain\arm-none-eabi\include\c++\10.2.1\bits\stl_algo.h ****       __glibcxx_requires_valid_range(__first, __last);
2980:c:\program files\daisytoolchain\arm-none-eabi\include\c++\10.2.1\bits\stl_algo.h ****       __glibcxx_requires_irreflexive(__first, __last);
2981:c:\program files\daisytoolchain\arm-none-eabi\include\c++\10.2.1\bits\stl_algo.h **** 
2982:c:\program files\daisytoolchain\arm-none-eabi\include\c++\10.2.1\bits\stl_algo.h ****       return std::__next_permutation
ARM GAS  C:\Users\FINNDY~1\AppData\Local\Temp\ccFWr46h.s 			page 56


2983:c:\program files\daisytoolchain\arm-none-eabi\include\c++\10.2.1\bits\stl_algo.h **** 	(__first, __last, __gnu_cxx::__ops::__iter_less_iter());
2984:c:\program files\daisytoolchain\arm-none-eabi\include\c++\10.2.1\bits\stl_algo.h ****     }
2985:c:\program files\daisytoolchain\arm-none-eabi\include\c++\10.2.1\bits\stl_algo.h **** 
2986:c:\program files\daisytoolchain\arm-none-eabi\include\c++\10.2.1\bits\stl_algo.h ****   /**
2987:c:\program files\daisytoolchain\arm-none-eabi\include\c++\10.2.1\bits\stl_algo.h ****    *  @brief  Permute range into the next @e dictionary ordering using
2988:c:\program files\daisytoolchain\arm-none-eabi\include\c++\10.2.1\bits\stl_algo.h ****    *          comparison functor.
2989:c:\program files\daisytoolchain\arm-none-eabi\include\c++\10.2.1\bits\stl_algo.h ****    *  @ingroup sorting_algorithms
2990:c:\program files\daisytoolchain\arm-none-eabi\include\c++\10.2.1\bits\stl_algo.h ****    *  @param  __first  Start of range.
2991:c:\program files\daisytoolchain\arm-none-eabi\include\c++\10.2.1\bits\stl_algo.h ****    *  @param  __last   End of range.
2992:c:\program files\daisytoolchain\arm-none-eabi\include\c++\10.2.1\bits\stl_algo.h ****    *  @param  __comp   A comparison functor.
2993:c:\program files\daisytoolchain\arm-none-eabi\include\c++\10.2.1\bits\stl_algo.h ****    *  @return  False if wrapped to first permutation, true otherwise.
2994:c:\program files\daisytoolchain\arm-none-eabi\include\c++\10.2.1\bits\stl_algo.h ****    *
2995:c:\program files\daisytoolchain\arm-none-eabi\include\c++\10.2.1\bits\stl_algo.h ****    *  Treats all permutations of the range [__first,__last) as a set of
2996:c:\program files\daisytoolchain\arm-none-eabi\include\c++\10.2.1\bits\stl_algo.h ****    *  @e dictionary sorted sequences ordered by @p __comp.  Permutes the current
2997:c:\program files\daisytoolchain\arm-none-eabi\include\c++\10.2.1\bits\stl_algo.h ****    *  sequence into the next one of this set.  Returns true if there are more
2998:c:\program files\daisytoolchain\arm-none-eabi\include\c++\10.2.1\bits\stl_algo.h ****    *  sequences to generate.  If the sequence is the largest of the set, the
2999:c:\program files\daisytoolchain\arm-none-eabi\include\c++\10.2.1\bits\stl_algo.h ****    *  smallest is generated and false returned.
3000:c:\program files\daisytoolchain\arm-none-eabi\include\c++\10.2.1\bits\stl_algo.h ****   */
3001:c:\program files\daisytoolchain\arm-none-eabi\include\c++\10.2.1\bits\stl_algo.h ****   template<typename _BidirectionalIterator, typename _Compare>
3002:c:\program files\daisytoolchain\arm-none-eabi\include\c++\10.2.1\bits\stl_algo.h ****     _GLIBCXX20_CONSTEXPR
3003:c:\program files\daisytoolchain\arm-none-eabi\include\c++\10.2.1\bits\stl_algo.h ****     inline bool
3004:c:\program files\daisytoolchain\arm-none-eabi\include\c++\10.2.1\bits\stl_algo.h ****     next_permutation(_BidirectionalIterator __first,
3005:c:\program files\daisytoolchain\arm-none-eabi\include\c++\10.2.1\bits\stl_algo.h **** 		     _BidirectionalIterator __last, _Compare __comp)
3006:c:\program files\daisytoolchain\arm-none-eabi\include\c++\10.2.1\bits\stl_algo.h ****     {
3007:c:\program files\daisytoolchain\arm-none-eabi\include\c++\10.2.1\bits\stl_algo.h ****       // concept requirements
3008:c:\program files\daisytoolchain\arm-none-eabi\include\c++\10.2.1\bits\stl_algo.h ****       __glibcxx_function_requires(_BidirectionalIteratorConcept<
3009:c:\program files\daisytoolchain\arm-none-eabi\include\c++\10.2.1\bits\stl_algo.h **** 				  _BidirectionalIterator>)
3010:c:\program files\daisytoolchain\arm-none-eabi\include\c++\10.2.1\bits\stl_algo.h ****       __glibcxx_function_requires(_BinaryPredicateConcept<_Compare,
3011:c:\program files\daisytoolchain\arm-none-eabi\include\c++\10.2.1\bits\stl_algo.h **** 	    typename iterator_traits<_BidirectionalIterator>::value_type,
3012:c:\program files\daisytoolchain\arm-none-eabi\include\c++\10.2.1\bits\stl_algo.h **** 	    typename iterator_traits<_BidirectionalIterator>::value_type>)
3013:c:\program files\daisytoolchain\arm-none-eabi\include\c++\10.2.1\bits\stl_algo.h ****       __glibcxx_requires_valid_range(__first, __last);
3014:c:\program files\daisytoolchain\arm-none-eabi\include\c++\10.2.1\bits\stl_algo.h ****       __glibcxx_requires_irreflexive_pred(__first, __last, __comp);
3015:c:\program files\daisytoolchain\arm-none-eabi\include\c++\10.2.1\bits\stl_algo.h **** 
3016:c:\program files\daisytoolchain\arm-none-eabi\include\c++\10.2.1\bits\stl_algo.h ****       return std::__next_permutation
3017:c:\program files\daisytoolchain\arm-none-eabi\include\c++\10.2.1\bits\stl_algo.h **** 	(__first, __last, __gnu_cxx::__ops::__iter_comp_iter(__comp));
3018:c:\program files\daisytoolchain\arm-none-eabi\include\c++\10.2.1\bits\stl_algo.h ****     }
3019:c:\program files\daisytoolchain\arm-none-eabi\include\c++\10.2.1\bits\stl_algo.h **** 
3020:c:\program files\daisytoolchain\arm-none-eabi\include\c++\10.2.1\bits\stl_algo.h ****   template<typename _BidirectionalIterator, typename _Compare>
3021:c:\program files\daisytoolchain\arm-none-eabi\include\c++\10.2.1\bits\stl_algo.h ****     _GLIBCXX20_CONSTEXPR
3022:c:\program files\daisytoolchain\arm-none-eabi\include\c++\10.2.1\bits\stl_algo.h ****     bool
3023:c:\program files\daisytoolchain\arm-none-eabi\include\c++\10.2.1\bits\stl_algo.h ****     __prev_permutation(_BidirectionalIterator __first,
3024:c:\program files\daisytoolchain\arm-none-eabi\include\c++\10.2.1\bits\stl_algo.h **** 		       _BidirectionalIterator __last, _Compare __comp)
3025:c:\program files\daisytoolchain\arm-none-eabi\include\c++\10.2.1\bits\stl_algo.h ****     {
3026:c:\program files\daisytoolchain\arm-none-eabi\include\c++\10.2.1\bits\stl_algo.h ****       if (__first == __last)
3027:c:\program files\daisytoolchain\arm-none-eabi\include\c++\10.2.1\bits\stl_algo.h **** 	return false;
3028:c:\program files\daisytoolchain\arm-none-eabi\include\c++\10.2.1\bits\stl_algo.h ****       _BidirectionalIterator __i = __first;
3029:c:\program files\daisytoolchain\arm-none-eabi\include\c++\10.2.1\bits\stl_algo.h ****       ++__i;
3030:c:\program files\daisytoolchain\arm-none-eabi\include\c++\10.2.1\bits\stl_algo.h ****       if (__i == __last)
3031:c:\program files\daisytoolchain\arm-none-eabi\include\c++\10.2.1\bits\stl_algo.h **** 	return false;
3032:c:\program files\daisytoolchain\arm-none-eabi\include\c++\10.2.1\bits\stl_algo.h ****       __i = __last;
3033:c:\program files\daisytoolchain\arm-none-eabi\include\c++\10.2.1\bits\stl_algo.h ****       --__i;
3034:c:\program files\daisytoolchain\arm-none-eabi\include\c++\10.2.1\bits\stl_algo.h **** 
3035:c:\program files\daisytoolchain\arm-none-eabi\include\c++\10.2.1\bits\stl_algo.h ****       for(;;)
3036:c:\program files\daisytoolchain\arm-none-eabi\include\c++\10.2.1\bits\stl_algo.h **** 	{
3037:c:\program files\daisytoolchain\arm-none-eabi\include\c++\10.2.1\bits\stl_algo.h **** 	  _BidirectionalIterator __ii = __i;
3038:c:\program files\daisytoolchain\arm-none-eabi\include\c++\10.2.1\bits\stl_algo.h **** 	  --__i;
3039:c:\program files\daisytoolchain\arm-none-eabi\include\c++\10.2.1\bits\stl_algo.h **** 	  if (__comp(__ii, __i))
ARM GAS  C:\Users\FINNDY~1\AppData\Local\Temp\ccFWr46h.s 			page 57


3040:c:\program files\daisytoolchain\arm-none-eabi\include\c++\10.2.1\bits\stl_algo.h **** 	    {
3041:c:\program files\daisytoolchain\arm-none-eabi\include\c++\10.2.1\bits\stl_algo.h **** 	      _BidirectionalIterator __j = __last;
3042:c:\program files\daisytoolchain\arm-none-eabi\include\c++\10.2.1\bits\stl_algo.h **** 	      while (!__comp(--__j, __i))
3043:c:\program files\daisytoolchain\arm-none-eabi\include\c++\10.2.1\bits\stl_algo.h **** 		{}
3044:c:\program files\daisytoolchain\arm-none-eabi\include\c++\10.2.1\bits\stl_algo.h **** 	      std::iter_swap(__i, __j);
3045:c:\program files\daisytoolchain\arm-none-eabi\include\c++\10.2.1\bits\stl_algo.h **** 	      std::__reverse(__ii, __last,
3046:c:\program files\daisytoolchain\arm-none-eabi\include\c++\10.2.1\bits\stl_algo.h **** 			     std::__iterator_category(__first));
3047:c:\program files\daisytoolchain\arm-none-eabi\include\c++\10.2.1\bits\stl_algo.h **** 	      return true;
3048:c:\program files\daisytoolchain\arm-none-eabi\include\c++\10.2.1\bits\stl_algo.h **** 	    }
3049:c:\program files\daisytoolchain\arm-none-eabi\include\c++\10.2.1\bits\stl_algo.h **** 	  if (__i == __first)
3050:c:\program files\daisytoolchain\arm-none-eabi\include\c++\10.2.1\bits\stl_algo.h **** 	    {
3051:c:\program files\daisytoolchain\arm-none-eabi\include\c++\10.2.1\bits\stl_algo.h **** 	      std::__reverse(__first, __last,
3052:c:\program files\daisytoolchain\arm-none-eabi\include\c++\10.2.1\bits\stl_algo.h **** 			     std::__iterator_category(__first));
3053:c:\program files\daisytoolchain\arm-none-eabi\include\c++\10.2.1\bits\stl_algo.h **** 	      return false;
3054:c:\program files\daisytoolchain\arm-none-eabi\include\c++\10.2.1\bits\stl_algo.h **** 	    }
3055:c:\program files\daisytoolchain\arm-none-eabi\include\c++\10.2.1\bits\stl_algo.h **** 	}
3056:c:\program files\daisytoolchain\arm-none-eabi\include\c++\10.2.1\bits\stl_algo.h ****     }
3057:c:\program files\daisytoolchain\arm-none-eabi\include\c++\10.2.1\bits\stl_algo.h **** 
3058:c:\program files\daisytoolchain\arm-none-eabi\include\c++\10.2.1\bits\stl_algo.h ****   /**
3059:c:\program files\daisytoolchain\arm-none-eabi\include\c++\10.2.1\bits\stl_algo.h ****    *  @brief  Permute range into the previous @e dictionary ordering.
3060:c:\program files\daisytoolchain\arm-none-eabi\include\c++\10.2.1\bits\stl_algo.h ****    *  @ingroup sorting_algorithms
3061:c:\program files\daisytoolchain\arm-none-eabi\include\c++\10.2.1\bits\stl_algo.h ****    *  @param  __first  Start of range.
3062:c:\program files\daisytoolchain\arm-none-eabi\include\c++\10.2.1\bits\stl_algo.h ****    *  @param  __last   End of range.
3063:c:\program files\daisytoolchain\arm-none-eabi\include\c++\10.2.1\bits\stl_algo.h ****    *  @return  False if wrapped to last permutation, true otherwise.
3064:c:\program files\daisytoolchain\arm-none-eabi\include\c++\10.2.1\bits\stl_algo.h ****    *
3065:c:\program files\daisytoolchain\arm-none-eabi\include\c++\10.2.1\bits\stl_algo.h ****    *  Treats all permutations of the range as a set of @e dictionary sorted
3066:c:\program files\daisytoolchain\arm-none-eabi\include\c++\10.2.1\bits\stl_algo.h ****    *  sequences.  Permutes the current sequence into the previous one of this
3067:c:\program files\daisytoolchain\arm-none-eabi\include\c++\10.2.1\bits\stl_algo.h ****    *  set.  Returns true if there are more sequences to generate.  If the
3068:c:\program files\daisytoolchain\arm-none-eabi\include\c++\10.2.1\bits\stl_algo.h ****    *  sequence is the smallest of the set, the largest is generated and false
3069:c:\program files\daisytoolchain\arm-none-eabi\include\c++\10.2.1\bits\stl_algo.h ****    *  returned.
3070:c:\program files\daisytoolchain\arm-none-eabi\include\c++\10.2.1\bits\stl_algo.h ****   */
3071:c:\program files\daisytoolchain\arm-none-eabi\include\c++\10.2.1\bits\stl_algo.h ****   template<typename _BidirectionalIterator>
3072:c:\program files\daisytoolchain\arm-none-eabi\include\c++\10.2.1\bits\stl_algo.h ****     _GLIBCXX20_CONSTEXPR
3073:c:\program files\daisytoolchain\arm-none-eabi\include\c++\10.2.1\bits\stl_algo.h ****     inline bool
3074:c:\program files\daisytoolchain\arm-none-eabi\include\c++\10.2.1\bits\stl_algo.h ****     prev_permutation(_BidirectionalIterator __first,
3075:c:\program files\daisytoolchain\arm-none-eabi\include\c++\10.2.1\bits\stl_algo.h **** 		     _BidirectionalIterator __last)
3076:c:\program files\daisytoolchain\arm-none-eabi\include\c++\10.2.1\bits\stl_algo.h ****     {
3077:c:\program files\daisytoolchain\arm-none-eabi\include\c++\10.2.1\bits\stl_algo.h ****       // concept requirements
3078:c:\program files\daisytoolchain\arm-none-eabi\include\c++\10.2.1\bits\stl_algo.h ****       __glibcxx_function_requires(_BidirectionalIteratorConcept<
3079:c:\program files\daisytoolchain\arm-none-eabi\include\c++\10.2.1\bits\stl_algo.h **** 				  _BidirectionalIterator>)
3080:c:\program files\daisytoolchain\arm-none-eabi\include\c++\10.2.1\bits\stl_algo.h ****       __glibcxx_function_requires(_LessThanComparableConcept<
3081:c:\program files\daisytoolchain\arm-none-eabi\include\c++\10.2.1\bits\stl_algo.h **** 	    typename iterator_traits<_BidirectionalIterator>::value_type>)
3082:c:\program files\daisytoolchain\arm-none-eabi\include\c++\10.2.1\bits\stl_algo.h ****       __glibcxx_requires_valid_range(__first, __last);
3083:c:\program files\daisytoolchain\arm-none-eabi\include\c++\10.2.1\bits\stl_algo.h ****       __glibcxx_requires_irreflexive(__first, __last);
3084:c:\program files\daisytoolchain\arm-none-eabi\include\c++\10.2.1\bits\stl_algo.h **** 
3085:c:\program files\daisytoolchain\arm-none-eabi\include\c++\10.2.1\bits\stl_algo.h ****       return std::__prev_permutation(__first, __last,
3086:c:\program files\daisytoolchain\arm-none-eabi\include\c++\10.2.1\bits\stl_algo.h **** 				     __gnu_cxx::__ops::__iter_less_iter());
3087:c:\program files\daisytoolchain\arm-none-eabi\include\c++\10.2.1\bits\stl_algo.h ****     }
3088:c:\program files\daisytoolchain\arm-none-eabi\include\c++\10.2.1\bits\stl_algo.h **** 
3089:c:\program files\daisytoolchain\arm-none-eabi\include\c++\10.2.1\bits\stl_algo.h ****   /**
3090:c:\program files\daisytoolchain\arm-none-eabi\include\c++\10.2.1\bits\stl_algo.h ****    *  @brief  Permute range into the previous @e dictionary ordering using
3091:c:\program files\daisytoolchain\arm-none-eabi\include\c++\10.2.1\bits\stl_algo.h ****    *          comparison functor.
3092:c:\program files\daisytoolchain\arm-none-eabi\include\c++\10.2.1\bits\stl_algo.h ****    *  @ingroup sorting_algorithms
3093:c:\program files\daisytoolchain\arm-none-eabi\include\c++\10.2.1\bits\stl_algo.h ****    *  @param  __first  Start of range.
3094:c:\program files\daisytoolchain\arm-none-eabi\include\c++\10.2.1\bits\stl_algo.h ****    *  @param  __last   End of range.
3095:c:\program files\daisytoolchain\arm-none-eabi\include\c++\10.2.1\bits\stl_algo.h ****    *  @param  __comp   A comparison functor.
3096:c:\program files\daisytoolchain\arm-none-eabi\include\c++\10.2.1\bits\stl_algo.h ****    *  @return  False if wrapped to last permutation, true otherwise.
ARM GAS  C:\Users\FINNDY~1\AppData\Local\Temp\ccFWr46h.s 			page 58


3097:c:\program files\daisytoolchain\arm-none-eabi\include\c++\10.2.1\bits\stl_algo.h ****    *
3098:c:\program files\daisytoolchain\arm-none-eabi\include\c++\10.2.1\bits\stl_algo.h ****    *  Treats all permutations of the range [__first,__last) as a set of
3099:c:\program files\daisytoolchain\arm-none-eabi\include\c++\10.2.1\bits\stl_algo.h ****    *  @e dictionary sorted sequences ordered by @p __comp.  Permutes the current
3100:c:\program files\daisytoolchain\arm-none-eabi\include\c++\10.2.1\bits\stl_algo.h ****    *  sequence into the previous one of this set.  Returns true if there are
3101:c:\program files\daisytoolchain\arm-none-eabi\include\c++\10.2.1\bits\stl_algo.h ****    *  more sequences to generate.  If the sequence is the smallest of the set,
3102:c:\program files\daisytoolchain\arm-none-eabi\include\c++\10.2.1\bits\stl_algo.h ****    *  the largest is generated and false returned.
3103:c:\program files\daisytoolchain\arm-none-eabi\include\c++\10.2.1\bits\stl_algo.h ****   */
3104:c:\program files\daisytoolchain\arm-none-eabi\include\c++\10.2.1\bits\stl_algo.h ****   template<typename _BidirectionalIterator, typename _Compare>
3105:c:\program files\daisytoolchain\arm-none-eabi\include\c++\10.2.1\bits\stl_algo.h ****     _GLIBCXX20_CONSTEXPR
3106:c:\program files\daisytoolchain\arm-none-eabi\include\c++\10.2.1\bits\stl_algo.h ****     inline bool
3107:c:\program files\daisytoolchain\arm-none-eabi\include\c++\10.2.1\bits\stl_algo.h ****     prev_permutation(_BidirectionalIterator __first,
3108:c:\program files\daisytoolchain\arm-none-eabi\include\c++\10.2.1\bits\stl_algo.h **** 		     _BidirectionalIterator __last, _Compare __comp)
3109:c:\program files\daisytoolchain\arm-none-eabi\include\c++\10.2.1\bits\stl_algo.h ****     {
3110:c:\program files\daisytoolchain\arm-none-eabi\include\c++\10.2.1\bits\stl_algo.h ****       // concept requirements
3111:c:\program files\daisytoolchain\arm-none-eabi\include\c++\10.2.1\bits\stl_algo.h ****       __glibcxx_function_requires(_BidirectionalIteratorConcept<
3112:c:\program files\daisytoolchain\arm-none-eabi\include\c++\10.2.1\bits\stl_algo.h **** 				  _BidirectionalIterator>)
3113:c:\program files\daisytoolchain\arm-none-eabi\include\c++\10.2.1\bits\stl_algo.h ****       __glibcxx_function_requires(_BinaryPredicateConcept<_Compare,
3114:c:\program files\daisytoolchain\arm-none-eabi\include\c++\10.2.1\bits\stl_algo.h **** 	    typename iterator_traits<_BidirectionalIterator>::value_type,
3115:c:\program files\daisytoolchain\arm-none-eabi\include\c++\10.2.1\bits\stl_algo.h **** 	    typename iterator_traits<_BidirectionalIterator>::value_type>)
3116:c:\program files\daisytoolchain\arm-none-eabi\include\c++\10.2.1\bits\stl_algo.h ****       __glibcxx_requires_valid_range(__first, __last);
3117:c:\program files\daisytoolchain\arm-none-eabi\include\c++\10.2.1\bits\stl_algo.h ****       __glibcxx_requires_irreflexive_pred(__first, __last, __comp);
3118:c:\program files\daisytoolchain\arm-none-eabi\include\c++\10.2.1\bits\stl_algo.h **** 
3119:c:\program files\daisytoolchain\arm-none-eabi\include\c++\10.2.1\bits\stl_algo.h ****       return std::__prev_permutation(__first, __last,
3120:c:\program files\daisytoolchain\arm-none-eabi\include\c++\10.2.1\bits\stl_algo.h **** 				__gnu_cxx::__ops::__iter_comp_iter(__comp));
3121:c:\program files\daisytoolchain\arm-none-eabi\include\c++\10.2.1\bits\stl_algo.h ****     }
3122:c:\program files\daisytoolchain\arm-none-eabi\include\c++\10.2.1\bits\stl_algo.h **** 
3123:c:\program files\daisytoolchain\arm-none-eabi\include\c++\10.2.1\bits\stl_algo.h ****   // replace
3124:c:\program files\daisytoolchain\arm-none-eabi\include\c++\10.2.1\bits\stl_algo.h ****   // replace_if
3125:c:\program files\daisytoolchain\arm-none-eabi\include\c++\10.2.1\bits\stl_algo.h **** 
3126:c:\program files\daisytoolchain\arm-none-eabi\include\c++\10.2.1\bits\stl_algo.h ****   template<typename _InputIterator, typename _OutputIterator,
3127:c:\program files\daisytoolchain\arm-none-eabi\include\c++\10.2.1\bits\stl_algo.h **** 	   typename _Predicate, typename _Tp>
3128:c:\program files\daisytoolchain\arm-none-eabi\include\c++\10.2.1\bits\stl_algo.h ****     _GLIBCXX20_CONSTEXPR
3129:c:\program files\daisytoolchain\arm-none-eabi\include\c++\10.2.1\bits\stl_algo.h ****     _OutputIterator
3130:c:\program files\daisytoolchain\arm-none-eabi\include\c++\10.2.1\bits\stl_algo.h ****     __replace_copy_if(_InputIterator __first, _InputIterator __last,
3131:c:\program files\daisytoolchain\arm-none-eabi\include\c++\10.2.1\bits\stl_algo.h **** 		      _OutputIterator __result,
3132:c:\program files\daisytoolchain\arm-none-eabi\include\c++\10.2.1\bits\stl_algo.h **** 		      _Predicate __pred, const _Tp& __new_value)
3133:c:\program files\daisytoolchain\arm-none-eabi\include\c++\10.2.1\bits\stl_algo.h ****     {
3134:c:\program files\daisytoolchain\arm-none-eabi\include\c++\10.2.1\bits\stl_algo.h ****       for (; __first != __last; ++__first, (void)++__result)
3135:c:\program files\daisytoolchain\arm-none-eabi\include\c++\10.2.1\bits\stl_algo.h **** 	if (__pred(__first))
3136:c:\program files\daisytoolchain\arm-none-eabi\include\c++\10.2.1\bits\stl_algo.h **** 	  *__result = __new_value;
3137:c:\program files\daisytoolchain\arm-none-eabi\include\c++\10.2.1\bits\stl_algo.h **** 	else
3138:c:\program files\daisytoolchain\arm-none-eabi\include\c++\10.2.1\bits\stl_algo.h **** 	  *__result = *__first;
3139:c:\program files\daisytoolchain\arm-none-eabi\include\c++\10.2.1\bits\stl_algo.h ****       return __result;
3140:c:\program files\daisytoolchain\arm-none-eabi\include\c++\10.2.1\bits\stl_algo.h ****     }
3141:c:\program files\daisytoolchain\arm-none-eabi\include\c++\10.2.1\bits\stl_algo.h **** 
3142:c:\program files\daisytoolchain\arm-none-eabi\include\c++\10.2.1\bits\stl_algo.h ****   /**
3143:c:\program files\daisytoolchain\arm-none-eabi\include\c++\10.2.1\bits\stl_algo.h ****    *  @brief Copy a sequence, replacing each element of one value with another
3144:c:\program files\daisytoolchain\arm-none-eabi\include\c++\10.2.1\bits\stl_algo.h ****    *         value.
3145:c:\program files\daisytoolchain\arm-none-eabi\include\c++\10.2.1\bits\stl_algo.h ****    *  @param  __first      An input iterator.
3146:c:\program files\daisytoolchain\arm-none-eabi\include\c++\10.2.1\bits\stl_algo.h ****    *  @param  __last       An input iterator.
3147:c:\program files\daisytoolchain\arm-none-eabi\include\c++\10.2.1\bits\stl_algo.h ****    *  @param  __result     An output iterator.
3148:c:\program files\daisytoolchain\arm-none-eabi\include\c++\10.2.1\bits\stl_algo.h ****    *  @param  __old_value  The value to be replaced.
3149:c:\program files\daisytoolchain\arm-none-eabi\include\c++\10.2.1\bits\stl_algo.h ****    *  @param  __new_value  The replacement value.
3150:c:\program files\daisytoolchain\arm-none-eabi\include\c++\10.2.1\bits\stl_algo.h ****    *  @return   The end of the output sequence, @p result+(last-first).
3151:c:\program files\daisytoolchain\arm-none-eabi\include\c++\10.2.1\bits\stl_algo.h ****    *
3152:c:\program files\daisytoolchain\arm-none-eabi\include\c++\10.2.1\bits\stl_algo.h ****    *  Copies each element in the input range @p [__first,__last) to the
3153:c:\program files\daisytoolchain\arm-none-eabi\include\c++\10.2.1\bits\stl_algo.h ****    *  output range @p [__result,__result+(__last-__first)) replacing elements
ARM GAS  C:\Users\FINNDY~1\AppData\Local\Temp\ccFWr46h.s 			page 59


3154:c:\program files\daisytoolchain\arm-none-eabi\include\c++\10.2.1\bits\stl_algo.h ****    *  equal to @p __old_value with @p __new_value.
3155:c:\program files\daisytoolchain\arm-none-eabi\include\c++\10.2.1\bits\stl_algo.h ****   */
3156:c:\program files\daisytoolchain\arm-none-eabi\include\c++\10.2.1\bits\stl_algo.h ****   template<typename _InputIterator, typename _OutputIterator, typename _Tp>
3157:c:\program files\daisytoolchain\arm-none-eabi\include\c++\10.2.1\bits\stl_algo.h ****     _GLIBCXX20_CONSTEXPR
3158:c:\program files\daisytoolchain\arm-none-eabi\include\c++\10.2.1\bits\stl_algo.h ****     inline _OutputIterator
3159:c:\program files\daisytoolchain\arm-none-eabi\include\c++\10.2.1\bits\stl_algo.h ****     replace_copy(_InputIterator __first, _InputIterator __last,
3160:c:\program files\daisytoolchain\arm-none-eabi\include\c++\10.2.1\bits\stl_algo.h **** 		 _OutputIterator __result,
3161:c:\program files\daisytoolchain\arm-none-eabi\include\c++\10.2.1\bits\stl_algo.h **** 		 const _Tp& __old_value, const _Tp& __new_value)
3162:c:\program files\daisytoolchain\arm-none-eabi\include\c++\10.2.1\bits\stl_algo.h ****     {
3163:c:\program files\daisytoolchain\arm-none-eabi\include\c++\10.2.1\bits\stl_algo.h ****       // concept requirements
3164:c:\program files\daisytoolchain\arm-none-eabi\include\c++\10.2.1\bits\stl_algo.h ****       __glibcxx_function_requires(_InputIteratorConcept<_InputIterator>)
3165:c:\program files\daisytoolchain\arm-none-eabi\include\c++\10.2.1\bits\stl_algo.h ****       __glibcxx_function_requires(_OutputIteratorConcept<_OutputIterator,
3166:c:\program files\daisytoolchain\arm-none-eabi\include\c++\10.2.1\bits\stl_algo.h **** 	    typename iterator_traits<_InputIterator>::value_type>)
3167:c:\program files\daisytoolchain\arm-none-eabi\include\c++\10.2.1\bits\stl_algo.h ****       __glibcxx_function_requires(_EqualOpConcept<
3168:c:\program files\daisytoolchain\arm-none-eabi\include\c++\10.2.1\bits\stl_algo.h **** 	    typename iterator_traits<_InputIterator>::value_type, _Tp>)
3169:c:\program files\daisytoolchain\arm-none-eabi\include\c++\10.2.1\bits\stl_algo.h ****       __glibcxx_requires_valid_range(__first, __last);
3170:c:\program files\daisytoolchain\arm-none-eabi\include\c++\10.2.1\bits\stl_algo.h **** 
3171:c:\program files\daisytoolchain\arm-none-eabi\include\c++\10.2.1\bits\stl_algo.h ****       return std::__replace_copy_if(__first, __last, __result,
3172:c:\program files\daisytoolchain\arm-none-eabi\include\c++\10.2.1\bits\stl_algo.h **** 			__gnu_cxx::__ops::__iter_equals_val(__old_value),
3173:c:\program files\daisytoolchain\arm-none-eabi\include\c++\10.2.1\bits\stl_algo.h **** 					      __new_value);
3174:c:\program files\daisytoolchain\arm-none-eabi\include\c++\10.2.1\bits\stl_algo.h ****     }
3175:c:\program files\daisytoolchain\arm-none-eabi\include\c++\10.2.1\bits\stl_algo.h **** 
3176:c:\program files\daisytoolchain\arm-none-eabi\include\c++\10.2.1\bits\stl_algo.h ****   /**
3177:c:\program files\daisytoolchain\arm-none-eabi\include\c++\10.2.1\bits\stl_algo.h ****    *  @brief Copy a sequence, replacing each value for which a predicate
3178:c:\program files\daisytoolchain\arm-none-eabi\include\c++\10.2.1\bits\stl_algo.h ****    *         returns true with another value.
3179:c:\program files\daisytoolchain\arm-none-eabi\include\c++\10.2.1\bits\stl_algo.h ****    *  @ingroup mutating_algorithms
3180:c:\program files\daisytoolchain\arm-none-eabi\include\c++\10.2.1\bits\stl_algo.h ****    *  @param  __first      An input iterator.
3181:c:\program files\daisytoolchain\arm-none-eabi\include\c++\10.2.1\bits\stl_algo.h ****    *  @param  __last       An input iterator.
3182:c:\program files\daisytoolchain\arm-none-eabi\include\c++\10.2.1\bits\stl_algo.h ****    *  @param  __result     An output iterator.
3183:c:\program files\daisytoolchain\arm-none-eabi\include\c++\10.2.1\bits\stl_algo.h ****    *  @param  __pred       A predicate.
3184:c:\program files\daisytoolchain\arm-none-eabi\include\c++\10.2.1\bits\stl_algo.h ****    *  @param  __new_value  The replacement value.
3185:c:\program files\daisytoolchain\arm-none-eabi\include\c++\10.2.1\bits\stl_algo.h ****    *  @return   The end of the output sequence, @p __result+(__last-__first).
3186:c:\program files\daisytoolchain\arm-none-eabi\include\c++\10.2.1\bits\stl_algo.h ****    *
3187:c:\program files\daisytoolchain\arm-none-eabi\include\c++\10.2.1\bits\stl_algo.h ****    *  Copies each element in the range @p [__first,__last) to the range
3188:c:\program files\daisytoolchain\arm-none-eabi\include\c++\10.2.1\bits\stl_algo.h ****    *  @p [__result,__result+(__last-__first)) replacing elements for which
3189:c:\program files\daisytoolchain\arm-none-eabi\include\c++\10.2.1\bits\stl_algo.h ****    *  @p __pred returns true with @p __new_value.
3190:c:\program files\daisytoolchain\arm-none-eabi\include\c++\10.2.1\bits\stl_algo.h ****   */
3191:c:\program files\daisytoolchain\arm-none-eabi\include\c++\10.2.1\bits\stl_algo.h ****   template<typename _InputIterator, typename _OutputIterator,
3192:c:\program files\daisytoolchain\arm-none-eabi\include\c++\10.2.1\bits\stl_algo.h **** 	   typename _Predicate, typename _Tp>
3193:c:\program files\daisytoolchain\arm-none-eabi\include\c++\10.2.1\bits\stl_algo.h ****     _GLIBCXX20_CONSTEXPR
3194:c:\program files\daisytoolchain\arm-none-eabi\include\c++\10.2.1\bits\stl_algo.h ****     inline _OutputIterator
3195:c:\program files\daisytoolchain\arm-none-eabi\include\c++\10.2.1\bits\stl_algo.h ****     replace_copy_if(_InputIterator __first, _InputIterator __last,
3196:c:\program files\daisytoolchain\arm-none-eabi\include\c++\10.2.1\bits\stl_algo.h **** 		    _OutputIterator __result,
3197:c:\program files\daisytoolchain\arm-none-eabi\include\c++\10.2.1\bits\stl_algo.h **** 		    _Predicate __pred, const _Tp& __new_value)
3198:c:\program files\daisytoolchain\arm-none-eabi\include\c++\10.2.1\bits\stl_algo.h ****     {
3199:c:\program files\daisytoolchain\arm-none-eabi\include\c++\10.2.1\bits\stl_algo.h ****       // concept requirements
3200:c:\program files\daisytoolchain\arm-none-eabi\include\c++\10.2.1\bits\stl_algo.h ****       __glibcxx_function_requires(_InputIteratorConcept<_InputIterator>)
3201:c:\program files\daisytoolchain\arm-none-eabi\include\c++\10.2.1\bits\stl_algo.h ****       __glibcxx_function_requires(_OutputIteratorConcept<_OutputIterator,
3202:c:\program files\daisytoolchain\arm-none-eabi\include\c++\10.2.1\bits\stl_algo.h **** 	    typename iterator_traits<_InputIterator>::value_type>)
3203:c:\program files\daisytoolchain\arm-none-eabi\include\c++\10.2.1\bits\stl_algo.h ****       __glibcxx_function_requires(_UnaryPredicateConcept<_Predicate,
3204:c:\program files\daisytoolchain\arm-none-eabi\include\c++\10.2.1\bits\stl_algo.h **** 	    typename iterator_traits<_InputIterator>::value_type>)
3205:c:\program files\daisytoolchain\arm-none-eabi\include\c++\10.2.1\bits\stl_algo.h ****       __glibcxx_requires_valid_range(__first, __last);
3206:c:\program files\daisytoolchain\arm-none-eabi\include\c++\10.2.1\bits\stl_algo.h **** 
3207:c:\program files\daisytoolchain\arm-none-eabi\include\c++\10.2.1\bits\stl_algo.h ****       return std::__replace_copy_if(__first, __last, __result,
3208:c:\program files\daisytoolchain\arm-none-eabi\include\c++\10.2.1\bits\stl_algo.h **** 				__gnu_cxx::__ops::__pred_iter(__pred),
3209:c:\program files\daisytoolchain\arm-none-eabi\include\c++\10.2.1\bits\stl_algo.h **** 					      __new_value);
3210:c:\program files\daisytoolchain\arm-none-eabi\include\c++\10.2.1\bits\stl_algo.h ****     }
ARM GAS  C:\Users\FINNDY~1\AppData\Local\Temp\ccFWr46h.s 			page 60


3211:c:\program files\daisytoolchain\arm-none-eabi\include\c++\10.2.1\bits\stl_algo.h **** 
3212:c:\program files\daisytoolchain\arm-none-eabi\include\c++\10.2.1\bits\stl_algo.h **** #if __cplusplus >= 201103L
3213:c:\program files\daisytoolchain\arm-none-eabi\include\c++\10.2.1\bits\stl_algo.h ****   /**
3214:c:\program files\daisytoolchain\arm-none-eabi\include\c++\10.2.1\bits\stl_algo.h ****    *  @brief  Determines whether the elements of a sequence are sorted.
3215:c:\program files\daisytoolchain\arm-none-eabi\include\c++\10.2.1\bits\stl_algo.h ****    *  @ingroup sorting_algorithms
3216:c:\program files\daisytoolchain\arm-none-eabi\include\c++\10.2.1\bits\stl_algo.h ****    *  @param  __first   An iterator.
3217:c:\program files\daisytoolchain\arm-none-eabi\include\c++\10.2.1\bits\stl_algo.h ****    *  @param  __last    Another iterator.
3218:c:\program files\daisytoolchain\arm-none-eabi\include\c++\10.2.1\bits\stl_algo.h ****    *  @return  True if the elements are sorted, false otherwise.
3219:c:\program files\daisytoolchain\arm-none-eabi\include\c++\10.2.1\bits\stl_algo.h ****   */
3220:c:\program files\daisytoolchain\arm-none-eabi\include\c++\10.2.1\bits\stl_algo.h ****   template<typename _ForwardIterator>
3221:c:\program files\daisytoolchain\arm-none-eabi\include\c++\10.2.1\bits\stl_algo.h ****     _GLIBCXX20_CONSTEXPR
3222:c:\program files\daisytoolchain\arm-none-eabi\include\c++\10.2.1\bits\stl_algo.h ****     inline bool
3223:c:\program files\daisytoolchain\arm-none-eabi\include\c++\10.2.1\bits\stl_algo.h ****     is_sorted(_ForwardIterator __first, _ForwardIterator __last)
3224:c:\program files\daisytoolchain\arm-none-eabi\include\c++\10.2.1\bits\stl_algo.h ****     { return std::is_sorted_until(__first, __last) == __last; }
3225:c:\program files\daisytoolchain\arm-none-eabi\include\c++\10.2.1\bits\stl_algo.h **** 
3226:c:\program files\daisytoolchain\arm-none-eabi\include\c++\10.2.1\bits\stl_algo.h ****   /**
3227:c:\program files\daisytoolchain\arm-none-eabi\include\c++\10.2.1\bits\stl_algo.h ****    *  @brief  Determines whether the elements of a sequence are sorted
3228:c:\program files\daisytoolchain\arm-none-eabi\include\c++\10.2.1\bits\stl_algo.h ****    *          according to a comparison functor.
3229:c:\program files\daisytoolchain\arm-none-eabi\include\c++\10.2.1\bits\stl_algo.h ****    *  @ingroup sorting_algorithms
3230:c:\program files\daisytoolchain\arm-none-eabi\include\c++\10.2.1\bits\stl_algo.h ****    *  @param  __first   An iterator.
3231:c:\program files\daisytoolchain\arm-none-eabi\include\c++\10.2.1\bits\stl_algo.h ****    *  @param  __last    Another iterator.
3232:c:\program files\daisytoolchain\arm-none-eabi\include\c++\10.2.1\bits\stl_algo.h ****    *  @param  __comp    A comparison functor.
3233:c:\program files\daisytoolchain\arm-none-eabi\include\c++\10.2.1\bits\stl_algo.h ****    *  @return  True if the elements are sorted, false otherwise.
3234:c:\program files\daisytoolchain\arm-none-eabi\include\c++\10.2.1\bits\stl_algo.h ****   */
3235:c:\program files\daisytoolchain\arm-none-eabi\include\c++\10.2.1\bits\stl_algo.h ****   template<typename _ForwardIterator, typename _Compare>
3236:c:\program files\daisytoolchain\arm-none-eabi\include\c++\10.2.1\bits\stl_algo.h ****     _GLIBCXX20_CONSTEXPR
3237:c:\program files\daisytoolchain\arm-none-eabi\include\c++\10.2.1\bits\stl_algo.h ****     inline bool
3238:c:\program files\daisytoolchain\arm-none-eabi\include\c++\10.2.1\bits\stl_algo.h ****     is_sorted(_ForwardIterator __first, _ForwardIterator __last,
3239:c:\program files\daisytoolchain\arm-none-eabi\include\c++\10.2.1\bits\stl_algo.h **** 	      _Compare __comp)
3240:c:\program files\daisytoolchain\arm-none-eabi\include\c++\10.2.1\bits\stl_algo.h ****     { return std::is_sorted_until(__first, __last, __comp) == __last; }
3241:c:\program files\daisytoolchain\arm-none-eabi\include\c++\10.2.1\bits\stl_algo.h **** 
3242:c:\program files\daisytoolchain\arm-none-eabi\include\c++\10.2.1\bits\stl_algo.h ****   template<typename _ForwardIterator, typename _Compare>
3243:c:\program files\daisytoolchain\arm-none-eabi\include\c++\10.2.1\bits\stl_algo.h ****     _GLIBCXX20_CONSTEXPR
3244:c:\program files\daisytoolchain\arm-none-eabi\include\c++\10.2.1\bits\stl_algo.h ****     _ForwardIterator
3245:c:\program files\daisytoolchain\arm-none-eabi\include\c++\10.2.1\bits\stl_algo.h ****     __is_sorted_until(_ForwardIterator __first, _ForwardIterator __last,
3246:c:\program files\daisytoolchain\arm-none-eabi\include\c++\10.2.1\bits\stl_algo.h **** 		      _Compare __comp)
3247:c:\program files\daisytoolchain\arm-none-eabi\include\c++\10.2.1\bits\stl_algo.h ****     {
3248:c:\program files\daisytoolchain\arm-none-eabi\include\c++\10.2.1\bits\stl_algo.h ****       if (__first == __last)
3249:c:\program files\daisytoolchain\arm-none-eabi\include\c++\10.2.1\bits\stl_algo.h **** 	return __last;
3250:c:\program files\daisytoolchain\arm-none-eabi\include\c++\10.2.1\bits\stl_algo.h **** 
3251:c:\program files\daisytoolchain\arm-none-eabi\include\c++\10.2.1\bits\stl_algo.h ****       _ForwardIterator __next = __first;
3252:c:\program files\daisytoolchain\arm-none-eabi\include\c++\10.2.1\bits\stl_algo.h ****       for (++__next; __next != __last; __first = __next, (void)++__next)
3253:c:\program files\daisytoolchain\arm-none-eabi\include\c++\10.2.1\bits\stl_algo.h **** 	if (__comp(__next, __first))
3254:c:\program files\daisytoolchain\arm-none-eabi\include\c++\10.2.1\bits\stl_algo.h **** 	  return __next;
3255:c:\program files\daisytoolchain\arm-none-eabi\include\c++\10.2.1\bits\stl_algo.h ****       return __next;
3256:c:\program files\daisytoolchain\arm-none-eabi\include\c++\10.2.1\bits\stl_algo.h ****     }
3257:c:\program files\daisytoolchain\arm-none-eabi\include\c++\10.2.1\bits\stl_algo.h **** 
3258:c:\program files\daisytoolchain\arm-none-eabi\include\c++\10.2.1\bits\stl_algo.h ****   /**
3259:c:\program files\daisytoolchain\arm-none-eabi\include\c++\10.2.1\bits\stl_algo.h ****    *  @brief  Determines the end of a sorted sequence.
3260:c:\program files\daisytoolchain\arm-none-eabi\include\c++\10.2.1\bits\stl_algo.h ****    *  @ingroup sorting_algorithms
3261:c:\program files\daisytoolchain\arm-none-eabi\include\c++\10.2.1\bits\stl_algo.h ****    *  @param  __first   An iterator.
3262:c:\program files\daisytoolchain\arm-none-eabi\include\c++\10.2.1\bits\stl_algo.h ****    *  @param  __last    Another iterator.
3263:c:\program files\daisytoolchain\arm-none-eabi\include\c++\10.2.1\bits\stl_algo.h ****    *  @return  An iterator pointing to the last iterator i in [__first, __last)
3264:c:\program files\daisytoolchain\arm-none-eabi\include\c++\10.2.1\bits\stl_algo.h ****    *           for which the range [__first, i) is sorted.
3265:c:\program files\daisytoolchain\arm-none-eabi\include\c++\10.2.1\bits\stl_algo.h ****   */
3266:c:\program files\daisytoolchain\arm-none-eabi\include\c++\10.2.1\bits\stl_algo.h ****   template<typename _ForwardIterator>
3267:c:\program files\daisytoolchain\arm-none-eabi\include\c++\10.2.1\bits\stl_algo.h ****     _GLIBCXX20_CONSTEXPR
ARM GAS  C:\Users\FINNDY~1\AppData\Local\Temp\ccFWr46h.s 			page 61


3268:c:\program files\daisytoolchain\arm-none-eabi\include\c++\10.2.1\bits\stl_algo.h ****     inline _ForwardIterator
3269:c:\program files\daisytoolchain\arm-none-eabi\include\c++\10.2.1\bits\stl_algo.h ****     is_sorted_until(_ForwardIterator __first, _ForwardIterator __last)
3270:c:\program files\daisytoolchain\arm-none-eabi\include\c++\10.2.1\bits\stl_algo.h ****     {
3271:c:\program files\daisytoolchain\arm-none-eabi\include\c++\10.2.1\bits\stl_algo.h ****       // concept requirements
3272:c:\program files\daisytoolchain\arm-none-eabi\include\c++\10.2.1\bits\stl_algo.h ****       __glibcxx_function_requires(_ForwardIteratorConcept<_ForwardIterator>)
3273:c:\program files\daisytoolchain\arm-none-eabi\include\c++\10.2.1\bits\stl_algo.h ****       __glibcxx_function_requires(_LessThanComparableConcept<
3274:c:\program files\daisytoolchain\arm-none-eabi\include\c++\10.2.1\bits\stl_algo.h **** 	    typename iterator_traits<_ForwardIterator>::value_type>)
3275:c:\program files\daisytoolchain\arm-none-eabi\include\c++\10.2.1\bits\stl_algo.h ****       __glibcxx_requires_valid_range(__first, __last);
3276:c:\program files\daisytoolchain\arm-none-eabi\include\c++\10.2.1\bits\stl_algo.h ****       __glibcxx_requires_irreflexive(__first, __last);
3277:c:\program files\daisytoolchain\arm-none-eabi\include\c++\10.2.1\bits\stl_algo.h **** 
3278:c:\program files\daisytoolchain\arm-none-eabi\include\c++\10.2.1\bits\stl_algo.h ****       return std::__is_sorted_until(__first, __last,
3279:c:\program files\daisytoolchain\arm-none-eabi\include\c++\10.2.1\bits\stl_algo.h **** 				    __gnu_cxx::__ops::__iter_less_iter());
3280:c:\program files\daisytoolchain\arm-none-eabi\include\c++\10.2.1\bits\stl_algo.h ****     }
3281:c:\program files\daisytoolchain\arm-none-eabi\include\c++\10.2.1\bits\stl_algo.h **** 
3282:c:\program files\daisytoolchain\arm-none-eabi\include\c++\10.2.1\bits\stl_algo.h ****   /**
3283:c:\program files\daisytoolchain\arm-none-eabi\include\c++\10.2.1\bits\stl_algo.h ****    *  @brief  Determines the end of a sorted sequence using comparison functor.
3284:c:\program files\daisytoolchain\arm-none-eabi\include\c++\10.2.1\bits\stl_algo.h ****    *  @ingroup sorting_algorithms
3285:c:\program files\daisytoolchain\arm-none-eabi\include\c++\10.2.1\bits\stl_algo.h ****    *  @param  __first   An iterator.
3286:c:\program files\daisytoolchain\arm-none-eabi\include\c++\10.2.1\bits\stl_algo.h ****    *  @param  __last    Another iterator.
3287:c:\program files\daisytoolchain\arm-none-eabi\include\c++\10.2.1\bits\stl_algo.h ****    *  @param  __comp    A comparison functor.
3288:c:\program files\daisytoolchain\arm-none-eabi\include\c++\10.2.1\bits\stl_algo.h ****    *  @return  An iterator pointing to the last iterator i in [__first, __last)
3289:c:\program files\daisytoolchain\arm-none-eabi\include\c++\10.2.1\bits\stl_algo.h ****    *           for which the range [__first, i) is sorted.
3290:c:\program files\daisytoolchain\arm-none-eabi\include\c++\10.2.1\bits\stl_algo.h ****   */
3291:c:\program files\daisytoolchain\arm-none-eabi\include\c++\10.2.1\bits\stl_algo.h ****   template<typename _ForwardIterator, typename _Compare>
3292:c:\program files\daisytoolchain\arm-none-eabi\include\c++\10.2.1\bits\stl_algo.h ****     _GLIBCXX20_CONSTEXPR
3293:c:\program files\daisytoolchain\arm-none-eabi\include\c++\10.2.1\bits\stl_algo.h ****     inline _ForwardIterator
3294:c:\program files\daisytoolchain\arm-none-eabi\include\c++\10.2.1\bits\stl_algo.h ****     is_sorted_until(_ForwardIterator __first, _ForwardIterator __last,
3295:c:\program files\daisytoolchain\arm-none-eabi\include\c++\10.2.1\bits\stl_algo.h **** 		    _Compare __comp)
3296:c:\program files\daisytoolchain\arm-none-eabi\include\c++\10.2.1\bits\stl_algo.h ****     {
3297:c:\program files\daisytoolchain\arm-none-eabi\include\c++\10.2.1\bits\stl_algo.h ****       // concept requirements
3298:c:\program files\daisytoolchain\arm-none-eabi\include\c++\10.2.1\bits\stl_algo.h ****       __glibcxx_function_requires(_ForwardIteratorConcept<_ForwardIterator>)
3299:c:\program files\daisytoolchain\arm-none-eabi\include\c++\10.2.1\bits\stl_algo.h ****       __glibcxx_function_requires(_BinaryPredicateConcept<_Compare,
3300:c:\program files\daisytoolchain\arm-none-eabi\include\c++\10.2.1\bits\stl_algo.h **** 	    typename iterator_traits<_ForwardIterator>::value_type,
3301:c:\program files\daisytoolchain\arm-none-eabi\include\c++\10.2.1\bits\stl_algo.h **** 	    typename iterator_traits<_ForwardIterator>::value_type>)
3302:c:\program files\daisytoolchain\arm-none-eabi\include\c++\10.2.1\bits\stl_algo.h ****       __glibcxx_requires_valid_range(__first, __last);
3303:c:\program files\daisytoolchain\arm-none-eabi\include\c++\10.2.1\bits\stl_algo.h ****       __glibcxx_requires_irreflexive_pred(__first, __last, __comp);
3304:c:\program files\daisytoolchain\arm-none-eabi\include\c++\10.2.1\bits\stl_algo.h **** 
3305:c:\program files\daisytoolchain\arm-none-eabi\include\c++\10.2.1\bits\stl_algo.h ****       return std::__is_sorted_until(__first, __last,
3306:c:\program files\daisytoolchain\arm-none-eabi\include\c++\10.2.1\bits\stl_algo.h **** 				    __gnu_cxx::__ops::__iter_comp_iter(__comp));
3307:c:\program files\daisytoolchain\arm-none-eabi\include\c++\10.2.1\bits\stl_algo.h ****     }
3308:c:\program files\daisytoolchain\arm-none-eabi\include\c++\10.2.1\bits\stl_algo.h **** 
3309:c:\program files\daisytoolchain\arm-none-eabi\include\c++\10.2.1\bits\stl_algo.h ****   /**
3310:c:\program files\daisytoolchain\arm-none-eabi\include\c++\10.2.1\bits\stl_algo.h ****    *  @brief  Determines min and max at once as an ordered pair.
3311:c:\program files\daisytoolchain\arm-none-eabi\include\c++\10.2.1\bits\stl_algo.h ****    *  @ingroup sorting_algorithms
3312:c:\program files\daisytoolchain\arm-none-eabi\include\c++\10.2.1\bits\stl_algo.h ****    *  @param  __a  A thing of arbitrary type.
3313:c:\program files\daisytoolchain\arm-none-eabi\include\c++\10.2.1\bits\stl_algo.h ****    *  @param  __b  Another thing of arbitrary type.
3314:c:\program files\daisytoolchain\arm-none-eabi\include\c++\10.2.1\bits\stl_algo.h ****    *  @return A pair(__b, __a) if __b is smaller than __a, pair(__a,
3315:c:\program files\daisytoolchain\arm-none-eabi\include\c++\10.2.1\bits\stl_algo.h ****    *  __b) otherwise.
3316:c:\program files\daisytoolchain\arm-none-eabi\include\c++\10.2.1\bits\stl_algo.h ****   */
3317:c:\program files\daisytoolchain\arm-none-eabi\include\c++\10.2.1\bits\stl_algo.h ****   template<typename _Tp>
3318:c:\program files\daisytoolchain\arm-none-eabi\include\c++\10.2.1\bits\stl_algo.h ****     _GLIBCXX14_CONSTEXPR
3319:c:\program files\daisytoolchain\arm-none-eabi\include\c++\10.2.1\bits\stl_algo.h ****     inline pair<const _Tp&, const _Tp&>
3320:c:\program files\daisytoolchain\arm-none-eabi\include\c++\10.2.1\bits\stl_algo.h ****     minmax(const _Tp& __a, const _Tp& __b)
3321:c:\program files\daisytoolchain\arm-none-eabi\include\c++\10.2.1\bits\stl_algo.h ****     {
3322:c:\program files\daisytoolchain\arm-none-eabi\include\c++\10.2.1\bits\stl_algo.h ****       // concept requirements
3323:c:\program files\daisytoolchain\arm-none-eabi\include\c++\10.2.1\bits\stl_algo.h ****       __glibcxx_function_requires(_LessThanComparableConcept<_Tp>)
3324:c:\program files\daisytoolchain\arm-none-eabi\include\c++\10.2.1\bits\stl_algo.h **** 
ARM GAS  C:\Users\FINNDY~1\AppData\Local\Temp\ccFWr46h.s 			page 62


3325:c:\program files\daisytoolchain\arm-none-eabi\include\c++\10.2.1\bits\stl_algo.h ****       return __b < __a ? pair<const _Tp&, const _Tp&>(__b, __a)
3326:c:\program files\daisytoolchain\arm-none-eabi\include\c++\10.2.1\bits\stl_algo.h **** 		       : pair<const _Tp&, const _Tp&>(__a, __b);
3327:c:\program files\daisytoolchain\arm-none-eabi\include\c++\10.2.1\bits\stl_algo.h ****     }
3328:c:\program files\daisytoolchain\arm-none-eabi\include\c++\10.2.1\bits\stl_algo.h **** 
3329:c:\program files\daisytoolchain\arm-none-eabi\include\c++\10.2.1\bits\stl_algo.h ****   /**
3330:c:\program files\daisytoolchain\arm-none-eabi\include\c++\10.2.1\bits\stl_algo.h ****    *  @brief  Determines min and max at once as an ordered pair.
3331:c:\program files\daisytoolchain\arm-none-eabi\include\c++\10.2.1\bits\stl_algo.h ****    *  @ingroup sorting_algorithms
3332:c:\program files\daisytoolchain\arm-none-eabi\include\c++\10.2.1\bits\stl_algo.h ****    *  @param  __a  A thing of arbitrary type.
3333:c:\program files\daisytoolchain\arm-none-eabi\include\c++\10.2.1\bits\stl_algo.h ****    *  @param  __b  Another thing of arbitrary type.
3334:c:\program files\daisytoolchain\arm-none-eabi\include\c++\10.2.1\bits\stl_algo.h ****    *  @param  __comp  A @link comparison_functors comparison functor @endlink.
3335:c:\program files\daisytoolchain\arm-none-eabi\include\c++\10.2.1\bits\stl_algo.h ****    *  @return A pair(__b, __a) if __b is smaller than __a, pair(__a,
3336:c:\program files\daisytoolchain\arm-none-eabi\include\c++\10.2.1\bits\stl_algo.h ****    *  __b) otherwise.
3337:c:\program files\daisytoolchain\arm-none-eabi\include\c++\10.2.1\bits\stl_algo.h ****   */
3338:c:\program files\daisytoolchain\arm-none-eabi\include\c++\10.2.1\bits\stl_algo.h ****   template<typename _Tp, typename _Compare>
3339:c:\program files\daisytoolchain\arm-none-eabi\include\c++\10.2.1\bits\stl_algo.h ****     _GLIBCXX14_CONSTEXPR
3340:c:\program files\daisytoolchain\arm-none-eabi\include\c++\10.2.1\bits\stl_algo.h ****     inline pair<const _Tp&, const _Tp&>
3341:c:\program files\daisytoolchain\arm-none-eabi\include\c++\10.2.1\bits\stl_algo.h ****     minmax(const _Tp& __a, const _Tp& __b, _Compare __comp)
3342:c:\program files\daisytoolchain\arm-none-eabi\include\c++\10.2.1\bits\stl_algo.h ****     {
3343:c:\program files\daisytoolchain\arm-none-eabi\include\c++\10.2.1\bits\stl_algo.h ****       return __comp(__b, __a) ? pair<const _Tp&, const _Tp&>(__b, __a)
3344:c:\program files\daisytoolchain\arm-none-eabi\include\c++\10.2.1\bits\stl_algo.h **** 			      : pair<const _Tp&, const _Tp&>(__a, __b);
3345:c:\program files\daisytoolchain\arm-none-eabi\include\c++\10.2.1\bits\stl_algo.h ****     }
3346:c:\program files\daisytoolchain\arm-none-eabi\include\c++\10.2.1\bits\stl_algo.h **** 
3347:c:\program files\daisytoolchain\arm-none-eabi\include\c++\10.2.1\bits\stl_algo.h ****   template<typename _ForwardIterator, typename _Compare>
3348:c:\program files\daisytoolchain\arm-none-eabi\include\c++\10.2.1\bits\stl_algo.h ****     _GLIBCXX14_CONSTEXPR
3349:c:\program files\daisytoolchain\arm-none-eabi\include\c++\10.2.1\bits\stl_algo.h ****     pair<_ForwardIterator, _ForwardIterator>
3350:c:\program files\daisytoolchain\arm-none-eabi\include\c++\10.2.1\bits\stl_algo.h ****     __minmax_element(_ForwardIterator __first, _ForwardIterator __last,
3351:c:\program files\daisytoolchain\arm-none-eabi\include\c++\10.2.1\bits\stl_algo.h **** 		     _Compare __comp)
3352:c:\program files\daisytoolchain\arm-none-eabi\include\c++\10.2.1\bits\stl_algo.h ****     {
3353:c:\program files\daisytoolchain\arm-none-eabi\include\c++\10.2.1\bits\stl_algo.h ****       _ForwardIterator __next = __first;
3354:c:\program files\daisytoolchain\arm-none-eabi\include\c++\10.2.1\bits\stl_algo.h ****       if (__first == __last
3355:c:\program files\daisytoolchain\arm-none-eabi\include\c++\10.2.1\bits\stl_algo.h **** 	  || ++__next == __last)
3356:c:\program files\daisytoolchain\arm-none-eabi\include\c++\10.2.1\bits\stl_algo.h **** 	return std::make_pair(__first, __first);
3357:c:\program files\daisytoolchain\arm-none-eabi\include\c++\10.2.1\bits\stl_algo.h **** 
3358:c:\program files\daisytoolchain\arm-none-eabi\include\c++\10.2.1\bits\stl_algo.h ****       _ForwardIterator __min{}, __max{};
3359:c:\program files\daisytoolchain\arm-none-eabi\include\c++\10.2.1\bits\stl_algo.h ****       if (__comp(__next, __first))
3360:c:\program files\daisytoolchain\arm-none-eabi\include\c++\10.2.1\bits\stl_algo.h **** 	{
3361:c:\program files\daisytoolchain\arm-none-eabi\include\c++\10.2.1\bits\stl_algo.h **** 	  __min = __next;
3362:c:\program files\daisytoolchain\arm-none-eabi\include\c++\10.2.1\bits\stl_algo.h **** 	  __max = __first;
3363:c:\program files\daisytoolchain\arm-none-eabi\include\c++\10.2.1\bits\stl_algo.h **** 	}
3364:c:\program files\daisytoolchain\arm-none-eabi\include\c++\10.2.1\bits\stl_algo.h ****       else
3365:c:\program files\daisytoolchain\arm-none-eabi\include\c++\10.2.1\bits\stl_algo.h **** 	{
3366:c:\program files\daisytoolchain\arm-none-eabi\include\c++\10.2.1\bits\stl_algo.h **** 	  __min = __first;
3367:c:\program files\daisytoolchain\arm-none-eabi\include\c++\10.2.1\bits\stl_algo.h **** 	  __max = __next;
3368:c:\program files\daisytoolchain\arm-none-eabi\include\c++\10.2.1\bits\stl_algo.h **** 	}
3369:c:\program files\daisytoolchain\arm-none-eabi\include\c++\10.2.1\bits\stl_algo.h **** 
3370:c:\program files\daisytoolchain\arm-none-eabi\include\c++\10.2.1\bits\stl_algo.h ****       __first = __next;
3371:c:\program files\daisytoolchain\arm-none-eabi\include\c++\10.2.1\bits\stl_algo.h ****       ++__first;
3372:c:\program files\daisytoolchain\arm-none-eabi\include\c++\10.2.1\bits\stl_algo.h **** 
3373:c:\program files\daisytoolchain\arm-none-eabi\include\c++\10.2.1\bits\stl_algo.h ****       while (__first != __last)
3374:c:\program files\daisytoolchain\arm-none-eabi\include\c++\10.2.1\bits\stl_algo.h **** 	{
3375:c:\program files\daisytoolchain\arm-none-eabi\include\c++\10.2.1\bits\stl_algo.h **** 	  __next = __first;
3376:c:\program files\daisytoolchain\arm-none-eabi\include\c++\10.2.1\bits\stl_algo.h **** 	  if (++__next == __last)
3377:c:\program files\daisytoolchain\arm-none-eabi\include\c++\10.2.1\bits\stl_algo.h **** 	    {
3378:c:\program files\daisytoolchain\arm-none-eabi\include\c++\10.2.1\bits\stl_algo.h **** 	      if (__comp(__first, __min))
3379:c:\program files\daisytoolchain\arm-none-eabi\include\c++\10.2.1\bits\stl_algo.h **** 		__min = __first;
3380:c:\program files\daisytoolchain\arm-none-eabi\include\c++\10.2.1\bits\stl_algo.h **** 	      else if (!__comp(__first, __max))
3381:c:\program files\daisytoolchain\arm-none-eabi\include\c++\10.2.1\bits\stl_algo.h **** 		__max = __first;
ARM GAS  C:\Users\FINNDY~1\AppData\Local\Temp\ccFWr46h.s 			page 63


3382:c:\program files\daisytoolchain\arm-none-eabi\include\c++\10.2.1\bits\stl_algo.h **** 	      break;
3383:c:\program files\daisytoolchain\arm-none-eabi\include\c++\10.2.1\bits\stl_algo.h **** 	    }
3384:c:\program files\daisytoolchain\arm-none-eabi\include\c++\10.2.1\bits\stl_algo.h **** 
3385:c:\program files\daisytoolchain\arm-none-eabi\include\c++\10.2.1\bits\stl_algo.h **** 	  if (__comp(__next, __first))
3386:c:\program files\daisytoolchain\arm-none-eabi\include\c++\10.2.1\bits\stl_algo.h **** 	    {
3387:c:\program files\daisytoolchain\arm-none-eabi\include\c++\10.2.1\bits\stl_algo.h **** 	      if (__comp(__next, __min))
3388:c:\program files\daisytoolchain\arm-none-eabi\include\c++\10.2.1\bits\stl_algo.h **** 		__min = __next;
3389:c:\program files\daisytoolchain\arm-none-eabi\include\c++\10.2.1\bits\stl_algo.h **** 	      if (!__comp(__first, __max))
3390:c:\program files\daisytoolchain\arm-none-eabi\include\c++\10.2.1\bits\stl_algo.h **** 		__max = __first;
3391:c:\program files\daisytoolchain\arm-none-eabi\include\c++\10.2.1\bits\stl_algo.h **** 	    }
3392:c:\program files\daisytoolchain\arm-none-eabi\include\c++\10.2.1\bits\stl_algo.h **** 	  else
3393:c:\program files\daisytoolchain\arm-none-eabi\include\c++\10.2.1\bits\stl_algo.h **** 	    {
3394:c:\program files\daisytoolchain\arm-none-eabi\include\c++\10.2.1\bits\stl_algo.h **** 	      if (__comp(__first, __min))
3395:c:\program files\daisytoolchain\arm-none-eabi\include\c++\10.2.1\bits\stl_algo.h **** 		__min = __first;
3396:c:\program files\daisytoolchain\arm-none-eabi\include\c++\10.2.1\bits\stl_algo.h **** 	      if (!__comp(__next, __max))
3397:c:\program files\daisytoolchain\arm-none-eabi\include\c++\10.2.1\bits\stl_algo.h **** 		__max = __next;
3398:c:\program files\daisytoolchain\arm-none-eabi\include\c++\10.2.1\bits\stl_algo.h **** 	    }
3399:c:\program files\daisytoolchain\arm-none-eabi\include\c++\10.2.1\bits\stl_algo.h **** 
3400:c:\program files\daisytoolchain\arm-none-eabi\include\c++\10.2.1\bits\stl_algo.h **** 	  __first = __next;
3401:c:\program files\daisytoolchain\arm-none-eabi\include\c++\10.2.1\bits\stl_algo.h **** 	  ++__first;
3402:c:\program files\daisytoolchain\arm-none-eabi\include\c++\10.2.1\bits\stl_algo.h **** 	}
3403:c:\program files\daisytoolchain\arm-none-eabi\include\c++\10.2.1\bits\stl_algo.h **** 
3404:c:\program files\daisytoolchain\arm-none-eabi\include\c++\10.2.1\bits\stl_algo.h ****       return std::make_pair(__min, __max);
3405:c:\program files\daisytoolchain\arm-none-eabi\include\c++\10.2.1\bits\stl_algo.h ****     }
3406:c:\program files\daisytoolchain\arm-none-eabi\include\c++\10.2.1\bits\stl_algo.h **** 
3407:c:\program files\daisytoolchain\arm-none-eabi\include\c++\10.2.1\bits\stl_algo.h ****   /**
3408:c:\program files\daisytoolchain\arm-none-eabi\include\c++\10.2.1\bits\stl_algo.h ****    *  @brief  Return a pair of iterators pointing to the minimum and maximum
3409:c:\program files\daisytoolchain\arm-none-eabi\include\c++\10.2.1\bits\stl_algo.h ****    *          elements in a range.
3410:c:\program files\daisytoolchain\arm-none-eabi\include\c++\10.2.1\bits\stl_algo.h ****    *  @ingroup sorting_algorithms
3411:c:\program files\daisytoolchain\arm-none-eabi\include\c++\10.2.1\bits\stl_algo.h ****    *  @param  __first  Start of range.
3412:c:\program files\daisytoolchain\arm-none-eabi\include\c++\10.2.1\bits\stl_algo.h ****    *  @param  __last   End of range.
3413:c:\program files\daisytoolchain\arm-none-eabi\include\c++\10.2.1\bits\stl_algo.h ****    *  @return  make_pair(m, M), where m is the first iterator i in 
3414:c:\program files\daisytoolchain\arm-none-eabi\include\c++\10.2.1\bits\stl_algo.h ****    *           [__first, __last) such that no other element in the range is
3415:c:\program files\daisytoolchain\arm-none-eabi\include\c++\10.2.1\bits\stl_algo.h ****    *           smaller, and where M is the last iterator i in [__first, __last)
3416:c:\program files\daisytoolchain\arm-none-eabi\include\c++\10.2.1\bits\stl_algo.h ****    *           such that no other element in the range is larger.
3417:c:\program files\daisytoolchain\arm-none-eabi\include\c++\10.2.1\bits\stl_algo.h ****   */
3418:c:\program files\daisytoolchain\arm-none-eabi\include\c++\10.2.1\bits\stl_algo.h ****   template<typename _ForwardIterator>
3419:c:\program files\daisytoolchain\arm-none-eabi\include\c++\10.2.1\bits\stl_algo.h ****     _GLIBCXX14_CONSTEXPR
3420:c:\program files\daisytoolchain\arm-none-eabi\include\c++\10.2.1\bits\stl_algo.h ****     inline pair<_ForwardIterator, _ForwardIterator>
3421:c:\program files\daisytoolchain\arm-none-eabi\include\c++\10.2.1\bits\stl_algo.h ****     minmax_element(_ForwardIterator __first, _ForwardIterator __last)
3422:c:\program files\daisytoolchain\arm-none-eabi\include\c++\10.2.1\bits\stl_algo.h ****     {
3423:c:\program files\daisytoolchain\arm-none-eabi\include\c++\10.2.1\bits\stl_algo.h ****       // concept requirements
3424:c:\program files\daisytoolchain\arm-none-eabi\include\c++\10.2.1\bits\stl_algo.h ****       __glibcxx_function_requires(_ForwardIteratorConcept<_ForwardIterator>)
3425:c:\program files\daisytoolchain\arm-none-eabi\include\c++\10.2.1\bits\stl_algo.h ****       __glibcxx_function_requires(_LessThanComparableConcept<
3426:c:\program files\daisytoolchain\arm-none-eabi\include\c++\10.2.1\bits\stl_algo.h **** 	    typename iterator_traits<_ForwardIterator>::value_type>)
3427:c:\program files\daisytoolchain\arm-none-eabi\include\c++\10.2.1\bits\stl_algo.h ****       __glibcxx_requires_valid_range(__first, __last);
3428:c:\program files\daisytoolchain\arm-none-eabi\include\c++\10.2.1\bits\stl_algo.h ****       __glibcxx_requires_irreflexive(__first, __last);
3429:c:\program files\daisytoolchain\arm-none-eabi\include\c++\10.2.1\bits\stl_algo.h **** 
3430:c:\program files\daisytoolchain\arm-none-eabi\include\c++\10.2.1\bits\stl_algo.h ****       return std::__minmax_element(__first, __last,
3431:c:\program files\daisytoolchain\arm-none-eabi\include\c++\10.2.1\bits\stl_algo.h **** 				   __gnu_cxx::__ops::__iter_less_iter());
3432:c:\program files\daisytoolchain\arm-none-eabi\include\c++\10.2.1\bits\stl_algo.h ****     }
3433:c:\program files\daisytoolchain\arm-none-eabi\include\c++\10.2.1\bits\stl_algo.h **** 
3434:c:\program files\daisytoolchain\arm-none-eabi\include\c++\10.2.1\bits\stl_algo.h ****   /**
3435:c:\program files\daisytoolchain\arm-none-eabi\include\c++\10.2.1\bits\stl_algo.h ****    *  @brief  Return a pair of iterators pointing to the minimum and maximum
3436:c:\program files\daisytoolchain\arm-none-eabi\include\c++\10.2.1\bits\stl_algo.h ****    *          elements in a range.
3437:c:\program files\daisytoolchain\arm-none-eabi\include\c++\10.2.1\bits\stl_algo.h ****    *  @ingroup sorting_algorithms
3438:c:\program files\daisytoolchain\arm-none-eabi\include\c++\10.2.1\bits\stl_algo.h ****    *  @param  __first  Start of range.
ARM GAS  C:\Users\FINNDY~1\AppData\Local\Temp\ccFWr46h.s 			page 64


3439:c:\program files\daisytoolchain\arm-none-eabi\include\c++\10.2.1\bits\stl_algo.h ****    *  @param  __last   End of range.
3440:c:\program files\daisytoolchain\arm-none-eabi\include\c++\10.2.1\bits\stl_algo.h ****    *  @param  __comp   Comparison functor.
3441:c:\program files\daisytoolchain\arm-none-eabi\include\c++\10.2.1\bits\stl_algo.h ****    *  @return  make_pair(m, M), where m is the first iterator i in 
3442:c:\program files\daisytoolchain\arm-none-eabi\include\c++\10.2.1\bits\stl_algo.h ****    *           [__first, __last) such that no other element in the range is
3443:c:\program files\daisytoolchain\arm-none-eabi\include\c++\10.2.1\bits\stl_algo.h ****    *           smaller, and where M is the last iterator i in [__first, __last)
3444:c:\program files\daisytoolchain\arm-none-eabi\include\c++\10.2.1\bits\stl_algo.h ****    *           such that no other element in the range is larger.
3445:c:\program files\daisytoolchain\arm-none-eabi\include\c++\10.2.1\bits\stl_algo.h ****   */
3446:c:\program files\daisytoolchain\arm-none-eabi\include\c++\10.2.1\bits\stl_algo.h ****   template<typename _ForwardIterator, typename _Compare>
3447:c:\program files\daisytoolchain\arm-none-eabi\include\c++\10.2.1\bits\stl_algo.h ****     _GLIBCXX14_CONSTEXPR
3448:c:\program files\daisytoolchain\arm-none-eabi\include\c++\10.2.1\bits\stl_algo.h ****     inline pair<_ForwardIterator, _ForwardIterator>
3449:c:\program files\daisytoolchain\arm-none-eabi\include\c++\10.2.1\bits\stl_algo.h ****     minmax_element(_ForwardIterator __first, _ForwardIterator __last,
3450:c:\program files\daisytoolchain\arm-none-eabi\include\c++\10.2.1\bits\stl_algo.h **** 		   _Compare __comp)
3451:c:\program files\daisytoolchain\arm-none-eabi\include\c++\10.2.1\bits\stl_algo.h ****     {
3452:c:\program files\daisytoolchain\arm-none-eabi\include\c++\10.2.1\bits\stl_algo.h ****       // concept requirements
3453:c:\program files\daisytoolchain\arm-none-eabi\include\c++\10.2.1\bits\stl_algo.h ****       __glibcxx_function_requires(_ForwardIteratorConcept<_ForwardIterator>)
3454:c:\program files\daisytoolchain\arm-none-eabi\include\c++\10.2.1\bits\stl_algo.h ****       __glibcxx_function_requires(_BinaryPredicateConcept<_Compare,
3455:c:\program files\daisytoolchain\arm-none-eabi\include\c++\10.2.1\bits\stl_algo.h **** 	    typename iterator_traits<_ForwardIterator>::value_type,
3456:c:\program files\daisytoolchain\arm-none-eabi\include\c++\10.2.1\bits\stl_algo.h **** 	    typename iterator_traits<_ForwardIterator>::value_type>)
3457:c:\program files\daisytoolchain\arm-none-eabi\include\c++\10.2.1\bits\stl_algo.h ****       __glibcxx_requires_valid_range(__first, __last);
3458:c:\program files\daisytoolchain\arm-none-eabi\include\c++\10.2.1\bits\stl_algo.h ****       __glibcxx_requires_irreflexive_pred(__first, __last, __comp);
3459:c:\program files\daisytoolchain\arm-none-eabi\include\c++\10.2.1\bits\stl_algo.h **** 
3460:c:\program files\daisytoolchain\arm-none-eabi\include\c++\10.2.1\bits\stl_algo.h ****       return std::__minmax_element(__first, __last,
3461:c:\program files\daisytoolchain\arm-none-eabi\include\c++\10.2.1\bits\stl_algo.h **** 				   __gnu_cxx::__ops::__iter_comp_iter(__comp));
3462:c:\program files\daisytoolchain\arm-none-eabi\include\c++\10.2.1\bits\stl_algo.h ****     }
3463:c:\program files\daisytoolchain\arm-none-eabi\include\c++\10.2.1\bits\stl_algo.h **** 
3464:c:\program files\daisytoolchain\arm-none-eabi\include\c++\10.2.1\bits\stl_algo.h ****   // N2722 + DR 915.
3465:c:\program files\daisytoolchain\arm-none-eabi\include\c++\10.2.1\bits\stl_algo.h ****   template<typename _Tp>
3466:c:\program files\daisytoolchain\arm-none-eabi\include\c++\10.2.1\bits\stl_algo.h ****     _GLIBCXX14_CONSTEXPR
3467:c:\program files\daisytoolchain\arm-none-eabi\include\c++\10.2.1\bits\stl_algo.h ****     inline _Tp
3468:c:\program files\daisytoolchain\arm-none-eabi\include\c++\10.2.1\bits\stl_algo.h ****     min(initializer_list<_Tp> __l)
3469:c:\program files\daisytoolchain\arm-none-eabi\include\c++\10.2.1\bits\stl_algo.h ****     { return *std::min_element(__l.begin(), __l.end()); }
3470:c:\program files\daisytoolchain\arm-none-eabi\include\c++\10.2.1\bits\stl_algo.h **** 
3471:c:\program files\daisytoolchain\arm-none-eabi\include\c++\10.2.1\bits\stl_algo.h ****   template<typename _Tp, typename _Compare>
3472:c:\program files\daisytoolchain\arm-none-eabi\include\c++\10.2.1\bits\stl_algo.h ****     _GLIBCXX14_CONSTEXPR
3473:c:\program files\daisytoolchain\arm-none-eabi\include\c++\10.2.1\bits\stl_algo.h ****     inline _Tp
3474:c:\program files\daisytoolchain\arm-none-eabi\include\c++\10.2.1\bits\stl_algo.h ****     min(initializer_list<_Tp> __l, _Compare __comp)
3475:c:\program files\daisytoolchain\arm-none-eabi\include\c++\10.2.1\bits\stl_algo.h ****     { return *std::min_element(__l.begin(), __l.end(), __comp); }
3476:c:\program files\daisytoolchain\arm-none-eabi\include\c++\10.2.1\bits\stl_algo.h **** 
3477:c:\program files\daisytoolchain\arm-none-eabi\include\c++\10.2.1\bits\stl_algo.h ****   template<typename _Tp>
3478:c:\program files\daisytoolchain\arm-none-eabi\include\c++\10.2.1\bits\stl_algo.h ****     _GLIBCXX14_CONSTEXPR
3479:c:\program files\daisytoolchain\arm-none-eabi\include\c++\10.2.1\bits\stl_algo.h ****     inline _Tp
3480:c:\program files\daisytoolchain\arm-none-eabi\include\c++\10.2.1\bits\stl_algo.h ****     max(initializer_list<_Tp> __l)
3481:c:\program files\daisytoolchain\arm-none-eabi\include\c++\10.2.1\bits\stl_algo.h ****     { return *std::max_element(__l.begin(), __l.end()); }
3482:c:\program files\daisytoolchain\arm-none-eabi\include\c++\10.2.1\bits\stl_algo.h **** 
3483:c:\program files\daisytoolchain\arm-none-eabi\include\c++\10.2.1\bits\stl_algo.h ****   template<typename _Tp, typename _Compare>
3484:c:\program files\daisytoolchain\arm-none-eabi\include\c++\10.2.1\bits\stl_algo.h ****     _GLIBCXX14_CONSTEXPR
3485:c:\program files\daisytoolchain\arm-none-eabi\include\c++\10.2.1\bits\stl_algo.h ****     inline _Tp
3486:c:\program files\daisytoolchain\arm-none-eabi\include\c++\10.2.1\bits\stl_algo.h ****     max(initializer_list<_Tp> __l, _Compare __comp)
3487:c:\program files\daisytoolchain\arm-none-eabi\include\c++\10.2.1\bits\stl_algo.h ****     { return *std::max_element(__l.begin(), __l.end(), __comp); }
3488:c:\program files\daisytoolchain\arm-none-eabi\include\c++\10.2.1\bits\stl_algo.h **** 
3489:c:\program files\daisytoolchain\arm-none-eabi\include\c++\10.2.1\bits\stl_algo.h ****   template<typename _Tp>
3490:c:\program files\daisytoolchain\arm-none-eabi\include\c++\10.2.1\bits\stl_algo.h ****     _GLIBCXX14_CONSTEXPR
3491:c:\program files\daisytoolchain\arm-none-eabi\include\c++\10.2.1\bits\stl_algo.h ****     inline pair<_Tp, _Tp>
3492:c:\program files\daisytoolchain\arm-none-eabi\include\c++\10.2.1\bits\stl_algo.h ****     minmax(initializer_list<_Tp> __l)
3493:c:\program files\daisytoolchain\arm-none-eabi\include\c++\10.2.1\bits\stl_algo.h ****     {
3494:c:\program files\daisytoolchain\arm-none-eabi\include\c++\10.2.1\bits\stl_algo.h ****       pair<const _Tp*, const _Tp*> __p =
3495:c:\program files\daisytoolchain\arm-none-eabi\include\c++\10.2.1\bits\stl_algo.h **** 	std::minmax_element(__l.begin(), __l.end());
ARM GAS  C:\Users\FINNDY~1\AppData\Local\Temp\ccFWr46h.s 			page 65


3496:c:\program files\daisytoolchain\arm-none-eabi\include\c++\10.2.1\bits\stl_algo.h ****       return std::make_pair(*__p.first, *__p.second);
3497:c:\program files\daisytoolchain\arm-none-eabi\include\c++\10.2.1\bits\stl_algo.h ****     }
3498:c:\program files\daisytoolchain\arm-none-eabi\include\c++\10.2.1\bits\stl_algo.h **** 
3499:c:\program files\daisytoolchain\arm-none-eabi\include\c++\10.2.1\bits\stl_algo.h ****   template<typename _Tp, typename _Compare>
3500:c:\program files\daisytoolchain\arm-none-eabi\include\c++\10.2.1\bits\stl_algo.h ****     _GLIBCXX14_CONSTEXPR
3501:c:\program files\daisytoolchain\arm-none-eabi\include\c++\10.2.1\bits\stl_algo.h ****     inline pair<_Tp, _Tp>
3502:c:\program files\daisytoolchain\arm-none-eabi\include\c++\10.2.1\bits\stl_algo.h ****     minmax(initializer_list<_Tp> __l, _Compare __comp)
3503:c:\program files\daisytoolchain\arm-none-eabi\include\c++\10.2.1\bits\stl_algo.h ****     {
3504:c:\program files\daisytoolchain\arm-none-eabi\include\c++\10.2.1\bits\stl_algo.h ****       pair<const _Tp*, const _Tp*> __p =
3505:c:\program files\daisytoolchain\arm-none-eabi\include\c++\10.2.1\bits\stl_algo.h **** 	std::minmax_element(__l.begin(), __l.end(), __comp);
3506:c:\program files\daisytoolchain\arm-none-eabi\include\c++\10.2.1\bits\stl_algo.h ****       return std::make_pair(*__p.first, *__p.second);
3507:c:\program files\daisytoolchain\arm-none-eabi\include\c++\10.2.1\bits\stl_algo.h ****     }
3508:c:\program files\daisytoolchain\arm-none-eabi\include\c++\10.2.1\bits\stl_algo.h **** 
3509:c:\program files\daisytoolchain\arm-none-eabi\include\c++\10.2.1\bits\stl_algo.h ****   /**
3510:c:\program files\daisytoolchain\arm-none-eabi\include\c++\10.2.1\bits\stl_algo.h ****    *  @brief  Checks whether a permutation of the second sequence is equal
3511:c:\program files\daisytoolchain\arm-none-eabi\include\c++\10.2.1\bits\stl_algo.h ****    *          to the first sequence.
3512:c:\program files\daisytoolchain\arm-none-eabi\include\c++\10.2.1\bits\stl_algo.h ****    *  @ingroup non_mutating_algorithms
3513:c:\program files\daisytoolchain\arm-none-eabi\include\c++\10.2.1\bits\stl_algo.h ****    *  @param  __first1  Start of first range.
3514:c:\program files\daisytoolchain\arm-none-eabi\include\c++\10.2.1\bits\stl_algo.h ****    *  @param  __last1   End of first range.
3515:c:\program files\daisytoolchain\arm-none-eabi\include\c++\10.2.1\bits\stl_algo.h ****    *  @param  __first2  Start of second range.
3516:c:\program files\daisytoolchain\arm-none-eabi\include\c++\10.2.1\bits\stl_algo.h ****    *  @param  __pred    A binary predicate.
3517:c:\program files\daisytoolchain\arm-none-eabi\include\c++\10.2.1\bits\stl_algo.h ****    *  @return true if there exists a permutation of the elements in
3518:c:\program files\daisytoolchain\arm-none-eabi\include\c++\10.2.1\bits\stl_algo.h ****    *          the range [__first2, __first2 + (__last1 - __first1)),
3519:c:\program files\daisytoolchain\arm-none-eabi\include\c++\10.2.1\bits\stl_algo.h ****    *          beginning with ForwardIterator2 begin, such that
3520:c:\program files\daisytoolchain\arm-none-eabi\include\c++\10.2.1\bits\stl_algo.h ****    *          equal(__first1, __last1, __begin, __pred) returns true;
3521:c:\program files\daisytoolchain\arm-none-eabi\include\c++\10.2.1\bits\stl_algo.h ****    *          otherwise, returns false.
3522:c:\program files\daisytoolchain\arm-none-eabi\include\c++\10.2.1\bits\stl_algo.h ****   */
3523:c:\program files\daisytoolchain\arm-none-eabi\include\c++\10.2.1\bits\stl_algo.h ****   template<typename _ForwardIterator1, typename _ForwardIterator2,
3524:c:\program files\daisytoolchain\arm-none-eabi\include\c++\10.2.1\bits\stl_algo.h **** 	   typename _BinaryPredicate>
3525:c:\program files\daisytoolchain\arm-none-eabi\include\c++\10.2.1\bits\stl_algo.h ****     _GLIBCXX20_CONSTEXPR
3526:c:\program files\daisytoolchain\arm-none-eabi\include\c++\10.2.1\bits\stl_algo.h ****     inline bool
3527:c:\program files\daisytoolchain\arm-none-eabi\include\c++\10.2.1\bits\stl_algo.h ****     is_permutation(_ForwardIterator1 __first1, _ForwardIterator1 __last1,
3528:c:\program files\daisytoolchain\arm-none-eabi\include\c++\10.2.1\bits\stl_algo.h **** 		   _ForwardIterator2 __first2, _BinaryPredicate __pred)
3529:c:\program files\daisytoolchain\arm-none-eabi\include\c++\10.2.1\bits\stl_algo.h ****     {
3530:c:\program files\daisytoolchain\arm-none-eabi\include\c++\10.2.1\bits\stl_algo.h ****       // concept requirements
3531:c:\program files\daisytoolchain\arm-none-eabi\include\c++\10.2.1\bits\stl_algo.h ****       __glibcxx_function_requires(_ForwardIteratorConcept<_ForwardIterator1>)
3532:c:\program files\daisytoolchain\arm-none-eabi\include\c++\10.2.1\bits\stl_algo.h ****       __glibcxx_function_requires(_ForwardIteratorConcept<_ForwardIterator2>)
3533:c:\program files\daisytoolchain\arm-none-eabi\include\c++\10.2.1\bits\stl_algo.h ****       __glibcxx_function_requires(_BinaryPredicateConcept<_BinaryPredicate,
3534:c:\program files\daisytoolchain\arm-none-eabi\include\c++\10.2.1\bits\stl_algo.h **** 	    typename iterator_traits<_ForwardIterator1>::value_type,
3535:c:\program files\daisytoolchain\arm-none-eabi\include\c++\10.2.1\bits\stl_algo.h **** 	    typename iterator_traits<_ForwardIterator2>::value_type>)
3536:c:\program files\daisytoolchain\arm-none-eabi\include\c++\10.2.1\bits\stl_algo.h ****       __glibcxx_requires_valid_range(__first1, __last1);
3537:c:\program files\daisytoolchain\arm-none-eabi\include\c++\10.2.1\bits\stl_algo.h **** 
3538:c:\program files\daisytoolchain\arm-none-eabi\include\c++\10.2.1\bits\stl_algo.h ****       return std::__is_permutation(__first1, __last1, __first2,
3539:c:\program files\daisytoolchain\arm-none-eabi\include\c++\10.2.1\bits\stl_algo.h **** 				   __gnu_cxx::__ops::__iter_comp_iter(__pred));
3540:c:\program files\daisytoolchain\arm-none-eabi\include\c++\10.2.1\bits\stl_algo.h ****     }
3541:c:\program files\daisytoolchain\arm-none-eabi\include\c++\10.2.1\bits\stl_algo.h **** 
3542:c:\program files\daisytoolchain\arm-none-eabi\include\c++\10.2.1\bits\stl_algo.h **** #if __cplusplus > 201103L
3543:c:\program files\daisytoolchain\arm-none-eabi\include\c++\10.2.1\bits\stl_algo.h ****   template<typename _ForwardIterator1, typename _ForwardIterator2,
3544:c:\program files\daisytoolchain\arm-none-eabi\include\c++\10.2.1\bits\stl_algo.h **** 	   typename _BinaryPredicate>
3545:c:\program files\daisytoolchain\arm-none-eabi\include\c++\10.2.1\bits\stl_algo.h ****     _GLIBCXX20_CONSTEXPR
3546:c:\program files\daisytoolchain\arm-none-eabi\include\c++\10.2.1\bits\stl_algo.h ****     bool
3547:c:\program files\daisytoolchain\arm-none-eabi\include\c++\10.2.1\bits\stl_algo.h ****     __is_permutation(_ForwardIterator1 __first1, _ForwardIterator1 __last1,
3548:c:\program files\daisytoolchain\arm-none-eabi\include\c++\10.2.1\bits\stl_algo.h **** 		     _ForwardIterator2 __first2, _ForwardIterator2 __last2,
3549:c:\program files\daisytoolchain\arm-none-eabi\include\c++\10.2.1\bits\stl_algo.h **** 		     _BinaryPredicate __pred)
3550:c:\program files\daisytoolchain\arm-none-eabi\include\c++\10.2.1\bits\stl_algo.h ****     {
3551:c:\program files\daisytoolchain\arm-none-eabi\include\c++\10.2.1\bits\stl_algo.h ****       using _Cat1
3552:c:\program files\daisytoolchain\arm-none-eabi\include\c++\10.2.1\bits\stl_algo.h **** 	= typename iterator_traits<_ForwardIterator1>::iterator_category;
ARM GAS  C:\Users\FINNDY~1\AppData\Local\Temp\ccFWr46h.s 			page 66


3553:c:\program files\daisytoolchain\arm-none-eabi\include\c++\10.2.1\bits\stl_algo.h ****       using _Cat2
3554:c:\program files\daisytoolchain\arm-none-eabi\include\c++\10.2.1\bits\stl_algo.h **** 	= typename iterator_traits<_ForwardIterator2>::iterator_category;
3555:c:\program files\daisytoolchain\arm-none-eabi\include\c++\10.2.1\bits\stl_algo.h ****       using _It1_is_RA = is_same<_Cat1, random_access_iterator_tag>;
3556:c:\program files\daisytoolchain\arm-none-eabi\include\c++\10.2.1\bits\stl_algo.h ****       using _It2_is_RA = is_same<_Cat2, random_access_iterator_tag>;
3557:c:\program files\daisytoolchain\arm-none-eabi\include\c++\10.2.1\bits\stl_algo.h ****       constexpr bool __ra_iters = _It1_is_RA() && _It2_is_RA();
3558:c:\program files\daisytoolchain\arm-none-eabi\include\c++\10.2.1\bits\stl_algo.h ****       if (__ra_iters)
3559:c:\program files\daisytoolchain\arm-none-eabi\include\c++\10.2.1\bits\stl_algo.h **** 	{
3560:c:\program files\daisytoolchain\arm-none-eabi\include\c++\10.2.1\bits\stl_algo.h **** 	  auto __d1 = std::distance(__first1, __last1);
3561:c:\program files\daisytoolchain\arm-none-eabi\include\c++\10.2.1\bits\stl_algo.h **** 	  auto __d2 = std::distance(__first2, __last2);
3562:c:\program files\daisytoolchain\arm-none-eabi\include\c++\10.2.1\bits\stl_algo.h **** 	  if (__d1 != __d2)
3563:c:\program files\daisytoolchain\arm-none-eabi\include\c++\10.2.1\bits\stl_algo.h **** 	    return false;
3564:c:\program files\daisytoolchain\arm-none-eabi\include\c++\10.2.1\bits\stl_algo.h **** 	}
3565:c:\program files\daisytoolchain\arm-none-eabi\include\c++\10.2.1\bits\stl_algo.h **** 
3566:c:\program files\daisytoolchain\arm-none-eabi\include\c++\10.2.1\bits\stl_algo.h ****       // Efficiently compare identical prefixes:  O(N) if sequences
3567:c:\program files\daisytoolchain\arm-none-eabi\include\c++\10.2.1\bits\stl_algo.h ****       // have the same elements in the same order.
3568:c:\program files\daisytoolchain\arm-none-eabi\include\c++\10.2.1\bits\stl_algo.h ****       for (; __first1 != __last1 && __first2 != __last2;
3569:c:\program files\daisytoolchain\arm-none-eabi\include\c++\10.2.1\bits\stl_algo.h **** 	  ++__first1, (void)++__first2)
3570:c:\program files\daisytoolchain\arm-none-eabi\include\c++\10.2.1\bits\stl_algo.h **** 	if (!__pred(__first1, __first2))
3571:c:\program files\daisytoolchain\arm-none-eabi\include\c++\10.2.1\bits\stl_algo.h **** 	  break;
3572:c:\program files\daisytoolchain\arm-none-eabi\include\c++\10.2.1\bits\stl_algo.h **** 
3573:c:\program files\daisytoolchain\arm-none-eabi\include\c++\10.2.1\bits\stl_algo.h ****       if (__ra_iters)
3574:c:\program files\daisytoolchain\arm-none-eabi\include\c++\10.2.1\bits\stl_algo.h **** 	{
3575:c:\program files\daisytoolchain\arm-none-eabi\include\c++\10.2.1\bits\stl_algo.h **** 	  if (__first1 == __last1)
3576:c:\program files\daisytoolchain\arm-none-eabi\include\c++\10.2.1\bits\stl_algo.h **** 	    return true;
3577:c:\program files\daisytoolchain\arm-none-eabi\include\c++\10.2.1\bits\stl_algo.h **** 	}
3578:c:\program files\daisytoolchain\arm-none-eabi\include\c++\10.2.1\bits\stl_algo.h ****       else
3579:c:\program files\daisytoolchain\arm-none-eabi\include\c++\10.2.1\bits\stl_algo.h **** 	{
3580:c:\program files\daisytoolchain\arm-none-eabi\include\c++\10.2.1\bits\stl_algo.h **** 	  auto __d1 = std::distance(__first1, __last1);
3581:c:\program files\daisytoolchain\arm-none-eabi\include\c++\10.2.1\bits\stl_algo.h **** 	  auto __d2 = std::distance(__first2, __last2);
3582:c:\program files\daisytoolchain\arm-none-eabi\include\c++\10.2.1\bits\stl_algo.h **** 	  if (__d1 == 0 && __d2 == 0)
3583:c:\program files\daisytoolchain\arm-none-eabi\include\c++\10.2.1\bits\stl_algo.h **** 	    return true;
3584:c:\program files\daisytoolchain\arm-none-eabi\include\c++\10.2.1\bits\stl_algo.h **** 	  if (__d1 != __d2)
3585:c:\program files\daisytoolchain\arm-none-eabi\include\c++\10.2.1\bits\stl_algo.h **** 	    return false;
3586:c:\program files\daisytoolchain\arm-none-eabi\include\c++\10.2.1\bits\stl_algo.h **** 	}
3587:c:\program files\daisytoolchain\arm-none-eabi\include\c++\10.2.1\bits\stl_algo.h **** 
3588:c:\program files\daisytoolchain\arm-none-eabi\include\c++\10.2.1\bits\stl_algo.h ****       for (_ForwardIterator1 __scan = __first1; __scan != __last1; ++__scan)
3589:c:\program files\daisytoolchain\arm-none-eabi\include\c++\10.2.1\bits\stl_algo.h **** 	{
3590:c:\program files\daisytoolchain\arm-none-eabi\include\c++\10.2.1\bits\stl_algo.h **** 	  if (__scan != std::__find_if(__first1, __scan,
3591:c:\program files\daisytoolchain\arm-none-eabi\include\c++\10.2.1\bits\stl_algo.h **** 			__gnu_cxx::__ops::__iter_comp_iter(__pred, __scan)))
3592:c:\program files\daisytoolchain\arm-none-eabi\include\c++\10.2.1\bits\stl_algo.h **** 	    continue; // We've seen this one before.
3593:c:\program files\daisytoolchain\arm-none-eabi\include\c++\10.2.1\bits\stl_algo.h **** 
3594:c:\program files\daisytoolchain\arm-none-eabi\include\c++\10.2.1\bits\stl_algo.h **** 	  auto __matches = std::__count_if(__first2, __last2,
3595:c:\program files\daisytoolchain\arm-none-eabi\include\c++\10.2.1\bits\stl_algo.h **** 		__gnu_cxx::__ops::__iter_comp_iter(__pred, __scan));
3596:c:\program files\daisytoolchain\arm-none-eabi\include\c++\10.2.1\bits\stl_algo.h **** 	  if (0 == __matches
3597:c:\program files\daisytoolchain\arm-none-eabi\include\c++\10.2.1\bits\stl_algo.h **** 	      || std::__count_if(__scan, __last1,
3598:c:\program files\daisytoolchain\arm-none-eabi\include\c++\10.2.1\bits\stl_algo.h **** 			__gnu_cxx::__ops::__iter_comp_iter(__pred, __scan))
3599:c:\program files\daisytoolchain\arm-none-eabi\include\c++\10.2.1\bits\stl_algo.h **** 	      != __matches)
3600:c:\program files\daisytoolchain\arm-none-eabi\include\c++\10.2.1\bits\stl_algo.h **** 	    return false;
3601:c:\program files\daisytoolchain\arm-none-eabi\include\c++\10.2.1\bits\stl_algo.h **** 	}
3602:c:\program files\daisytoolchain\arm-none-eabi\include\c++\10.2.1\bits\stl_algo.h ****       return true;
3603:c:\program files\daisytoolchain\arm-none-eabi\include\c++\10.2.1\bits\stl_algo.h ****     }
3604:c:\program files\daisytoolchain\arm-none-eabi\include\c++\10.2.1\bits\stl_algo.h **** 
3605:c:\program files\daisytoolchain\arm-none-eabi\include\c++\10.2.1\bits\stl_algo.h ****   /**
3606:c:\program files\daisytoolchain\arm-none-eabi\include\c++\10.2.1\bits\stl_algo.h ****    *  @brief  Checks whether a permutaion of the second sequence is equal
3607:c:\program files\daisytoolchain\arm-none-eabi\include\c++\10.2.1\bits\stl_algo.h ****    *          to the first sequence.
3608:c:\program files\daisytoolchain\arm-none-eabi\include\c++\10.2.1\bits\stl_algo.h ****    *  @ingroup non_mutating_algorithms
3609:c:\program files\daisytoolchain\arm-none-eabi\include\c++\10.2.1\bits\stl_algo.h ****    *  @param  __first1  Start of first range.
ARM GAS  C:\Users\FINNDY~1\AppData\Local\Temp\ccFWr46h.s 			page 67


3610:c:\program files\daisytoolchain\arm-none-eabi\include\c++\10.2.1\bits\stl_algo.h ****    *  @param  __last1   End of first range.
3611:c:\program files\daisytoolchain\arm-none-eabi\include\c++\10.2.1\bits\stl_algo.h ****    *  @param  __first2  Start of second range.
3612:c:\program files\daisytoolchain\arm-none-eabi\include\c++\10.2.1\bits\stl_algo.h ****    *  @param  __last2   End of first range.
3613:c:\program files\daisytoolchain\arm-none-eabi\include\c++\10.2.1\bits\stl_algo.h ****    *  @return true if there exists a permutation of the elements in the range
3614:c:\program files\daisytoolchain\arm-none-eabi\include\c++\10.2.1\bits\stl_algo.h ****    *          [__first2, __last2), beginning with ForwardIterator2 begin,
3615:c:\program files\daisytoolchain\arm-none-eabi\include\c++\10.2.1\bits\stl_algo.h ****    *          such that equal(__first1, __last1, begin) returns true;
3616:c:\program files\daisytoolchain\arm-none-eabi\include\c++\10.2.1\bits\stl_algo.h ****    *          otherwise, returns false.
3617:c:\program files\daisytoolchain\arm-none-eabi\include\c++\10.2.1\bits\stl_algo.h ****   */
3618:c:\program files\daisytoolchain\arm-none-eabi\include\c++\10.2.1\bits\stl_algo.h ****   template<typename _ForwardIterator1, typename _ForwardIterator2>
3619:c:\program files\daisytoolchain\arm-none-eabi\include\c++\10.2.1\bits\stl_algo.h ****     _GLIBCXX20_CONSTEXPR
3620:c:\program files\daisytoolchain\arm-none-eabi\include\c++\10.2.1\bits\stl_algo.h ****     inline bool
3621:c:\program files\daisytoolchain\arm-none-eabi\include\c++\10.2.1\bits\stl_algo.h ****     is_permutation(_ForwardIterator1 __first1, _ForwardIterator1 __last1,
3622:c:\program files\daisytoolchain\arm-none-eabi\include\c++\10.2.1\bits\stl_algo.h **** 		   _ForwardIterator2 __first2, _ForwardIterator2 __last2)
3623:c:\program files\daisytoolchain\arm-none-eabi\include\c++\10.2.1\bits\stl_algo.h ****     {
3624:c:\program files\daisytoolchain\arm-none-eabi\include\c++\10.2.1\bits\stl_algo.h ****       __glibcxx_requires_valid_range(__first1, __last1);
3625:c:\program files\daisytoolchain\arm-none-eabi\include\c++\10.2.1\bits\stl_algo.h ****       __glibcxx_requires_valid_range(__first2, __last2);
3626:c:\program files\daisytoolchain\arm-none-eabi\include\c++\10.2.1\bits\stl_algo.h **** 
3627:c:\program files\daisytoolchain\arm-none-eabi\include\c++\10.2.1\bits\stl_algo.h ****       return
3628:c:\program files\daisytoolchain\arm-none-eabi\include\c++\10.2.1\bits\stl_algo.h **** 	std::__is_permutation(__first1, __last1, __first2, __last2,
3629:c:\program files\daisytoolchain\arm-none-eabi\include\c++\10.2.1\bits\stl_algo.h **** 			      __gnu_cxx::__ops::__iter_equal_to_iter());
3630:c:\program files\daisytoolchain\arm-none-eabi\include\c++\10.2.1\bits\stl_algo.h ****     }
3631:c:\program files\daisytoolchain\arm-none-eabi\include\c++\10.2.1\bits\stl_algo.h **** 
3632:c:\program files\daisytoolchain\arm-none-eabi\include\c++\10.2.1\bits\stl_algo.h ****   /**
3633:c:\program files\daisytoolchain\arm-none-eabi\include\c++\10.2.1\bits\stl_algo.h ****    *  @brief  Checks whether a permutation of the second sequence is equal
3634:c:\program files\daisytoolchain\arm-none-eabi\include\c++\10.2.1\bits\stl_algo.h ****    *          to the first sequence.
3635:c:\program files\daisytoolchain\arm-none-eabi\include\c++\10.2.1\bits\stl_algo.h ****    *  @ingroup non_mutating_algorithms
3636:c:\program files\daisytoolchain\arm-none-eabi\include\c++\10.2.1\bits\stl_algo.h ****    *  @param  __first1  Start of first range.
3637:c:\program files\daisytoolchain\arm-none-eabi\include\c++\10.2.1\bits\stl_algo.h ****    *  @param  __last1   End of first range.
3638:c:\program files\daisytoolchain\arm-none-eabi\include\c++\10.2.1\bits\stl_algo.h ****    *  @param  __first2  Start of second range.
3639:c:\program files\daisytoolchain\arm-none-eabi\include\c++\10.2.1\bits\stl_algo.h ****    *  @param  __last2   End of first range.
3640:c:\program files\daisytoolchain\arm-none-eabi\include\c++\10.2.1\bits\stl_algo.h ****    *  @param  __pred    A binary predicate.
3641:c:\program files\daisytoolchain\arm-none-eabi\include\c++\10.2.1\bits\stl_algo.h ****    *  @return true if there exists a permutation of the elements in the range
3642:c:\program files\daisytoolchain\arm-none-eabi\include\c++\10.2.1\bits\stl_algo.h ****    *          [__first2, __last2), beginning with ForwardIterator2 begin,
3643:c:\program files\daisytoolchain\arm-none-eabi\include\c++\10.2.1\bits\stl_algo.h ****    *          such that equal(__first1, __last1, __begin, __pred) returns true;
3644:c:\program files\daisytoolchain\arm-none-eabi\include\c++\10.2.1\bits\stl_algo.h ****    *          otherwise, returns false.
3645:c:\program files\daisytoolchain\arm-none-eabi\include\c++\10.2.1\bits\stl_algo.h ****   */
3646:c:\program files\daisytoolchain\arm-none-eabi\include\c++\10.2.1\bits\stl_algo.h ****   template<typename _ForwardIterator1, typename _ForwardIterator2,
3647:c:\program files\daisytoolchain\arm-none-eabi\include\c++\10.2.1\bits\stl_algo.h **** 	   typename _BinaryPredicate>
3648:c:\program files\daisytoolchain\arm-none-eabi\include\c++\10.2.1\bits\stl_algo.h ****     _GLIBCXX20_CONSTEXPR
3649:c:\program files\daisytoolchain\arm-none-eabi\include\c++\10.2.1\bits\stl_algo.h ****     inline bool
3650:c:\program files\daisytoolchain\arm-none-eabi\include\c++\10.2.1\bits\stl_algo.h ****     is_permutation(_ForwardIterator1 __first1, _ForwardIterator1 __last1,
3651:c:\program files\daisytoolchain\arm-none-eabi\include\c++\10.2.1\bits\stl_algo.h **** 		   _ForwardIterator2 __first2, _ForwardIterator2 __last2,
3652:c:\program files\daisytoolchain\arm-none-eabi\include\c++\10.2.1\bits\stl_algo.h **** 		   _BinaryPredicate __pred)
3653:c:\program files\daisytoolchain\arm-none-eabi\include\c++\10.2.1\bits\stl_algo.h ****     {
3654:c:\program files\daisytoolchain\arm-none-eabi\include\c++\10.2.1\bits\stl_algo.h ****       __glibcxx_requires_valid_range(__first1, __last1);
3655:c:\program files\daisytoolchain\arm-none-eabi\include\c++\10.2.1\bits\stl_algo.h ****       __glibcxx_requires_valid_range(__first2, __last2);
3656:c:\program files\daisytoolchain\arm-none-eabi\include\c++\10.2.1\bits\stl_algo.h **** 
3657:c:\program files\daisytoolchain\arm-none-eabi\include\c++\10.2.1\bits\stl_algo.h ****       return std::__is_permutation(__first1, __last1, __first2, __last2,
3658:c:\program files\daisytoolchain\arm-none-eabi\include\c++\10.2.1\bits\stl_algo.h **** 				   __gnu_cxx::__ops::__iter_comp_iter(__pred));
3659:c:\program files\daisytoolchain\arm-none-eabi\include\c++\10.2.1\bits\stl_algo.h ****     }
3660:c:\program files\daisytoolchain\arm-none-eabi\include\c++\10.2.1\bits\stl_algo.h **** 
3661:c:\program files\daisytoolchain\arm-none-eabi\include\c++\10.2.1\bits\stl_algo.h **** #if __cplusplus > 201402L
3662:c:\program files\daisytoolchain\arm-none-eabi\include\c++\10.2.1\bits\stl_algo.h **** 
3663:c:\program files\daisytoolchain\arm-none-eabi\include\c++\10.2.1\bits\stl_algo.h **** #define __cpp_lib_clamp 201603
3664:c:\program files\daisytoolchain\arm-none-eabi\include\c++\10.2.1\bits\stl_algo.h **** 
3665:c:\program files\daisytoolchain\arm-none-eabi\include\c++\10.2.1\bits\stl_algo.h ****   /**
3666:c:\program files\daisytoolchain\arm-none-eabi\include\c++\10.2.1\bits\stl_algo.h ****    *  @brief  Returns the value clamped between lo and hi.
ARM GAS  C:\Users\FINNDY~1\AppData\Local\Temp\ccFWr46h.s 			page 68


3667:c:\program files\daisytoolchain\arm-none-eabi\include\c++\10.2.1\bits\stl_algo.h ****    *  @ingroup sorting_algorithms
3668:c:\program files\daisytoolchain\arm-none-eabi\include\c++\10.2.1\bits\stl_algo.h ****    *  @param  __val  A value of arbitrary type.
3669:c:\program files\daisytoolchain\arm-none-eabi\include\c++\10.2.1\bits\stl_algo.h ****    *  @param  __lo   A lower limit of arbitrary type.
3670:c:\program files\daisytoolchain\arm-none-eabi\include\c++\10.2.1\bits\stl_algo.h ****    *  @param  __hi   An upper limit of arbitrary type.
3671:c:\program files\daisytoolchain\arm-none-eabi\include\c++\10.2.1\bits\stl_algo.h ****    *  @return max(__val, __lo) if __val < __hi or min(__val, __hi) otherwise.
3672:c:\program files\daisytoolchain\arm-none-eabi\include\c++\10.2.1\bits\stl_algo.h ****    */
3673:c:\program files\daisytoolchain\arm-none-eabi\include\c++\10.2.1\bits\stl_algo.h ****   template<typename _Tp>
3674:c:\program files\daisytoolchain\arm-none-eabi\include\c++\10.2.1\bits\stl_algo.h ****     constexpr const _Tp&
3675:c:\program files\daisytoolchain\arm-none-eabi\include\c++\10.2.1\bits\stl_algo.h ****     clamp(const _Tp& __val, const _Tp& __lo, const _Tp& __hi)
  74              		.loc 3 3675 5 is_stmt 1 view .LVU7
  75              	.LBB255:
3676:c:\program files\daisytoolchain\arm-none-eabi\include\c++\10.2.1\bits\stl_algo.h ****     {
3677:c:\program files\daisytoolchain\arm-none-eabi\include\c++\10.2.1\bits\stl_algo.h ****       __glibcxx_assert(!(__hi < __lo));
3678:c:\program files\daisytoolchain\arm-none-eabi\include\c++\10.2.1\bits\stl_algo.h ****       return (__val < __lo) ? __lo : (__hi < __val) ? __hi : __val;
  76              		.loc 3 3678 29 is_stmt 0 view .LVU8
  77 000a D318     		adds	r3, r2, r3
  78 000c 15D4     		bmi	.L6
  79              	.LBE255:
  80              	.LBE254:
  81              		.loc 2 14 78 view .LVU9
  82 000e 421E     		subs	r2, r0, #1
  83              	.LVL3:
  84              		.loc 2 14 78 view .LVU10
  85 0010 9A42     		cmp	r2, r3
  86 0012 A8BF     		it	ge
  87 0014 1A46     		movge	r2, r3
  88              	.L4:
  89              	.LVL4:
  90              		.loc 2 14 20 view .LVU11
  91 0016 E260     		str	r2, [r4, #12]
  15:gui.cpp       **** 
  16:gui.cpp       ****     if (encoderPress) {
  92              		.loc 2 16 5 is_stmt 1 view .LVU12
  93              	.LBB257:
  94 0018 71B1     		cbz	r1, .L3
  95              	.LBB258:
  17:gui.cpp       ****         elements[currentElement]->OnSelect(currentWindow);
  96              		.loc 2 17 9 view .LVU13
  97              		.loc 2 17 43 is_stmt 0 view .LVU14
  98 001a 2369     		ldr	r3, [r4, #16]
  99 001c 2946     		mov	r1, r5
 100              	.LVL5:
 101              		.loc 2 17 43 view .LVU15
 102 001e 53F82200 		ldr	r0, [r3, r2, lsl #2]
 103              		.loc 2 17 57 view .LVU16
 104 0022 0368     		ldr	r3, [r0]
 105              		.loc 2 17 43 view .LVU17
 106 0024 1B68     		ldr	r3, [r3]
 107 0026 9847     		blx	r3
 108              	.LVL6:
  18:gui.cpp       **** 
  19:gui.cpp       ****         Window* next = elements[currentElement]->subWindow; // maybe change to have window scroll e
 109              		.loc 2 19 9 is_stmt 1 view .LVU18
  20:gui.cpp       ****         next->previous = *currentWindow;
 110              		.loc 2 20 26 is_stmt 0 view .LVU19
 111 0028 2A68     		ldr	r2, [r5]
  19:gui.cpp       ****         next->previous = *currentWindow;
ARM GAS  C:\Users\FINNDY~1\AppData\Local\Temp\ccFWr46h.s 			page 69


 112              		.loc 2 19 47 view .LVU20
 113 002a D4E90313 		ldrd	r1, r3, [r4, #12]
  19:gui.cpp       ****         next->previous = *currentWindow;
 114              		.loc 2 19 17 view .LVU21
 115 002e 53F82130 		ldr	r3, [r3, r1, lsl #2]
 116 0032 5B68     		ldr	r3, [r3, #4]
 117              	.LVL7:
 118              		.loc 2 20 9 is_stmt 1 view .LVU22
 119              		.loc 2 20 24 is_stmt 0 view .LVU23
 120 0034 5A60     		str	r2, [r3, #4]
  21:gui.cpp       ****         *currentWindow = next;
 121              		.loc 2 21 9 is_stmt 1 view .LVU24
 122              		.loc 2 21 24 is_stmt 0 view .LVU25
 123 0036 2B60     		str	r3, [r5]
 124              	.LVL8:
 125              	.L3:
 126              		.loc 2 21 24 view .LVU26
 127              	.LBE258:
 128              	.LBE257:
  22:gui.cpp       ****     }
  23:gui.cpp       **** 
  24:gui.cpp       **** }
 129              		.loc 2 24 1 view .LVU27
 130 0038 38BD     		pop	{r3, r4, r5, pc}
 131              	.LVL9:
 132              	.L6:
 133              	.LBB259:
 134              	.LBB256:
 135              		.loc 3 3678 29 view .LVU28
 136 003a 0022     		movs	r2, #0
 137              	.LVL10:
 138              		.loc 3 3678 29 view .LVU29
 139 003c EBE7     		b	.L4
 140              	.LBE256:
 141              	.LBE259:
 142              		.cfi_endproc
 143              	.LFE6822:
 145 003e 00BF     		.section	.text._ZN26ToggleControlScrollElement8OnSelectEPP6Window,"ax",%progbits
 146              		.align	1
 147              		.p2align 2,,3
 148              		.global	_ZN26ToggleControlScrollElement8OnSelectEPP6Window
 149              		.syntax unified
 150              		.thumb
 151              		.thumb_func
 152              		.fpu fpv5-d16
 154              	_ZN26ToggleControlScrollElement8OnSelectEPP6Window:
 155              	.LVL11:
 156              	.LFB6830:
  25:gui.cpp       **** 
  26:gui.cpp       **** 
  27:gui.cpp       **** #define ELEMENTS_PER_WINDOW 5
  28:gui.cpp       **** void ScrollWindow::draw(Display* d) {
  29:gui.cpp       ****     
  30:gui.cpp       ****     d->DrawLine(1, 2, 1, 11, true); // left side line to show selection
  31:gui.cpp       **** 
  32:gui.cpp       ****     for (int i = currentElement; i < currentElement + ELEMENTS_PER_WINDOW && i < numElements; i++) 
  33:gui.cpp       ****         int y = (i - currentElement) * 13; // top left of outside box
ARM GAS  C:\Users\FINNDY~1\AppData\Local\Temp\ccFWr46h.s 			page 70


  34:gui.cpp       **** 
  35:gui.cpp       ****         // way too many arcs - maybe make it just a rectangle
  36:gui.cpp       ****         d->DrawArc(3+7, y+6, 7, 180, 90, true); // tl quarter
  37:gui.cpp       ****         d->DrawArc(3+7, y+7, 7, 90, 90, true); // bl quarter
  38:gui.cpp       ****         d->DrawArc(d->Width() - (3+7), y+6, 7, 270, 90, true); // tr quarter
  39:gui.cpp       ****         d->DrawArc(d->Width() - (3+7), y+7, 7, 0, 90, true); // br quarter
  40:gui.cpp       **** 
  41:gui.cpp       ****         d->DrawLine(3+7, y, d->Width() - (3+7), y, true);
  42:gui.cpp       **** 
  43:gui.cpp       ****         d->SetCursor(3+8, y + 2);
  44:gui.cpp       ****         d->WriteString(elements[i]->name, Font_7x10, true);
  45:gui.cpp       **** 
  46:gui.cpp       ****         if (i == numElements - 1 && y + 13 < 64) {
  47:gui.cpp       ****             d->DrawLine(3+7, y + 13, d->Width() - (3+7), y + 13, true);
  48:gui.cpp       ****         }
  49:gui.cpp       **** 
  50:gui.cpp       ****     }
  51:gui.cpp       **** 
  52:gui.cpp       **** 
  53:gui.cpp       **** }
  54:gui.cpp       **** 
  55:gui.cpp       **** EffectParameter<float>* selectedFloatParam;
  56:gui.cpp       **** ScrollElement* varControlOptions[NUM_VARIABLE_CONTROLS]; 
  57:gui.cpp       **** ScrollWindow variableControlsWindow = ScrollWindow(NUM_VARIABLE_CONTROLS, varControlOptions);
  58:gui.cpp       **** 
  59:gui.cpp       **** template<> void ParameterWindow<float>::update(bool encoderPress, int encoderMove, Window **current
  60:gui.cpp       **** 
  61:gui.cpp       ****     if (encoderPress) {
  62:gui.cpp       ****         selectedFloatParam = parameter;
  63:gui.cpp       **** 
  64:gui.cpp       ****         variableControlsWindow.previous = *currentWindow;
  65:gui.cpp       ****         *currentWindow = &variableControlsWindow;
  66:gui.cpp       ****         
  67:gui.cpp       ****         return;
  68:gui.cpp       ****     }
  69:gui.cpp       **** 
  70:gui.cpp       ****     parameter->value = std::clamp(parameter->value + encoderMove * 0.01f, 0.f, 1.f);
  71:gui.cpp       **** }
  72:gui.cpp       **** 
  73:gui.cpp       **** EffectParameter<bool>* selectedBoolParam;
  74:gui.cpp       **** ScrollElement* toggleControlOptions[NUM_TOGGLE_CONTROLS];
  75:gui.cpp       **** ScrollWindow toggleControlsWindow = ScrollWindow(NUM_TOGGLE_CONTROLS, toggleControlOptions);
  76:gui.cpp       **** 
  77:gui.cpp       **** template<> void ParameterWindow<bool>::update(bool encoderPress, int encoderMove, Window **currentW
  78:gui.cpp       **** 
  79:gui.cpp       ****     if (encoderPress) {
  80:gui.cpp       ****         selectedBoolParam = parameter;
  81:gui.cpp       **** 
  82:gui.cpp       ****         toggleControlsWindow.previous = *currentWindow;
  83:gui.cpp       ****         *currentWindow = &toggleControlsWindow;
  84:gui.cpp       **** 
  85:gui.cpp       ****         return;
  86:gui.cpp       ****     }
  87:gui.cpp       **** 
  88:gui.cpp       ****     if (encoderMove < 0)
  89:gui.cpp       ****         parameter->value = false;
  90:gui.cpp       ****     else if (encoderMove > 0)
ARM GAS  C:\Users\FINNDY~1\AppData\Local\Temp\ccFWr46h.s 			page 71


  91:gui.cpp       ****         parameter->value = true;
  92:gui.cpp       **** }
  93:gui.cpp       **** 
  94:gui.cpp       **** char drawPctBuf[5];
  95:gui.cpp       **** 
  96:gui.cpp       **** template<> void ParameterWindow<float>::draw(Display* d) {
  97:gui.cpp       **** 
  98:gui.cpp       ****     d->WriteStringAligned(parameter->name, Font_7x10, Rectangle(2, 2, 124, 20), Alignment::centered
  99:gui.cpp       ****     d->DrawLine(0, 20, 127, 20, true);
 100:gui.cpp       ****     
 101:gui.cpp       ****     snprintf(drawPctBuf, 5, "%d%%", (int)(parameter->value * 100));
 102:gui.cpp       **** 
 103:gui.cpp       ****     d->WriteStringAligned(drawPctBuf, Font_16x26, Rectangle(0, 21, 127, 42), Alignment::centered, t
 104:gui.cpp       **** 
 105:gui.cpp       **** }
 106:gui.cpp       **** 
 107:gui.cpp       **** template<> void ParameterWindow<bool>::draw(Display* d) {
 108:gui.cpp       ****     
 109:gui.cpp       ****     d->WriteStringAligned(parameter->name, Font_7x10, Rectangle(2, 2, 124, 20), Alignment::centered
 110:gui.cpp       ****     d->DrawLine(0, 20, 127, 20, true);
 111:gui.cpp       **** 
 112:gui.cpp       ****     d->WriteStringAligned(parameter->value ? "ON" : "OFF", Font_16x26, Rectangle(0, 21, 127, 42), A
 113:gui.cpp       **** 
 114:gui.cpp       **** }
 115:gui.cpp       **** 
 116:gui.cpp       **** ParameterWindow<float> floatParamWindow;
 117:gui.cpp       **** 
 118:gui.cpp       **** template<> void ParameterScrollElement<float>::OnSelect(Window** currentWindow) {
 119:gui.cpp       ****     subWindow = &floatParamWindow;
 120:gui.cpp       ****     floatParamWindow.parameter = parameter;
 121:gui.cpp       **** }
 122:gui.cpp       **** 
 123:gui.cpp       **** ParameterWindow<bool> boolParamWindow;
 124:gui.cpp       **** 
 125:gui.cpp       **** template<> void ParameterScrollElement<bool>::OnSelect(Window** currentWindow) {
 126:gui.cpp       ****     subWindow = &boolParamWindow;
 127:gui.cpp       ****     boolParamWindow.parameter = parameter;
 128:gui.cpp       **** }
 129:gui.cpp       **** 
 130:gui.cpp       **** void ToggleControlScrollElement::OnSelect(Window** currentWindow) {
 157              		.loc 2 130 67 is_stmt 1 view -0
 158              		.cfi_startproc
 159              		@ args = 0, pretend = 0, frame = 0
 160              		@ frame_needed = 0, uses_anonymous_args = 0
 161              		@ link register save eliminated.
 131:gui.cpp       ****     static_cast<ToggleControl*>(selectedBoolParam->control)->parameter = nullptr;
 162              		.loc 2 131 5 view .LVU31
 163 0000 064B     		ldr	r3, .L13
 132:gui.cpp       ****     control->parameter = selectedBoolParam;
 164              		.loc 2 132 5 is_stmt 0 view .LVU32
 165 0002 C268     		ldr	r2, [r0, #12]
 131:gui.cpp       ****     static_cast<ToggleControl*>(selectedBoolParam->control)->parameter = nullptr;
 166              		.loc 2 131 5 view .LVU33
 167 0004 1B68     		ldr	r3, [r3]
 133:gui.cpp       ****     selectedBoolParam->control = control;
 134:gui.cpp       **** 
 135:gui.cpp       ****     *currentWindow = &mainWindow;
ARM GAS  C:\Users\FINNDY~1\AppData\Local\Temp\ccFWr46h.s 			page 72


 168              		.loc 2 135 20 view .LVU34
 169 0006 0648     		ldr	r0, .L13+4
 170              	.LVL12:
 130:gui.cpp       ****     static_cast<ToggleControl*>(selectedBoolParam->control)->parameter = nullptr;
 171              		.loc 2 130 67 view .LVU35
 172 0008 30B4     		push	{r4, r5}
 173              		.cfi_def_cfa_offset 8
 174              		.cfi_offset 4, -8
 175              		.cfi_offset 5, -4
 131:gui.cpp       ****     control->parameter = selectedBoolParam;
 176              		.loc 2 131 72 view .LVU36
 177 000a 9D68     		ldr	r5, [r3, #8]
 178 000c 0024     		movs	r4, #0
 179 000e 6C61     		str	r4, [r5, #20]
 132:gui.cpp       ****     selectedBoolParam->control = control;
 180              		.loc 2 132 5 is_stmt 1 view .LVU37
 132:gui.cpp       ****     selectedBoolParam->control = control;
 181              		.loc 2 132 24 is_stmt 0 view .LVU38
 182 0010 5361     		str	r3, [r2, #20]
 133:gui.cpp       **** 
 183              		.loc 2 133 5 is_stmt 1 view .LVU39
 133:gui.cpp       **** 
 184              		.loc 2 133 32 is_stmt 0 view .LVU40
 185 0012 9A60     		str	r2, [r3, #8]
 186              		.loc 2 135 5 is_stmt 1 view .LVU41
 187              		.loc 2 135 20 is_stmt 0 view .LVU42
 188 0014 0860     		str	r0, [r1]
 136:gui.cpp       **** }
 189              		.loc 2 136 1 view .LVU43
 190 0016 30BC     		pop	{r4, r5}
 191              		.cfi_restore 5
 192              		.cfi_restore 4
 193              		.cfi_def_cfa_offset 0
 194 0018 7047     		bx	lr
 195              	.L14:
 196 001a 00BF     		.align	2
 197              	.L13:
 198 001c 00000000 		.word	.LANCHOR0
 199 0020 00000000 		.word	.LANCHOR1
 200              		.cfi_endproc
 201              	.LFE6830:
 203              		.section	.text._ZN28VariableControlScrollElement8OnSelectEPP6Window,"ax",%progbits
 204              		.align	1
 205              		.p2align 2,,3
 206              		.global	_ZN28VariableControlScrollElement8OnSelectEPP6Window
 207              		.syntax unified
 208              		.thumb
 209              		.thumb_func
 210              		.fpu fpv5-d16
 212              	_ZN28VariableControlScrollElement8OnSelectEPP6Window:
 213              	.LVL13:
 214              	.LFB6831:
 137:gui.cpp       **** 
 138:gui.cpp       **** void VariableControlScrollElement::OnSelect(Window** currentWindow) {
 215              		.loc 2 138 69 is_stmt 1 view -0
 216              		.cfi_startproc
 217              		@ args = 0, pretend = 0, frame = 0
ARM GAS  C:\Users\FINNDY~1\AppData\Local\Temp\ccFWr46h.s 			page 73


 218              		@ frame_needed = 0, uses_anonymous_args = 0
 219              		@ link register save eliminated.
 139:gui.cpp       ****     static_cast<VariableControl*>(selectedFloatParam->control)->parameter = nullptr; // have to set
 220              		.loc 2 139 5 view .LVU45
 221 0000 064B     		ldr	r3, .L17
 140:gui.cpp       ****     control->parameter = selectedFloatParam; 
 222              		.loc 2 140 5 is_stmt 0 view .LVU46
 223 0002 C268     		ldr	r2, [r0, #12]
 139:gui.cpp       ****     static_cast<VariableControl*>(selectedFloatParam->control)->parameter = nullptr; // have to set
 224              		.loc 2 139 5 view .LVU47
 225 0004 1B68     		ldr	r3, [r3]
 141:gui.cpp       ****     selectedFloatParam->control = control;
 142:gui.cpp       **** 
 143:gui.cpp       ****     *currentWindow = &mainWindow;
 226              		.loc 2 143 20 view .LVU48
 227 0006 0648     		ldr	r0, .L17+4
 228              	.LVL14:
 138:gui.cpp       ****     static_cast<VariableControl*>(selectedFloatParam->control)->parameter = nullptr; // have to set
 229              		.loc 2 138 69 view .LVU49
 230 0008 30B4     		push	{r4, r5}
 231              		.cfi_def_cfa_offset 8
 232              		.cfi_offset 4, -8
 233              		.cfi_offset 5, -4
 139:gui.cpp       ****     control->parameter = selectedFloatParam; 
 234              		.loc 2 139 75 view .LVU50
 235 000a 9D68     		ldr	r5, [r3, #8]
 236 000c 0024     		movs	r4, #0
 237 000e EC60     		str	r4, [r5, #12]
 140:gui.cpp       ****     selectedFloatParam->control = control;
 238              		.loc 2 140 5 is_stmt 1 view .LVU51
 140:gui.cpp       ****     selectedFloatParam->control = control;
 239              		.loc 2 140 24 is_stmt 0 view .LVU52
 240 0010 D360     		str	r3, [r2, #12]
 141:gui.cpp       **** 
 241              		.loc 2 141 5 is_stmt 1 view .LVU53
 141:gui.cpp       **** 
 242              		.loc 2 141 33 is_stmt 0 view .LVU54
 243 0012 9A60     		str	r2, [r3, #8]
 244              		.loc 2 143 5 is_stmt 1 view .LVU55
 245              		.loc 2 143 20 is_stmt 0 view .LVU56
 246 0014 0860     		str	r0, [r1]
 144:gui.cpp       **** }
 247              		.loc 2 144 1 view .LVU57
 248 0016 30BC     		pop	{r4, r5}
 249              		.cfi_restore 5
 250              		.cfi_restore 4
 251              		.cfi_def_cfa_offset 0
 252 0018 7047     		bx	lr
 253              	.L18:
 254 001a 00BF     		.align	2
 255              	.L17:
 256 001c 00000000 		.word	.LANCHOR2
 257 0020 00000000 		.word	.LANCHOR1
 258              		.cfi_endproc
 259              	.LFE6831:
 261              		.section	.text._ZNK5daisy11OledDisplayINS_13SSD130xDriverILj128ELj64ENS_19SSD130xI2CTransportEEEE5
 262              		.align	1
ARM GAS  C:\Users\FINNDY~1\AppData\Local\Temp\ccFWr46h.s 			page 74


 263              		.p2align 2,,3
 264              		.weak	_ZNK5daisy11OledDisplayINS_13SSD130xDriverILj128ELj64ENS_19SSD130xI2CTransportEEEE5WidthEv
 265              		.syntax unified
 266              		.thumb
 267              		.thumb_func
 268              		.fpu fpv5-d16
 270              	_ZNK5daisy11OledDisplayINS_13SSD130xDriverILj128ELj64ENS_19SSD130xI2CTransportEEEE5WidthEv:
 271              	.LVL15:
 272              	.LFB7218:
 273              		.file 4 "../../libDaisy/src/hid/disp/oled_display.h"
   1:../../libDaisy/src/hid/disp/oled_display.h **** #pragma once
   2:../../libDaisy/src/hid/disp/oled_display.h **** #ifndef DSY_OLED_DISPLAY_H
   3:../../libDaisy/src/hid/disp/oled_display.h **** #define DSY_OLED_DISPLAY_H /**< Macro */
   4:../../libDaisy/src/hid/disp/oled_display.h **** 
   5:../../libDaisy/src/hid/disp/oled_display.h **** #include "display.h"
   6:../../libDaisy/src/hid/disp/oled_display.h **** 
   7:../../libDaisy/src/hid/disp/oled_display.h **** namespace daisy
   8:../../libDaisy/src/hid/disp/oled_display.h **** {
   9:../../libDaisy/src/hid/disp/oled_display.h **** /** 
  10:../../libDaisy/src/hid/disp/oled_display.h ****  * This class is for drawing to a monochrome OLED display. 
  11:../../libDaisy/src/hid/disp/oled_display.h ****  * @ingroup device
  12:../../libDaisy/src/hid/disp/oled_display.h **** */
  13:../../libDaisy/src/hid/disp/oled_display.h **** template <typename DisplayDriver>
  14:../../libDaisy/src/hid/disp/oled_display.h **** class OledDisplay : public OneBitGraphicsDisplayImpl<OledDisplay<DisplayDriver>>
  15:../../libDaisy/src/hid/disp/oled_display.h **** {
  16:../../libDaisy/src/hid/disp/oled_display.h ****   public:
  17:../../libDaisy/src/hid/disp/oled_display.h ****     OledDisplay() {}
  18:../../libDaisy/src/hid/disp/oled_display.h ****     virtual ~OledDisplay() {}
  19:../../libDaisy/src/hid/disp/oled_display.h **** 
  20:../../libDaisy/src/hid/disp/oled_display.h ****     struct Config
  21:../../libDaisy/src/hid/disp/oled_display.h ****     {
  22:../../libDaisy/src/hid/disp/oled_display.h ****         typename DisplayDriver::Config driver_config;
  23:../../libDaisy/src/hid/disp/oled_display.h ****     };
  24:../../libDaisy/src/hid/disp/oled_display.h **** 
  25:../../libDaisy/src/hid/disp/oled_display.h ****     void Init(Config config) { driver_.Init(config.driver_config); }
  26:../../libDaisy/src/hid/disp/oled_display.h **** 
  27:../../libDaisy/src/hid/disp/oled_display.h ****     uint16_t Height() const override { return driver_.Height(); }
  28:../../libDaisy/src/hid/disp/oled_display.h ****     uint16_t Width() const override { return driver_.Width(); }
 274              		.loc 4 28 14 is_stmt 1 view -0
 275              		.cfi_startproc
 276              		@ args = 0, pretend = 0, frame = 0
 277              		@ frame_needed = 0, uses_anonymous_args = 0
 278              		@ link register save eliminated.
 279              		.loc 4 28 63 is_stmt 0 view .LVU59
 280 0000 8020     		movs	r0, #128
 281              	.LVL16:
 282              		.loc 4 28 63 view .LVU60
 283 0002 7047     		bx	lr
 284              		.cfi_endproc
 285              	.LFE7218:
 287              		.section	.text._ZN15ParameterWindowIbE6updateEbiPP6Window,"ax",%progbits
 288              		.align	1
 289              		.p2align 2,,3
 290              		.global	_ZN15ParameterWindowIbE6updateEbiPP6Window
 291              		.syntax unified
 292              		.thumb
 293              		.thumb_func
ARM GAS  C:\Users\FINNDY~1\AppData\Local\Temp\ccFWr46h.s 			page 75


 294              		.fpu fpv5-d16
 296              	_ZN15ParameterWindowIbE6updateEbiPP6Window:
 297              	.LVL17:
 298              	.LFB6825:
  77:gui.cpp       **** 
 299              		.loc 2 77 107 is_stmt 1 view -0
 300              		.cfi_startproc
 301              		@ args = 0, pretend = 0, frame = 0
 302              		@ frame_needed = 0, uses_anonymous_args = 0
 303              		@ link register save eliminated.
  79:gui.cpp       ****         selectedBoolParam = parameter;
 304              		.loc 2 79 5 view .LVU62
 305 0000 51B9     		cbnz	r1, .L28
  88:gui.cpp       ****         parameter->value = false;
 306              		.loc 2 88 5 view .LVU63
 307 0002 002A     		cmp	r2, #0
 308 0004 04DB     		blt	.L29
  90:gui.cpp       ****         parameter->value = true;
 309              		.loc 2 90 10 view .LVU64
 310 0006 06D0     		beq	.L25
  91:gui.cpp       **** }
 311              		.loc 2 91 9 view .LVU65
  91:gui.cpp       **** }
 312              		.loc 2 91 26 is_stmt 0 view .LVU66
 313 0008 8368     		ldr	r3, [r0, #8]
 314              	.LVL18:
  91:gui.cpp       **** }
 315              		.loc 2 91 26 view .LVU67
 316 000a 0122     		movs	r2, #1
 317              	.LVL19:
  91:gui.cpp       **** }
 318              		.loc 2 91 26 view .LVU68
 319 000c 1A70     		strb	r2, [r3]
 320 000e 7047     		bx	lr
 321              	.LVL20:
 322              	.L29:
  89:gui.cpp       ****     else if (encoderMove > 0)
 323              		.loc 2 89 9 is_stmt 1 view .LVU69
  89:gui.cpp       ****     else if (encoderMove > 0)
 324              		.loc 2 89 26 is_stmt 0 view .LVU70
 325 0010 8368     		ldr	r3, [r0, #8]
 326              	.LVL21:
  89:gui.cpp       ****     else if (encoderMove > 0)
 327              		.loc 2 89 26 view .LVU71
 328 0012 1970     		strb	r1, [r3]
 329 0014 7047     		bx	lr
 330              	.LVL22:
 331              	.L25:
  89:gui.cpp       ****     else if (encoderMove > 0)
 332              		.loc 2 89 26 view .LVU72
 333 0016 7047     		bx	lr
 334              	.L28:
 335              	.LVL23:
 336              	.LBB262:
 337              	.LBI262:
  77:gui.cpp       **** 
 338              		.loc 2 77 17 is_stmt 1 view .LVU73
ARM GAS  C:\Users\FINNDY~1\AppData\Local\Temp\ccFWr46h.s 			page 76


 339              	.LBB263:
  80:gui.cpp       **** 
 340              		.loc 2 80 9 view .LVU74
 341              	.LBE263:
 342              	.LBE262:
  77:gui.cpp       **** 
 343              		.loc 2 77 107 is_stmt 0 view .LVU75
 344 0018 10B4     		push	{r4}
 345              		.cfi_def_cfa_offset 4
 346              		.cfi_offset 4, -4
 347              	.LBB266:
 348              	.LBB264:
  80:gui.cpp       **** 
 349              		.loc 2 80 27 view .LVU76
 350 001a 8068     		ldr	r0, [r0, #8]
 351              	.LVL24:
  82:gui.cpp       ****         *currentWindow = &toggleControlsWindow;
 352              		.loc 2 82 39 view .LVU77
 353 001c 1C68     		ldr	r4, [r3]
 354 001e 044A     		ldr	r2, .L30
 355              	.LVL25:
  80:gui.cpp       **** 
 356              		.loc 2 80 27 view .LVU78
 357 0020 0449     		ldr	r1, .L30+4
 358              	.LVL26:
  82:gui.cpp       ****         *currentWindow = &toggleControlsWindow;
 359              		.loc 2 82 39 view .LVU79
 360 0022 5460     		str	r4, [r2, #4]
  80:gui.cpp       **** 
 361              		.loc 2 80 27 view .LVU80
 362 0024 0860     		str	r0, [r1]
  82:gui.cpp       ****         *currentWindow = &toggleControlsWindow;
 363              		.loc 2 82 9 is_stmt 1 view .LVU81
  83:gui.cpp       **** 
 364              		.loc 2 83 9 view .LVU82
 365              	.LBE264:
 366              	.LBE266:
  92:gui.cpp       **** 
 367              		.loc 2 92 1 is_stmt 0 view .LVU83
 368 0026 5DF8044B 		ldr	r4, [sp], #4
 369              		.cfi_restore 4
 370              		.cfi_def_cfa_offset 0
 371              	.LBB267:
 372              	.LBB265:
  83:gui.cpp       **** 
 373              		.loc 2 83 24 view .LVU84
 374 002a 1A60     		str	r2, [r3]
  85:gui.cpp       ****     }
 375              		.loc 2 85 9 is_stmt 1 view .LVU85
 376              	.LBE265:
 377              	.LBE267:
  92:gui.cpp       **** 
 378              		.loc 2 92 1 is_stmt 0 view .LVU86
 379 002c 7047     		bx	lr
 380              	.L31:
 381 002e 00BF     		.align	2
 382              	.L30:
ARM GAS  C:\Users\FINNDY~1\AppData\Local\Temp\ccFWr46h.s 			page 77


 383 0030 00000000 		.word	.LANCHOR3
 384 0034 00000000 		.word	.LANCHOR0
 385              		.cfi_endproc
 386              	.LFE6825:
 388              		.section	.text._ZN15ParameterWindowIfE6updateEbiPP6Window,"ax",%progbits
 389              		.align	1
 390              		.p2align 2,,3
 391              		.global	_ZN15ParameterWindowIfE6updateEbiPP6Window
 392              		.syntax unified
 393              		.thumb
 394              		.thumb_func
 395              		.fpu fpv5-d16
 397              	_ZN15ParameterWindowIfE6updateEbiPP6Window:
 398              	.LVL27:
 399              	.LFB6824:
  59:gui.cpp       **** 
 400              		.loc 2 59 108 is_stmt 1 view -0
 401              		.cfi_startproc
 402              		@ args = 0, pretend = 0, frame = 8
 403              		@ frame_needed = 0, uses_anonymous_args = 0
 404              		@ link register save eliminated.
  61:gui.cpp       ****         selectedFloatParam = parameter;
 405              		.loc 2 61 5 view .LVU88
  59:gui.cpp       **** 
 406              		.loc 2 59 108 is_stmt 0 view .LVU89
 407 0000 10B4     		push	{r4}
 408              		.cfi_def_cfa_offset 4
 409              		.cfi_offset 4, -4
 410 0002 83B0     		sub	sp, sp, #12
 411              		.cfi_def_cfa_offset 16
  59:gui.cpp       **** 
 412              		.loc 2 59 108 view .LVU90
 413 0004 0192     		str	r2, [sp, #4]
  61:gui.cpp       ****         selectedFloatParam = parameter;
 414              		.loc 2 61 5 view .LVU91
 415 0006 01BB     		cbnz	r1, .L40
  70:gui.cpp       **** }
 416              		.loc 2 70 5 is_stmt 1 view .LVU92
  70:gui.cpp       **** }
 417              		.loc 2 70 66 is_stmt 0 view .LVU93
 418 0008 DDED017A 		vldr.32	s15, [sp, #4]	@ int
  70:gui.cpp       **** }
 419              		.loc 2 70 35 view .LVU94
 420 000c 8368     		ldr	r3, [r0, #8]
 421              	.LVL28:
  70:gui.cpp       **** }
 422              		.loc 2 70 66 view .LVU95
 423 000e B8EEE77A 		vcvt.f32.s32	s14, s15
  70:gui.cpp       **** }
 424              		.loc 2 70 52 view .LVU96
 425 0012 DFED136A 		vldr.32	s13, .L41
 426 0016 D3ED007A 		vldr.32	s15, [r3]
 427 001a E7EE267A 		vfma.f32	s15, s14, s13
 428              	.LVL29:
 429              	.LBB274:
 430              	.LBI274:
3675:c:\program files\daisytoolchain\arm-none-eabi\include\c++\10.2.1\bits\stl_algo.h ****     {
ARM GAS  C:\Users\FINNDY~1\AppData\Local\Temp\ccFWr46h.s 			page 78


 431              		.loc 3 3675 5 is_stmt 1 view .LVU97
 432              	.LBB275:
 433              		.loc 3 3678 29 is_stmt 0 view .LVU98
 434 001e F5EEC07A 		vcmpe.f32	s15, #0
 435 0022 F1EE10FA 		vmrs	APSR_nzcv, FPSCR
 436 0026 0DD4     		bmi	.L37
 437 0028 B7EE007A 		vmov.f32	s14, #1.0e+0
 438 002c F4EE477A 		vcmp.f32	s15, s14
 439 0030 F1EE10FA 		vmrs	APSR_nzcv, FPSCR
 440 0034 77FE277A 		vselgt.f32	s15, s14, s15
 441              	.L35:
 442              	.LVL30:
 443              		.loc 3 3678 29 view .LVU99
 444              	.LBE275:
 445              	.LBE274:
  70:gui.cpp       **** }
 446              		.loc 2 70 22 view .LVU100
 447 0038 C3ED007A 		vstr.32	s15, [r3]
  71:gui.cpp       **** 
 448              		.loc 2 71 1 view .LVU101
 449 003c 03B0     		add	sp, sp, #12
 450              		.cfi_remember_state
 451              		.cfi_def_cfa_offset 4
 452              		@ sp needed
 453 003e 5DF8044B 		ldr	r4, [sp], #4
 454              		.cfi_restore 4
 455              		.cfi_def_cfa_offset 0
 456 0042 7047     		bx	lr
 457              	.LVL31:
 458              	.L37:
 459              		.cfi_restore_state
 460              	.LBB277:
 461              	.LBB276:
 462              		.loc 3 3678 29 view .LVU102
 463 0044 DFED077A 		vldr.32	s15, .L41+4
 464 0048 F6E7     		b	.L35
 465              	.LVL32:
 466              	.L40:
 467              		.loc 3 3678 29 view .LVU103
 468              	.LBE276:
 469              	.LBE277:
 470              	.LBB278:
 471              	.LBI278:
  59:gui.cpp       **** 
 472              		.loc 2 59 17 is_stmt 1 view .LVU104
 473              	.LBB279:
  62:gui.cpp       **** 
 474              		.loc 2 62 9 view .LVU105
  64:gui.cpp       ****         *currentWindow = &variableControlsWindow;
 475              		.loc 2 64 41 is_stmt 0 view .LVU106
 476 004a 1C68     		ldr	r4, [r3]
  62:gui.cpp       **** 
 477              		.loc 2 62 28 view .LVU107
 478 004c 8068     		ldr	r0, [r0, #8]
 479              	.LVL33:
  64:gui.cpp       ****         *currentWindow = &variableControlsWindow;
 480              		.loc 2 64 41 view .LVU108
ARM GAS  C:\Users\FINNDY~1\AppData\Local\Temp\ccFWr46h.s 			page 79


 481 004e 064A     		ldr	r2, .L41+8
 482              	.LVL34:
  62:gui.cpp       **** 
 483              		.loc 2 62 28 view .LVU109
 484 0050 0649     		ldr	r1, .L41+12
 485              	.LVL35:
  64:gui.cpp       ****         *currentWindow = &variableControlsWindow;
 486              		.loc 2 64 41 view .LVU110
 487 0052 5460     		str	r4, [r2, #4]
  62:gui.cpp       **** 
 488              		.loc 2 62 28 view .LVU111
 489 0054 0860     		str	r0, [r1]
  64:gui.cpp       ****         *currentWindow = &variableControlsWindow;
 490              		.loc 2 64 9 is_stmt 1 view .LVU112
  65:gui.cpp       ****         
 491              		.loc 2 65 9 view .LVU113
  65:gui.cpp       ****         
 492              		.loc 2 65 24 is_stmt 0 view .LVU114
 493 0056 1A60     		str	r2, [r3]
  67:gui.cpp       ****     }
 494              		.loc 2 67 9 is_stmt 1 view .LVU115
 495              	.LBE279:
 496              	.LBE278:
  71:gui.cpp       **** 
 497              		.loc 2 71 1 is_stmt 0 view .LVU116
 498 0058 03B0     		add	sp, sp, #12
 499              		.cfi_def_cfa_offset 4
 500              		@ sp needed
 501 005a 5DF8044B 		ldr	r4, [sp], #4
 502              		.cfi_restore 4
 503              		.cfi_def_cfa_offset 0
 504              	.LVL36:
  71:gui.cpp       **** 
 505              		.loc 2 71 1 view .LVU117
 506 005e 7047     		bx	lr
 507              	.L42:
 508              		.align	2
 509              	.L41:
 510 0060 0AD7233C 		.word	1008981770
 511 0064 00000000 		.word	0
 512 0068 00000000 		.word	.LANCHOR4
 513 006c 00000000 		.word	.LANCHOR2
 514              		.cfi_endproc
 515              	.LFE6824:
 517              		.section	.text._ZN5daisy25OneBitGraphicsDisplayImplINS_11OledDisplayINS_13SSD130xDriverILj128ELj64
 518              		.align	1
 519              		.p2align 2,,3
 520              		.weak	_ZN5daisy25OneBitGraphicsDisplayImplINS_11OledDisplayINS_13SSD130xDriverILj128ELj64ENS_19SSD
 521              		.syntax unified
 522              		.thumb
 523              		.thumb_func
 524              		.fpu fpv5-d16
 526              	_ZN5daisy25OneBitGraphicsDisplayImplINS_11OledDisplayINS_13SSD130xDriverILj128ELj64ENS_19SSD130xI2C
 527              	.LVL37:
 528              	.LFB7216:
 529              		.file 5 "../../libDaisy/src/hid/disp/display.h"
   1:../../libDaisy/src/hid/disp/display.h **** #pragma once
ARM GAS  C:\Users\FINNDY~1\AppData\Local\Temp\ccFWr46h.s 			page 80


   2:../../libDaisy/src/hid/disp/display.h **** #ifndef DSY_DISPLAY_H
   3:../../libDaisy/src/hid/disp/display.h **** #define DSY_DISPLAY_H /**< Macro */
   4:../../libDaisy/src/hid/disp/display.h **** #include <cmath>
   5:../../libDaisy/src/hid/disp/display.h **** #include "util/oled_fonts.h"
   6:../../libDaisy/src/hid/disp/display.h **** #include "daisy_core.h"
   7:../../libDaisy/src/hid/disp/display.h **** #include "graphics_common.h"
   8:../../libDaisy/src/hid/disp/display.h **** 
   9:../../libDaisy/src/hid/disp/display.h **** #ifndef deg2rad
  10:../../libDaisy/src/hid/disp/display.h **** #define deg2rad(deg) ((deg)*3.141592 / 180.0)
  11:../../libDaisy/src/hid/disp/display.h **** #endif
  12:../../libDaisy/src/hid/disp/display.h **** 
  13:../../libDaisy/src/hid/disp/display.h **** namespace daisy
  14:../../libDaisy/src/hid/disp/display.h **** {
  15:../../libDaisy/src/hid/disp/display.h **** /** 
  16:../../libDaisy/src/hid/disp/display.h ****  * This interface is used as a base class for all types of 1bit-per-pixel
  17:../../libDaisy/src/hid/disp/display.h ****  * graphics displays.
  18:../../libDaisy/src/hid/disp/display.h **** */
  19:../../libDaisy/src/hid/disp/display.h **** class OneBitGraphicsDisplay
  20:../../libDaisy/src/hid/disp/display.h **** {
  21:../../libDaisy/src/hid/disp/display.h ****   public:
  22:../../libDaisy/src/hid/disp/display.h ****     OneBitGraphicsDisplay() {}
  23:../../libDaisy/src/hid/disp/display.h ****     virtual ~OneBitGraphicsDisplay() {}
  24:../../libDaisy/src/hid/disp/display.h **** 
  25:../../libDaisy/src/hid/disp/display.h ****     virtual uint16_t Height() const = 0;
  26:../../libDaisy/src/hid/disp/display.h ****     virtual uint16_t Width() const  = 0;
  27:../../libDaisy/src/hid/disp/display.h **** 
  28:../../libDaisy/src/hid/disp/display.h ****     Rectangle GetBounds() const
  29:../../libDaisy/src/hid/disp/display.h ****     {
  30:../../libDaisy/src/hid/disp/display.h ****         return Rectangle(int16_t(Width()), int16_t(Height()));
  31:../../libDaisy/src/hid/disp/display.h ****     }
  32:../../libDaisy/src/hid/disp/display.h **** 
  33:../../libDaisy/src/hid/disp/display.h **** 
  34:../../libDaisy/src/hid/disp/display.h ****     size_t CurrentX() { return currentX_; };
  35:../../libDaisy/src/hid/disp/display.h ****     size_t CurrentY() { return currentY_; };
  36:../../libDaisy/src/hid/disp/display.h **** 
  37:../../libDaisy/src/hid/disp/display.h ****     /** 
  38:../../libDaisy/src/hid/disp/display.h ****     Fills the entire display with either on/off.
  39:../../libDaisy/src/hid/disp/display.h ****     \param on Sets on or off.
  40:../../libDaisy/src/hid/disp/display.h ****     */
  41:../../libDaisy/src/hid/disp/display.h ****     virtual void Fill(bool on) = 0;
  42:../../libDaisy/src/hid/disp/display.h **** 
  43:../../libDaisy/src/hid/disp/display.h ****     /**
  44:../../libDaisy/src/hid/disp/display.h ****     Sets the pixel at the specified coordinate to be on/off.
  45:../../libDaisy/src/hid/disp/display.h ****     \param x   x Coordinate
  46:../../libDaisy/src/hid/disp/display.h ****     \param y   y coordinate
  47:../../libDaisy/src/hid/disp/display.h ****     \param on  on or off
  48:../../libDaisy/src/hid/disp/display.h ****     */
  49:../../libDaisy/src/hid/disp/display.h ****     virtual void DrawPixel(uint_fast8_t x, uint_fast8_t y, bool on) = 0;
  50:../../libDaisy/src/hid/disp/display.h **** 
  51:../../libDaisy/src/hid/disp/display.h ****     /**
  52:../../libDaisy/src/hid/disp/display.h ****     Draws a line from (x1, y1) to (y1, y2)
  53:../../libDaisy/src/hid/disp/display.h ****     \param x1  x Coordinate of the starting point
  54:../../libDaisy/src/hid/disp/display.h ****     \param y1  y Coordinate of the starting point
  55:../../libDaisy/src/hid/disp/display.h ****     \param x2  x Coordinate of the ending point
  56:../../libDaisy/src/hid/disp/display.h ****     \param y2  y Coordinate of the ending point
  57:../../libDaisy/src/hid/disp/display.h ****     \param on  on or off
  58:../../libDaisy/src/hid/disp/display.h ****     */
ARM GAS  C:\Users\FINNDY~1\AppData\Local\Temp\ccFWr46h.s 			page 81


  59:../../libDaisy/src/hid/disp/display.h ****     virtual void DrawLine(uint_fast8_t x1,
  60:../../libDaisy/src/hid/disp/display.h ****                           uint_fast8_t y1,
  61:../../libDaisy/src/hid/disp/display.h ****                           uint_fast8_t x2,
  62:../../libDaisy/src/hid/disp/display.h ****                           uint_fast8_t y2,
  63:../../libDaisy/src/hid/disp/display.h ****                           bool         on)
  64:../../libDaisy/src/hid/disp/display.h ****         = 0;
  65:../../libDaisy/src/hid/disp/display.h **** 
  66:../../libDaisy/src/hid/disp/display.h ****     /**
  67:../../libDaisy/src/hid/disp/display.h ****     Draws a rectangle based on two coordinates.
  68:../../libDaisy/src/hid/disp/display.h ****     \param x1 x Coordinate of the first point
  69:../../libDaisy/src/hid/disp/display.h ****     \param y1 y Coordinate of the first point
  70:../../libDaisy/src/hid/disp/display.h ****     \param x2 x Coordinate of the second point
  71:../../libDaisy/src/hid/disp/display.h ****     \param y2 y Coordinate of the second point
  72:../../libDaisy/src/hid/disp/display.h ****     \param on on or off
  73:../../libDaisy/src/hid/disp/display.h ****     \param fill fill the rectangle or draw only the outline
  74:../../libDaisy/src/hid/disp/display.h ****     */
  75:../../libDaisy/src/hid/disp/display.h ****     virtual void DrawRect(uint_fast8_t x1,
  76:../../libDaisy/src/hid/disp/display.h ****                           uint_fast8_t y1,
  77:../../libDaisy/src/hid/disp/display.h ****                           uint_fast8_t x2,
  78:../../libDaisy/src/hid/disp/display.h ****                           uint_fast8_t y2,
  79:../../libDaisy/src/hid/disp/display.h ****                           bool         on,
  80:../../libDaisy/src/hid/disp/display.h ****                           bool         fill = false)
  81:../../libDaisy/src/hid/disp/display.h ****         = 0;
  82:../../libDaisy/src/hid/disp/display.h **** 
  83:../../libDaisy/src/hid/disp/display.h ****     /**
  84:../../libDaisy/src/hid/disp/display.h ****     Draws a rectangle.
  85:../../libDaisy/src/hid/disp/display.h ****     \param rect the rectangle
  86:../../libDaisy/src/hid/disp/display.h ****     \param on   on or off
  87:../../libDaisy/src/hid/disp/display.h ****     \param fill fill the rectangle or draw only the outline
  88:../../libDaisy/src/hid/disp/display.h ****     */
  89:../../libDaisy/src/hid/disp/display.h ****     void DrawRect(const Rectangle& rect, bool on, bool fill = false)
  90:../../libDaisy/src/hid/disp/display.h ****     {
  91:../../libDaisy/src/hid/disp/display.h ****         DrawRect(rect.GetX(),
  92:../../libDaisy/src/hid/disp/display.h ****                  rect.GetY(),
  93:../../libDaisy/src/hid/disp/display.h ****                  rect.GetRight(),
  94:../../libDaisy/src/hid/disp/display.h ****                  rect.GetBottom(),
  95:../../libDaisy/src/hid/disp/display.h ****                  on,
  96:../../libDaisy/src/hid/disp/display.h ****                  fill);
  97:../../libDaisy/src/hid/disp/display.h ****     }
  98:../../libDaisy/src/hid/disp/display.h **** 
  99:../../libDaisy/src/hid/disp/display.h ****     /**
 100:../../libDaisy/src/hid/disp/display.h ****     Draws an arc around the specified coordinate
 101:../../libDaisy/src/hid/disp/display.h ****     \param x           x Coordinate of the center of the arc
 102:../../libDaisy/src/hid/disp/display.h ****     \param y           y Coordinate of the center of the arc
 103:../../libDaisy/src/hid/disp/display.h ****     \param radius      radius of the arc
 104:../../libDaisy/src/hid/disp/display.h ****     \param start_angle angle where to start the arc
 105:../../libDaisy/src/hid/disp/display.h ****     \param sweep       total angle of the arc
 106:../../libDaisy/src/hid/disp/display.h ****     \param on  on or off
 107:../../libDaisy/src/hid/disp/display.h ****     */
 108:../../libDaisy/src/hid/disp/display.h ****     virtual void DrawArc(uint_fast8_t x,
 109:../../libDaisy/src/hid/disp/display.h ****                          uint_fast8_t y,
 110:../../libDaisy/src/hid/disp/display.h ****                          uint_fast8_t radius,
 111:../../libDaisy/src/hid/disp/display.h ****                          int_fast16_t start_angle,
 112:../../libDaisy/src/hid/disp/display.h ****                          int_fast16_t sweep,
 113:../../libDaisy/src/hid/disp/display.h ****                          bool         on)
 114:../../libDaisy/src/hid/disp/display.h ****         = 0;
 115:../../libDaisy/src/hid/disp/display.h **** 
ARM GAS  C:\Users\FINNDY~1\AppData\Local\Temp\ccFWr46h.s 			page 82


 116:../../libDaisy/src/hid/disp/display.h ****     /**
 117:../../libDaisy/src/hid/disp/display.h ****     Draws a circle around the specified coordinate
 118:../../libDaisy/src/hid/disp/display.h ****     \param x           x Coordinate of the center of the circle
 119:../../libDaisy/src/hid/disp/display.h ****     \param y           y Coordinate of the center of the circle
 120:../../libDaisy/src/hid/disp/display.h ****     \param radius      radius of the circle
 121:../../libDaisy/src/hid/disp/display.h ****     \param on  on or off
 122:../../libDaisy/src/hid/disp/display.h ****     */
 123:../../libDaisy/src/hid/disp/display.h ****     void
 124:../../libDaisy/src/hid/disp/display.h ****     DrawCircle(uint_fast8_t x, uint_fast8_t y, uint_fast8_t radius, bool on)
 125:../../libDaisy/src/hid/disp/display.h ****     {
 126:../../libDaisy/src/hid/disp/display.h ****         DrawArc(x, y, radius, 0, 360, on);
 127:../../libDaisy/src/hid/disp/display.h ****     };
 128:../../libDaisy/src/hid/disp/display.h **** 
 129:../../libDaisy/src/hid/disp/display.h ****     /** 
 130:../../libDaisy/src/hid/disp/display.h ****     Writes the character with the specific FontDef
 131:../../libDaisy/src/hid/disp/display.h ****     to the display buffer at the current Cursor position.
 132:../../libDaisy/src/hid/disp/display.h ****     \param ch character to be written
 133:../../libDaisy/src/hid/disp/display.h ****     \param font font to be written in
 134:../../libDaisy/src/hid/disp/display.h ****     \param on    on or off
 135:../../libDaisy/src/hid/disp/display.h ****     \return &
 136:../../libDaisy/src/hid/disp/display.h ****     */
 137:../../libDaisy/src/hid/disp/display.h ****     virtual char WriteChar(char ch, FontDef font, bool on) = 0;
 138:../../libDaisy/src/hid/disp/display.h **** 
 139:../../libDaisy/src/hid/disp/display.h ****     /** 
 140:../../libDaisy/src/hid/disp/display.h ****     Similar to WriteChar, except it will handle an entire String.
 141:../../libDaisy/src/hid/disp/display.h ****     Wrapping does not happen automatically, so the width
 142:../../libDaisy/src/hid/disp/display.h ****     of the string must be kept within the dimensions of the screen.
 143:../../libDaisy/src/hid/disp/display.h ****     \param str string to be written
 144:../../libDaisy/src/hid/disp/display.h ****     \param font font to use
 145:../../libDaisy/src/hid/disp/display.h ****     \param on  on or off
 146:../../libDaisy/src/hid/disp/display.h ****     \return &
 147:../../libDaisy/src/hid/disp/display.h ****     */
 148:../../libDaisy/src/hid/disp/display.h ****     virtual char WriteString(const char* str, FontDef font, bool on) = 0;
 149:../../libDaisy/src/hid/disp/display.h **** 
 150:../../libDaisy/src/hid/disp/display.h ****     /** 
 151:../../libDaisy/src/hid/disp/display.h ****     Similar to WriteString but justified within a bounding box.
 152:../../libDaisy/src/hid/disp/display.h ****     \param str          string to be written
 153:../../libDaisy/src/hid/disp/display.h ****     \param font         font to use
 154:../../libDaisy/src/hid/disp/display.h ****     \param boundingBox  the bounding box to draw the text in
 155:../../libDaisy/src/hid/disp/display.h ****     \param alignment    the alignment to use
 156:../../libDaisy/src/hid/disp/display.h ****     \param on           on or off
 157:../../libDaisy/src/hid/disp/display.h ****     \return The rectangle that was drawn to
 158:../../libDaisy/src/hid/disp/display.h ****     */
 159:../../libDaisy/src/hid/disp/display.h ****     virtual Rectangle WriteStringAligned(const char*    str,
 160:../../libDaisy/src/hid/disp/display.h ****                                          const FontDef& font,
 161:../../libDaisy/src/hid/disp/display.h ****                                          Rectangle      boundingBox,
 162:../../libDaisy/src/hid/disp/display.h ****                                          Alignment      alignment,
 163:../../libDaisy/src/hid/disp/display.h ****                                          bool           on)
 164:../../libDaisy/src/hid/disp/display.h ****         = 0;
 165:../../libDaisy/src/hid/disp/display.h **** 
 166:../../libDaisy/src/hid/disp/display.h ****     /** 
 167:../../libDaisy/src/hid/disp/display.h ****     Moves the 'Cursor' position used for WriteChar, and WriteStr to the specified coordinate.
 168:../../libDaisy/src/hid/disp/display.h ****     \param x x pos
 169:../../libDaisy/src/hid/disp/display.h ****     \param y y pos
 170:../../libDaisy/src/hid/disp/display.h ****     */
 171:../../libDaisy/src/hid/disp/display.h ****     void SetCursor(uint16_t x, uint16_t y)
 172:../../libDaisy/src/hid/disp/display.h ****     {
ARM GAS  C:\Users\FINNDY~1\AppData\Local\Temp\ccFWr46h.s 			page 83


 173:../../libDaisy/src/hid/disp/display.h ****         currentX_ = (x >= Width()) ? Width() - 1 : x;
 174:../../libDaisy/src/hid/disp/display.h ****         currentY_ = (y >= Height()) ? Height() - 1 : y;
 175:../../libDaisy/src/hid/disp/display.h ****     }
 176:../../libDaisy/src/hid/disp/display.h **** 
 177:../../libDaisy/src/hid/disp/display.h ****     /** 
 178:../../libDaisy/src/hid/disp/display.h ****     Writes the current display buffer to the OLED device using SPI or I2C depending on 
 179:../../libDaisy/src/hid/disp/display.h ****     how the object was initialized.
 180:../../libDaisy/src/hid/disp/display.h ****     */
 181:../../libDaisy/src/hid/disp/display.h ****     virtual void Update() = 0;
 182:../../libDaisy/src/hid/disp/display.h **** 
 183:../../libDaisy/src/hid/disp/display.h ****   protected:
 184:../../libDaisy/src/hid/disp/display.h ****     uint16_t currentX_;
 185:../../libDaisy/src/hid/disp/display.h ****     uint16_t currentY_;
 186:../../libDaisy/src/hid/disp/display.h **** };
 187:../../libDaisy/src/hid/disp/display.h **** 
 188:../../libDaisy/src/hid/disp/display.h **** /** This class is intended as a intermediary class for your actual implementation of the OneBitGrap
 189:../../libDaisy/src/hid/disp/display.h ****  *  interface. It uses the CRTP design pattern where the template argument is the child class. It p
 190:../../libDaisy/src/hid/disp/display.h ****  *  implementations for most of the functions, except DrawPixel(), Update() and Fill(), which you'l
 191:../../libDaisy/src/hid/disp/display.h ****  *  to provide in your child class.
 192:../../libDaisy/src/hid/disp/display.h ****  *  The main goal of this class is to provide common drawing functions without relying on massive a
 193:../../libDaisy/src/hid/disp/display.h ****  *  virtual function calls that would result in a performance loss. To achieve this, any drawing fu
 194:../../libDaisy/src/hid/disp/display.h ****  *  is implemented here and internally calls other drawing functions (e.g. DrawRect() which interna
 195:../../libDaisy/src/hid/disp/display.h ****  *  DrawPixel() and DrawLine()) makes these calls via the qualified name of these functions to expl
 196:../../libDaisy/src/hid/disp/display.h ****  *  suppress the virtual dispatch mechanism like this:
 197:../../libDaisy/src/hid/disp/display.h ****  * 
 198:../../libDaisy/src/hid/disp/display.h ****  *      ChildType::DrawPixel(...); // no virtual function call; direct call into the child class fu
 199:../../libDaisy/src/hid/disp/display.h ****  *  
 200:../../libDaisy/src/hid/disp/display.h ****  *  To create a custom OneBitGraphicsDisplay implementation, you can 
 201:../../libDaisy/src/hid/disp/display.h ****  *  A) inherit from OneBitGraphicsDisplay directly and provide all the drawing functions yourself
 202:../../libDaisy/src/hid/disp/display.h ****  *  B) Inherit from OneBitGraphicsDisplayImpl and only provide DrawPixel(), Fill() and Update()
 203:../../libDaisy/src/hid/disp/display.h ****  *     like this:
 204:../../libDaisy/src/hid/disp/display.h ****  *  
 205:../../libDaisy/src/hid/disp/display.h ****  *      class MyDisplayClass : public OneBitGraphicsDisplayImpl<MyDisplayClass> 
 206:../../libDaisy/src/hid/disp/display.h ****  *      {
 207:../../libDaisy/src/hid/disp/display.h ****  *      public:
 208:../../libDaisy/src/hid/disp/display.h ****  *          void Fill() override { ... };
 209:../../libDaisy/src/hid/disp/display.h ****  *          void DrawPixel(uint_fast8_t x, uint_fast8_t y, bool on) override { ... };
 210:../../libDaisy/src/hid/disp/display.h ****  *          void Update() override { ... }
 211:../../libDaisy/src/hid/disp/display.h ****  *      };
 212:../../libDaisy/src/hid/disp/display.h ****  *  
 213:../../libDaisy/src/hid/disp/display.h ****  */
 214:../../libDaisy/src/hid/disp/display.h **** template <class ChildType>
 215:../../libDaisy/src/hid/disp/display.h **** class OneBitGraphicsDisplayImpl : public OneBitGraphicsDisplay
 216:../../libDaisy/src/hid/disp/display.h **** {
 217:../../libDaisy/src/hid/disp/display.h ****   public:
 218:../../libDaisy/src/hid/disp/display.h ****     OneBitGraphicsDisplayImpl() {}
 219:../../libDaisy/src/hid/disp/display.h ****     virtual ~OneBitGraphicsDisplayImpl() {}
 220:../../libDaisy/src/hid/disp/display.h **** 
 221:../../libDaisy/src/hid/disp/display.h ****     void DrawLine(uint_fast8_t x1,
 530              		.loc 5 221 10 is_stmt 1 view -0
 531              		.cfi_startproc
 532              		@ args = 8, pretend = 0, frame = 8
 533              		@ frame_needed = 0, uses_anonymous_args = 0
 534              		.loc 5 221 10 is_stmt 0 view .LVU119
 535 0000 2DE9F04F 		push	{r4, r5, r6, r7, r8, r9, r10, fp, lr}
 536              		.cfi_def_cfa_offset 36
 537              		.cfi_offset 4, -36
ARM GAS  C:\Users\FINNDY~1\AppData\Local\Temp\ccFWr46h.s 			page 84


 538              		.cfi_offset 5, -32
 539              		.cfi_offset 6, -28
 540              		.cfi_offset 7, -24
 541              		.cfi_offset 8, -20
 542              		.cfi_offset 9, -16
 543              		.cfi_offset 10, -12
 544              		.cfi_offset 11, -8
 545              		.cfi_offset 14, -4
 546 0004 83B0     		sub	sp, sp, #12
 547              		.cfi_def_cfa_offset 48
 222:../../libDaisy/src/hid/disp/display.h ****                   uint_fast8_t y1,
 223:../../libDaisy/src/hid/disp/display.h ****                   uint_fast8_t x2,
 224:../../libDaisy/src/hid/disp/display.h ****                   uint_fast8_t y2,
 225:../../libDaisy/src/hid/disp/display.h ****                   bool         on) override
 226:../../libDaisy/src/hid/disp/display.h ****     {
 227:../../libDaisy/src/hid/disp/display.h ****         int_fast16_t deltaX = abs((int_fast16_t)x2 - (int_fast16_t)x1);
 548              		.loc 5 227 52 view .LVU120
 549 0006 5C1A     		subs	r4, r3, r1
 221:../../libDaisy/src/hid/disp/display.h ****                   uint_fast8_t y1,
 550              		.loc 5 221 10 view .LVU121
 551 0008 0C9E     		ldr	r6, [sp, #48]
 552              		.loc 5 227 22 view .LVU122
 553 000a 002C     		cmp	r4, #0
 221:../../libDaisy/src/hid/disp/display.h ****                   uint_fast8_t y1,
 554              		.loc 5 221 10 view .LVU123
 555 000c 9DF83490 		ldrb	r9, [sp, #52]	@ zero_extendqisi2
 228:../../libDaisy/src/hid/disp/display.h ****         int_fast16_t deltaY = abs((int_fast16_t)y2 - (int_fast16_t)y1);
 556              		.loc 5 228 52 view .LVU124
 557 0010 A6EB0208 		sub	r8, r6, r2
 227:../../libDaisy/src/hid/disp/display.h ****         int_fast16_t deltaY = abs((int_fast16_t)y2 - (int_fast16_t)y1);
 558              		.loc 5 227 22 view .LVU125
 559 0014 B8BF     		it	lt
 560 0016 6442     		rsblt	r4, r4, #0
 561              	.LVL38:
 562              		.loc 5 228 22 view .LVU126
 563 0018 B8F1000F 		cmp	r8, #0
 564 001c B8BF     		it	lt
 565 001e C8F10008 		rsblt	r8, r8, #0
 566              	.LVL39:
 229:../../libDaisy/src/hid/disp/display.h ****         int_fast16_t signX  = ((x1 < x2) ? 1 : -1);
 567              		.loc 5 229 42 view .LVU127
 568 0022 8B42     		cmp	r3, r1
 569 0024 8CBF     		ite	hi
 570 0026 4FF0010A 		movhi	r10, #1
 571 002a 4FF0FF3A 		movls	r10, #-1
 572              	.LVL40:
 230:../../libDaisy/src/hid/disp/display.h ****         int_fast16_t signY  = ((y1 < y2) ? 1 : -1);
 573              		.loc 5 230 42 view .LVU128
 574 002e 9642     		cmp	r6, r2
 231:../../libDaisy/src/hid/disp/display.h ****         int_fast16_t error  = deltaX - deltaY;
 575              		.loc 5 231 22 view .LVU129
 576 0030 A4EB080C 		sub	ip, r4, r8
 230:../../libDaisy/src/hid/disp/display.h ****         int_fast16_t signY  = ((y1 < y2) ? 1 : -1);
 577              		.loc 5 230 42 view .LVU130
 578 0034 51D8     		bhi	.L45
 579              	.LVL41:
 580              	.LBB296:
ARM GAS  C:\Users\FINNDY~1\AppData\Local\Temp\ccFWr46h.s 			page 85


 581              	.LBI296:
  29:../../libDaisy/src/hid/disp/oled_display.h **** 
  30:../../libDaisy/src/hid/disp/oled_display.h ****     /** 
  31:../../libDaisy/src/hid/disp/oled_display.h ****     Fills the entire display with either on/off.
  32:../../libDaisy/src/hid/disp/oled_display.h ****     \param on Sets on or off.
  33:../../libDaisy/src/hid/disp/oled_display.h ****     */
  34:../../libDaisy/src/hid/disp/oled_display.h ****     void Fill(bool on) override { driver_.Fill(on); }
  35:../../libDaisy/src/hid/disp/oled_display.h **** 
  36:../../libDaisy/src/hid/disp/oled_display.h ****     /**
  37:../../libDaisy/src/hid/disp/oled_display.h ****     Sets the pixel at the specified coordinate to be on/off.
  38:../../libDaisy/src/hid/disp/oled_display.h ****     \param x   x Coordinate
  39:../../libDaisy/src/hid/disp/oled_display.h ****     \param y   y coordinate
  40:../../libDaisy/src/hid/disp/oled_display.h ****     \param on  on or off
  41:../../libDaisy/src/hid/disp/oled_display.h ****     */
  42:../../libDaisy/src/hid/disp/oled_display.h ****     void DrawPixel(uint_fast8_t x, uint_fast8_t y, bool on) override
 582              		.loc 4 42 10 is_stmt 1 discriminator 4 view .LVU131
 583              	.LBB297:
 584              	.LBI297:
 585              		.file 6 "../../libDaisy/src/dev/oled_ssd130x.h"
   1:../../libDaisy/src/dev/oled_ssd130x.h **** #pragma once
   2:../../libDaisy/src/dev/oled_ssd130x.h **** #ifndef SA_OLED_SSD130X_H
   3:../../libDaisy/src/dev/oled_ssd130x.h **** #define SA_OLED_SSD130X_H /**< & */
   4:../../libDaisy/src/dev/oled_ssd130x.h **** 
   5:../../libDaisy/src/dev/oled_ssd130x.h **** #include "per/i2c.h"
   6:../../libDaisy/src/dev/oled_ssd130x.h **** #include "per/spi.h"
   7:../../libDaisy/src/dev/oled_ssd130x.h **** #include "per/gpio.h"
   8:../../libDaisy/src/dev/oled_ssd130x.h **** #include "sys/system.h"
   9:../../libDaisy/src/dev/oled_ssd130x.h **** 
  10:../../libDaisy/src/dev/oled_ssd130x.h **** namespace daisy
  11:../../libDaisy/src/dev/oled_ssd130x.h **** {
  12:../../libDaisy/src/dev/oled_ssd130x.h **** /**
  13:../../libDaisy/src/dev/oled_ssd130x.h ****  * I2C Transport for SSD1306 / SSD1309 OLED display devices
  14:../../libDaisy/src/dev/oled_ssd130x.h ****  */
  15:../../libDaisy/src/dev/oled_ssd130x.h **** class SSD130xI2CTransport
  16:../../libDaisy/src/dev/oled_ssd130x.h **** {
  17:../../libDaisy/src/dev/oled_ssd130x.h ****   public:
  18:../../libDaisy/src/dev/oled_ssd130x.h ****     struct Config
  19:../../libDaisy/src/dev/oled_ssd130x.h ****     {
  20:../../libDaisy/src/dev/oled_ssd130x.h ****         Config()
  21:../../libDaisy/src/dev/oled_ssd130x.h ****         {
  22:../../libDaisy/src/dev/oled_ssd130x.h ****             // Intialize using defaults
  23:../../libDaisy/src/dev/oled_ssd130x.h ****             Defaults();
  24:../../libDaisy/src/dev/oled_ssd130x.h ****         }
  25:../../libDaisy/src/dev/oled_ssd130x.h ****         I2CHandle::Config i2c_config;
  26:../../libDaisy/src/dev/oled_ssd130x.h ****         uint8_t           i2c_address;
  27:../../libDaisy/src/dev/oled_ssd130x.h ****         void              Defaults()
  28:../../libDaisy/src/dev/oled_ssd130x.h ****         {
  29:../../libDaisy/src/dev/oled_ssd130x.h ****             i2c_config.periph         = I2CHandle::Config::Peripheral::I2C_1;
  30:../../libDaisy/src/dev/oled_ssd130x.h ****             i2c_config.speed          = I2CHandle::Config::Speed::I2C_1MHZ;
  31:../../libDaisy/src/dev/oled_ssd130x.h ****             i2c_config.mode           = I2CHandle::Config::Mode::I2C_MASTER;
  32:../../libDaisy/src/dev/oled_ssd130x.h ****             i2c_config.pin_config.scl = {DSY_GPIOB, 8};
  33:../../libDaisy/src/dev/oled_ssd130x.h ****             i2c_config.pin_config.sda = {DSY_GPIOB, 9};
  34:../../libDaisy/src/dev/oled_ssd130x.h ****             i2c_address               = 0x3C;
  35:../../libDaisy/src/dev/oled_ssd130x.h ****         }
  36:../../libDaisy/src/dev/oled_ssd130x.h ****     };
  37:../../libDaisy/src/dev/oled_ssd130x.h ****     void Init(const Config& config)
  38:../../libDaisy/src/dev/oled_ssd130x.h ****     {
ARM GAS  C:\Users\FINNDY~1\AppData\Local\Temp\ccFWr46h.s 			page 86


  39:../../libDaisy/src/dev/oled_ssd130x.h ****         i2c_address_ = config.i2c_address;
  40:../../libDaisy/src/dev/oled_ssd130x.h ****         i2c_.Init(config.i2c_config);
  41:../../libDaisy/src/dev/oled_ssd130x.h ****     };
  42:../../libDaisy/src/dev/oled_ssd130x.h ****     void SendCommand(uint8_t cmd)
  43:../../libDaisy/src/dev/oled_ssd130x.h ****     {
  44:../../libDaisy/src/dev/oled_ssd130x.h ****         uint8_t buf[2] = {0X00, cmd};
  45:../../libDaisy/src/dev/oled_ssd130x.h ****         i2c_.TransmitBlocking(i2c_address_, buf, 2, 1000);
  46:../../libDaisy/src/dev/oled_ssd130x.h ****     };
  47:../../libDaisy/src/dev/oled_ssd130x.h **** 
  48:../../libDaisy/src/dev/oled_ssd130x.h ****     void SendData(uint8_t* buff, size_t size)
  49:../../libDaisy/src/dev/oled_ssd130x.h ****     {
  50:../../libDaisy/src/dev/oled_ssd130x.h ****         for(size_t i = 0; i < size; i++)
  51:../../libDaisy/src/dev/oled_ssd130x.h ****         {
  52:../../libDaisy/src/dev/oled_ssd130x.h ****             uint8_t buf[2] = {0X40, buff[i]};
  53:../../libDaisy/src/dev/oled_ssd130x.h ****             i2c_.TransmitBlocking(i2c_address_, buf, 2, 1000);
  54:../../libDaisy/src/dev/oled_ssd130x.h ****         }
  55:../../libDaisy/src/dev/oled_ssd130x.h ****     };
  56:../../libDaisy/src/dev/oled_ssd130x.h **** 
  57:../../libDaisy/src/dev/oled_ssd130x.h ****   private:
  58:../../libDaisy/src/dev/oled_ssd130x.h ****     daisy::I2CHandle i2c_;
  59:../../libDaisy/src/dev/oled_ssd130x.h ****     uint8_t          i2c_address_;
  60:../../libDaisy/src/dev/oled_ssd130x.h **** };
  61:../../libDaisy/src/dev/oled_ssd130x.h **** 
  62:../../libDaisy/src/dev/oled_ssd130x.h **** /**
  63:../../libDaisy/src/dev/oled_ssd130x.h ****  * 4 Wire SPI Transport for SSD1306 / SSD1309 OLED display devices
  64:../../libDaisy/src/dev/oled_ssd130x.h ****  */
  65:../../libDaisy/src/dev/oled_ssd130x.h **** class SSD130x4WireSpiTransport
  66:../../libDaisy/src/dev/oled_ssd130x.h **** {
  67:../../libDaisy/src/dev/oled_ssd130x.h ****   public:
  68:../../libDaisy/src/dev/oled_ssd130x.h ****     struct Config
  69:../../libDaisy/src/dev/oled_ssd130x.h ****     {
  70:../../libDaisy/src/dev/oled_ssd130x.h ****         Config()
  71:../../libDaisy/src/dev/oled_ssd130x.h ****         {
  72:../../libDaisy/src/dev/oled_ssd130x.h ****             // Initialize using defaults
  73:../../libDaisy/src/dev/oled_ssd130x.h ****             Defaults();
  74:../../libDaisy/src/dev/oled_ssd130x.h ****         }
  75:../../libDaisy/src/dev/oled_ssd130x.h ****         SpiHandle::Config spi_config;
  76:../../libDaisy/src/dev/oled_ssd130x.h ****         struct
  77:../../libDaisy/src/dev/oled_ssd130x.h ****         {
  78:../../libDaisy/src/dev/oled_ssd130x.h ****             dsy_gpio_pin dc;    /**< & */
  79:../../libDaisy/src/dev/oled_ssd130x.h ****             dsy_gpio_pin reset; /**< & */
  80:../../libDaisy/src/dev/oled_ssd130x.h ****         } pin_config;
  81:../../libDaisy/src/dev/oled_ssd130x.h ****         void Defaults()
  82:../../libDaisy/src/dev/oled_ssd130x.h ****         {
  83:../../libDaisy/src/dev/oled_ssd130x.h ****             // SPI peripheral config
  84:../../libDaisy/src/dev/oled_ssd130x.h ****             spi_config.periph = SpiHandle::Config::Peripheral::SPI_1;
  85:../../libDaisy/src/dev/oled_ssd130x.h ****             spi_config.mode   = SpiHandle::Config::Mode::MASTER;
  86:../../libDaisy/src/dev/oled_ssd130x.h ****             spi_config.direction
  87:../../libDaisy/src/dev/oled_ssd130x.h ****                 = SpiHandle::Config::Direction::TWO_LINES_TX_ONLY;
  88:../../libDaisy/src/dev/oled_ssd130x.h ****             spi_config.datasize       = 8;
  89:../../libDaisy/src/dev/oled_ssd130x.h ****             spi_config.clock_polarity = SpiHandle::Config::ClockPolarity::LOW;
  90:../../libDaisy/src/dev/oled_ssd130x.h ****             spi_config.clock_phase    = SpiHandle::Config::ClockPhase::ONE_EDGE;
  91:../../libDaisy/src/dev/oled_ssd130x.h ****             spi_config.nss            = SpiHandle::Config::NSS::HARD_OUTPUT;
  92:../../libDaisy/src/dev/oled_ssd130x.h ****             spi_config.baud_prescaler = SpiHandle::Config::BaudPrescaler::PS_8;
  93:../../libDaisy/src/dev/oled_ssd130x.h ****             // SPI pin config
  94:../../libDaisy/src/dev/oled_ssd130x.h ****             spi_config.pin_config.sclk = {DSY_GPIOG, 11};
  95:../../libDaisy/src/dev/oled_ssd130x.h ****             spi_config.pin_config.miso = {DSY_GPIOX, 0};
ARM GAS  C:\Users\FINNDY~1\AppData\Local\Temp\ccFWr46h.s 			page 87


  96:../../libDaisy/src/dev/oled_ssd130x.h ****             spi_config.pin_config.mosi = {DSY_GPIOB, 5};
  97:../../libDaisy/src/dev/oled_ssd130x.h ****             spi_config.pin_config.nss  = {DSY_GPIOG, 10};
  98:../../libDaisy/src/dev/oled_ssd130x.h ****             // SSD130x control pin config
  99:../../libDaisy/src/dev/oled_ssd130x.h ****             pin_config.dc    = {DSY_GPIOB, 4};
 100:../../libDaisy/src/dev/oled_ssd130x.h ****             pin_config.reset = {DSY_GPIOB, 15};
 101:../../libDaisy/src/dev/oled_ssd130x.h ****         }
 102:../../libDaisy/src/dev/oled_ssd130x.h ****     };
 103:../../libDaisy/src/dev/oled_ssd130x.h ****     void Init(const Config& config)
 104:../../libDaisy/src/dev/oled_ssd130x.h ****     {
 105:../../libDaisy/src/dev/oled_ssd130x.h ****         // Initialize both GPIO
 106:../../libDaisy/src/dev/oled_ssd130x.h ****         pin_dc_.mode = DSY_GPIO_MODE_OUTPUT_PP;
 107:../../libDaisy/src/dev/oled_ssd130x.h ****         pin_dc_.pin  = config.pin_config.dc;
 108:../../libDaisy/src/dev/oled_ssd130x.h ****         dsy_gpio_init(&pin_dc_);
 109:../../libDaisy/src/dev/oled_ssd130x.h ****         pin_reset_.mode = DSY_GPIO_MODE_OUTPUT_PP;
 110:../../libDaisy/src/dev/oled_ssd130x.h ****         pin_reset_.pin  = config.pin_config.reset;
 111:../../libDaisy/src/dev/oled_ssd130x.h ****         dsy_gpio_init(&pin_reset_);
 112:../../libDaisy/src/dev/oled_ssd130x.h **** 
 113:../../libDaisy/src/dev/oled_ssd130x.h ****         // Initialize SPI
 114:../../libDaisy/src/dev/oled_ssd130x.h ****         spi_.Init(config.spi_config);
 115:../../libDaisy/src/dev/oled_ssd130x.h **** 
 116:../../libDaisy/src/dev/oled_ssd130x.h ****         // Reset and Configure OLED.
 117:../../libDaisy/src/dev/oled_ssd130x.h ****         dsy_gpio_write(&pin_reset_, 0);
 118:../../libDaisy/src/dev/oled_ssd130x.h ****         System::Delay(10);
 119:../../libDaisy/src/dev/oled_ssd130x.h ****         dsy_gpio_write(&pin_reset_, 1);
 120:../../libDaisy/src/dev/oled_ssd130x.h ****         System::Delay(10);
 121:../../libDaisy/src/dev/oled_ssd130x.h ****     };
 122:../../libDaisy/src/dev/oled_ssd130x.h ****     void SendCommand(uint8_t cmd)
 123:../../libDaisy/src/dev/oled_ssd130x.h ****     {
 124:../../libDaisy/src/dev/oled_ssd130x.h ****         dsy_gpio_write(&pin_dc_, 0);
 125:../../libDaisy/src/dev/oled_ssd130x.h ****         spi_.BlockingTransmit(&cmd, 1);
 126:../../libDaisy/src/dev/oled_ssd130x.h ****     };
 127:../../libDaisy/src/dev/oled_ssd130x.h **** 
 128:../../libDaisy/src/dev/oled_ssd130x.h ****     void SendData(uint8_t* buff, size_t size)
 129:../../libDaisy/src/dev/oled_ssd130x.h ****     {
 130:../../libDaisy/src/dev/oled_ssd130x.h ****         dsy_gpio_write(&pin_dc_, 1);
 131:../../libDaisy/src/dev/oled_ssd130x.h ****         spi_.BlockingTransmit(buff, size);
 132:../../libDaisy/src/dev/oled_ssd130x.h ****     };
 133:../../libDaisy/src/dev/oled_ssd130x.h **** 
 134:../../libDaisy/src/dev/oled_ssd130x.h ****   private:
 135:../../libDaisy/src/dev/oled_ssd130x.h ****     SpiHandle spi_;
 136:../../libDaisy/src/dev/oled_ssd130x.h ****     dsy_gpio  pin_reset_;
 137:../../libDaisy/src/dev/oled_ssd130x.h ****     dsy_gpio  pin_dc_;
 138:../../libDaisy/src/dev/oled_ssd130x.h **** };
 139:../../libDaisy/src/dev/oled_ssd130x.h **** 
 140:../../libDaisy/src/dev/oled_ssd130x.h **** /**
 141:../../libDaisy/src/dev/oled_ssd130x.h ****  * Soft SPI Transport for SSD1306 / SSD1309 OLED display devices
 142:../../libDaisy/src/dev/oled_ssd130x.h ****  */
 143:../../libDaisy/src/dev/oled_ssd130x.h **** class SSD130x4WireSoftSpiTransport
 144:../../libDaisy/src/dev/oled_ssd130x.h **** {
 145:../../libDaisy/src/dev/oled_ssd130x.h ****   public:
 146:../../libDaisy/src/dev/oled_ssd130x.h ****     struct Config
 147:../../libDaisy/src/dev/oled_ssd130x.h ****     {
 148:../../libDaisy/src/dev/oled_ssd130x.h ****         Config()
 149:../../libDaisy/src/dev/oled_ssd130x.h ****         {
 150:../../libDaisy/src/dev/oled_ssd130x.h ****             // Initialize using defaults
 151:../../libDaisy/src/dev/oled_ssd130x.h ****             Defaults();
 152:../../libDaisy/src/dev/oled_ssd130x.h ****         }
ARM GAS  C:\Users\FINNDY~1\AppData\Local\Temp\ccFWr46h.s 			page 88


 153:../../libDaisy/src/dev/oled_ssd130x.h ****         struct
 154:../../libDaisy/src/dev/oled_ssd130x.h ****         {
 155:../../libDaisy/src/dev/oled_ssd130x.h ****             uint32_t     sclk_delay;
 156:../../libDaisy/src/dev/oled_ssd130x.h ****             dsy_gpio_pin sclk;
 157:../../libDaisy/src/dev/oled_ssd130x.h ****             dsy_gpio_pin mosi;
 158:../../libDaisy/src/dev/oled_ssd130x.h ****             dsy_gpio_pin dc;
 159:../../libDaisy/src/dev/oled_ssd130x.h ****             dsy_gpio_pin reset;
 160:../../libDaisy/src/dev/oled_ssd130x.h ****         } pin_config;
 161:../../libDaisy/src/dev/oled_ssd130x.h ****         void Defaults()
 162:../../libDaisy/src/dev/oled_ssd130x.h ****         {
 163:../../libDaisy/src/dev/oled_ssd130x.h ****             pin_config.sclk_delay = 0; // fast as possible?!
 164:../../libDaisy/src/dev/oled_ssd130x.h ****             // SPI peripheral config
 165:../../libDaisy/src/dev/oled_ssd130x.h ****             pin_config.sclk = {DSY_GPIOD, 3}; /**< D10 - SPI2 SCK  */
 166:../../libDaisy/src/dev/oled_ssd130x.h ****             pin_config.mosi = {DSY_GPIOC, 3}; /**< D9  - SPI2 MOSI */
 167:../../libDaisy/src/dev/oled_ssd130x.h ****             // SSD130x control pin config
 168:../../libDaisy/src/dev/oled_ssd130x.h ****             pin_config.dc    = {DSY_GPIOC, 11}; //D2
 169:../../libDaisy/src/dev/oled_ssd130x.h ****             pin_config.reset = {DSY_GPIOC, 10}; //D3
 170:../../libDaisy/src/dev/oled_ssd130x.h ****         }
 171:../../libDaisy/src/dev/oled_ssd130x.h ****     };
 172:../../libDaisy/src/dev/oled_ssd130x.h ****     void Init(const Config& config)
 173:../../libDaisy/src/dev/oled_ssd130x.h ****     {
 174:../../libDaisy/src/dev/oled_ssd130x.h ****         // Initialize both GPIO
 175:../../libDaisy/src/dev/oled_ssd130x.h ****         pin_sclk_.mode = DSY_GPIO_MODE_OUTPUT_PP;
 176:../../libDaisy/src/dev/oled_ssd130x.h ****         pin_sclk_.pin  = config.pin_config.sclk;
 177:../../libDaisy/src/dev/oled_ssd130x.h ****         dsy_gpio_init(&pin_sclk_);
 178:../../libDaisy/src/dev/oled_ssd130x.h ****         dsy_gpio_write(&pin_sclk_, 1); //ClockPolarity::LOW
 179:../../libDaisy/src/dev/oled_ssd130x.h ****         clk_delay      = config.pin_config.sclk_delay;
 180:../../libDaisy/src/dev/oled_ssd130x.h ****         pin_mosi_.mode = DSY_GPIO_MODE_OUTPUT_PP;
 181:../../libDaisy/src/dev/oled_ssd130x.h ****         pin_mosi_.pin  = config.pin_config.mosi;
 182:../../libDaisy/src/dev/oled_ssd130x.h ****         dsy_gpio_init(&pin_mosi_);
 183:../../libDaisy/src/dev/oled_ssd130x.h ****         dsy_gpio_write(&pin_mosi_, 0);
 184:../../libDaisy/src/dev/oled_ssd130x.h **** 
 185:../../libDaisy/src/dev/oled_ssd130x.h ****         pin_dc_.mode = DSY_GPIO_MODE_OUTPUT_PP;
 186:../../libDaisy/src/dev/oled_ssd130x.h ****         pin_dc_.pin  = config.pin_config.dc;
 187:../../libDaisy/src/dev/oled_ssd130x.h ****         dsy_gpio_init(&pin_dc_);
 188:../../libDaisy/src/dev/oled_ssd130x.h ****         pin_reset_.mode = DSY_GPIO_MODE_OUTPUT_PP;
 189:../../libDaisy/src/dev/oled_ssd130x.h ****         pin_reset_.pin  = config.pin_config.reset;
 190:../../libDaisy/src/dev/oled_ssd130x.h ****         dsy_gpio_init(&pin_reset_);
 191:../../libDaisy/src/dev/oled_ssd130x.h **** 
 192:../../libDaisy/src/dev/oled_ssd130x.h ****         // Reset and Configure OLED.
 193:../../libDaisy/src/dev/oled_ssd130x.h ****         dsy_gpio_write(&pin_reset_, 0);
 194:../../libDaisy/src/dev/oled_ssd130x.h ****         System::Delay(10);
 195:../../libDaisy/src/dev/oled_ssd130x.h ****         dsy_gpio_write(&pin_reset_, 1);
 196:../../libDaisy/src/dev/oled_ssd130x.h ****         System::Delay(10);
 197:../../libDaisy/src/dev/oled_ssd130x.h ****     };
 198:../../libDaisy/src/dev/oled_ssd130x.h ****     void SendCommand(uint8_t cmd)
 199:../../libDaisy/src/dev/oled_ssd130x.h ****     {
 200:../../libDaisy/src/dev/oled_ssd130x.h ****         dsy_gpio_write(&pin_dc_, 0);
 201:../../libDaisy/src/dev/oled_ssd130x.h ****         SoftSpiTransmit(cmd);
 202:../../libDaisy/src/dev/oled_ssd130x.h ****     };
 203:../../libDaisy/src/dev/oled_ssd130x.h **** 
 204:../../libDaisy/src/dev/oled_ssd130x.h ****     void SendData(uint8_t* buff, size_t size)
 205:../../libDaisy/src/dev/oled_ssd130x.h ****     {
 206:../../libDaisy/src/dev/oled_ssd130x.h ****         dsy_gpio_write(&pin_dc_, 1);
 207:../../libDaisy/src/dev/oled_ssd130x.h ****         for(size_t i = 0; i < size; i++)
 208:../../libDaisy/src/dev/oled_ssd130x.h ****             SoftSpiTransmit(buff[i]);
 209:../../libDaisy/src/dev/oled_ssd130x.h ****     };
ARM GAS  C:\Users\FINNDY~1\AppData\Local\Temp\ccFWr46h.s 			page 89


 210:../../libDaisy/src/dev/oled_ssd130x.h **** 
 211:../../libDaisy/src/dev/oled_ssd130x.h ****   private:
 212:../../libDaisy/src/dev/oled_ssd130x.h ****     void SoftSpiTransmit(uint8_t val)
 213:../../libDaisy/src/dev/oled_ssd130x.h ****     {
 214:../../libDaisy/src/dev/oled_ssd130x.h ****         // bit flip
 215:../../libDaisy/src/dev/oled_ssd130x.h ****         val = ((val & 0x01) << 7) | ((val & 0x02) << 5) | ((val & 0x04) << 3)
 216:../../libDaisy/src/dev/oled_ssd130x.h ****               | ((val & 0x08) << 1) | ((val & 0x10) >> 1) | ((val & 0x20) >> 3)
 217:../../libDaisy/src/dev/oled_ssd130x.h ****               | ((val & 0x40) >> 5) | ((val & 0x80) >> 7);
 218:../../libDaisy/src/dev/oled_ssd130x.h **** 
 219:../../libDaisy/src/dev/oled_ssd130x.h ****         for(uint8_t bit = 0u; bit < 8u; bit++)
 220:../../libDaisy/src/dev/oled_ssd130x.h ****         {
 221:../../libDaisy/src/dev/oled_ssd130x.h ****             dsy_gpio_write(&pin_mosi_, ((val & (1 << bit)) ? 1 : 0));
 222:../../libDaisy/src/dev/oled_ssd130x.h **** 
 223:../../libDaisy/src/dev/oled_ssd130x.h ****             System::DelayTicks(clk_delay);
 224:../../libDaisy/src/dev/oled_ssd130x.h **** 
 225:../../libDaisy/src/dev/oled_ssd130x.h ****             dsy_gpio_toggle(&pin_sclk_);
 226:../../libDaisy/src/dev/oled_ssd130x.h **** 
 227:../../libDaisy/src/dev/oled_ssd130x.h ****             System::DelayTicks(clk_delay);
 228:../../libDaisy/src/dev/oled_ssd130x.h **** 
 229:../../libDaisy/src/dev/oled_ssd130x.h ****             dsy_gpio_toggle(&pin_sclk_);
 230:../../libDaisy/src/dev/oled_ssd130x.h ****         }
 231:../../libDaisy/src/dev/oled_ssd130x.h ****     }
 232:../../libDaisy/src/dev/oled_ssd130x.h **** 
 233:../../libDaisy/src/dev/oled_ssd130x.h ****     uint32_t clk_delay;
 234:../../libDaisy/src/dev/oled_ssd130x.h ****     dsy_gpio pin_sclk_;
 235:../../libDaisy/src/dev/oled_ssd130x.h ****     dsy_gpio pin_mosi_;
 236:../../libDaisy/src/dev/oled_ssd130x.h ****     dsy_gpio pin_reset_;
 237:../../libDaisy/src/dev/oled_ssd130x.h ****     dsy_gpio pin_dc_;
 238:../../libDaisy/src/dev/oled_ssd130x.h **** };
 239:../../libDaisy/src/dev/oled_ssd130x.h **** 
 240:../../libDaisy/src/dev/oled_ssd130x.h **** 
 241:../../libDaisy/src/dev/oled_ssd130x.h **** /**
 242:../../libDaisy/src/dev/oled_ssd130x.h ****  * A driver implementation for the SSD1306/SSD1309
 243:../../libDaisy/src/dev/oled_ssd130x.h ****  */
 244:../../libDaisy/src/dev/oled_ssd130x.h **** template <size_t width, size_t height, typename Transport>
 245:../../libDaisy/src/dev/oled_ssd130x.h **** class SSD130xDriver
 246:../../libDaisy/src/dev/oled_ssd130x.h **** {
 247:../../libDaisy/src/dev/oled_ssd130x.h ****   public:
 248:../../libDaisy/src/dev/oled_ssd130x.h ****     struct Config
 249:../../libDaisy/src/dev/oled_ssd130x.h ****     {
 250:../../libDaisy/src/dev/oled_ssd130x.h ****         typename Transport::Config transport_config;
 251:../../libDaisy/src/dev/oled_ssd130x.h ****     };
 252:../../libDaisy/src/dev/oled_ssd130x.h **** 
 253:../../libDaisy/src/dev/oled_ssd130x.h ****     void Init(Config config)
 254:../../libDaisy/src/dev/oled_ssd130x.h ****     {
 255:../../libDaisy/src/dev/oled_ssd130x.h ****         transport_.Init(config.transport_config);
 256:../../libDaisy/src/dev/oled_ssd130x.h **** 
 257:../../libDaisy/src/dev/oled_ssd130x.h ****         // Init routine...
 258:../../libDaisy/src/dev/oled_ssd130x.h **** 
 259:../../libDaisy/src/dev/oled_ssd130x.h ****         // Display Off
 260:../../libDaisy/src/dev/oled_ssd130x.h ****         transport_.SendCommand(0xaE);
 261:../../libDaisy/src/dev/oled_ssd130x.h ****         // Dimension dependent commands...
 262:../../libDaisy/src/dev/oled_ssd130x.h ****         switch(height)
 263:../../libDaisy/src/dev/oled_ssd130x.h ****         {
 264:../../libDaisy/src/dev/oled_ssd130x.h ****             case 16:
 265:../../libDaisy/src/dev/oled_ssd130x.h ****                 // Display Clock Divide Ratio
 266:../../libDaisy/src/dev/oled_ssd130x.h ****                 transport_.SendCommand(0xD5);
ARM GAS  C:\Users\FINNDY~1\AppData\Local\Temp\ccFWr46h.s 			page 90


 267:../../libDaisy/src/dev/oled_ssd130x.h ****                 transport_.SendCommand(0x60);
 268:../../libDaisy/src/dev/oled_ssd130x.h ****                 // Multiplex Ratio
 269:../../libDaisy/src/dev/oled_ssd130x.h ****                 transport_.SendCommand(0xA8);
 270:../../libDaisy/src/dev/oled_ssd130x.h ****                 transport_.SendCommand(0x0F);
 271:../../libDaisy/src/dev/oled_ssd130x.h ****                 // COM Pins
 272:../../libDaisy/src/dev/oled_ssd130x.h ****                 transport_.SendCommand(0xDA);
 273:../../libDaisy/src/dev/oled_ssd130x.h ****                 transport_.SendCommand(0x02);
 274:../../libDaisy/src/dev/oled_ssd130x.h ****                 break;
 275:../../libDaisy/src/dev/oled_ssd130x.h ****             case 32:
 276:../../libDaisy/src/dev/oled_ssd130x.h ****                 // Display Clock Divide Ratio
 277:../../libDaisy/src/dev/oled_ssd130x.h ****                 transport_.SendCommand(0xD5);
 278:../../libDaisy/src/dev/oled_ssd130x.h ****                 transport_.SendCommand(0x80);
 279:../../libDaisy/src/dev/oled_ssd130x.h ****                 // Multiplex Ratio
 280:../../libDaisy/src/dev/oled_ssd130x.h ****                 transport_.SendCommand(0xA8);
 281:../../libDaisy/src/dev/oled_ssd130x.h ****                 transport_.SendCommand(0x1F);
 282:../../libDaisy/src/dev/oled_ssd130x.h ****                 // COM Pins
 283:../../libDaisy/src/dev/oled_ssd130x.h ****                 transport_.SendCommand(0xDA);
 284:../../libDaisy/src/dev/oled_ssd130x.h ****                 if(width == 64)
 285:../../libDaisy/src/dev/oled_ssd130x.h ****                 {
 286:../../libDaisy/src/dev/oled_ssd130x.h ****                     transport_.SendCommand(0x12);
 287:../../libDaisy/src/dev/oled_ssd130x.h ****                 }
 288:../../libDaisy/src/dev/oled_ssd130x.h ****                 else
 289:../../libDaisy/src/dev/oled_ssd130x.h ****                 {
 290:../../libDaisy/src/dev/oled_ssd130x.h ****                     transport_.SendCommand(0x02);
 291:../../libDaisy/src/dev/oled_ssd130x.h ****                 }
 292:../../libDaisy/src/dev/oled_ssd130x.h **** 
 293:../../libDaisy/src/dev/oled_ssd130x.h ****                 break;
 294:../../libDaisy/src/dev/oled_ssd130x.h ****             case 48:
 295:../../libDaisy/src/dev/oled_ssd130x.h ****                 // Display Clock Divide Ratio
 296:../../libDaisy/src/dev/oled_ssd130x.h ****                 transport_.SendCommand(0xD5);
 297:../../libDaisy/src/dev/oled_ssd130x.h ****                 transport_.SendCommand(0x80);
 298:../../libDaisy/src/dev/oled_ssd130x.h ****                 // Multiplex Ratio
 299:../../libDaisy/src/dev/oled_ssd130x.h ****                 transport_.SendCommand(0xA8);
 300:../../libDaisy/src/dev/oled_ssd130x.h ****                 transport_.SendCommand(0x2F);
 301:../../libDaisy/src/dev/oled_ssd130x.h ****                 // COM Pins
 302:../../libDaisy/src/dev/oled_ssd130x.h ****                 transport_.SendCommand(0xDA);
 303:../../libDaisy/src/dev/oled_ssd130x.h ****                 transport_.SendCommand(0x12);
 304:../../libDaisy/src/dev/oled_ssd130x.h ****                 break;
 305:../../libDaisy/src/dev/oled_ssd130x.h ****             default: // 128
 306:../../libDaisy/src/dev/oled_ssd130x.h ****                 // Display Clock Divide Ratio
 307:../../libDaisy/src/dev/oled_ssd130x.h ****                 transport_.SendCommand(0xD5);
 308:../../libDaisy/src/dev/oled_ssd130x.h ****                 transport_.SendCommand(0x80);
 309:../../libDaisy/src/dev/oled_ssd130x.h ****                 // Multiplex Ratio
 310:../../libDaisy/src/dev/oled_ssd130x.h ****                 transport_.SendCommand(0xA8);
 311:../../libDaisy/src/dev/oled_ssd130x.h ****                 transport_.SendCommand(0x3F);
 312:../../libDaisy/src/dev/oled_ssd130x.h ****                 // COM Pins
 313:../../libDaisy/src/dev/oled_ssd130x.h ****                 transport_.SendCommand(0xDA);
 314:../../libDaisy/src/dev/oled_ssd130x.h ****                 transport_.SendCommand(0x12);
 315:../../libDaisy/src/dev/oled_ssd130x.h ****                 break;
 316:../../libDaisy/src/dev/oled_ssd130x.h ****         }
 317:../../libDaisy/src/dev/oled_ssd130x.h **** 
 318:../../libDaisy/src/dev/oled_ssd130x.h ****         // Display Offset
 319:../../libDaisy/src/dev/oled_ssd130x.h ****         transport_.SendCommand(0xD3);
 320:../../libDaisy/src/dev/oled_ssd130x.h ****         transport_.SendCommand(0x00);
 321:../../libDaisy/src/dev/oled_ssd130x.h ****         // Start Line Address
 322:../../libDaisy/src/dev/oled_ssd130x.h ****         transport_.SendCommand(0x40);
 323:../../libDaisy/src/dev/oled_ssd130x.h ****         // Normal Display
ARM GAS  C:\Users\FINNDY~1\AppData\Local\Temp\ccFWr46h.s 			page 91


 324:../../libDaisy/src/dev/oled_ssd130x.h ****         transport_.SendCommand(0xA6);
 325:../../libDaisy/src/dev/oled_ssd130x.h ****         // All On Resume
 326:../../libDaisy/src/dev/oled_ssd130x.h ****         transport_.SendCommand(0xA4);
 327:../../libDaisy/src/dev/oled_ssd130x.h ****         // Charge Pump
 328:../../libDaisy/src/dev/oled_ssd130x.h ****         transport_.SendCommand(0x8D);
 329:../../libDaisy/src/dev/oled_ssd130x.h ****         transport_.SendCommand(0x14);
 330:../../libDaisy/src/dev/oled_ssd130x.h ****         // Set Segment Remap
 331:../../libDaisy/src/dev/oled_ssd130x.h ****         transport_.SendCommand(0xA1);
 332:../../libDaisy/src/dev/oled_ssd130x.h ****         // COM Output Scan Direction
 333:../../libDaisy/src/dev/oled_ssd130x.h ****         transport_.SendCommand(0xC8);
 334:../../libDaisy/src/dev/oled_ssd130x.h ****         // Contrast Control
 335:../../libDaisy/src/dev/oled_ssd130x.h ****         transport_.SendCommand(0x81);
 336:../../libDaisy/src/dev/oled_ssd130x.h ****         transport_.SendCommand(0x8F);
 337:../../libDaisy/src/dev/oled_ssd130x.h ****         // Pre Charge
 338:../../libDaisy/src/dev/oled_ssd130x.h ****         transport_.SendCommand(0xD9);
 339:../../libDaisy/src/dev/oled_ssd130x.h ****         transport_.SendCommand(0x25);
 340:../../libDaisy/src/dev/oled_ssd130x.h ****         // VCOM Detect
 341:../../libDaisy/src/dev/oled_ssd130x.h ****         transport_.SendCommand(0xDB);
 342:../../libDaisy/src/dev/oled_ssd130x.h ****         transport_.SendCommand(0x34);
 343:../../libDaisy/src/dev/oled_ssd130x.h **** 
 344:../../libDaisy/src/dev/oled_ssd130x.h **** 
 345:../../libDaisy/src/dev/oled_ssd130x.h ****         // Display On
 346:../../libDaisy/src/dev/oled_ssd130x.h ****         transport_.SendCommand(0xAF); //--turn on oled panel
 347:../../libDaisy/src/dev/oled_ssd130x.h ****     };
 348:../../libDaisy/src/dev/oled_ssd130x.h **** 
 349:../../libDaisy/src/dev/oled_ssd130x.h ****     size_t Width() const { return width; };
 350:../../libDaisy/src/dev/oled_ssd130x.h ****     size_t Height() const { return height; };
 351:../../libDaisy/src/dev/oled_ssd130x.h **** 
 352:../../libDaisy/src/dev/oled_ssd130x.h ****     void DrawPixel(uint_fast8_t x, uint_fast8_t y, bool on)
 586              		.loc 6 352 10 discriminator 4 view .LVU132
 587              	.LBE297:
 588              	.LBE296:
 230:../../libDaisy/src/hid/disp/display.h ****         int_fast16_t error  = deltaX - deltaY;
 589              		.loc 5 230 42 is_stmt 0 discriminator 4 view .LVU133
 590 0036 4FF0FF35 		mov	r5, #-1
 591              	.LBB313:
 592              	.LBB307:
 593              	.LBB298:
 353:../../libDaisy/src/dev/oled_ssd130x.h ****     {
 354:../../libDaisy/src/dev/oled_ssd130x.h ****         if(x >= width || y >= height)
 594              		.loc 6 354 9 discriminator 4 view .LVU134
 595 003a 7F2B     		cmp	r3, #127
 596              	.LBE298:
 597              	.LBE307:
 598              	.LBE313:
 230:../../libDaisy/src/hid/disp/display.h ****         int_fast16_t error  = deltaX - deltaY;
 599              		.loc 5 230 42 discriminator 4 view .LVU135
 600 003c 0195     		str	r5, [sp, #4]
 601              	.LBB314:
 602              	.LBB308:
 603              	.LBB303:
 604              		.loc 6 354 9 discriminator 4 view .LVU136
 605 003e 12D8     		bhi	.L46
 606 0040 3F2E     		cmp	r6, #63
 607 0042 10D8     		bhi	.L46
 608              	.LVL42:
 609              	.L57:
ARM GAS  C:\Users\FINNDY~1\AppData\Local\Temp\ccFWr46h.s 			page 92


 355:../../libDaisy/src/dev/oled_ssd130x.h ****             return;
 356:../../libDaisy/src/dev/oled_ssd130x.h ****         if(on)
 357:../../libDaisy/src/dev/oled_ssd130x.h ****             buffer_[x + (y / 8) * width] |= (1 << (y % 8));
 610              		.loc 6 357 28 view .LVU137
 611 0044 F508     		lsrs	r5, r6, #3
 612              		.loc 6 357 54 view .LVU138
 613 0046 06F0070E 		and	lr, r6, #7
 614              		.loc 6 357 48 view .LVU139
 615 004a 0127     		movs	r7, #1
 616              		.loc 6 357 42 view .LVU140
 617 004c 03EBC515 		add	r5, r3, r5, lsl #7
 618 0050 0544     		add	r5, r5, r0
 356:../../libDaisy/src/dev/oled_ssd130x.h ****             buffer_[x + (y / 8) * width] |= (1 << (y % 8));
 619              		.loc 6 356 9 view .LVU141
 620 0052 B9F1000F 		cmp	r9, #0
 621 0056 47D0     		beq	.L47
 622              		.loc 6 357 48 view .LVU142
 623 0058 07FA0EF7 		lsl	r7, r7, lr
 624              		.loc 6 357 42 view .LVU143
 625 005c 95F810E0 		ldrb	lr, [r5, #16]	@ zero_extendqisi2
 626 0060 47EA0E07 		orr	r7, r7, lr
 627 0064 2F74     		strb	r7, [r5, #16]
 628              	.LVL43:
 629              	.L46:
 630              		.loc 6 357 42 view .LVU144
 631              	.LBE303:
 632              	.LBE308:
 633              	.LBE314:
 232:../../libDaisy/src/hid/disp/display.h ****         int_fast16_t error2;
 233:../../libDaisy/src/hid/disp/display.h **** 
 234:../../libDaisy/src/hid/disp/display.h ****         // If we write "ChildType::DrawPixel(x2, y2, on);", we end up with
 235:../../libDaisy/src/hid/disp/display.h ****         // all sorts of weird compiler errors when the Child class is a template
 236:../../libDaisy/src/hid/disp/display.h ****         // class. The only way around this is to use this very verbose syntax:
 237:../../libDaisy/src/hid/disp/display.h ****         ((ChildType*)(this))->ChildType::DrawPixel(x2, y2, on);
 238:../../libDaisy/src/hid/disp/display.h **** 
 239:../../libDaisy/src/hid/disp/display.h ****         while((x1 != x2) || (y1 != y2))
 634              		.loc 5 239 26 is_stmt 1 view .LVU145
 635 0066 9642     		cmp	r6, r2
 636 0068 01D1     		bne	.L50
 637              	.L69:
 638              		.loc 5 239 26 is_stmt 0 view .LVU146
 639 006a 8B42     		cmp	r3, r1
 640 006c 29D0     		beq	.L43
 641              	.L50:
 642              	.LVL44:
 240:../../libDaisy/src/hid/disp/display.h ****         {
 241:../../libDaisy/src/hid/disp/display.h ****             ((ChildType*)(this))->ChildType::DrawPixel(x1, y1, on);
 242:../../libDaisy/src/hid/disp/display.h ****             error2 = error * 2;
 243:../../libDaisy/src/hid/disp/display.h ****             if(error2 > -deltaY)
 643              		.loc 5 243 23 view .LVU147
 644 006e C8F10007 		rsb	r7, r8, #0
 645              	.L52:
 646              	.LVL45:
 647              	.LBB315:
 648              	.LBI315:
 649              		.loc 4 42 10 is_stmt 1 view .LVU148
 650              	.LBB316:
ARM GAS  C:\Users\FINNDY~1\AppData\Local\Temp\ccFWr46h.s 			page 93


 651              	.LBI316:
 352:../../libDaisy/src/dev/oled_ssd130x.h ****     {
 652              		.loc 6 352 10 view .LVU149
 653              	.LBB317:
 354:../../libDaisy/src/dev/oled_ssd130x.h ****             return;
 654              		.loc 6 354 9 is_stmt 0 view .LVU150
 655 0072 7F29     		cmp	r1, #127
 656 0074 14D8     		bhi	.L53
 657 0076 3F2A     		cmp	r2, #63
 658 0078 12D8     		bhi	.L53
 659              		.loc 6 357 28 view .LVU151
 660 007a D508     		lsrs	r5, r2, #3
 661              		.loc 6 357 54 view .LVU152
 662 007c 02F0070B 		and	fp, r2, #7
 663              		.loc 6 357 48 view .LVU153
 664 0080 4FF0010E 		mov	lr, #1
 665              		.loc 6 357 42 view .LVU154
 666 0084 01EBC515 		add	r5, r1, r5, lsl #7
 667 0088 0544     		add	r5, r5, r0
 356:../../libDaisy/src/dev/oled_ssd130x.h ****             buffer_[x + (y / 8) * width] |= (1 << (y % 8));
 668              		.loc 6 356 9 view .LVU155
 669 008a B9F1000F 		cmp	r9, #0
 670 008e 1BD0     		beq	.L54
 671              		.loc 6 357 48 view .LVU156
 672 0090 0EFA0BFE 		lsl	lr, lr, fp
 673              		.loc 6 357 42 view .LVU157
 674 0094 95F810B0 		ldrb	fp, [r5, #16]	@ zero_extendqisi2
 675 0098 4EEA0B0E 		orr	lr, lr, fp
 676 009c 85F810E0 		strb	lr, [r5, #16]
 677              	.L53:
 678              	.LVL46:
 679              		.loc 6 357 42 view .LVU158
 680              	.LBE317:
 681              	.LBE316:
 682              	.LBE315:
 683              		.loc 5 243 13 view .LVU159
 684 00a0 B7EB4C0F 		cmp	r7, ip, lsl #1
 242:../../libDaisy/src/hid/disp/display.h ****             if(error2 > -deltaY)
 685              		.loc 5 242 20 view .LVU160
 686 00a4 4FEA4C05 		lsl	r5, ip, #1
 687              	.LVL47:
 688              		.loc 5 243 13 view .LVU161
 689 00a8 02DA     		bge	.L55
 244:../../libDaisy/src/hid/disp/display.h ****             {
 245:../../libDaisy/src/hid/disp/display.h ****                 error -= deltaY;
 690              		.loc 5 245 23 view .LVU162
 691 00aa ACEB080C 		sub	ip, ip, r8
 692              	.LVL48:
 246:../../libDaisy/src/hid/disp/display.h ****                 x1 += signX;
 693              		.loc 5 246 20 view .LVU163
 694 00ae 5144     		add	r1, r1, r10
 695              	.LVL49:
 696              	.L55:
 247:../../libDaisy/src/hid/disp/display.h ****             }
 248:../../libDaisy/src/hid/disp/display.h **** 
 249:../../libDaisy/src/hid/disp/display.h ****             if(error2 < deltaX)
 697              		.loc 5 249 13 view .LVU164
ARM GAS  C:\Users\FINNDY~1\AppData\Local\Temp\ccFWr46h.s 			page 94


 698 00b0 AC42     		cmp	r4, r5
 699 00b2 02DD     		ble	.L56
 250:../../libDaisy/src/hid/disp/display.h ****             {
 251:../../libDaisy/src/hid/disp/display.h ****                 error += deltaX;
 252:../../libDaisy/src/hid/disp/display.h ****                 y1 += signY;
 700              		.loc 5 252 20 view .LVU165
 701 00b4 019D     		ldr	r5, [sp, #4]
 702              	.LVL50:
 251:../../libDaisy/src/hid/disp/display.h ****                 y1 += signY;
 703              		.loc 5 251 23 view .LVU166
 704 00b6 A444     		add	ip, ip, r4
 705              	.LVL51:
 706              		.loc 5 252 20 view .LVU167
 707 00b8 2A44     		add	r2, r2, r5
 708              	.LVL52:
 709              	.L56:
 239:../../libDaisy/src/hid/disp/display.h ****         {
 710              		.loc 5 239 26 is_stmt 1 view .LVU168
 711 00ba 9942     		cmp	r1, r3
 712 00bc D9D1     		bne	.L52
 239:../../libDaisy/src/hid/disp/display.h ****         {
 713              		.loc 5 239 26 is_stmt 0 view .LVU169
 714 00be 9642     		cmp	r6, r2
 715 00c0 D7D1     		bne	.L52
 716              	.L43:
 253:../../libDaisy/src/hid/disp/display.h ****             }
 254:../../libDaisy/src/hid/disp/display.h ****         }
 255:../../libDaisy/src/hid/disp/display.h ****     }
 717              		.loc 5 255 5 view .LVU170
 718 00c2 03B0     		add	sp, sp, #12
 719              		.cfi_remember_state
 720              		.cfi_def_cfa_offset 36
 721              		@ sp needed
 722 00c4 BDE8F08F 		pop	{r4, r5, r6, r7, r8, r9, r10, fp, pc}
 723              	.LVL53:
 724              	.L54:
 725              		.cfi_restore_state
 726              	.LBB322:
 727              	.LBB321:
 728              	.LBB320:
 729              	.LBB318:
 730              	.LBI318:
 352:../../libDaisy/src/dev/oled_ssd130x.h ****     {
 731              		.loc 6 352 10 is_stmt 1 view .LVU171
 732              	.LBB319:
 358:../../libDaisy/src/dev/oled_ssd130x.h ****         else
 359:../../libDaisy/src/dev/oled_ssd130x.h ****             buffer_[x + (y / 8) * width] &= ~(1 << (y % 8));
 733              		.loc 6 359 49 is_stmt 0 view .LVU172
 734 00c8 0EFA0BFB 		lsl	fp, lr, fp
 735              		.loc 6 359 42 view .LVU173
 736 00cc 95F810E0 		ldrb	lr, [r5, #16]	@ zero_extendqisi2
 737 00d0 2EEA0B0E 		bic	lr, lr, fp
 738 00d4 85F810E0 		strb	lr, [r5, #16]
 739 00d8 E2E7     		b	.L53
 740              	.LVL54:
 741              	.L45:
 742              		.loc 6 359 42 view .LVU174
ARM GAS  C:\Users\FINNDY~1\AppData\Local\Temp\ccFWr46h.s 			page 95


 743              	.LBE319:
 744              	.LBE318:
 745              	.LBE320:
 746              	.LBE321:
 747              	.LBE322:
 748              	.LBB323:
 749              		.loc 4 42 10 is_stmt 1 view .LVU175
 750              	.LBB309:
 352:../../libDaisy/src/dev/oled_ssd130x.h ****     {
 751              		.loc 6 352 10 view .LVU176
 752              	.LBE309:
 753              	.LBE323:
 230:../../libDaisy/src/hid/disp/display.h ****         int_fast16_t error  = deltaX - deltaY;
 754              		.loc 5 230 42 is_stmt 0 view .LVU177
 755 00da 0125     		movs	r5, #1
 756              	.LBB324:
 757              	.LBB310:
 758              	.LBB304:
 354:../../libDaisy/src/dev/oled_ssd130x.h ****             return;
 759              		.loc 6 354 9 view .LVU178
 760 00dc 7F2B     		cmp	r3, #127
 761              	.LBE304:
 762              	.LBE310:
 763              	.LBE324:
 230:../../libDaisy/src/hid/disp/display.h ****         int_fast16_t error  = deltaX - deltaY;
 764              		.loc 5 230 42 view .LVU179
 765 00de 0195     		str	r5, [sp, #4]
 766              	.LBB325:
 767              	.LBB311:
 768              	.LBB305:
 354:../../libDaisy/src/dev/oled_ssd130x.h ****             return;
 769              		.loc 6 354 9 view .LVU180
 770 00e0 C5D8     		bhi	.L50
 771 00e2 3F2E     		cmp	r6, #63
 772 00e4 AED9     		bls	.L57
 773 00e6 C2E7     		b	.L50
 774              	.LVL55:
 775              	.L47:
 776              	.LBB299:
 777              	.LBI299:
 352:../../libDaisy/src/dev/oled_ssd130x.h ****     {
 778              		.loc 6 352 10 is_stmt 1 view .LVU181
 779              	.LBB300:
 780              		.loc 6 359 49 is_stmt 0 view .LVU182
 781 00e8 07FA0EFE 		lsl	lr, r7, lr
 782              		.loc 6 359 42 view .LVU183
 783 00ec 2F7C     		ldrb	r7, [r5, #16]	@ zero_extendqisi2
 784              	.LBE300:
 785              	.LBE299:
 786              	.LBE305:
 787              	.LBE311:
 788              	.LBE325:
 239:../../libDaisy/src/hid/disp/display.h ****         {
 789              		.loc 5 239 26 view .LVU184
 790 00ee 9642     		cmp	r6, r2
 791              	.LBB326:
 792              	.LBB312:
ARM GAS  C:\Users\FINNDY~1\AppData\Local\Temp\ccFWr46h.s 			page 96


 793              	.LBB306:
 794              	.LBB302:
 795              	.LBB301:
 796              		.loc 6 359 42 view .LVU185
 797 00f0 27EA0E07 		bic	r7, r7, lr
 798 00f4 2F74     		strb	r7, [r5, #16]
 799              	.LVL56:
 800              		.loc 6 359 42 view .LVU186
 801              	.LBE301:
 802              	.LBE302:
 803              	.LBE306:
 804              	.LBE312:
 805              	.LBE326:
 239:../../libDaisy/src/hid/disp/display.h ****         {
 806              		.loc 5 239 26 is_stmt 1 view .LVU187
 807 00f6 B8D0     		beq	.L69
 808 00f8 B9E7     		b	.L50
 809              		.cfi_endproc
 810              	.LFE7216:
 812 00fa 00BF     		.section	.text._ZN12ScrollWindow4drawEPN5daisy11OledDisplayINS0_13SSD130xDriverILj128ELj64ENS0_19S
 813              		.align	1
 814              		.p2align 2,,3
 815              		.global	_ZN12ScrollWindow4drawEPN5daisy11OledDisplayINS0_13SSD130xDriverILj128ELj64ENS0_19SSD130xI
 816              		.syntax unified
 817              		.thumb
 818              		.thumb_func
 819              		.fpu fpv5-d16
 821              	_ZN12ScrollWindow4drawEPN5daisy11OledDisplayINS0_13SSD130xDriverILj128ELj64ENS0_19SSD130xI2CTranspo
 822              	.LVL57:
 823              	.LFB6823:
  28:gui.cpp       ****     
 824              		.loc 2 28 37 view -0
 825              		.cfi_startproc
 826              		@ args = 0, pretend = 0, frame = 0
 827              		@ frame_needed = 0, uses_anonymous_args = 0
  30:gui.cpp       **** 
 828              		.loc 2 30 5 view .LVU189
  30:gui.cpp       **** 
 829              		.loc 2 30 34 is_stmt 0 view .LVU190
 830 0000 0B68     		ldr	r3, [r1]
  28:gui.cpp       ****     
 831              		.loc 2 28 37 view .LVU191
 832 0002 2DE9F04F 		push	{r4, r5, r6, r7, r8, r9, r10, fp, lr}
 833              		.cfi_def_cfa_offset 36
 834              		.cfi_offset 4, -36
 835              		.cfi_offset 5, -32
 836              		.cfi_offset 6, -28
 837              		.cfi_offset 7, -24
 838              		.cfi_offset 8, -20
 839              		.cfi_offset 9, -16
 840              		.cfi_offset 10, -12
 841              		.cfi_offset 11, -8
 842              		.cfi_offset 14, -4
  30:gui.cpp       **** 
 843              		.loc 2 30 34 view .LVU192
 844 0006 9D69     		ldr	r5, [r3, #24]
  28:gui.cpp       ****     
ARM GAS  C:\Users\FINNDY~1\AppData\Local\Temp\ccFWr46h.s 			page 97


 845              		.loc 2 28 37 view .LVU193
 846 0008 85B0     		sub	sp, sp, #20
 847              		.cfi_def_cfa_offset 56
 848 000a C04B     		ldr	r3, .L156
  28:gui.cpp       ****     
 849              		.loc 2 28 37 view .LVU194
 850 000c 0C46     		mov	r4, r1
 851 000e 8046     		mov	r8, r0
 852 0010 9D42     		cmp	r5, r3
 853 0012 40F09681 		bne	.L71
 854              	.LVL58:
 855              	.LBB385:
 856              	.LBI385:
 221:../../libDaisy/src/hid/disp/display.h ****                   uint_fast8_t y1,
 857              		.loc 5 221 10 is_stmt 1 view .LVU195
 858              	.LBB386:
 859              	.LBB387:
 860              	.LBI387:
 861              		.loc 4 42 10 view .LVU196
 862              	.LBB388:
 863              	.LBI388:
 352:../../libDaisy/src/dev/oled_ssd130x.h ****     {
 864              		.loc 6 352 10 view .LVU197
 865              	.LBB389:
 357:../../libDaisy/src/dev/oled_ssd130x.h ****         else
 866              		.loc 6 357 42 is_stmt 0 view .LVU198
 867 0016 91F89130 		ldrb	r3, [r1, #145]	@ zero_extendqisi2
 868 001a 0222     		movs	r2, #2
 869 001c 43F00803 		orr	r3, r3, #8
 870 0020 81F89130 		strb	r3, [r1, #145]
 871              	.LVL59:
 357:../../libDaisy/src/dev/oled_ssd130x.h ****         else
 872              		.loc 6 357 42 view .LVU199
 873              	.LBE389:
 874              	.LBE388:
 875              	.LBE387:
 239:../../libDaisy/src/hid/disp/display.h ****         {
 876              		.loc 5 239 26 is_stmt 1 view .LVU200
 877              	.L73:
 878              	.LBB390:
 879              	.LBI390:
 880              		.loc 4 42 10 view .LVU201
 881              	.LBB391:
 882              	.LBI391:
 352:../../libDaisy/src/dev/oled_ssd130x.h ****     {
 883              		.loc 6 352 10 view .LVU202
 884              	.LBB392:
 357:../../libDaisy/src/dev/oled_ssd130x.h ****         else
 885              		.loc 6 357 28 is_stmt 0 view .LVU203
 886 0024 D108     		lsrs	r1, r2, #3
 357:../../libDaisy/src/dev/oled_ssd130x.h ****         else
 887              		.loc 6 357 54 view .LVU204
 888 0026 02F00700 		and	r0, r2, #7
 357:../../libDaisy/src/dev/oled_ssd130x.h ****         else
 889              		.loc 6 357 48 view .LVU205
 890 002a 0123     		movs	r3, #1
 357:../../libDaisy/src/dev/oled_ssd130x.h ****         else
ARM GAS  C:\Users\FINNDY~1\AppData\Local\Temp\ccFWr46h.s 			page 98


 891              		.loc 6 357 42 view .LVU206
 892 002c 04EBC111 		add	r1, r4, r1, lsl #7
 893              	.LBE392:
 894              	.LBE391:
 895              	.LBE390:
 252:../../libDaisy/src/hid/disp/display.h ****             }
 896              		.loc 5 252 20 view .LVU207
 897 0030 1A44     		add	r2, r2, r3
 898              	.LVL60:
 899              	.LBB397:
 900              	.LBB395:
 901              	.LBB393:
 357:../../libDaisy/src/dev/oled_ssd130x.h ****         else
 902              		.loc 6 357 48 view .LVU208
 903 0032 8340     		lsls	r3, r3, r0
 357:../../libDaisy/src/dev/oled_ssd130x.h ****         else
 904              		.loc 6 357 42 view .LVU209
 905 0034 487C     		ldrb	r0, [r1, #17]	@ zero_extendqisi2
 906              	.LBE393:
 907              	.LBE395:
 908              	.LBE397:
 239:../../libDaisy/src/hid/disp/display.h ****         {
 909              		.loc 5 239 26 view .LVU210
 910 0036 0B2A     		cmp	r2, #11
 911              	.LBB398:
 912              	.LBB396:
 913              	.LBB394:
 357:../../libDaisy/src/dev/oled_ssd130x.h ****         else
 914              		.loc 6 357 42 view .LVU211
 915 0038 43EA0003 		orr	r3, r3, r0
 916 003c 4B74     		strb	r3, [r1, #17]
 917              	.LVL61:
 357:../../libDaisy/src/dev/oled_ssd130x.h ****         else
 918              		.loc 6 357 42 view .LVU212
 919              	.LBE394:
 920              	.LBE396:
 921              	.LBE398:
 239:../../libDaisy/src/hid/disp/display.h ****         {
 922              		.loc 5 239 26 is_stmt 1 view .LVU213
 923 003e F1D1     		bne	.L73
 924              	.LVL62:
 925              	.L72:
 239:../../libDaisy/src/hid/disp/display.h ****         {
 926              		.loc 5 239 26 is_stmt 0 view .LVU214
 927              	.LBE386:
 928              	.LBE385:
  32:gui.cpp       ****         int y = (i - currentElement) * 13; // top left of outside box
 929              		.loc 2 32 5 is_stmt 1 view .LVU215
 930              	.LBB399:
  32:gui.cpp       ****         int y = (i - currentElement) * 13; // top left of outside box
 931              		.loc 2 32 14 is_stmt 0 view .LVU216
 932 0040 D8F80C50 		ldr	r5, [r8, #12]
 933              	.LVL63:
  32:gui.cpp       ****         int y = (i - currentElement) * 13; // top left of outside box
 934              		.loc 2 32 75 is_stmt 1 view .LVU217
  32:gui.cpp       ****         int y = (i - currentElement) * 13; // top left of outside box
 935              		.loc 2 32 14 is_stmt 0 view .LVU218
ARM GAS  C:\Users\FINNDY~1\AppData\Local\Temp\ccFWr46h.s 			page 99


 936 0044 2E46     		mov	r6, r5
 937 0046 40E0     		b	.L108
 938              	.LVL64:
 939              	.L153:
 940              	.LBB400:
  41:gui.cpp       **** 
 941              		.loc 2 41 20 view .LVU219
 942 0048 7623     		movs	r3, #118
 943              	.L78:
 944 004a 0122     		movs	r2, #1
 945 004c 0A21     		movs	r1, #10
 946 004e 2046     		mov	r0, r4
 947 0050 CDE90052 		strd	r5, r2, [sp]
 948 0054 2A46     		mov	r2, r5
 949 0056 D847     		blx	fp
 950              	.LVL65:
 951              	.L82:
  43:gui.cpp       ****         d->WriteString(elements[i]->name, Font_7x10, true);
 952              		.loc 2 43 9 is_stmt 1 view .LVU220
 953              	.LBB401:
 954              	.LBB402:
 173:../../libDaisy/src/hid/disp/display.h ****         currentY_ = (y >= Height()) ? Height() - 1 : y;
 955              		.loc 5 173 33 is_stmt 0 view .LVU221
 956 0058 2368     		ldr	r3, [r4]
 957              	.LBE402:
 958              	.LBE401:
  43:gui.cpp       ****         d->WriteString(elements[i]->name, Font_7x10, true);
 959              		.loc 2 43 21 view .LVU222
 960 005a 05F10209 		add	r9, r5, #2
 961              	.LBB408:
 962              	.LBB403:
 173:../../libDaisy/src/hid/disp/display.h ****         currentY_ = (y >= Height()) ? Height() - 1 : y;
 963              		.loc 5 173 33 view .LVU223
 964 005e DA68     		ldr	r2, [r3, #12]
 965              	.LBE403:
 966              	.LBE408:
  43:gui.cpp       ****         d->WriteString(elements[i]->name, Font_7x10, true);
 967              		.loc 2 43 21 view .LVU224
 968 0060 1FFA89F9 		uxth	r9, r9
 969              	.LVL66:
 970              	.LBB409:
 971              	.LBI401:
 171:../../libDaisy/src/hid/disp/display.h ****     {
 972              		.loc 5 171 10 is_stmt 1 view .LVU225
 973              	.LBB404:
 173:../../libDaisy/src/hid/disp/display.h ****         currentY_ = (y >= Height()) ? Height() - 1 : y;
 974              		.loc 5 173 9 view .LVU226
 975 0064 BA42     		cmp	r2, r7
 976 0066 40F0CA80 		bne	.L148
 977              	.L116:
 173:../../libDaisy/src/hid/disp/display.h ****         currentY_ = (y >= Height()) ? Height() - 1 : y;
 978              		.loc 5 173 19 is_stmt 0 view .LVU227
 979 006a 0B22     		movs	r2, #11
 980              	.L89:
 174:../../libDaisy/src/hid/disp/display.h ****     }
 981              		.loc 5 174 33 view .LVU228
 982 006c 9B68     		ldr	r3, [r3, #8]
ARM GAS  C:\Users\FINNDY~1\AppData\Local\Temp\ccFWr46h.s 			page 100


 983 006e 2046     		mov	r0, r4
 173:../../libDaisy/src/hid/disp/display.h ****         currentY_ = (y >= Height()) ? Height() - 1 : y;
 984              		.loc 5 173 19 view .LVU229
 985 0070 A280     		strh	r2, [r4, #4]	@ movhi
 174:../../libDaisy/src/hid/disp/display.h ****     }
 986              		.loc 5 174 9 is_stmt 1 view .LVU230
 174:../../libDaisy/src/hid/disp/display.h ****     }
 987              		.loc 5 174 33 is_stmt 0 view .LVU231
 988 0072 9847     		blx	r3
 989              	.LVL67:
 174:../../libDaisy/src/hid/disp/display.h ****     }
 990              		.loc 5 174 19 view .LVU232
 991 0074 8145     		cmp	r9, r0
 992 0076 06D3     		bcc	.L92
 174:../../libDaisy/src/hid/disp/display.h ****     }
 993              		.loc 5 174 46 view .LVU233
 994 0078 2368     		ldr	r3, [r4]
 174:../../libDaisy/src/hid/disp/display.h ****     }
 995              		.loc 5 174 45 view .LVU234
 996 007a 2046     		mov	r0, r4
 997 007c 9B68     		ldr	r3, [r3, #8]
 998 007e 9847     		blx	r3
 999              	.LVL68:
 174:../../libDaisy/src/hid/disp/display.h ****     }
 1000              		.loc 5 174 19 view .LVU235
 1001 0080 0138     		subs	r0, r0, #1
 1002 0082 1FFA80F9 		uxth	r9, r0
 1003              	.LVL69:
 1004              	.L92:
 174:../../libDaisy/src/hid/disp/display.h ****     }
 1005              		.loc 5 174 19 view .LVU236
 1006              	.LBE404:
 1007              	.LBE409:
  44:gui.cpp       **** 
 1008              		.loc 2 44 34 view .LVU237
 1009 0086 D8F81020 		ldr	r2, [r8, #16]
  44:gui.cpp       **** 
 1010              		.loc 2 44 23 view .LVU238
 1011 008a 4FF0010E 		mov	lr, #1
  44:gui.cpp       **** 
 1012              		.loc 2 44 58 view .LVU239
 1013 008e D4F800C0 		ldr	ip, [r4]
  44:gui.cpp       **** 
 1014              		.loc 2 44 23 view .LVU240
 1015 0092 2046     		mov	r0, r4
 1016 0094 52F82610 		ldr	r1, [r2, r6, lsl #2]
 1017 0098 9D4B     		ldr	r3, .L156+4
 1018 009a 8968     		ldr	r1, [r1, #8]
 1019 009c 0CCB     		ldm	r3, {r2, r3}
 1020              	.LBB410:
 1021              	.LBB405:
 174:../../libDaisy/src/hid/disp/display.h ****     }
 1022              		.loc 5 174 19 view .LVU241
 1023 009e A4F80690 		strh	r9, [r4, #6]	@ movhi
 1024              	.LVL70:
 174:../../libDaisy/src/hid/disp/display.h ****     }
 1025              		.loc 5 174 19 view .LVU242
ARM GAS  C:\Users\FINNDY~1\AppData\Local\Temp\ccFWr46h.s 			page 101


 1026              	.LBE405:
 1027              	.LBE410:
  44:gui.cpp       **** 
 1028              		.loc 2 44 9 is_stmt 1 view .LVU243
  44:gui.cpp       **** 
 1029              		.loc 2 44 23 is_stmt 0 view .LVU244
 1030 00a2 CDF800E0 		str	lr, [sp]
 1031 00a6 DCF82890 		ldr	r9, [ip, #40]
 1032 00aa C847     		blx	r9
 1033              	.LVL71:
  46:gui.cpp       ****             d->DrawLine(3+7, y + 13, d->Width() - (3+7), y + 13, true);
 1034              		.loc 2 46 9 is_stmt 1 view .LVU245
  46:gui.cpp       ****             d->DrawLine(3+7, y + 13, d->Width() - (3+7), y + 13, true);
 1035              		.loc 2 46 30 is_stmt 0 view .LVU246
 1036 00ac D8F80830 		ldr	r3, [r8, #8]
 1037 00b0 013B     		subs	r3, r3, #1
  46:gui.cpp       ****             d->DrawLine(3+7, y + 13, d->Width() - (3+7), y + 13, true);
 1038              		.loc 2 46 34 view .LVU247
 1039 00b2 B342     		cmp	r3, r6
 1040 00b4 02D1     		bne	.L95
  46:gui.cpp       ****             d->DrawLine(3+7, y + 13, d->Width() - (3+7), y + 13, true);
 1041              		.loc 2 46 34 view .LVU248
 1042 00b6 322D     		cmp	r5, #50
 1043 00b8 40F3CD80 		ble	.L149
 1044              	.LVL72:
 1045              	.L95:
  46:gui.cpp       ****             d->DrawLine(3+7, y + 13, d->Width() - (3+7), y + 13, true);
 1046              		.loc 2 46 34 view .LVU249
 1047              	.LBE400:
  32:gui.cpp       ****         int y = (i - currentElement) * 13; // top left of outside box
 1048              		.loc 2 32 5 is_stmt 1 discriminator 3 view .LVU250
  32:gui.cpp       ****         int y = (i - currentElement) * 13; // top left of outside box
 1049              		.loc 2 32 38 is_stmt 0 discriminator 3 view .LVU251
 1050 00bc D8F80C50 		ldr	r5, [r8, #12]
  32:gui.cpp       ****         int y = (i - currentElement) * 13; // top left of outside box
 1051              		.loc 2 32 5 discriminator 3 view .LVU252
 1052 00c0 0136     		adds	r6, r6, #1
 1053              	.LVL73:
  32:gui.cpp       ****         int y = (i - currentElement) * 13; // top left of outside box
 1054              		.loc 2 32 75 is_stmt 1 discriminator 3 view .LVU253
  32:gui.cpp       ****         int y = (i - currentElement) * 13; // top left of outside box
 1055              		.loc 2 32 36 is_stmt 0 discriminator 3 view .LVU254
 1056 00c2 2B1D     		adds	r3, r5, #4
  32:gui.cpp       ****         int y = (i - currentElement) * 13; // top left of outside box
 1057              		.loc 2 32 75 discriminator 3 view .LVU255
 1058 00c4 B342     		cmp	r3, r6
 1059 00c6 C0F2DF80 		blt	.L70
 1060              	.L108:
  32:gui.cpp       ****         int y = (i - currentElement) * 13; // top left of outside box
 1061              		.loc 2 32 75 discriminator 2 view .LVU256
 1062 00ca D8F80830 		ldr	r3, [r8, #8]
 1063 00ce B342     		cmp	r3, r6
 1064 00d0 40F3DA80 		ble	.L70
 1065              	.LBB469:
  33:gui.cpp       **** 
 1066              		.loc 2 33 9 is_stmt 1 view .LVU257
  33:gui.cpp       **** 
ARM GAS  C:\Users\FINNDY~1\AppData\Local\Temp\ccFWr46h.s 			page 102


 1067              		.loc 2 33 20 is_stmt 0 view .LVU258
 1068 00d4 751B     		subs	r5, r6, r5
  36:gui.cpp       ****         d->DrawArc(3+7, y+7, 7, 90, 90, true); // bl quarter
 1069              		.loc 2 36 46 view .LVU259
 1070 00d6 2268     		ldr	r2, [r4]
  36:gui.cpp       ****         d->DrawArc(3+7, y+7, 7, 90, 90, true); // bl quarter
 1071              		.loc 2 36 19 view .LVU260
 1072 00d8 5A27     		movs	r7, #90
 1073 00da 4FF0010B 		mov	fp, #1
  33:gui.cpp       **** 
 1074              		.loc 2 33 13 view .LVU261
 1075 00de 05EB4500 		add	r0, r5, r5, lsl #1
  36:gui.cpp       ****         d->DrawArc(3+7, y+7, 7, 90, 90, true); // bl quarter
 1076              		.loc 2 36 19 view .LVU262
 1077 00e2 4FF0B40C 		mov	ip, #180
 1078 00e6 0723     		movs	r3, #7
 1079 00e8 0A21     		movs	r1, #10
  33:gui.cpp       **** 
 1080              		.loc 2 33 13 view .LVU263
 1081 00ea 05EB8005 		add	r5, r5, r0, lsl #2
 1082              	.LVL74:
  36:gui.cpp       ****         d->DrawArc(3+7, y+7, 7, 90, 90, true); // bl quarter
 1083              		.loc 2 36 9 is_stmt 1 view .LVU264
  36:gui.cpp       ****         d->DrawArc(3+7, y+7, 7, 90, 90, true); // bl quarter
 1084              		.loc 2 36 19 is_stmt 0 view .LVU265
 1085 00ee CDF800C0 		str	ip, [sp]
 1086 00f2 2046     		mov	r0, r4
  36:gui.cpp       ****         d->DrawArc(3+7, y+7, 7, 90, 90, true); // bl quarter
 1087              		.loc 2 36 26 view .LVU266
 1088 00f4 05F1060A 		add	r10, r5, #6
  36:gui.cpp       ****         d->DrawArc(3+7, y+7, 7, 90, 90, true); // bl quarter
 1089              		.loc 2 36 19 view .LVU267
 1090 00f8 CDE9017B 		strd	r7, fp, [sp, #4]
 1091 00fc D2F82090 		ldr	r9, [r2, #32]
 1092 0100 5246     		mov	r2, r10
 1093 0102 C847     		blx	r9
 1094              	.LVL75:
  37:gui.cpp       ****         d->DrawArc(d->Width() - (3+7), y+6, 7, 270, 90, true); // tr quarter
 1095              		.loc 2 37 9 is_stmt 1 view .LVU268
  37:gui.cpp       ****         d->DrawArc(d->Width() - (3+7), y+6, 7, 270, 90, true); // tr quarter
 1096              		.loc 2 37 45 is_stmt 0 view .LVU269
 1097 0104 2268     		ldr	r2, [r4]
  37:gui.cpp       ****         d->DrawArc(d->Width() - (3+7), y+6, 7, 270, 90, true); // tr quarter
 1098              		.loc 2 37 26 view .LVU270
 1099 0106 05F10709 		add	r9, r5, #7
  37:gui.cpp       ****         d->DrawArc(d->Width() - (3+7), y+6, 7, 270, 90, true); // tr quarter
 1100              		.loc 2 37 19 view .LVU271
 1101 010a 0097     		str	r7, [sp]
 1102 010c 0723     		movs	r3, #7
 1103 010e 0A21     		movs	r1, #10
 1104 0110 2046     		mov	r0, r4
 1105 0112 CDE9017B 		strd	r7, fp, [sp, #4]
 1106 0116 D2F820B0 		ldr	fp, [r2, #32]
 1107 011a 4A46     		mov	r2, r9
 1108 011c D847     		blx	fp
 1109              	.LVL76:
  38:gui.cpp       ****         d->DrawArc(d->Width() - (3+7), y+7, 7, 0, 90, true); // br quarter
ARM GAS  C:\Users\FINNDY~1\AppData\Local\Temp\ccFWr46h.s 			page 103


 1110              		.loc 2 38 9 is_stmt 1 view .LVU272
  38:gui.cpp       ****         d->DrawArc(d->Width() - (3+7), y+7, 7, 0, 90, true); // br quarter
 1111              		.loc 2 38 61 is_stmt 0 view .LVU273
 1112 011e 2368     		ldr	r3, [r4]
 1113 0120 7C4F     		ldr	r7, .L156+8
  38:gui.cpp       ****         d->DrawArc(d->Width() - (3+7), y+7, 7, 0, 90, true); // br quarter
 1114              		.loc 2 38 29 view .LVU274
 1115 0122 DA68     		ldr	r2, [r3, #12]
  38:gui.cpp       ****         d->DrawArc(d->Width() - (3+7), y+7, 7, 0, 90, true); // br quarter
 1116              		.loc 2 38 61 view .LVU275
 1117 0124 D3F820B0 		ldr	fp, [r3, #32]
 1118 0128 BA42     		cmp	r2, r7
 1119 012a 40F08A80 		bne	.L150
  38:gui.cpp       ****         d->DrawArc(d->Width() - (3+7), y+7, 7, 0, 90, true); // br quarter
 1120              		.loc 2 38 29 view .LVU276
 1121 012e 7621     		movs	r1, #118
 1122              	.L75:
  38:gui.cpp       ****         d->DrawArc(d->Width() - (3+7), y+7, 7, 0, 90, true); // br quarter
 1123              		.loc 2 38 19 view .LVU277
 1124 0130 0120     		movs	r0, #1
 1125 0132 5A23     		movs	r3, #90
 1126 0134 4FF4877C 		mov	ip, #270
 1127 0138 5246     		mov	r2, r10
 1128 013a CDE90130 		strd	r3, r0, [sp, #4]
 1129 013e CDF800C0 		str	ip, [sp]
 1130 0142 0723     		movs	r3, #7
 1131 0144 2046     		mov	r0, r4
 1132 0146 D847     		blx	fp
 1133              	.LVL77:
  39:gui.cpp       **** 
 1134              		.loc 2 39 9 is_stmt 1 view .LVU278
  39:gui.cpp       **** 
 1135              		.loc 2 39 59 is_stmt 0 view .LVU279
 1136 0148 2368     		ldr	r3, [r4]
  39:gui.cpp       **** 
 1137              		.loc 2 39 29 view .LVU280
 1138 014a DA68     		ldr	r2, [r3, #12]
  39:gui.cpp       **** 
 1139              		.loc 2 39 59 view .LVU281
 1140 014c D3F820B0 		ldr	fp, [r3, #32]
 1141 0150 BA42     		cmp	r2, r7
 1142 0152 7BD1     		bne	.L151
  39:gui.cpp       **** 
 1143              		.loc 2 39 29 view .LVU282
 1144 0154 7621     		movs	r1, #118
 1145              	.L76:
  39:gui.cpp       **** 
 1146              		.loc 2 39 19 view .LVU283
 1147 0156 4FF0010C 		mov	ip, #1
 1148 015a 5A20     		movs	r0, #90
 1149 015c 4FF0000A 		mov	r10, #0
 1150 0160 0723     		movs	r3, #7
 1151 0162 4A46     		mov	r2, r9
 1152 0164 CDF800A0 		str	r10, [sp]
 1153 0168 CDE9010C 		strd	r0, ip, [sp, #4]
 1154 016c 2046     		mov	r0, r4
 1155 016e D847     		blx	fp
ARM GAS  C:\Users\FINNDY~1\AppData\Local\Temp\ccFWr46h.s 			page 104


 1156              	.LVL78:
  41:gui.cpp       **** 
 1157              		.loc 2 41 9 is_stmt 1 view .LVU284
  41:gui.cpp       **** 
 1158              		.loc 2 41 56 is_stmt 0 view .LVU285
 1159 0170 2368     		ldr	r3, [r4]
  41:gui.cpp       **** 
 1160              		.loc 2 41 38 view .LVU286
 1161 0172 DA68     		ldr	r2, [r3, #12]
  41:gui.cpp       **** 
 1162              		.loc 2 41 56 view .LVU287
 1163 0174 D3F818B0 		ldr	fp, [r3, #24]
 1164 0178 BA42     		cmp	r2, r7
 1165 017a 4BD1     		bne	.L152
 1166 017c 634B     		ldr	r3, .L156
 1167 017e 9B45     		cmp	fp, r3
 1168 0180 7FF462AF 		bne	.L153
 1169              	.LBB411:
 1170              	.LBB412:
 227:../../libDaisy/src/hid/disp/display.h ****         int_fast16_t deltaY = abs((int_fast16_t)y2 - (int_fast16_t)y1);
 1171              		.loc 5 227 22 view .LVU288
 1172 0184 4FF06C09 		mov	r9, #108
 1173              	.LBE412:
 1174              	.LBE411:
  41:gui.cpp       **** 
 1175              		.loc 2 41 20 view .LVU289
 1176 0188 7623     		movs	r3, #118
 1177              	.L110:
 1178              	.LVL79:
 1179              	.LBB435:
 1180              	.LBB431:
 1181              	.LBB413:
 1182              	.LBI413:
 1183              		.loc 4 42 10 is_stmt 1 view .LVU290
 1184              	.LBB414:
 1185              	.LBI414:
 352:../../libDaisy/src/dev/oled_ssd130x.h ****     {
 1186              		.loc 6 352 10 view .LVU291
 1187              	.LBB415:
 354:../../libDaisy/src/dev/oled_ssd130x.h ****             return;
 1188              		.loc 6 354 9 is_stmt 0 view .LVU292
 1189 018a 3F2D     		cmp	r5, #63
 1190 018c 4FF0010B 		mov	fp, #1
 1191 0190 10D8     		bhi	.L81
 1192 0192 BAF1000F 		cmp	r10, #0
 1193 0196 0DD1     		bne	.L81
 1194              	.LVL80:
 1195              	.L112:
 357:../../libDaisy/src/dev/oled_ssd130x.h ****         else
 1196              		.loc 6 357 28 view .LVU293
 1197 0198 EA08     		lsrs	r2, r5, #3
 357:../../libDaisy/src/dev/oled_ssd130x.h ****         else
 1198              		.loc 6 357 54 view .LVU294
 1199 019a 05F00700 		and	r0, r5, #7
 357:../../libDaisy/src/dev/oled_ssd130x.h ****         else
 1200              		.loc 6 357 48 view .LVU295
 1201 019e 0121     		movs	r1, #1
ARM GAS  C:\Users\FINNDY~1\AppData\Local\Temp\ccFWr46h.s 			page 105


 357:../../libDaisy/src/dev/oled_ssd130x.h ****         else
 1202              		.loc 6 357 42 view .LVU296
 1203 01a0 03EBC212 		add	r2, r3, r2, lsl #7
 357:../../libDaisy/src/dev/oled_ssd130x.h ****         else
 1204              		.loc 6 357 48 view .LVU297
 1205 01a4 8140     		lsls	r1, r1, r0
 357:../../libDaisy/src/dev/oled_ssd130x.h ****         else
 1206              		.loc 6 357 42 view .LVU298
 1207 01a6 2244     		add	r2, r2, r4
 1208 01a8 107C     		ldrb	r0, [r2, #16]	@ zero_extendqisi2
 1209 01aa 0143     		orrs	r1, r1, r0
 1210 01ac 1174     		strb	r1, [r2, #16]
 1211              	.L80:
 1212              	.LVL81:
 357:../../libDaisy/src/dev/oled_ssd130x.h ****         else
 1213              		.loc 6 357 42 view .LVU299
 1214              	.LBE415:
 1215              	.LBE414:
 1216              	.LBE413:
 239:../../libDaisy/src/hid/disp/display.h ****         {
 1217              		.loc 5 239 26 is_stmt 1 view .LVU300
 1218 01ae 0A2B     		cmp	r3, #10
 1219 01b0 3FF452AF 		beq	.L82
 1220              	.LVL82:
 1221              	.L81:
 1222              	.LBB424:
 1223              	.LBB420:
 1224              	.LBB416:
 354:../../libDaisy/src/dev/oled_ssd130x.h ****             return;
 1225              		.loc 6 354 9 is_stmt 0 view .LVU301
 1226 01b4 CE46     		mov	lr, r9
 1227              	.LBE416:
 1228              	.LBE420:
 1229              	.LBE424:
 1230              	.LBE431:
 1231              	.LBE435:
  41:gui.cpp       **** 
 1232              		.loc 2 41 20 view .LVU302
 1233 01b6 2846     		mov	r0, r5
 1234 01b8 4FF00A0C 		mov	ip, #10
 1235              	.L85:
 1236              	.LVL83:
 1237              	.LBB436:
 1238              	.LBB432:
 1239              	.LBB425:
 1240              	.LBI425:
 1241              		.loc 4 42 10 is_stmt 1 view .LVU303
 1242              	.LBB426:
 1243              	.LBI426:
 352:../../libDaisy/src/dev/oled_ssd130x.h ****     {
 1244              		.loc 6 352 10 view .LVU304
 1245              	.LBB427:
 357:../../libDaisy/src/dev/oled_ssd130x.h ****         else
 1246              		.loc 6 357 28 is_stmt 0 view .LVU305
 1247 01bc C208     		lsrs	r2, r0, #3
 357:../../libDaisy/src/dev/oled_ssd130x.h ****         else
 1248              		.loc 6 357 54 view .LVU306
ARM GAS  C:\Users\FINNDY~1\AppData\Local\Temp\ccFWr46h.s 			page 106


 1249 01be 00F00701 		and	r1, r0, #7
 357:../../libDaisy/src/dev/oled_ssd130x.h ****         else
 1250              		.loc 6 357 48 view .LVU307
 1251 01c2 4FF0010A 		mov	r10, #1
 354:../../libDaisy/src/dev/oled_ssd130x.h ****             return;
 1252              		.loc 6 354 9 view .LVU308
 1253 01c6 BCF17F0F 		cmp	ip, #127
 357:../../libDaisy/src/dev/oled_ssd130x.h ****         else
 1254              		.loc 6 357 42 view .LVU309
 1255 01ca 0CEBC212 		add	r2, ip, r2, lsl #7
 357:../../libDaisy/src/dev/oled_ssd130x.h ****         else
 1256              		.loc 6 357 48 view .LVU310
 1257 01ce 0AFA01F1 		lsl	r1, r10, r1
 354:../../libDaisy/src/dev/oled_ssd130x.h ****             return;
 1258              		.loc 6 354 9 view .LVU311
 1259 01d2 07D8     		bhi	.L86
 1260 01d4 3F28     		cmp	r0, #63
 357:../../libDaisy/src/dev/oled_ssd130x.h ****         else
 1261              		.loc 6 357 42 view .LVU312
 1262 01d6 2244     		add	r2, r2, r4
 354:../../libDaisy/src/dev/oled_ssd130x.h ****             return;
 1263              		.loc 6 354 9 view .LVU313
 1264 01d8 04D8     		bhi	.L86
 357:../../libDaisy/src/dev/oled_ssd130x.h ****         else
 1265              		.loc 6 357 42 view .LVU314
 1266 01da 92F810A0 		ldrb	r10, [r2, #16]	@ zero_extendqisi2
 1267 01de 41EA0A01 		orr	r1, r1, r10
 1268 01e2 1174     		strb	r1, [r2, #16]
 1269              	.L86:
 357:../../libDaisy/src/dev/oled_ssd130x.h ****         else
 1270              		.loc 6 357 42 view .LVU315
 1271              	.LBE427:
 1272              	.LBE426:
 1273              	.LBE425:
 243:../../libDaisy/src/hid/disp/display.h ****             {
 1274              		.loc 5 243 13 view .LVU316
 1275 01e4 5FEA4E02 		lsls	r2, lr, #1
 246:../../libDaisy/src/hid/disp/display.h ****             }
 1276              		.loc 5 246 20 view .LVU317
 1277 01e8 18BF     		it	ne
 1278 01ea DC44     		addne	ip, ip, fp
 1279              	.LVL84:
 249:../../libDaisy/src/hid/disp/display.h ****             {
 1280              		.loc 5 249 13 view .LVU318
 1281 01ec 9145     		cmp	r9, r2
 1282 01ee 01DD     		ble	.L88
 251:../../libDaisy/src/hid/disp/display.h ****                 y1 += signY;
 1283              		.loc 5 251 23 view .LVU319
 1284 01f0 CE44     		add	lr, lr, r9
 1285              	.LVL85:
 252:../../libDaisy/src/hid/disp/display.h ****             }
 1286              		.loc 5 252 20 view .LVU320
 1287 01f2 0138     		subs	r0, r0, #1
 1288              	.LVL86:
 1289              	.L88:
 239:../../libDaisy/src/hid/disp/display.h ****         {
 1290              		.loc 5 239 26 is_stmt 1 view .LVU321
ARM GAS  C:\Users\FINNDY~1\AppData\Local\Temp\ccFWr46h.s 			page 107


 1291 01f4 6345     		cmp	r3, ip
 1292 01f6 E1D1     		bne	.L85
 239:../../libDaisy/src/hid/disp/display.h ****         {
 1293              		.loc 5 239 26 is_stmt 0 view .LVU322
 1294 01f8 8542     		cmp	r5, r0
 1295 01fa DFD1     		bne	.L85
 1296 01fc 2CE7     		b	.L82
 1297              	.LVL87:
 1298              	.L148:
 239:../../libDaisy/src/hid/disp/display.h ****         {
 1299              		.loc 5 239 26 view .LVU323
 1300              	.LBE432:
 1301              	.LBE436:
 1302              	.LBB437:
 1303              	.LBB406:
 173:../../libDaisy/src/hid/disp/display.h ****         currentY_ = (y >= Height()) ? Height() - 1 : y;
 1304              		.loc 5 173 32 view .LVU324
 1305 01fe 2046     		mov	r0, r4
 1306 0200 9047     		blx	r2
 1307              	.LVL88:
 173:../../libDaisy/src/hid/disp/display.h ****         currentY_ = (y >= Height()) ? Height() - 1 : y;
 1308              		.loc 5 173 19 view .LVU325
 1309 0202 0B28     		cmp	r0, #11
 173:../../libDaisy/src/hid/disp/display.h ****         currentY_ = (y >= Height()) ? Height() - 1 : y;
 1310              		.loc 5 173 44 view .LVU326
 1311 0204 2368     		ldr	r3, [r4]
 173:../../libDaisy/src/hid/disp/display.h ****         currentY_ = (y >= Height()) ? Height() - 1 : y;
 1312              		.loc 5 173 19 view .LVU327
 1313 0206 3FF630AF 		bhi	.L116
 173:../../libDaisy/src/hid/disp/display.h ****         currentY_ = (y >= Height()) ? Height() - 1 : y;
 1314              		.loc 5 173 44 view .LVU328
 1315 020a DA68     		ldr	r2, [r3, #12]
 1316 020c BA42     		cmp	r2, r7
 1317 020e 3ED1     		bne	.L154
 1318 0210 7F22     		movs	r2, #127
 1319 0212 2BE7     		b	.L89
 1320              	.LVL89:
 1321              	.L152:
 173:../../libDaisy/src/hid/disp/display.h ****         currentY_ = (y >= Height()) ? Height() - 1 : y;
 1322              		.loc 5 173 44 view .LVU329
 1323              	.LBE406:
 1324              	.LBE437:
  41:gui.cpp       **** 
 1325              		.loc 2 41 37 view .LVU330
 1326 0214 2046     		mov	r0, r4
 1327 0216 9047     		blx	r2
 1328              	.LVL90:
 1329 0218 3C4A     		ldr	r2, .L156
  41:gui.cpp       **** 
 1330              		.loc 2 41 40 view .LVU331
 1331 021a A0F10A03 		sub	r3, r0, #10
 1332 021e 9345     		cmp	fp, r2
 1333 0220 7FF413AF 		bne	.L78
 1334              	.LVL91:
 1335              	.LBB438:
 1336              	.LBI411:
 221:../../libDaisy/src/hid/disp/display.h ****                   uint_fast8_t y1,
ARM GAS  C:\Users\FINNDY~1\AppData\Local\Temp\ccFWr46h.s 			page 108


 1337              		.loc 5 221 10 is_stmt 1 view .LVU332
 1338              	.LBB433:
 227:../../libDaisy/src/hid/disp/display.h ****         int_fast16_t deltaY = abs((int_fast16_t)y2 - (int_fast16_t)y1);
 1339              		.loc 5 227 52 is_stmt 0 view .LVU333
 1340 0224 A0F11409 		sub	r9, r0, #20
 227:../../libDaisy/src/hid/disp/display.h ****         int_fast16_t deltaY = abs((int_fast16_t)y2 - (int_fast16_t)y1);
 1341              		.loc 5 227 22 view .LVU334
 1342 0228 B9F1000F 		cmp	r9, #0
 1343 022c B8BF     		it	lt
 1344 022e C9F10009 		rsblt	r9, r9, #0
 1345              	.LVL92:
 229:../../libDaisy/src/hid/disp/display.h ****         int_fast16_t signY  = ((y1 < y2) ? 1 : -1);
 1346              		.loc 5 229 42 view .LVU335
 1347 0232 0A2B     		cmp	r3, #10
 1348 0234 00F29380 		bhi	.L79
 1349              	.LVL93:
 1350              	.LBB428:
 1351              		.loc 4 42 10 is_stmt 1 view .LVU336
 1352              	.LBB421:
 352:../../libDaisy/src/dev/oled_ssd130x.h ****     {
 1353              		.loc 6 352 10 view .LVU337
 1354              	.LBB417:
 354:../../libDaisy/src/dev/oled_ssd130x.h ****             return;
 1355              		.loc 6 354 9 is_stmt 0 view .LVU338
 1356 0238 3F2D     		cmp	r5, #63
 1357              	.LBE417:
 1358              	.LBE421:
 1359              	.LBE428:
 229:../../libDaisy/src/hid/disp/display.h ****         int_fast16_t signY  = ((y1 < y2) ? 1 : -1);
 1360              		.loc 5 229 42 view .LVU339
 1361 023a 4FF0FF3B 		mov	fp, #-1
 1362              	.LBB429:
 1363              	.LBB422:
 1364              	.LBB418:
 354:../../libDaisy/src/dev/oled_ssd130x.h ****             return;
 1365              		.loc 6 354 9 view .LVU340
 1366 023e ABD9     		bls	.L112
 1367 0240 B5E7     		b	.L80
 1368              	.LVL94:
 1369              	.L150:
 354:../../libDaisy/src/dev/oled_ssd130x.h ****             return;
 1370              		.loc 6 354 9 view .LVU341
 1371              	.LBE418:
 1372              	.LBE422:
 1373              	.LBE429:
 1374              	.LBE433:
 1375              	.LBE438:
  38:gui.cpp       ****         d->DrawArc(d->Width() - (3+7), y+7, 7, 0, 90, true); // br quarter
 1376              		.loc 2 38 28 view .LVU342
 1377 0242 2046     		mov	r0, r4
 1378 0244 9047     		blx	r2
 1379              	.LVL95:
  38:gui.cpp       ****         d->DrawArc(d->Width() - (3+7), y+7, 7, 0, 90, true); // br quarter
 1380              		.loc 2 38 31 view .LVU343
 1381 0246 A0F10A01 		sub	r1, r0, #10
 1382 024a 71E7     		b	.L75
 1383              	.L151:
ARM GAS  C:\Users\FINNDY~1\AppData\Local\Temp\ccFWr46h.s 			page 109


  39:gui.cpp       **** 
 1384              		.loc 2 39 28 view .LVU344
 1385 024c 2046     		mov	r0, r4
 1386 024e 9047     		blx	r2
 1387              	.LVL96:
  39:gui.cpp       **** 
 1388              		.loc 2 39 31 view .LVU345
 1389 0250 A0F10A01 		sub	r1, r0, #10
 1390 0254 7FE7     		b	.L76
 1391              	.L149:
  47:gui.cpp       ****         }
 1392              		.loc 2 47 13 is_stmt 1 view .LVU346
  47:gui.cpp       ****         }
 1393              		.loc 2 47 70 is_stmt 0 view .LVU347
 1394 0256 2368     		ldr	r3, [r4]
  47:gui.cpp       ****         }
 1395              		.loc 2 47 32 view .LVU348
 1396 0258 0D35     		adds	r5, r5, #13
 1397              	.LVL97:
  47:gui.cpp       ****         }
 1398              		.loc 2 47 70 view .LVU349
 1399 025a D3F81890 		ldr	r9, [r3, #24]
  47:gui.cpp       ****         }
 1400              		.loc 2 47 47 view .LVU350
 1401 025e DB68     		ldr	r3, [r3, #12]
 1402 0260 BB42     		cmp	r3, r7
 1403 0262 59D1     		bne	.L155
 1404 0264 294B     		ldr	r3, .L156
 1405 0266 9945     		cmp	r9, r3
 1406 0268 17D0     		beq	.L119
  47:gui.cpp       ****         }
 1407              		.loc 2 47 24 view .LVU351
 1408 026a 7623     		movs	r3, #118
 1409              	.L97:
  47:gui.cpp       ****         }
 1410              		.loc 2 47 24 view .LVU352
 1411 026c 0121     		movs	r1, #1
 1412 026e 2A46     		mov	r2, r5
 1413 0270 0095     		str	r5, [sp]
 1414 0272 2046     		mov	r0, r4
 1415 0274 0191     		str	r1, [sp, #4]
 1416 0276 0A21     		movs	r1, #10
 1417 0278 C847     		blx	r9
 1418              	.LVL98:
 1419              	.LBE469:
  32:gui.cpp       ****         int y = (i - currentElement) * 13; // top left of outside box
 1420              		.loc 2 32 5 is_stmt 1 view .LVU353
  32:gui.cpp       ****         int y = (i - currentElement) * 13; // top left of outside box
 1421              		.loc 2 32 38 is_stmt 0 view .LVU354
 1422 027a D8F80C50 		ldr	r5, [r8, #12]
 1423              	.LVL99:
  32:gui.cpp       ****         int y = (i - currentElement) * 13; // top left of outside box
 1424              		.loc 2 32 5 view .LVU355
 1425 027e 0136     		adds	r6, r6, #1
 1426              	.LVL100:
  32:gui.cpp       ****         int y = (i - currentElement) * 13; // top left of outside box
 1427              		.loc 2 32 75 is_stmt 1 view .LVU356
ARM GAS  C:\Users\FINNDY~1\AppData\Local\Temp\ccFWr46h.s 			page 110


  32:gui.cpp       ****         int y = (i - currentElement) * 13; // top left of outside box
 1428              		.loc 2 32 36 is_stmt 0 view .LVU357
 1429 0280 2B1D     		adds	r3, r5, #4
  32:gui.cpp       ****         int y = (i - currentElement) * 13; // top left of outside box
 1430              		.loc 2 32 75 view .LVU358
 1431 0282 B342     		cmp	r3, r6
 1432 0284 BFF621AF 		bge	.L108
 1433              	.L70:
  32:gui.cpp       ****         int y = (i - currentElement) * 13; // top left of outside box
 1434              		.loc 2 32 75 view .LVU359
 1435              	.LBE399:
  53:gui.cpp       **** 
 1436              		.loc 2 53 1 view .LVU360
 1437 0288 05B0     		add	sp, sp, #20
 1438              		.cfi_remember_state
 1439              		.cfi_def_cfa_offset 36
 1440              		@ sp needed
 1441 028a BDE8F08F 		pop	{r4, r5, r6, r7, r8, r9, r10, fp, pc}
 1442              	.LVL101:
 1443              	.L154:
 1444              		.cfi_restore_state
 1445              	.LBB472:
 1446              	.LBB470:
 1447              	.LBB439:
 1448              	.LBB407:
 173:../../libDaisy/src/hid/disp/display.h ****         currentY_ = (y >= Height()) ? Height() - 1 : y;
 1449              		.loc 5 173 43 view .LVU361
 1450 028e 2046     		mov	r0, r4
 1451 0290 9047     		blx	r2
 1452              	.LVL102:
 173:../../libDaisy/src/hid/disp/display.h ****         currentY_ = (y >= Height()) ? Height() - 1 : y;
 1453              		.loc 5 173 19 view .LVU362
 1454 0292 0138     		subs	r0, r0, #1
 174:../../libDaisy/src/hid/disp/display.h ****     }
 1455              		.loc 5 174 34 view .LVU363
 1456 0294 2368     		ldr	r3, [r4]
 173:../../libDaisy/src/hid/disp/display.h ****         currentY_ = (y >= Height()) ? Height() - 1 : y;
 1457              		.loc 5 173 19 view .LVU364
 1458 0296 82B2     		uxth	r2, r0
 1459 0298 E8E6     		b	.L89
 1460              	.LVL103:
 1461              	.L119:
 173:../../libDaisy/src/hid/disp/display.h ****         currentY_ = (y >= Height()) ? Height() - 1 : y;
 1462              		.loc 5 173 19 view .LVU365
 1463              	.LBE407:
 1464              	.LBE439:
  47:gui.cpp       ****         }
 1465              		.loc 2 47 47 view .LVU366
 1466 029a 0022     		movs	r2, #0
 1467              	.LBB440:
 1468              	.LBB441:
 227:../../libDaisy/src/hid/disp/display.h ****         int_fast16_t deltaY = abs((int_fast16_t)y2 - (int_fast16_t)y1);
 1469              		.loc 5 227 22 view .LVU367
 1470 029c 4FF06C0E 		mov	lr, #108
 1471              	.LBE441:
 1472              	.LBE440:
  47:gui.cpp       ****         }
ARM GAS  C:\Users\FINNDY~1\AppData\Local\Temp\ccFWr46h.s 			page 111


 1473              		.loc 2 47 24 view .LVU368
 1474 02a0 7623     		movs	r3, #118
 1475              	.L109:
 1476              	.LVL104:
 1477              	.LBB464:
 1478              	.LBB460:
 1479              	.LBB442:
 1480              	.LBI442:
 1481              		.loc 4 42 10 is_stmt 1 view .LVU369
 1482              	.LBB443:
 1483              	.LBI443:
 352:../../libDaisy/src/dev/oled_ssd130x.h ****     {
 1484              		.loc 6 352 10 view .LVU370
 1485              	.LBB444:
 354:../../libDaisy/src/dev/oled_ssd130x.h ****             return;
 1486              		.loc 6 354 9 is_stmt 0 view .LVU371
 1487 02a2 3F2D     		cmp	r5, #63
 1488 02a4 4FF00109 		mov	r9, #1
 1489 02a8 0ED8     		bhi	.L101
 1490 02aa 6AB9     		cbnz	r2, .L101
 1491              	.LVL105:
 1492              	.L111:
 357:../../libDaisy/src/dev/oled_ssd130x.h ****         else
 1493              		.loc 6 357 28 view .LVU372
 1494 02ac EA08     		lsrs	r2, r5, #3
 357:../../libDaisy/src/dev/oled_ssd130x.h ****         else
 1495              		.loc 6 357 54 view .LVU373
 1496 02ae 05F00700 		and	r0, r5, #7
 357:../../libDaisy/src/dev/oled_ssd130x.h ****         else
 1497              		.loc 6 357 48 view .LVU374
 1498 02b2 0121     		movs	r1, #1
 357:../../libDaisy/src/dev/oled_ssd130x.h ****         else
 1499              		.loc 6 357 42 view .LVU375
 1500 02b4 03EBC212 		add	r2, r3, r2, lsl #7
 357:../../libDaisy/src/dev/oled_ssd130x.h ****         else
 1501              		.loc 6 357 48 view .LVU376
 1502 02b8 8140     		lsls	r1, r1, r0
 357:../../libDaisy/src/dev/oled_ssd130x.h ****         else
 1503              		.loc 6 357 42 view .LVU377
 1504 02ba 2244     		add	r2, r2, r4
 1505 02bc 107C     		ldrb	r0, [r2, #16]	@ zero_extendqisi2
 1506 02be 0143     		orrs	r1, r1, r0
 1507 02c0 1174     		strb	r1, [r2, #16]
 1508              	.L99:
 1509              	.LVL106:
 357:../../libDaisy/src/dev/oled_ssd130x.h ****         else
 1510              		.loc 6 357 42 view .LVU378
 1511              	.LBE444:
 1512              	.LBE443:
 1513              	.LBE442:
 239:../../libDaisy/src/hid/disp/display.h ****         {
 1514              		.loc 5 239 26 is_stmt 1 view .LVU379
 1515 02c2 0A2B     		cmp	r3, #10
 1516 02c4 3FF4FAAE 		beq	.L95
 1517              	.LVL107:
 1518              	.L101:
 1519              	.LBB453:
ARM GAS  C:\Users\FINNDY~1\AppData\Local\Temp\ccFWr46h.s 			page 112


 1520              	.LBB449:
 1521              	.LBB445:
 354:../../libDaisy/src/dev/oled_ssd130x.h ****             return;
 1522              		.loc 6 354 9 is_stmt 0 view .LVU380
 1523 02c8 F446     		mov	ip, lr
 1524              	.LBE445:
 1525              	.LBE449:
 1526              	.LBE453:
 1527              	.LBE460:
 1528              	.LBE464:
  47:gui.cpp       ****         }
 1529              		.loc 2 47 24 view .LVU381
 1530 02ca 2F46     		mov	r7, r5
 1531 02cc 0A22     		movs	r2, #10
 1532              	.L103:
 1533              	.LVL108:
 1534              	.LBB465:
 1535              	.LBB461:
 1536              	.LBB454:
 1537              	.LBI454:
 1538              		.loc 4 42 10 is_stmt 1 view .LVU382
 1539              	.LBB455:
 1540              	.LBI455:
 352:../../libDaisy/src/dev/oled_ssd130x.h ****     {
 1541              		.loc 6 352 10 view .LVU383
 1542              	.LBB456:
 357:../../libDaisy/src/dev/oled_ssd130x.h ****         else
 1543              		.loc 6 357 28 is_stmt 0 view .LVU384
 1544 02ce F908     		lsrs	r1, r7, #3
 357:../../libDaisy/src/dev/oled_ssd130x.h ****         else
 1545              		.loc 6 357 54 view .LVU385
 1546 02d0 07F0070A 		and	r10, r7, #7
 357:../../libDaisy/src/dev/oled_ssd130x.h ****         else
 1547              		.loc 6 357 48 view .LVU386
 1548 02d4 0120     		movs	r0, #1
 354:../../libDaisy/src/dev/oled_ssd130x.h ****             return;
 1549              		.loc 6 354 9 view .LVU387
 1550 02d6 7F2A     		cmp	r2, #127
 357:../../libDaisy/src/dev/oled_ssd130x.h ****         else
 1551              		.loc 6 357 42 view .LVU388
 1552 02d8 02EBC111 		add	r1, r2, r1, lsl #7
 357:../../libDaisy/src/dev/oled_ssd130x.h ****         else
 1553              		.loc 6 357 48 view .LVU389
 1554 02dc 00FA0AF0 		lsl	r0, r0, r10
 354:../../libDaisy/src/dev/oled_ssd130x.h ****             return;
 1555              		.loc 6 354 9 view .LVU390
 1556 02e0 07D8     		bhi	.L104
 1557 02e2 3F2F     		cmp	r7, #63
 357:../../libDaisy/src/dev/oled_ssd130x.h ****         else
 1558              		.loc 6 357 42 view .LVU391
 1559 02e4 2144     		add	r1, r1, r4
 354:../../libDaisy/src/dev/oled_ssd130x.h ****             return;
 1560              		.loc 6 354 9 view .LVU392
 1561 02e6 04D8     		bhi	.L104
 357:../../libDaisy/src/dev/oled_ssd130x.h ****         else
 1562              		.loc 6 357 42 view .LVU393
 1563 02e8 91F810A0 		ldrb	r10, [r1, #16]	@ zero_extendqisi2
ARM GAS  C:\Users\FINNDY~1\AppData\Local\Temp\ccFWr46h.s 			page 113


 1564 02ec 40EA0A00 		orr	r0, r0, r10
 1565 02f0 0874     		strb	r0, [r1, #16]
 1566              	.L104:
 357:../../libDaisy/src/dev/oled_ssd130x.h ****         else
 1567              		.loc 6 357 42 view .LVU394
 1568              	.LBE456:
 1569              	.LBE455:
 1570              	.LBE454:
 243:../../libDaisy/src/hid/disp/display.h ****             {
 1571              		.loc 5 243 13 view .LVU395
 1572 02f2 5FEA4C01 		lsls	r1, ip, #1
 246:../../libDaisy/src/hid/disp/display.h ****             }
 1573              		.loc 5 246 20 view .LVU396
 1574 02f6 18BF     		it	ne
 1575 02f8 4A44     		addne	r2, r2, r9
 1576              	.LVL109:
 249:../../libDaisy/src/hid/disp/display.h ****             {
 1577              		.loc 5 249 13 view .LVU397
 1578 02fa 8E45     		cmp	lr, r1
 1579 02fc 01DD     		ble	.L106
 251:../../libDaisy/src/hid/disp/display.h ****                 y1 += signY;
 1580              		.loc 5 251 23 view .LVU398
 1581 02fe F444     		add	ip, ip, lr
 1582              	.LVL110:
 252:../../libDaisy/src/hid/disp/display.h ****             }
 1583              		.loc 5 252 20 view .LVU399
 1584 0300 013F     		subs	r7, r7, #1
 1585              	.LVL111:
 1586              	.L106:
 239:../../libDaisy/src/hid/disp/display.h ****         {
 1587              		.loc 5 239 26 is_stmt 1 view .LVU400
 1588 0302 9342     		cmp	r3, r2
 1589 0304 E3D1     		bne	.L103
 239:../../libDaisy/src/hid/disp/display.h ****         {
 1590              		.loc 5 239 26 is_stmt 0 view .LVU401
 1591 0306 BD42     		cmp	r5, r7
 1592 0308 E1D1     		bne	.L103
 1593 030a D7E6     		b	.L95
 1594              	.L157:
 1595              		.align	2
 1596              	.L156:
 1597 030c 00000000 		.word	_ZN5daisy25OneBitGraphicsDisplayImplINS_11OledDisplayINS_13SSD130xDriverILj128ELj64ENS_19SSD
 1598 0310 00000000 		.word	Font_7x10
 1599 0314 00000000 		.word	_ZNK5daisy11OledDisplayINS_13SSD130xDriverILj128ELj64ENS_19SSD130xI2CTransportEEEE5WidthEv
 1600              	.LVL112:
 1601              	.L155:
 239:../../libDaisy/src/hid/disp/display.h ****         {
 1602              		.loc 5 239 26 view .LVU402
 1603              	.LBE461:
 1604              	.LBE465:
  47:gui.cpp       ****         }
 1605              		.loc 2 47 46 view .LVU403
 1606 0318 2046     		mov	r0, r4
 1607 031a 9847     		blx	r3
 1608              	.LVL113:
 1609 031c 134A     		ldr	r2, .L158
  47:gui.cpp       ****         }
ARM GAS  C:\Users\FINNDY~1\AppData\Local\Temp\ccFWr46h.s 			page 114


 1610              		.loc 2 47 49 view .LVU404
 1611 031e A0F10A03 		sub	r3, r0, #10
 1612 0322 9145     		cmp	r9, r2
 1613 0324 A2D1     		bne	.L97
 1614              	.LVL114:
 1615              	.LBB466:
 1616              	.LBI440:
 221:../../libDaisy/src/hid/disp/display.h ****                   uint_fast8_t y1,
 1617              		.loc 5 221 10 is_stmt 1 view .LVU405
 1618              	.LBB462:
 227:../../libDaisy/src/hid/disp/display.h ****         int_fast16_t deltaY = abs((int_fast16_t)y2 - (int_fast16_t)y1);
 1619              		.loc 5 227 52 is_stmt 0 view .LVU406
 1620 0326 A0F1140E 		sub	lr, r0, #20
 227:../../libDaisy/src/hid/disp/display.h ****         int_fast16_t deltaY = abs((int_fast16_t)y2 - (int_fast16_t)y1);
 1621              		.loc 5 227 22 view .LVU407
 1622 032a BEF1000F 		cmp	lr, #0
 1623 032e B8BF     		it	lt
 1624 0330 CEF1000E 		rsblt	lr, lr, #0
 1625              	.LVL115:
 229:../../libDaisy/src/hid/disp/display.h ****         int_fast16_t signY  = ((y1 < y2) ? 1 : -1);
 1626              		.loc 5 229 42 view .LVU408
 1627 0334 0A2B     		cmp	r3, #10
 1628 0336 0DD8     		bhi	.L98
 1629              	.LVL116:
 1630              	.LBB457:
 1631              		.loc 4 42 10 is_stmt 1 view .LVU409
 1632              	.LBB450:
 352:../../libDaisy/src/dev/oled_ssd130x.h ****     {
 1633              		.loc 6 352 10 view .LVU410
 1634              	.LBB446:
 354:../../libDaisy/src/dev/oled_ssd130x.h ****             return;
 1635              		.loc 6 354 9 is_stmt 0 view .LVU411
 1636 0338 3F2D     		cmp	r5, #63
 1637              	.LBE446:
 1638              	.LBE450:
 1639              	.LBE457:
 229:../../libDaisy/src/hid/disp/display.h ****         int_fast16_t signY  = ((y1 < y2) ? 1 : -1);
 1640              		.loc 5 229 42 view .LVU412
 1641 033a 4FF0FF39 		mov	r9, #-1
 1642              	.LBB458:
 1643              	.LBB451:
 1644              	.LBB447:
 354:../../libDaisy/src/dev/oled_ssd130x.h ****             return;
 1645              		.loc 6 354 9 view .LVU413
 1646 033e B5D9     		bls	.L111
 1647 0340 BFE7     		b	.L99
 1648              	.LVL117:
 1649              	.L71:
 354:../../libDaisy/src/dev/oled_ssd130x.h ****             return;
 1650              		.loc 6 354 9 view .LVU414
 1651              	.LBE447:
 1652              	.LBE451:
 1653              	.LBE458:
 1654              	.LBE462:
 1655              	.LBE466:
 1656              	.LBE470:
 1657              	.LBE472:
ARM GAS  C:\Users\FINNDY~1\AppData\Local\Temp\ccFWr46h.s 			page 115


  30:gui.cpp       **** 
 1658              		.loc 2 30 16 view .LVU415
 1659 0342 0123     		movs	r3, #1
 1660 0344 0B22     		movs	r2, #11
 1661 0346 2046     		mov	r0, r4
 1662              	.LVL118:
  30:gui.cpp       **** 
 1663              		.loc 2 30 16 view .LVU416
 1664 0348 1946     		mov	r1, r3
 1665              	.LVL119:
  30:gui.cpp       **** 
 1666              		.loc 2 30 16 view .LVU417
 1667 034a CDE90023 		strd	r2, r3, [sp]
 1668 034e 0222     		movs	r2, #2
 1669 0350 A847     		blx	r5
 1670              	.LVL120:
 1671 0352 75E6     		b	.L72
 1672              	.LVL121:
 1673              	.L98:
 1674              	.LBB473:
 1675              	.LBB471:
 1676              	.LBB467:
 1677              	.LBB463:
 1678              	.LBB459:
 1679              	.LBB452:
 1680              	.LBB448:
 354:../../libDaisy/src/dev/oled_ssd130x.h ****             return;
 1681              		.loc 6 354 14 view .LVU418
 1682 0354 7F2B     		cmp	r3, #127
 1683 0356 94BF     		ite	ls
 1684 0358 0022     		movls	r2, #0
 1685 035a 0122     		movhi	r2, #1
 1686 035c A1E7     		b	.L109
 1687              	.LVL122:
 1688              	.L79:
 354:../../libDaisy/src/dev/oled_ssd130x.h ****             return;
 1689              		.loc 6 354 14 view .LVU419
 1690              	.LBE448:
 1691              	.LBE452:
 1692              	.LBE459:
 1693              	.LBE463:
 1694              	.LBE467:
 1695              	.LBB468:
 1696              	.LBB434:
 1697              	.LBB430:
 1698              	.LBB423:
 1699              	.LBB419:
 1700 035e 7F2B     		cmp	r3, #127
 1701 0360 94BF     		ite	ls
 1702 0362 4FF0000A 		movls	r10, #0
 1703 0366 4FF0010A 		movhi	r10, #1
 1704 036a 0EE7     		b	.L110
 1705              	.L159:
 1706              		.align	2
 1707              	.L158:
 1708 036c 00000000 		.word	_ZN5daisy25OneBitGraphicsDisplayImplINS_11OledDisplayINS_13SSD130xDriverILj128ELj64ENS_19SSD
 1709              	.LBE419:
ARM GAS  C:\Users\FINNDY~1\AppData\Local\Temp\ccFWr46h.s 			page 116


 1710              	.LBE423:
 1711              	.LBE430:
 1712              	.LBE434:
 1713              	.LBE468:
 1714              	.LBE471:
 1715              	.LBE473:
 1716              		.cfi_endproc
 1717              	.LFE6823:
 1719              		.section	.text._ZN12ScrollWindowC2EiPP13ScrollElement,"ax",%progbits
 1720              		.align	1
 1721              		.p2align 2,,3
 1722              		.global	_ZN12ScrollWindowC2EiPP13ScrollElement
 1723              		.syntax unified
 1724              		.thumb
 1725              		.thumb_func
 1726              		.fpu fpv5-d16
 1728              	_ZN12ScrollWindowC2EiPP13ScrollElement:
 1729              	.LVL123:
 1730              	.LFB6817:
   4:gui.cpp       **** 
 1731              		.loc 2 4 1 is_stmt 1 view -0
 1732              		.cfi_startproc
 1733              		@ args = 0, pretend = 0, frame = 0
 1734              		@ frame_needed = 0, uses_anonymous_args = 0
 1735              		@ link register save eliminated.
   4:gui.cpp       **** 
 1736              		.loc 2 4 1 is_stmt 0 view .LVU421
 1737 0000 10B4     		push	{r4}
 1738              		.cfi_def_cfa_offset 4
 1739              		.cfi_offset 4, -4
 1740              	.LBB474:
   4:gui.cpp       **** 
 1741              		.loc 2 4 116 view .LVU422
 1742 0002 034C     		ldr	r4, .L162
 1743              	.LVL124:
 1744              	.LBB475:
 1745              	.LBI475:
  47:gui.hpp       **** public:
 1746              		.loc 1 47 7 is_stmt 1 view .LVU423
  47:gui.hpp       **** public:
 1747              		.loc 1 47 7 is_stmt 0 view .LVU424
 1748              	.LBE475:
   4:gui.cpp       **** 
 1749              		.loc 2 4 116 view .LVU425
 1750 0004 8160     		str	r1, [r0, #8]
 1751 0006 0460     		str	r4, [r0]
 1752 0008 0261     		str	r2, [r0, #16]
 1753              	.LBE474:
   4:gui.cpp       **** 
 1754              		.loc 2 4 119 view .LVU426
 1755 000a 5DF8044B 		ldr	r4, [sp], #4
 1756              		.cfi_restore 4
 1757              		.cfi_def_cfa_offset 0
 1758 000e 7047     		bx	lr
 1759              	.L163:
 1760              		.align	2
 1761              	.L162:
ARM GAS  C:\Users\FINNDY~1\AppData\Local\Temp\ccFWr46h.s 			page 117


 1762 0010 08000000 		.word	.LANCHOR5+8
 1763              		.cfi_endproc
 1764              	.LFE6817:
 1766              		.global	_ZN12ScrollWindowC1EiPP13ScrollElement
 1767              		.thumb_set _ZN12ScrollWindowC1EiPP13ScrollElement,_ZN12ScrollWindowC2EiPP13ScrollElement
 1768              		.section	.text._ZN12ScrollWindowC2EiP13ScrollElementPS1_,"ax",%progbits
 1769              		.align	1
 1770              		.p2align 2,,3
 1771              		.global	_ZN12ScrollWindowC2EiP13ScrollElementPS1_
 1772              		.syntax unified
 1773              		.thumb
 1774              		.thumb_func
 1775              		.fpu fpv5-d16
 1777              	_ZN12ScrollWindowC2EiP13ScrollElementPS1_:
 1778              	.LVL125:
 1779              	.LFB6820:
   6:gui.cpp       ****     for (int i = 0; i < numElements; i++) {
 1780              		.loc 2 6 1 is_stmt 1 view -0
 1781              		.cfi_startproc
 1782              		@ args = 0, pretend = 0, frame = 0
 1783              		@ frame_needed = 0, uses_anonymous_args = 0
 1784              		@ link register save eliminated.
 1785              	.LBB476:
 1786              	.LBB477:
 1787              	.LBI477:
  47:gui.hpp       **** public:
 1788              		.loc 1 47 7 view .LVU428
  47:gui.hpp       **** public:
 1789              		.loc 1 47 7 is_stmt 0 view .LVU429
 1790              	.LBE477:
 1791              	.LBE476:
   6:gui.cpp       ****     for (int i = 0; i < numElements; i++) {
 1792              		.loc 2 6 1 view .LVU430
 1793 0000 10B4     		push	{r4}
 1794              		.cfi_def_cfa_offset 4
 1795              		.cfi_offset 4, -4
 1796              	.LBB480:
 1797              	.LBB478:
   7:gui.cpp       ****         elements[i] = &realElements[i];
 1798              		.loc 2 7 23 view .LVU431
 1799 0002 0029     		cmp	r1, #0
 1800              	.LBE478:
   6:gui.cpp       ****     for (int i = 0; i < numElements; i++) {
 1801              		.loc 2 6 145 view .LVU432
 1802 0004 074C     		ldr	r4, .L169
 1803 0006 8160     		str	r1, [r0, #8]
 1804 0008 0460     		str	r4, [r0]
 1805 000a 0361     		str	r3, [r0, #16]
 1806              	.LBE480:
   7:gui.cpp       ****         elements[i] = &realElements[i];
 1807              		.loc 2 7 5 is_stmt 1 view .LVU433
 1808              	.LVL126:
 1809              	.LBB481:
 1810              	.LBB479:
   7:gui.cpp       ****         elements[i] = &realElements[i];
 1811              		.loc 2 7 23 view .LVU434
 1812 000c 07DD     		ble	.L165
ARM GAS  C:\Users\FINNDY~1\AppData\Local\Temp\ccFWr46h.s 			page 118


 1813 000e 03EB8101 		add	r1, r3, r1, lsl #2
 1814              	.LVL127:
 1815              	.L166:
   8:gui.cpp       ****     }
 1816              		.loc 2 8 9 discriminator 2 view .LVU435
   8:gui.cpp       ****     }
 1817              		.loc 2 8 21 is_stmt 0 discriminator 2 view .LVU436
 1818 0012 43F8042B 		str	r2, [r3], #4
   7:gui.cpp       ****         elements[i] = &realElements[i];
 1819              		.loc 2 7 5 is_stmt 1 discriminator 2 view .LVU437
   7:gui.cpp       ****         elements[i] = &realElements[i];
 1820              		.loc 2 7 23 discriminator 2 view .LVU438
 1821 0016 8B42     		cmp	r3, r1
 1822 0018 02F10C02 		add	r2, r2, #12
 1823 001c F9D1     		bne	.L166
 1824              	.L165:
 1825              	.LBE479:
 1826              	.LBE481:
  10:gui.cpp       **** 
 1827              		.loc 2 10 1 is_stmt 0 view .LVU439
 1828 001e 5DF8044B 		ldr	r4, [sp], #4
 1829              		.cfi_restore 4
 1830              		.cfi_def_cfa_offset 0
 1831 0022 7047     		bx	lr
 1832              	.L170:
 1833              		.align	2
 1834              	.L169:
 1835 0024 08000000 		.word	.LANCHOR5+8
 1836              		.cfi_endproc
 1837              	.LFE6820:
 1839              		.global	_ZN12ScrollWindowC1EiP13ScrollElementPS1_
 1840              		.thumb_set _ZN12ScrollWindowC1EiP13ScrollElementPS1_,_ZN12ScrollWindowC2EiP13ScrollElementPS1_
 1841              		.section	.text._ZN22ParameterScrollElementIfE8OnSelectEPP6Window,"ax",%progbits
 1842              		.align	1
 1843              		.p2align 2,,3
 1844              		.global	_ZN22ParameterScrollElementIfE8OnSelectEPP6Window
 1845              		.syntax unified
 1846              		.thumb
 1847              		.thumb_func
 1848              		.fpu fpv5-d16
 1850              	_ZN22ParameterScrollElementIfE8OnSelectEPP6Window:
 1851              	.LVL128:
 1852              	.LFB6828:
 118:gui.cpp       ****     subWindow = &floatParamWindow;
 1853              		.loc 2 118 81 is_stmt 1 view -0
 1854              		.cfi_startproc
 1855              		@ args = 0, pretend = 0, frame = 0
 1856              		@ frame_needed = 0, uses_anonymous_args = 0
 1857              		@ link register save eliminated.
 119:gui.cpp       ****     floatParamWindow.parameter = parameter;
 1858              		.loc 2 119 5 view .LVU441
 119:gui.cpp       ****     floatParamWindow.parameter = parameter;
 1859              		.loc 2 119 15 is_stmt 0 view .LVU442
 1860 0000 024B     		ldr	r3, .L172
 120:gui.cpp       **** }
 1861              		.loc 2 120 32 view .LVU443
 1862 0002 C268     		ldr	r2, [r0, #12]
ARM GAS  C:\Users\FINNDY~1\AppData\Local\Temp\ccFWr46h.s 			page 119


 119:gui.cpp       ****     floatParamWindow.parameter = parameter;
 1863              		.loc 2 119 15 view .LVU444
 1864 0004 4360     		str	r3, [r0, #4]
 120:gui.cpp       **** }
 1865              		.loc 2 120 5 is_stmt 1 view .LVU445
 120:gui.cpp       **** }
 1866              		.loc 2 120 32 is_stmt 0 view .LVU446
 1867 0006 9A60     		str	r2, [r3, #8]
 121:gui.cpp       **** 
 1868              		.loc 2 121 1 view .LVU447
 1869 0008 7047     		bx	lr
 1870              	.L173:
 1871 000a 00BF     		.align	2
 1872              	.L172:
 1873 000c 00000000 		.word	.LANCHOR6
 1874              		.cfi_endproc
 1875              	.LFE6828:
 1877              		.section	.text._ZN22ParameterScrollElementIbE8OnSelectEPP6Window,"ax",%progbits
 1878              		.align	1
 1879              		.p2align 2,,3
 1880              		.global	_ZN22ParameterScrollElementIbE8OnSelectEPP6Window
 1881              		.syntax unified
 1882              		.thumb
 1883              		.thumb_func
 1884              		.fpu fpv5-d16
 1886              	_ZN22ParameterScrollElementIbE8OnSelectEPP6Window:
 1887              	.LVL129:
 1888              	.LFB6829:
 125:gui.cpp       ****     subWindow = &boolParamWindow;
 1889              		.loc 2 125 80 is_stmt 1 view -0
 1890              		.cfi_startproc
 1891              		@ args = 0, pretend = 0, frame = 0
 1892              		@ frame_needed = 0, uses_anonymous_args = 0
 1893              		@ link register save eliminated.
 126:gui.cpp       ****     boolParamWindow.parameter = parameter;
 1894              		.loc 2 126 5 view .LVU449
 126:gui.cpp       ****     boolParamWindow.parameter = parameter;
 1895              		.loc 2 126 15 is_stmt 0 view .LVU450
 1896 0000 024B     		ldr	r3, .L175
 127:gui.cpp       **** }
 1897              		.loc 2 127 31 view .LVU451
 1898 0002 C268     		ldr	r2, [r0, #12]
 126:gui.cpp       ****     boolParamWindow.parameter = parameter;
 1899              		.loc 2 126 15 view .LVU452
 1900 0004 4360     		str	r3, [r0, #4]
 127:gui.cpp       **** }
 1901              		.loc 2 127 5 is_stmt 1 view .LVU453
 127:gui.cpp       **** }
 1902              		.loc 2 127 31 is_stmt 0 view .LVU454
 1903 0006 9A60     		str	r2, [r3, #8]
 128:gui.cpp       **** 
 1904              		.loc 2 128 1 view .LVU455
 1905 0008 7047     		bx	lr
 1906              	.L176:
 1907 000a 00BF     		.align	2
 1908              	.L175:
 1909 000c 00000000 		.word	.LANCHOR7
ARM GAS  C:\Users\FINNDY~1\AppData\Local\Temp\ccFWr46h.s 			page 120


 1910              		.cfi_endproc
 1911              	.LFE6829:
 1913              		.section	.text._ZN5daisy25OneBitGraphicsDisplayImplINS_11OledDisplayINS_13SSD130xDriverILj128ELj64
 1914              		.align	1
 1915              		.p2align 2,,3
 1916              		.weak	_ZN5daisy25OneBitGraphicsDisplayImplINS_11OledDisplayINS_13SSD130xDriverILj128ELj64ENS_19SSD
 1917              		.syntax unified
 1918              		.thumb
 1919              		.thumb_func
 1920              		.fpu fpv5-d16
 1922              	_ZN5daisy25OneBitGraphicsDisplayImplINS_11OledDisplayINS_13SSD130xDriverILj128ELj64ENS_19SSD130xI2C
 1923              	.LVL130:
 1924              	.LFB7219:
 256:../../libDaisy/src/hid/disp/display.h **** 
 257:../../libDaisy/src/hid/disp/display.h ****     void DrawRect(uint_fast8_t x1,
 258:../../libDaisy/src/hid/disp/display.h ****                   uint_fast8_t y1,
 259:../../libDaisy/src/hid/disp/display.h ****                   uint_fast8_t x2,
 260:../../libDaisy/src/hid/disp/display.h ****                   uint_fast8_t y2,
 261:../../libDaisy/src/hid/disp/display.h ****                   bool         on,
 262:../../libDaisy/src/hid/disp/display.h ****                   bool         fill = false) override
 263:../../libDaisy/src/hid/disp/display.h ****     {
 264:../../libDaisy/src/hid/disp/display.h ****         if(fill)
 265:../../libDaisy/src/hid/disp/display.h ****         {
 266:../../libDaisy/src/hid/disp/display.h ****             for(uint_fast8_t x = x1; x <= x2; x++)
 267:../../libDaisy/src/hid/disp/display.h ****             {
 268:../../libDaisy/src/hid/disp/display.h ****                 for(uint_fast8_t y = y1; y <= y2; y++)
 269:../../libDaisy/src/hid/disp/display.h ****                 {
 270:../../libDaisy/src/hid/disp/display.h ****                     ((ChildType*)(this))->ChildType::DrawPixel(x, y, on);
 271:../../libDaisy/src/hid/disp/display.h ****                 }
 272:../../libDaisy/src/hid/disp/display.h ****             }
 273:../../libDaisy/src/hid/disp/display.h ****         }
 274:../../libDaisy/src/hid/disp/display.h ****         else
 275:../../libDaisy/src/hid/disp/display.h ****         {
 276:../../libDaisy/src/hid/disp/display.h ****             ((ChildType*)(this))->ChildType::DrawLine(x1, y1, x2, y1, on);
 277:../../libDaisy/src/hid/disp/display.h ****             ((ChildType*)(this))->ChildType::DrawLine(x2, y1, x2, y2, on);
 278:../../libDaisy/src/hid/disp/display.h ****             ((ChildType*)(this))->ChildType::DrawLine(x2, y2, x1, y2, on);
 279:../../libDaisy/src/hid/disp/display.h ****             ((ChildType*)(this))->ChildType::DrawLine(x1, y2, x1, y1, on);
 280:../../libDaisy/src/hid/disp/display.h ****         }
 281:../../libDaisy/src/hid/disp/display.h ****     }
 282:../../libDaisy/src/hid/disp/display.h **** 
 283:../../libDaisy/src/hid/disp/display.h ****     void DrawArc(uint_fast8_t x,
 284:../../libDaisy/src/hid/disp/display.h ****                  uint_fast8_t y,
 285:../../libDaisy/src/hid/disp/display.h ****                  uint_fast8_t radius,
 286:../../libDaisy/src/hid/disp/display.h ****                  int_fast16_t start_angle,
 287:../../libDaisy/src/hid/disp/display.h ****                  int_fast16_t sweep,
 288:../../libDaisy/src/hid/disp/display.h ****                  bool         on) override
 289:../../libDaisy/src/hid/disp/display.h ****     {
 290:../../libDaisy/src/hid/disp/display.h ****         // Values to calculate the circle
 291:../../libDaisy/src/hid/disp/display.h ****         int_fast16_t t_x, t_y, err, e2;
 292:../../libDaisy/src/hid/disp/display.h **** 
 293:../../libDaisy/src/hid/disp/display.h ****         // Temporary values to speed up comparisons
 294:../../libDaisy/src/hid/disp/display.h ****         float t_sxy, t_syx, t_sxny, t_synx;
 295:../../libDaisy/src/hid/disp/display.h ****         float t_exy, t_eyx, t_exny, t_eynx;
 296:../../libDaisy/src/hid/disp/display.h **** 
 297:../../libDaisy/src/hid/disp/display.h ****         float start_angle_rad, end_angle_rad;
 298:../../libDaisy/src/hid/disp/display.h ****         float start_x, start_y, end_x, end_y;
 299:../../libDaisy/src/hid/disp/display.h **** 
ARM GAS  C:\Users\FINNDY~1\AppData\Local\Temp\ccFWr46h.s 			page 121


 300:../../libDaisy/src/hid/disp/display.h ****         bool d1, d2, d3, d4;
 301:../../libDaisy/src/hid/disp/display.h **** 
 302:../../libDaisy/src/hid/disp/display.h ****         d1 = d2 = d3 = d4 = true;
 303:../../libDaisy/src/hid/disp/display.h **** 
 304:../../libDaisy/src/hid/disp/display.h ****         bool circle = false;
 305:../../libDaisy/src/hid/disp/display.h **** 
 306:../../libDaisy/src/hid/disp/display.h ****         if(sweep < 0)
 307:../../libDaisy/src/hid/disp/display.h ****         {
 308:../../libDaisy/src/hid/disp/display.h ****             start_angle += sweep;
 309:../../libDaisy/src/hid/disp/display.h ****             sweep = -sweep;
 310:../../libDaisy/src/hid/disp/display.h ****         }
 311:../../libDaisy/src/hid/disp/display.h **** 
 312:../../libDaisy/src/hid/disp/display.h ****         start_angle_rad = deg2rad(start_angle);
 313:../../libDaisy/src/hid/disp/display.h ****         end_angle_rad   = deg2rad(start_angle + sweep);
 314:../../libDaisy/src/hid/disp/display.h **** 
 315:../../libDaisy/src/hid/disp/display.h ****         start_x = cos(start_angle_rad) * radius;
 316:../../libDaisy/src/hid/disp/display.h ****         start_y = -sin(start_angle_rad) * radius;
 317:../../libDaisy/src/hid/disp/display.h ****         end_x   = cos(end_angle_rad) * radius;
 318:../../libDaisy/src/hid/disp/display.h ****         end_y   = -sin(end_angle_rad) * radius;
 319:../../libDaisy/src/hid/disp/display.h **** 
 320:../../libDaisy/src/hid/disp/display.h ****         // Check if start and endpoint are very near
 321:../../libDaisy/src/hid/disp/display.h ****         if((end_x - start_x) * (end_x - start_x)
 322:../../libDaisy/src/hid/disp/display.h ****                + (end_y - start_y) * (end_y - start_y)
 323:../../libDaisy/src/hid/disp/display.h ****            < 2.0f)
 324:../../libDaisy/src/hid/disp/display.h ****         {
 325:../../libDaisy/src/hid/disp/display.h ****             if(sweep > 180)
 326:../../libDaisy/src/hid/disp/display.h ****                 circle = true;
 327:../../libDaisy/src/hid/disp/display.h ****             else
 328:../../libDaisy/src/hid/disp/display.h ****                 // Nothing to draw
 329:../../libDaisy/src/hid/disp/display.h ****                 return;
 330:../../libDaisy/src/hid/disp/display.h ****         }
 331:../../libDaisy/src/hid/disp/display.h **** 
 332:../../libDaisy/src/hid/disp/display.h ****         t_x = -radius;
 333:../../libDaisy/src/hid/disp/display.h ****         t_y = 0;
 334:../../libDaisy/src/hid/disp/display.h ****         err = 2 - 2 * radius;
 335:../../libDaisy/src/hid/disp/display.h **** 
 336:../../libDaisy/src/hid/disp/display.h ****         do
 337:../../libDaisy/src/hid/disp/display.h ****         {
 338:../../libDaisy/src/hid/disp/display.h ****             if(!circle)
 339:../../libDaisy/src/hid/disp/display.h ****             {
 340:../../libDaisy/src/hid/disp/display.h ****                 t_sxy  = start_x * t_y;
 341:../../libDaisy/src/hid/disp/display.h ****                 t_syx  = start_y * t_x;
 342:../../libDaisy/src/hid/disp/display.h ****                 t_sxny = start_x * -t_y;
 343:../../libDaisy/src/hid/disp/display.h ****                 t_synx = start_y * -t_x;
 344:../../libDaisy/src/hid/disp/display.h ****                 t_exy  = end_x * t_y;
 345:../../libDaisy/src/hid/disp/display.h ****                 t_eyx  = end_y * t_x;
 346:../../libDaisy/src/hid/disp/display.h ****                 t_exny = end_x * -t_y;
 347:../../libDaisy/src/hid/disp/display.h ****                 t_eynx = end_y * -t_x;
 348:../../libDaisy/src/hid/disp/display.h **** 
 349:../../libDaisy/src/hid/disp/display.h ****                 if(sweep > 180)
 350:../../libDaisy/src/hid/disp/display.h ****                 {
 351:../../libDaisy/src/hid/disp/display.h ****                     d1 = (t_sxy - t_synx < 0 || t_exy - t_eynx > 0);
 352:../../libDaisy/src/hid/disp/display.h ****                     d2 = (t_sxy - t_syx < 0 || t_exy - t_eyx > 0);
 353:../../libDaisy/src/hid/disp/display.h ****                     d3 = (t_sxny - t_syx < 0 || t_exny - t_eyx > 0);
 354:../../libDaisy/src/hid/disp/display.h ****                     d4 = (t_sxny - t_synx < 0 || t_exny - t_eynx > 0);
 355:../../libDaisy/src/hid/disp/display.h ****                 }
 356:../../libDaisy/src/hid/disp/display.h ****                 else
ARM GAS  C:\Users\FINNDY~1\AppData\Local\Temp\ccFWr46h.s 			page 122


 357:../../libDaisy/src/hid/disp/display.h ****                 {
 358:../../libDaisy/src/hid/disp/display.h ****                     d1 = (t_sxy - t_synx < 0 && t_exy - t_eynx > 0);
 359:../../libDaisy/src/hid/disp/display.h ****                     d2 = (t_sxy - t_syx < 0 && t_exy - t_eyx > 0);
 360:../../libDaisy/src/hid/disp/display.h ****                     d3 = (t_sxny - t_syx < 0 && t_exny - t_eyx > 0);
 361:../../libDaisy/src/hid/disp/display.h ****                     d4 = (t_sxny - t_synx < 0 && t_exny - t_eynx > 0);
 362:../../libDaisy/src/hid/disp/display.h ****                 }
 363:../../libDaisy/src/hid/disp/display.h ****             }
 364:../../libDaisy/src/hid/disp/display.h **** 
 365:../../libDaisy/src/hid/disp/display.h ****             if(d1)
 366:../../libDaisy/src/hid/disp/display.h ****                 ((ChildType*)(this))
 367:../../libDaisy/src/hid/disp/display.h ****                     ->ChildType::DrawPixel(x - t_x, y + t_y, on);
 368:../../libDaisy/src/hid/disp/display.h ****             if(d2)
 369:../../libDaisy/src/hid/disp/display.h ****                 ((ChildType*)(this))
 370:../../libDaisy/src/hid/disp/display.h ****                     ->ChildType::DrawPixel(x + t_x, y + t_y, on);
 371:../../libDaisy/src/hid/disp/display.h ****             if(d3)
 372:../../libDaisy/src/hid/disp/display.h ****                 ((ChildType*)(this))
 373:../../libDaisy/src/hid/disp/display.h ****                     ->ChildType::DrawPixel(x + t_x, y - t_y, on);
 374:../../libDaisy/src/hid/disp/display.h ****             if(d4)
 375:../../libDaisy/src/hid/disp/display.h ****                 ((ChildType*)(this))
 376:../../libDaisy/src/hid/disp/display.h ****                     ->ChildType::DrawPixel(x - t_x, y - t_y, on);
 377:../../libDaisy/src/hid/disp/display.h **** 
 378:../../libDaisy/src/hid/disp/display.h ****             e2 = err;
 379:../../libDaisy/src/hid/disp/display.h ****             if(e2 <= t_y)
 380:../../libDaisy/src/hid/disp/display.h ****             {
 381:../../libDaisy/src/hid/disp/display.h ****                 t_y++;
 382:../../libDaisy/src/hid/disp/display.h ****                 err = err + (t_y * 2 + 1);
 383:../../libDaisy/src/hid/disp/display.h ****                 if(-t_x == t_y && e2 <= t_x)
 384:../../libDaisy/src/hid/disp/display.h ****                 {
 385:../../libDaisy/src/hid/disp/display.h ****                     e2 = 0;
 386:../../libDaisy/src/hid/disp/display.h ****                 }
 387:../../libDaisy/src/hid/disp/display.h ****             }
 388:../../libDaisy/src/hid/disp/display.h ****             if(e2 > t_x)
 389:../../libDaisy/src/hid/disp/display.h ****             {
 390:../../libDaisy/src/hid/disp/display.h ****                 t_x++;
 391:../../libDaisy/src/hid/disp/display.h ****                 err = err + (t_x * 2 + 1);
 392:../../libDaisy/src/hid/disp/display.h ****             }
 393:../../libDaisy/src/hid/disp/display.h ****         } while(t_x <= 0);
 394:../../libDaisy/src/hid/disp/display.h ****     }
 395:../../libDaisy/src/hid/disp/display.h **** 
 396:../../libDaisy/src/hid/disp/display.h ****     char WriteChar(char ch, FontDef font, bool on) override
 397:../../libDaisy/src/hid/disp/display.h ****     {
 398:../../libDaisy/src/hid/disp/display.h ****         uint32_t i, b, j;
 399:../../libDaisy/src/hid/disp/display.h **** 
 400:../../libDaisy/src/hid/disp/display.h ****         // Check if character is valid
 401:../../libDaisy/src/hid/disp/display.h ****         if(ch < 32 || ch > 126)
 402:../../libDaisy/src/hid/disp/display.h ****             return 0;
 403:../../libDaisy/src/hid/disp/display.h **** 
 404:../../libDaisy/src/hid/disp/display.h ****         // Check remaining space on current line
 405:../../libDaisy/src/hid/disp/display.h ****         if(Width() < (currentX_ + font.FontWidth)
 406:../../libDaisy/src/hid/disp/display.h ****            || Height() < (currentY_ + font.FontHeight))
 407:../../libDaisy/src/hid/disp/display.h ****         {
 408:../../libDaisy/src/hid/disp/display.h ****             // Not enough space on current line
 409:../../libDaisy/src/hid/disp/display.h ****             return 0;
 410:../../libDaisy/src/hid/disp/display.h ****         }
 411:../../libDaisy/src/hid/disp/display.h **** 
 412:../../libDaisy/src/hid/disp/display.h ****         // Use the font to write
 413:../../libDaisy/src/hid/disp/display.h ****         for(i = 0; i < font.FontHeight; i++)
ARM GAS  C:\Users\FINNDY~1\AppData\Local\Temp\ccFWr46h.s 			page 123


 414:../../libDaisy/src/hid/disp/display.h ****         {
 415:../../libDaisy/src/hid/disp/display.h ****             b = font.data[(ch - 32) * font.FontHeight + i];
 416:../../libDaisy/src/hid/disp/display.h ****             for(j = 0; j < font.FontWidth; j++)
 417:../../libDaisy/src/hid/disp/display.h ****             {
 418:../../libDaisy/src/hid/disp/display.h ****                 if((b << j) & 0x8000)
 419:../../libDaisy/src/hid/disp/display.h ****                 {
 420:../../libDaisy/src/hid/disp/display.h ****                     ((ChildType*)(this))
 421:../../libDaisy/src/hid/disp/display.h ****                         ->ChildType::DrawPixel(
 422:../../libDaisy/src/hid/disp/display.h ****                             currentX_ + j, (currentY_ + i), on);
 423:../../libDaisy/src/hid/disp/display.h ****                 }
 424:../../libDaisy/src/hid/disp/display.h ****                 else
 425:../../libDaisy/src/hid/disp/display.h ****                 {
 426:../../libDaisy/src/hid/disp/display.h ****                     ((ChildType*)(this))
 427:../../libDaisy/src/hid/disp/display.h ****                         ->ChildType::DrawPixel(
 428:../../libDaisy/src/hid/disp/display.h ****                             currentX_ + j, (currentY_ + i), !on);
 429:../../libDaisy/src/hid/disp/display.h ****                 }
 430:../../libDaisy/src/hid/disp/display.h ****             }
 431:../../libDaisy/src/hid/disp/display.h ****         }
 432:../../libDaisy/src/hid/disp/display.h **** 
 433:../../libDaisy/src/hid/disp/display.h ****         // The current space is now taken
 434:../../libDaisy/src/hid/disp/display.h ****         SetCursor(currentX_ + font.FontWidth, currentY_);
 435:../../libDaisy/src/hid/disp/display.h **** 
 436:../../libDaisy/src/hid/disp/display.h ****         // Return written char for validation
 437:../../libDaisy/src/hid/disp/display.h ****         return ch;
 438:../../libDaisy/src/hid/disp/display.h ****     }
 439:../../libDaisy/src/hid/disp/display.h **** 
 440:../../libDaisy/src/hid/disp/display.h ****     char WriteString(const char* str, FontDef font, bool on) override
 1925              		.loc 5 440 10 is_stmt 1 view -0
 1926              		.cfi_startproc
 1927              		@ args = 4, pretend = 0, frame = 32
 1928              		@ frame_needed = 0, uses_anonymous_args = 0
 1929              		.loc 5 440 10 is_stmt 0 view .LVU457
 1930 0000 2DE9F04F 		push	{r4, r5, r6, r7, r8, r9, r10, fp, lr}
 1931              		.cfi_def_cfa_offset 36
 1932              		.cfi_offset 4, -36
 1933              		.cfi_offset 5, -32
 1934              		.cfi_offset 6, -28
 1935              		.cfi_offset 7, -24
 1936              		.cfi_offset 8, -20
 1937              		.cfi_offset 9, -16
 1938              		.cfi_offset 10, -12
 1939              		.cfi_offset 11, -8
 1940              		.cfi_offset 14, -4
 1941 0004 89B0     		sub	sp, sp, #36
 1942              		.cfi_def_cfa_offset 72
 1943              		.loc 5 440 10 view .LVU458
 1944 0006 08AC     		add	r4, sp, #32
 1945 0008 9DF84870 		ldrb	r7, [sp, #72]	@ zero_extendqisi2
 1946 000c 0191     		str	r1, [sp, #4]
 1947 000e 04E90C00 		stmdb	r4, {r2, r3}
 441:../../libDaisy/src/hid/disp/display.h ****     {
 442:../../libDaisy/src/hid/disp/display.h ****         // Write until null-byte
 443:../../libDaisy/src/hid/disp/display.h ****         while(*str)
 1948              		.loc 5 443 9 is_stmt 1 view .LVU459
 1949 0012 0B78     		ldrb	r3, [r1]	@ zero_extendqisi2
 1950 0014 002B     		cmp	r3, #0
 1951 0016 00F0AD80 		beq	.L198
ARM GAS  C:\Users\FINNDY~1\AppData\Local\Temp\ccFWr46h.s 			page 124


 1952 001a 1A46     		mov	r2, r3
 1953 001c 9DF81930 		ldrb	r3, [sp, #25]	@ zero_extendqisi2
 1954 0020 8046     		mov	r8, r0
 1955 0022 9DF81840 		ldrb	r4, [sp, #24]	@ zero_extendqisi2
 1956 0026 0393     		str	r3, [sp, #12]
 1957 0028 9146     		mov	r9, r2
 1958 002a 079B     		ldr	r3, [sp, #28]
 1959 002c 0593     		str	r3, [sp, #20]
 1960              	.LVL131:
 1961              	.L199:
 1962              	.LBB504:
 1963              	.LBI504:
 396:../../libDaisy/src/hid/disp/display.h ****     {
 1964              		.loc 5 396 10 view .LVU460
 1965              	.LBB505:
 401:../../libDaisy/src/hid/disp/display.h ****             return 0;
 1966              		.loc 5 401 20 is_stmt 0 view .LVU461
 1967 002e A9F12005 		sub	r5, r9, #32
 401:../../libDaisy/src/hid/disp/display.h ****             return 0;
 1968              		.loc 5 401 9 view .LVU462
 1969 0032 EBB2     		uxtb	r3, r5
 1970 0034 5E2B     		cmp	r3, #94
 1971 0036 00F2A180 		bhi	.L183
 405:../../libDaisy/src/hid/disp/display.h ****            || Height() < (currentY_ + font.FontHeight))
 1972              		.loc 5 405 17 view .LVU463
 1973 003a D8F80030 		ldr	r3, [r8]
 1974 003e 5A4A     		ldr	r2, .L214
 1975 0040 DB68     		ldr	r3, [r3, #12]
 1976 0042 9342     		cmp	r3, r2
 1977 0044 40F09D80 		bne	.L210
 1978 0048 8020     		movs	r0, #128
 1979              	.L182:
 405:../../libDaisy/src/hid/disp/display.h ****            || Height() < (currentY_ + font.FontHeight))
 1980              		.loc 5 405 23 view .LVU464
 1981 004a B8F80430 		ldrh	r3, [r8, #4]
 405:../../libDaisy/src/hid/disp/display.h ****            || Height() < (currentY_ + font.FontHeight))
 1982              		.loc 5 405 33 view .LVU465
 1983 004e 2344     		add	r3, r3, r4
 406:../../libDaisy/src/hid/disp/display.h ****         {
 1984              		.loc 5 406 12 view .LVU466
 1985 0050 8342     		cmp	r3, r0
 1986 0052 00F39380 		bgt	.L183
 406:../../libDaisy/src/hid/disp/display.h ****         {
 1987              		.loc 5 406 21 view .LVU467
 1988 0056 D8F80030 		ldr	r3, [r8]
 1989 005a 4046     		mov	r0, r8
 1990 005c 9B68     		ldr	r3, [r3, #8]
 1991 005e 9847     		blx	r3
 1992              	.LVL132:
 406:../../libDaisy/src/hid/disp/display.h ****         {
 1993              		.loc 5 406 27 view .LVU468
 1994 0060 B8F80610 		ldrh	r1, [r8, #6]
 406:../../libDaisy/src/hid/disp/display.h ****         {
 1995              		.loc 5 406 37 view .LVU469
 1996 0064 039A     		ldr	r2, [sp, #12]
 406:../../libDaisy/src/hid/disp/display.h ****         {
 1997              		.loc 5 406 27 view .LVU470
ARM GAS  C:\Users\FINNDY~1\AppData\Local\Temp\ccFWr46h.s 			page 125


 1998 0066 0291     		str	r1, [sp, #8]
 406:../../libDaisy/src/hid/disp/display.h ****         {
 1999              		.loc 5 406 37 view .LVU471
 2000 0068 8B18     		adds	r3, r1, r2
 406:../../libDaisy/src/hid/disp/display.h ****         {
 2001              		.loc 5 406 12 view .LVU472
 2002 006a 9842     		cmp	r0, r3
 2003 006c C0F28680 		blt	.L183
 2004              	.LVL133:
 413:../../libDaisy/src/hid/disp/display.h ****         {
 2005              		.loc 5 413 22 is_stmt 1 view .LVU473
 2006 0070 002A     		cmp	r2, #0
 2007 0072 00F08E80 		beq	.L184
 415:../../libDaisy/src/hid/disp/display.h ****             for(j = 0; j < font.FontWidth; j++)
 2008              		.loc 5 415 37 is_stmt 0 view .LVU474
 2009 0076 02FB05F5 		mul	r5, r2, r5
 2010 007a 6FF0004E 		mvn	lr, #-2147483648
 2011 007e 059B     		ldr	r3, [sp, #20]
 2012 0080 AE44     		add	lr, lr, r5
 2013 0082 1544     		add	r5, r5, r2
 434:../../libDaisy/src/hid/disp/display.h **** 
 2014              		.loc 5 434 19 view .LVU475
 2015 0084 B8F804B0 		ldrh	fp, [r8, #4]
 2016 0088 03EB4E0E 		add	lr, r3, lr, lsl #1
 2017 008c 023B     		subs	r3, r3, #2
 2018 008e CDF81090 		str	r9, [sp, #16]
 2019 0092 03EB4503 		add	r3, r3, r5, lsl #1
 2020 0096 0D46     		mov	r5, r1
 2021 0098 9A46     		mov	r10, r3
 2022              	.LVL134:
 2023              	.L187:
 415:../../libDaisy/src/hid/disp/display.h ****             for(j = 0; j < font.FontWidth; j++)
 2024              		.loc 5 415 15 view .LVU476
 2025 009a 3EF8026F 		ldrh	r6, [lr, #2]!
 2026              	.LVL135:
 416:../../libDaisy/src/hid/disp/display.h ****             {
 2027              		.loc 5 416 26 is_stmt 1 view .LVU477
 2028 009e A4B3     		cbz	r4, .L192
 2029              	.LBB506:
 2030              	.LBB507:
 2031              	.LBB508:
 2032              	.LBB509:
 2033              	.LBB510:
 2034              		.loc 6 359 55 is_stmt 0 view .LVU478
 2035 00a0 05F00703 		and	r3, r5, #7
 2036              		.loc 6 359 49 view .LVU479
 2037 00a4 4FF0010C 		mov	ip, #1
 2038              		.loc 6 359 28 view .LVU480
 2039 00a8 EA08     		lsrs	r2, r5, #3
 2040 00aa 5946     		mov	r1, fp
 2041              		.loc 6 359 49 view .LVU481
 2042 00ac 0CFA03FC 		lsl	ip, ip, r3
 2043 00b0 0BF11003 		add	r3, fp, #16
 2044              		.loc 6 359 42 view .LVU482
 2045 00b4 4FFA8CFC 		sxtb	ip, ip
 2046 00b8 03EBC212 		add	r2, r3, r2, lsl #7
 2047              	.LBE510:
ARM GAS  C:\Users\FINNDY~1\AppData\Local\Temp\ccFWr46h.s 			page 126


 2048              	.LBE509:
 2049              	.LBE508:
 2050              	.LBE507:
 2051              	.LBE506:
 416:../../libDaisy/src/hid/disp/display.h ****             {
 2052              		.loc 5 416 19 view .LVU483
 2053 00bc 0023     		movs	r3, #0
 2054              	.LBB528:
 2055              	.LBB523:
 2056              	.LBB518:
 2057              	.LBB514:
 2058              	.LBB511:
 2059              		.loc 6 359 42 view .LVU484
 2060 00be 6FEA0C09 		mvn	r9, ip
 2061 00c2 4244     		add	r2, r2, r8
 2062 00c4 0DE0     		b	.L193
 2063              	.LVL136:
 2064              	.L211:
 2065              		.loc 6 359 42 view .LVU485
 2066              	.LBE511:
 2067              	.LBE514:
 2068              	.LBE518:
 2069              	.LBE523:
 2070              	.LBE528:
 2071              	.LBB529:
 2072              	.LBI529:
 2073              		.loc 4 42 10 is_stmt 1 view .LVU486
 2074              	.LBB530:
 2075              	.LBI530:
 352:../../libDaisy/src/dev/oled_ssd130x.h ****     {
 2076              		.loc 6 352 10 view .LVU487
 2077              	.LBB531:
 354:../../libDaisy/src/dev/oled_ssd130x.h ****             return;
 2078              		.loc 6 354 9 is_stmt 0 view .LVU488
 2079 00c6 7F29     		cmp	r1, #127
 2080 00c8 06D8     		bhi	.L189
 2081 00ca 3F2D     		cmp	r5, #63
 2082 00cc 04D8     		bhi	.L189
 357:../../libDaisy/src/dev/oled_ssd130x.h ****         else
 2083              		.loc 6 357 42 view .LVU489
 2084 00ce 1078     		ldrb	r0, [r2]	@ zero_extendqisi2
 356:../../libDaisy/src/dev/oled_ssd130x.h ****             buffer_[x + (y / 8) * width] |= (1 << (y % 8));
 2085              		.loc 6 356 9 view .LVU490
 2086 00d0 97B1     		cbz	r7, .L191
 2087              	.L209:
 356:../../libDaisy/src/dev/oled_ssd130x.h ****             buffer_[x + (y / 8) * width] |= (1 << (y % 8));
 2088              		.loc 6 356 9 view .LVU491
 2089              	.LBE531:
 2090              	.LBE530:
 2091              	.LBE529:
 2092              	.LBB532:
 2093              	.LBB524:
 2094              	.LBB519:
 357:../../libDaisy/src/dev/oled_ssd130x.h ****         else
 2095              		.loc 6 357 42 view .LVU492
 2096 00d2 4CEA0000 		orr	r0, ip, r0
 2097 00d6 1070     		strb	r0, [r2]
ARM GAS  C:\Users\FINNDY~1\AppData\Local\Temp\ccFWr46h.s 			page 127


 2098              	.L189:
 2099              	.LBE519:
 2100              	.LBE524:
 2101              	.LBE532:
 416:../../libDaisy/src/hid/disp/display.h ****             {
 2102              		.loc 5 416 13 is_stmt 1 view .LVU493
 2103 00d8 0133     		adds	r3, r3, #1
 2104              	.LVL137:
 416:../../libDaisy/src/hid/disp/display.h ****             {
 2105              		.loc 5 416 26 view .LVU494
 2106 00da 0132     		adds	r2, r2, #1
 2107 00dc 0131     		adds	r1, r1, #1
 2108 00de A342     		cmp	r3, r4
 2109 00e0 13D0     		beq	.L192
 2110              	.LVL138:
 2111              	.L193:
 418:../../libDaisy/src/hid/disp/display.h ****                 {
 2112              		.loc 5 418 23 is_stmt 0 view .LVU495
 2113 00e2 06FA03F0 		lsl	r0, r6, r3
 418:../../libDaisy/src/hid/disp/display.h ****                 {
 2114              		.loc 5 418 17 view .LVU496
 2115 00e6 0004     		lsls	r0, r0, #16
 2116 00e8 EDD4     		bmi	.L211
 2117              	.LVL139:
 2118              	.LBB533:
 2119              	.LBI506:
 2120              		.loc 4 42 10 is_stmt 1 view .LVU497
 2121              	.LBB525:
 2122              	.LBI507:
 352:../../libDaisy/src/dev/oled_ssd130x.h ****     {
 2123              		.loc 6 352 10 view .LVU498
 2124              	.LBB520:
 354:../../libDaisy/src/dev/oled_ssd130x.h ****             return;
 2125              		.loc 6 354 9 is_stmt 0 view .LVU499
 2126 00ea 7F29     		cmp	r1, #127
 2127 00ec F4D8     		bhi	.L189
 2128 00ee 3F2D     		cmp	r5, #63
 2129 00f0 F2D8     		bhi	.L189
 357:../../libDaisy/src/dev/oled_ssd130x.h ****         else
 2130              		.loc 6 357 42 view .LVU500
 2131 00f2 1078     		ldrb	r0, [r2]	@ zero_extendqisi2
 356:../../libDaisy/src/dev/oled_ssd130x.h ****             buffer_[x + (y / 8) * width] |= (1 << (y % 8));
 2132              		.loc 6 356 9 view .LVU501
 2133 00f4 002F     		cmp	r7, #0
 2134 00f6 ECD0     		beq	.L209
 2135              	.L191:
 2136              	.LVL140:
 2137              	.LBB515:
 2138              	.LBI509:
 352:../../libDaisy/src/dev/oled_ssd130x.h ****     {
 2139              		.loc 6 352 10 is_stmt 1 view .LVU502
 352:../../libDaisy/src/dev/oled_ssd130x.h ****     {
 2140              		.loc 6 352 10 is_stmt 0 view .LVU503
 2141              	.LBE515:
 2142              	.LBE520:
 2143              	.LBE525:
 2144              	.LBE533:
ARM GAS  C:\Users\FINNDY~1\AppData\Local\Temp\ccFWr46h.s 			page 128


 416:../../libDaisy/src/hid/disp/display.h ****             {
 2145              		.loc 5 416 13 view .LVU504
 2146 00f8 0133     		adds	r3, r3, #1
 2147              	.LVL141:
 2148              	.LBB534:
 2149              	.LBB526:
 2150              	.LBB521:
 2151              	.LBB516:
 2152              	.LBB512:
 2153              		.loc 6 359 42 view .LVU505
 2154 00fa 09EA0000 		and	r0, r9, r0
 2155              	.LBE512:
 2156              	.LBE516:
 2157              	.LBE521:
 2158              	.LBE526:
 2159              	.LBE534:
 416:../../libDaisy/src/hid/disp/display.h ****             {
 2160              		.loc 5 416 26 view .LVU506
 2161 00fe 0132     		adds	r2, r2, #1
 2162 0100 0131     		adds	r1, r1, #1
 2163 0102 A342     		cmp	r3, r4
 2164              	.LBB535:
 2165              	.LBB527:
 2166              	.LBB522:
 2167              	.LBB517:
 2168              	.LBB513:
 2169              		.loc 6 359 42 view .LVU507
 2170 0104 02F8010C 		strb	r0, [r2, #-1]
 2171              		.loc 6 359 42 view .LVU508
 2172              	.LBE513:
 2173              	.LBE517:
 2174              	.LBE522:
 2175              	.LBE527:
 2176              	.LBE535:
 416:../../libDaisy/src/hid/disp/display.h ****             {
 2177              		.loc 5 416 13 is_stmt 1 view .LVU509
 2178              	.LVL142:
 416:../../libDaisy/src/hid/disp/display.h ****             {
 2179              		.loc 5 416 26 view .LVU510
 2180 0108 EBD1     		bne	.L193
 2181              	.LVL143:
 2182              	.L192:
 413:../../libDaisy/src/hid/disp/display.h ****         {
 2183              		.loc 5 413 9 view .LVU511
 413:../../libDaisy/src/hid/disp/display.h ****         {
 2184              		.loc 5 413 22 view .LVU512
 2185 010a D645     		cmp	lr, r10
 2186 010c 05F10105 		add	r5, r5, #1
 2187 0110 C3D1     		bne	.L187
 2188 0112 DDF81090 		ldr	r9, [sp, #16]
 2189              	.LVL144:
 2190              	.L186:
 2191              	.LBB536:
 2192              	.LBB537:
 173:../../libDaisy/src/hid/disp/display.h ****         currentY_ = (y >= Height()) ? Height() - 1 : y;
 2193              		.loc 5 173 33 is_stmt 0 view .LVU513
 2194 0116 D8F80020 		ldr	r2, [r8]
ARM GAS  C:\Users\FINNDY~1\AppData\Local\Temp\ccFWr46h.s 			page 129


 2195              	.LBE537:
 2196              	.LBE536:
 434:../../libDaisy/src/hid/disp/display.h **** 
 2197              		.loc 5 434 18 view .LVU514
 2198 011a 0BEB0405 		add	r5, fp, r4
 2199 011e 2249     		ldr	r1, .L214
 2200              	.LBB542:
 2201              	.LBB538:
 173:../../libDaisy/src/hid/disp/display.h ****         currentY_ = (y >= Height()) ? Height() - 1 : y;
 2202              		.loc 5 173 33 view .LVU515
 2203 0120 D368     		ldr	r3, [r2, #12]
 2204              	.LBE538:
 2205              	.LBE542:
 434:../../libDaisy/src/hid/disp/display.h **** 
 2206              		.loc 5 434 18 view .LVU516
 2207 0122 ADB2     		uxth	r5, r5
 2208              	.LVL145:
 2209              	.LBB543:
 2210              	.LBI536:
 171:../../libDaisy/src/hid/disp/display.h ****     {
 2211              		.loc 5 171 10 is_stmt 1 view .LVU517
 2212              	.LBB539:
 173:../../libDaisy/src/hid/disp/display.h ****         currentY_ = (y >= Height()) ? Height() - 1 : y;
 2213              		.loc 5 173 9 view .LVU518
 2214 0124 8B42     		cmp	r3, r1
 2215 0126 2FD1     		bne	.L212
 173:../../libDaisy/src/hid/disp/display.h ****         currentY_ = (y >= Height()) ? Height() - 1 : y;
 2216              		.loc 5 173 33 is_stmt 0 view .LVU519
 2217 0128 8020     		movs	r0, #128
 2218              	.L194:
 173:../../libDaisy/src/hid/disp/display.h ****         currentY_ = (y >= Height()) ? Height() - 1 : y;
 2219              		.loc 5 173 19 view .LVU520
 2220 012a 8542     		cmp	r5, r0
 2221 012c 04D3     		bcc	.L195
 173:../../libDaisy/src/hid/disp/display.h ****         currentY_ = (y >= Height()) ? Height() - 1 : y;
 2222              		.loc 5 173 44 view .LVU521
 2223 012e D368     		ldr	r3, [r2, #12]
 2224 0130 1D49     		ldr	r1, .L214
 2225 0132 8B42     		cmp	r3, r1
 2226 0134 30D1     		bne	.L213
 2227 0136 7F25     		movs	r5, #127
 2228              	.LVL146:
 2229              	.L195:
 174:../../libDaisy/src/hid/disp/display.h ****     }
 2230              		.loc 5 174 33 view .LVU522
 2231 0138 9368     		ldr	r3, [r2, #8]
 2232 013a 4046     		mov	r0, r8
 173:../../libDaisy/src/hid/disp/display.h ****         currentY_ = (y >= Height()) ? Height() - 1 : y;
 2233              		.loc 5 173 19 view .LVU523
 2234 013c A8F80450 		strh	r5, [r8, #4]	@ movhi
 174:../../libDaisy/src/hid/disp/display.h ****     }
 2235              		.loc 5 174 9 is_stmt 1 view .LVU524
 174:../../libDaisy/src/hid/disp/display.h ****     }
 2236              		.loc 5 174 33 is_stmt 0 view .LVU525
 2237 0140 9847     		blx	r3
 2238              	.LVL147:
 174:../../libDaisy/src/hid/disp/display.h ****     }
ARM GAS  C:\Users\FINNDY~1\AppData\Local\Temp\ccFWr46h.s 			page 130


 2239              		.loc 5 174 19 view .LVU526
 2240 0142 029B     		ldr	r3, [sp, #8]
 2241 0144 8342     		cmp	r3, r0
 2242 0146 07D3     		bcc	.L197
 174:../../libDaisy/src/hid/disp/display.h ****     }
 2243              		.loc 5 174 46 view .LVU527
 2244 0148 D8F80030 		ldr	r3, [r8]
 174:../../libDaisy/src/hid/disp/display.h ****     }
 2245              		.loc 5 174 45 view .LVU528
 2246 014c 4046     		mov	r0, r8
 2247 014e 9B68     		ldr	r3, [r3, #8]
 2248 0150 9847     		blx	r3
 2249              	.LVL148:
 174:../../libDaisy/src/hid/disp/display.h ****     }
 2250              		.loc 5 174 19 view .LVU529
 2251 0152 0138     		subs	r0, r0, #1
 2252 0154 83B2     		uxth	r3, r0
 2253 0156 0293     		str	r3, [sp, #8]
 2254              	.LVL149:
 2255              	.L197:
 174:../../libDaisy/src/hid/disp/display.h ****     }
 2256              		.loc 5 174 19 view .LVU530
 2257 0158 029B     		ldr	r3, [sp, #8]
 2258 015a A8F80630 		strh	r3, [r8, #6]	@ movhi
 2259              	.LVL150:
 2260              	.L181:
 174:../../libDaisy/src/hid/disp/display.h ****     }
 2261              		.loc 5 174 19 view .LVU531
 2262              	.LBE539:
 2263              	.LBE543:
 2264              	.LBE505:
 2265              	.LBE504:
 444:../../libDaisy/src/hid/disp/display.h ****         {
 445:../../libDaisy/src/hid/disp/display.h ****             if(((ChildType*)(this))->ChildType::WriteChar(*str, font, on)
 446:../../libDaisy/src/hid/disp/display.h ****                != *str)
 2266              		.loc 5 446 16 view .LVU532
 2267 015e 019B     		ldr	r3, [sp, #4]
 2268 0160 1878     		ldrb	r0, [r3]	@ zero_extendqisi2
 445:../../libDaisy/src/hid/disp/display.h ****                != *str)
 2269              		.loc 5 445 13 view .LVU533
 2270 0162 4845     		cmp	r0, r9
 2271 0164 07D1     		bne	.L179
 2272              	.LVL151:
 443:../../libDaisy/src/hid/disp/display.h ****         {
 2273              		.loc 5 443 9 is_stmt 1 view .LVU534
 2274 0166 13F8019F 		ldrb	r9, [r3, #1]!	@ zero_extendqisi2
 2275              	.LVL152:
 443:../../libDaisy/src/hid/disp/display.h ****         {
 2276              		.loc 5 443 9 is_stmt 0 view .LVU535
 2277 016a 0193     		str	r3, [sp, #4]
 2278 016c B9F1000F 		cmp	r9, #0
 2279 0170 7FF45DAF 		bne	.L199
 2280              	.LVL153:
 2281              	.L198:
 2282              	.LBB548:
 2283              	.LBB546:
 402:../../libDaisy/src/hid/disp/display.h **** 
ARM GAS  C:\Users\FINNDY~1\AppData\Local\Temp\ccFWr46h.s 			page 131


 2284              		.loc 5 402 20 view .LVU536
 2285 0174 0020     		movs	r0, #0
 2286              	.L179:
 2287              	.LBE546:
 2288              	.LBE548:
 447:../../libDaisy/src/hid/disp/display.h ****             {
 448:../../libDaisy/src/hid/disp/display.h ****                 // Char could not be written
 449:../../libDaisy/src/hid/disp/display.h ****                 return *str;
 450:../../libDaisy/src/hid/disp/display.h ****             }
 451:../../libDaisy/src/hid/disp/display.h **** 
 452:../../libDaisy/src/hid/disp/display.h ****             // Next char
 453:../../libDaisy/src/hid/disp/display.h ****             str++;
 454:../../libDaisy/src/hid/disp/display.h ****         }
 455:../../libDaisy/src/hid/disp/display.h **** 
 456:../../libDaisy/src/hid/disp/display.h ****         // Everything ok
 457:../../libDaisy/src/hid/disp/display.h ****         return *str;
 458:../../libDaisy/src/hid/disp/display.h ****     }
 2289              		.loc 5 458 5 view .LVU537
 2290 0176 09B0     		add	sp, sp, #36
 2291              		.cfi_remember_state
 2292              		.cfi_def_cfa_offset 36
 2293              		@ sp needed
 2294 0178 BDE8F08F 		pop	{r4, r5, r6, r7, r8, r9, r10, fp, pc}
 2295              	.LVL154:
 2296              	.L183:
 2297              		.cfi_restore_state
 2298              	.LBB549:
 2299              	.LBB547:
 402:../../libDaisy/src/hid/disp/display.h **** 
 2300              		.loc 5 402 20 view .LVU538
 2301 017c 4FF00009 		mov	r9, #0
 2302              	.LVL155:
 402:../../libDaisy/src/hid/disp/display.h **** 
 2303              		.loc 5 402 20 view .LVU539
 2304 0180 EDE7     		b	.L181
 2305              	.LVL156:
 2306              	.L210:
 405:../../libDaisy/src/hid/disp/display.h ****            || Height() < (currentY_ + font.FontHeight))
 2307              		.loc 5 405 17 view .LVU540
 2308 0182 4046     		mov	r0, r8
 2309 0184 9847     		blx	r3
 2310              	.LVL157:
 2311 0186 60E7     		b	.L182
 2312              	.LVL158:
 2313              	.L212:
 2314              	.LBB544:
 2315              	.LBB540:
 173:../../libDaisy/src/hid/disp/display.h ****         currentY_ = (y >= Height()) ? Height() - 1 : y;
 2316              		.loc 5 173 32 view .LVU541
 2317 0188 4046     		mov	r0, r8
 2318 018a 9847     		blx	r3
 2319              	.LVL159:
 173:../../libDaisy/src/hid/disp/display.h ****         currentY_ = (y >= Height()) ? Height() - 1 : y;
 2320              		.loc 5 173 44 view .LVU542
 2321 018c D8F80020 		ldr	r2, [r8]
 2322 0190 CBE7     		b	.L194
 2323              	.LVL160:
ARM GAS  C:\Users\FINNDY~1\AppData\Local\Temp\ccFWr46h.s 			page 132


 2324              	.L184:
 173:../../libDaisy/src/hid/disp/display.h ****         currentY_ = (y >= Height()) ? Height() - 1 : y;
 2325              		.loc 5 173 44 view .LVU543
 2326              	.LBE540:
 2327              	.LBE544:
 434:../../libDaisy/src/hid/disp/display.h **** 
 2328              		.loc 5 434 19 view .LVU544
 2329 0192 B8F804B0 		ldrh	fp, [r8, #4]
 2330 0196 BEE7     		b	.L186
 2331              	.LVL161:
 2332              	.L213:
 2333              	.LBB545:
 2334              	.LBB541:
 173:../../libDaisy/src/hid/disp/display.h ****         currentY_ = (y >= Height()) ? Height() - 1 : y;
 2335              		.loc 5 173 43 view .LVU545
 2336 0198 4046     		mov	r0, r8
 2337 019a 9847     		blx	r3
 2338              	.LVL162:
 173:../../libDaisy/src/hid/disp/display.h ****         currentY_ = (y >= Height()) ? Height() - 1 : y;
 2339              		.loc 5 173 19 view .LVU546
 2340 019c 0138     		subs	r0, r0, #1
 174:../../libDaisy/src/hid/disp/display.h ****     }
 2341              		.loc 5 174 34 view .LVU547
 2342 019e D8F80020 		ldr	r2, [r8]
 173:../../libDaisy/src/hid/disp/display.h ****         currentY_ = (y >= Height()) ? Height() - 1 : y;
 2343              		.loc 5 173 19 view .LVU548
 2344 01a2 85B2     		uxth	r5, r0
 2345              	.LVL163:
 173:../../libDaisy/src/hid/disp/display.h ****         currentY_ = (y >= Height()) ? Height() - 1 : y;
 2346              		.loc 5 173 19 view .LVU549
 2347 01a4 C8E7     		b	.L195
 2348              	.L215:
 2349 01a6 00BF     		.align	2
 2350              	.L214:
 2351 01a8 00000000 		.word	_ZNK5daisy11OledDisplayINS_13SSD130xDriverILj128ELj64ENS_19SSD130xI2CTransportEEEE5WidthEv
 2352              	.LBE541:
 2353              	.LBE545:
 2354              	.LBE547:
 2355              	.LBE549:
 2356              		.cfi_endproc
 2357              	.LFE7219:
 2359              		.section	.text._ZN5daisy25OneBitGraphicsDisplayImplINS_11OledDisplayINS_13SSD130xDriverILj128ELj64
 2360              		.align	1
 2361              		.p2align 2,,3
 2362              		.weak	_ZN5daisy25OneBitGraphicsDisplayImplINS_11OledDisplayINS_13SSD130xDriverILj128ELj64ENS_19SSD
 2363              		.syntax unified
 2364              		.thumb
 2365              		.thumb_func
 2366              		.fpu fpv5-d16
 2368              	_ZN5daisy25OneBitGraphicsDisplayImplINS_11OledDisplayINS_13SSD130xDriverILj128ELj64ENS_19SSD130xI2C
 2369              	.LVL164:
 2370              	.LFB7221:
 459:../../libDaisy/src/hid/disp/display.h **** 
 460:../../libDaisy/src/hid/disp/display.h ****     Rectangle WriteStringAligned(const char*    str,
 2371              		.loc 5 460 15 is_stmt 1 view -0
 2372              		.cfi_startproc
 2373              		@ args = 12, pretend = 0, frame = 0
ARM GAS  C:\Users\FINNDY~1\AppData\Local\Temp\ccFWr46h.s 			page 133


 2374              		@ frame_needed = 0, uses_anonymous_args = 0
 2375              		.loc 5 460 15 is_stmt 0 view .LVU551
 2376 0000 2DE9F04F 		push	{r4, r5, r6, r7, r8, r9, r10, fp, lr}
 2377              		.cfi_def_cfa_offset 36
 2378              		.cfi_offset 4, -36
 2379              		.cfi_offset 5, -32
 2380              		.cfi_offset 6, -28
 2381              		.cfi_offset 7, -24
 2382              		.cfi_offset 8, -20
 2383              		.cfi_offset 9, -16
 2384              		.cfi_offset 10, -12
 2385              		.cfi_offset 11, -8
 2386              		.cfi_offset 14, -4
 2387              	.LBB666:
 2388              	.LBB667:
 2389              	.LBB668:
 2390              	.LBB669:
 461:../../libDaisy/src/hid/disp/display.h ****                                  const FontDef& font,
 462:../../libDaisy/src/hid/disp/display.h ****                                  Rectangle      boundingBox,
 463:../../libDaisy/src/hid/disp/display.h ****                                  Alignment      alignment,
 464:../../libDaisy/src/hid/disp/display.h ****                                  bool           on) override
 465:../../libDaisy/src/hid/disp/display.h ****     {
 466:../../libDaisy/src/hid/disp/display.h ****         const auto alignedRect
 467:../../libDaisy/src/hid/disp/display.h ****             = GetTextRect(str, font).AlignedWithin(boundingBox, alignment);
 468:../../libDaisy/src/hid/disp/display.h ****         SetCursor(alignedRect.GetX(), alignedRect.GetY());
 469:../../libDaisy/src/hid/disp/display.h ****         ((ChildType*)(this))->ChildType::WriteString(str, font, on);
 470:../../libDaisy/src/hid/disp/display.h ****         return alignedRect;
 471:../../libDaisy/src/hid/disp/display.h ****     }
 472:../../libDaisy/src/hid/disp/display.h **** 
 473:../../libDaisy/src/hid/disp/display.h ****   private:
 474:../../libDaisy/src/hid/disp/display.h ****     uint32_t strlen(const char* string)
 475:../../libDaisy/src/hid/disp/display.h ****     {
 476:../../libDaisy/src/hid/disp/display.h ****         uint32_t result = 0;
 477:../../libDaisy/src/hid/disp/display.h ****         while(*string++ != '\0')
 2391              		.loc 5 477 25 view .LVU552
 2392 0004 9646     		mov	lr, r2
 2393              	.LBE669:
 2394              	.LBE668:
 2395              	.LBE667:
 2396              	.LBE666:
 460:../../libDaisy/src/hid/disp/display.h ****                                  const FontDef& font,
 2397              		.loc 5 460 15 view .LVU553
 2398 0006 83B0     		sub	sp, sp, #12
 2399              		.cfi_def_cfa_offset 48
 460:../../libDaisy/src/hid/disp/display.h ****                                  const FontDef& font,
 2400              		.loc 5 460 15 view .LVU554
 2401 0008 9846     		mov	r8, r3
 2402 000a 9146     		mov	r9, r2
 2403              	.LBB687:
 2404              	.LBB682:
 2405              	.LBB674:
 2406              	.LBB670:
 2407              		.loc 5 477 25 view .LVU555
 2408 000c 1EF8014B 		ldrb	r4, [lr], #1	@ zero_extendqisi2
 2409              	.LBE670:
 2410              	.LBE674:
 2411              	.LBE682:
ARM GAS  C:\Users\FINNDY~1\AppData\Local\Temp\ccFWr46h.s 			page 134


 2412              	.LBE687:
 460:../../libDaisy/src/hid/disp/display.h ****                                  const FontDef& font,
 2413              		.loc 5 460 15 view .LVU556
 2414 0010 0546     		mov	r5, r0
 2415 0012 0F46     		mov	r7, r1
 2416              	.LVL165:
 2417              	.LBB688:
 2418              	.LBI666:
 478:../../libDaisy/src/hid/disp/display.h ****             result++;
 479:../../libDaisy/src/hid/disp/display.h ****         return result;
 480:../../libDaisy/src/hid/disp/display.h ****     }
 481:../../libDaisy/src/hid/disp/display.h **** 
 482:../../libDaisy/src/hid/disp/display.h ****     Rectangle GetTextRect(const char* text, const FontDef& font)
 2419              		.loc 5 482 15 is_stmt 1 view .LVU557
 2420              	.LBB683:
 2421              	.LBB675:
 2422              	.LBI668:
 474:../../libDaisy/src/hid/disp/display.h ****     {
 2423              		.loc 5 474 14 view .LVU558
 2424              	.LBB671:
 477:../../libDaisy/src/hid/disp/display.h ****             result++;
 2425              		.loc 5 477 25 view .LVU559
 477:../../libDaisy/src/hid/disp/display.h ****             result++;
 2426              		.loc 5 477 25 is_stmt 0 view .LVU560
 2427              	.LBE671:
 2428              	.LBE675:
 2429              	.LBE683:
 2430              	.LBE688:
 460:../../libDaisy/src/hid/disp/display.h ****                                  const FontDef& font,
 2431              		.loc 5 460 15 view .LVU561
 2432 0014 0C9B     		ldr	r3, [sp, #48]
 2433              	.LVL166:
 460:../../libDaisy/src/hid/disp/display.h ****                                  const FontDef& font,
 2434              		.loc 5 460 15 view .LVU562
 2435 0016 9DF83860 		ldrb	r6, [sp, #56]	@ zero_extendqisi2
 2436              	.LBB689:
 2437              	.LBB684:
 2438              	.LBB676:
 2439              	.LBB672:
 477:../../libDaisy/src/hid/disp/display.h ****             result++;
 2440              		.loc 5 477 25 view .LVU563
 2441 001a 002C     		cmp	r4, #0
 2442 001c 00F0F980 		beq	.L242
 476:../../libDaisy/src/hid/disp/display.h ****         while(*string++ != '\0')
 2443              		.loc 5 476 18 view .LVU564
 2444 0020 4FF0000C 		mov	ip, #0
 2445              	.LVL167:
 2446              	.L218:
 477:../../libDaisy/src/hid/disp/display.h ****             result++;
 2447              		.loc 5 477 25 view .LVU565
 2448 0024 1EF8014B 		ldrb	r4, [lr], #1	@ zero_extendqisi2
 2449              	.LVL168:
 478:../../libDaisy/src/hid/disp/display.h ****         return result;
 2450              		.loc 5 478 13 view .LVU566
 2451 0028 0CF1010C 		add	ip, ip, #1
 2452              	.LVL169:
 477:../../libDaisy/src/hid/disp/display.h ****             result++;
ARM GAS  C:\Users\FINNDY~1\AppData\Local\Temp\ccFWr46h.s 			page 135


 2453              		.loc 5 477 25 is_stmt 1 view .LVU567
 2454 002c 002C     		cmp	r4, #0
 2455 002e F9D1     		bne	.L218
 2456              	.LBE672:
 2457              	.LBE676:
 483:../../libDaisy/src/hid/disp/display.h ****     {
 484:../../libDaisy/src/hid/disp/display.h ****         const auto numChars = strlen(text);
 485:../../libDaisy/src/hid/disp/display.h ****         return {int16_t(numChars * font.FontWidth), font.FontHeight};
 2458              		.loc 5 485 68 is_stmt 0 view .LVU568
 2459 0030 1FFA8CFC 		uxth	ip, ip
 2460              	.LVL170:
 2461              	.L217:
 2462              		.loc 5 485 68 view .LVU569
 2463 0034 98F80040 		ldrb	r4, [r8]	@ zero_extendqisi2
 2464              		.loc 5 485 58 view .LVU570
 2465 0038 98F80120 		ldrb	r2, [r8, #1]	@ zero_extendqisi2
 2466              	.LVL171:
 2467              		.loc 5 485 68 view .LVU571
 2468 003c 14FB0CFC 		smulbb	ip, r4, ip
 2469 0040 0D98     		ldr	r0, [sp, #52]
 2470              	.LVL172:
 2471              		.loc 5 485 68 view .LVU572
 2472 0042 11B2     		sxth	r1, r2
 2473              	.LVL173:
 2474              	.LBB677:
 2475              	.LBI677:
 2476              		.file 7 "../../libDaisy/src/hid/disp/graphics_common.h"
   1:../../libDaisy/src/hid/disp/graphics_common.h **** #pragma once
   2:../../libDaisy/src/hid/disp/graphics_common.h **** 
   3:../../libDaisy/src/hid/disp/graphics_common.h **** #include <cstdint>
   4:../../libDaisy/src/hid/disp/graphics_common.h **** 
   5:../../libDaisy/src/hid/disp/graphics_common.h **** namespace daisy
   6:../../libDaisy/src/hid/disp/graphics_common.h **** {
   7:../../libDaisy/src/hid/disp/graphics_common.h **** /** Justifications */
   8:../../libDaisy/src/hid/disp/graphics_common.h **** enum class Alignment
   9:../../libDaisy/src/hid/disp/graphics_common.h **** {
  10:../../libDaisy/src/hid/disp/graphics_common.h ****     centered,
  11:../../libDaisy/src/hid/disp/graphics_common.h ****     topLeft,
  12:../../libDaisy/src/hid/disp/graphics_common.h ****     topCentered,
  13:../../libDaisy/src/hid/disp/graphics_common.h ****     topRight,
  14:../../libDaisy/src/hid/disp/graphics_common.h ****     bottomLeft,
  15:../../libDaisy/src/hid/disp/graphics_common.h ****     bottomCentered,
  16:../../libDaisy/src/hid/disp/graphics_common.h ****     bottomRight,
  17:../../libDaisy/src/hid/disp/graphics_common.h ****     centeredLeft,
  18:../../libDaisy/src/hid/disp/graphics_common.h ****     centeredRight
  19:../../libDaisy/src/hid/disp/graphics_common.h **** };
  20:../../libDaisy/src/hid/disp/graphics_common.h **** 
  21:../../libDaisy/src/hid/disp/graphics_common.h **** class Rectangle
  22:../../libDaisy/src/hid/disp/graphics_common.h **** {
  23:../../libDaisy/src/hid/disp/graphics_common.h ****   public:
  24:../../libDaisy/src/hid/disp/graphics_common.h ****     Rectangle() : x_(0), y_(0), width_(0), height_(0) {}
  25:../../libDaisy/src/hid/disp/graphics_common.h **** 
  26:../../libDaisy/src/hid/disp/graphics_common.h ****     Rectangle(int16_t width, int16_t height)
 2477              		.loc 7 26 5 is_stmt 1 view .LVU573
 2478              	.LBB678:
 2479              	.LBI678:
  27:../../libDaisy/src/hid/disp/graphics_common.h ****     : x_(0), y_(0), width_(max(0, width)), height_(max(0, height))
ARM GAS  C:\Users\FINNDY~1\AppData\Local\Temp\ccFWr46h.s 			page 136


  28:../../libDaisy/src/hid/disp/graphics_common.h ****     {
  29:../../libDaisy/src/hid/disp/graphics_common.h ****     }
  30:../../libDaisy/src/hid/disp/graphics_common.h **** 
  31:../../libDaisy/src/hid/disp/graphics_common.h ****     Rectangle(int16_t x, int16_t y, int16_t width, int16_t height)
  32:../../libDaisy/src/hid/disp/graphics_common.h ****     : x_(x), y_(y), width_(max(0, width)), height_(max(0, height))
  33:../../libDaisy/src/hid/disp/graphics_common.h ****     {
  34:../../libDaisy/src/hid/disp/graphics_common.h ****     }
  35:../../libDaisy/src/hid/disp/graphics_common.h **** 
  36:../../libDaisy/src/hid/disp/graphics_common.h ****     Rectangle(const Rectangle& other) { *this = other; }
  37:../../libDaisy/src/hid/disp/graphics_common.h **** 
  38:../../libDaisy/src/hid/disp/graphics_common.h ****     Rectangle& operator=(const Rectangle& other)
  39:../../libDaisy/src/hid/disp/graphics_common.h ****     {
  40:../../libDaisy/src/hid/disp/graphics_common.h ****         x_      = other.x_;
  41:../../libDaisy/src/hid/disp/graphics_common.h ****         y_      = other.y_;
  42:../../libDaisy/src/hid/disp/graphics_common.h ****         width_  = other.width_;
  43:../../libDaisy/src/hid/disp/graphics_common.h ****         height_ = other.height_;
  44:../../libDaisy/src/hid/disp/graphics_common.h ****         return *this;
  45:../../libDaisy/src/hid/disp/graphics_common.h ****     }
  46:../../libDaisy/src/hid/disp/graphics_common.h **** 
  47:../../libDaisy/src/hid/disp/graphics_common.h ****     bool operator==(const Rectangle& other) const
  48:../../libDaisy/src/hid/disp/graphics_common.h ****     {
  49:../../libDaisy/src/hid/disp/graphics_common.h ****         return (x_ == other.x_) && (y_ == other.y_) && (width_ == other.width_)
  50:../../libDaisy/src/hid/disp/graphics_common.h ****                && (height_ == other.height_);
  51:../../libDaisy/src/hid/disp/graphics_common.h ****     }
  52:../../libDaisy/src/hid/disp/graphics_common.h ****     bool operator!=(const Rectangle& other) const { return !(*this == other); }
  53:../../libDaisy/src/hid/disp/graphics_common.h **** 
  54:../../libDaisy/src/hid/disp/graphics_common.h ****     bool IsEmpty() const { return (width_ <= 0) || (height_ <= 0); }
  55:../../libDaisy/src/hid/disp/graphics_common.h **** 
  56:../../libDaisy/src/hid/disp/graphics_common.h ****     int16_t GetX() const { return x_; }
  57:../../libDaisy/src/hid/disp/graphics_common.h ****     int16_t GetY() const { return y_; }
  58:../../libDaisy/src/hid/disp/graphics_common.h ****     int16_t GetWidth() const { return width_; }
  59:../../libDaisy/src/hid/disp/graphics_common.h ****     int16_t GetHeight() const { return height_; }
  60:../../libDaisy/src/hid/disp/graphics_common.h ****     int16_t GetRight() const { return x_ + width_; }
  61:../../libDaisy/src/hid/disp/graphics_common.h ****     int16_t GetBottom() const { return y_ + height_; }
  62:../../libDaisy/src/hid/disp/graphics_common.h ****     int16_t GetCenterX() const { return x_ + width_ / 2; }
  63:../../libDaisy/src/hid/disp/graphics_common.h ****     int16_t GetCenterY() const { return y_ + height_ / 2; }
  64:../../libDaisy/src/hid/disp/graphics_common.h **** 
  65:../../libDaisy/src/hid/disp/graphics_common.h ****     Rectangle WithX(int16_t x) const { return {x, y_, width_, height_}; }
  66:../../libDaisy/src/hid/disp/graphics_common.h ****     Rectangle WithY(int16_t y) const { return {x_, y, width_, height_}; }
  67:../../libDaisy/src/hid/disp/graphics_common.h ****     Rectangle WithWidth(int16_t width) const
  68:../../libDaisy/src/hid/disp/graphics_common.h ****     {
  69:../../libDaisy/src/hid/disp/graphics_common.h ****         return {x_, y_, width, height_};
  70:../../libDaisy/src/hid/disp/graphics_common.h ****     }
  71:../../libDaisy/src/hid/disp/graphics_common.h ****     Rectangle WithHeight(int16_t height) const
  72:../../libDaisy/src/hid/disp/graphics_common.h ****     {
  73:../../libDaisy/src/hid/disp/graphics_common.h ****         return {x_, y_, width_, height};
  74:../../libDaisy/src/hid/disp/graphics_common.h ****     }
  75:../../libDaisy/src/hid/disp/graphics_common.h ****     Rectangle WithSize(int16_t width, int16_t height) const
  76:../../libDaisy/src/hid/disp/graphics_common.h ****     {
  77:../../libDaisy/src/hid/disp/graphics_common.h ****         return {x_, y_, width, height};
  78:../../libDaisy/src/hid/disp/graphics_common.h ****     }
  79:../../libDaisy/src/hid/disp/graphics_common.h ****     Rectangle WithWidthKeepingCenter(int16_t width) const
  80:../../libDaisy/src/hid/disp/graphics_common.h ****     {
  81:../../libDaisy/src/hid/disp/graphics_common.h ****         return Rectangle(x_, y_, width, height_)
  82:../../libDaisy/src/hid/disp/graphics_common.h ****             .WithCenter(GetCenterX(), GetCenterY());
  83:../../libDaisy/src/hid/disp/graphics_common.h ****     }
  84:../../libDaisy/src/hid/disp/graphics_common.h ****     Rectangle WithHeightKeepingCenter(int16_t height) const
ARM GAS  C:\Users\FINNDY~1\AppData\Local\Temp\ccFWr46h.s 			page 137


  85:../../libDaisy/src/hid/disp/graphics_common.h ****     {
  86:../../libDaisy/src/hid/disp/graphics_common.h ****         return Rectangle(x_, y_, width_, height)
  87:../../libDaisy/src/hid/disp/graphics_common.h ****             .WithCenter(GetCenterX(), GetCenterY());
  88:../../libDaisy/src/hid/disp/graphics_common.h ****     }
  89:../../libDaisy/src/hid/disp/graphics_common.h ****     Rectangle WithSizeKeepingCenter(int16_t width, int16_t height) const
  90:../../libDaisy/src/hid/disp/graphics_common.h ****     {
  91:../../libDaisy/src/hid/disp/graphics_common.h ****         return Rectangle(x_, y_, width, height)
  92:../../libDaisy/src/hid/disp/graphics_common.h ****             .WithCenter(GetCenterX(), GetCenterY());
  93:../../libDaisy/src/hid/disp/graphics_common.h ****     }
  94:../../libDaisy/src/hid/disp/graphics_common.h **** 
  95:../../libDaisy/src/hid/disp/graphics_common.h ****     Rectangle Reduced(int16_t sizeToReduce) const
  96:../../libDaisy/src/hid/disp/graphics_common.h ****     {
  97:../../libDaisy/src/hid/disp/graphics_common.h ****         return {int16_t(x_ + sizeToReduce),
  98:../../libDaisy/src/hid/disp/graphics_common.h ****                 int16_t(y_ + sizeToReduce),
  99:../../libDaisy/src/hid/disp/graphics_common.h ****                 int16_t(width_ - 2 * sizeToReduce),
 100:../../libDaisy/src/hid/disp/graphics_common.h ****                 int16_t(height_ - 2 * sizeToReduce)};
 101:../../libDaisy/src/hid/disp/graphics_common.h ****     }
 102:../../libDaisy/src/hid/disp/graphics_common.h ****     Rectangle Reduced(int16_t xToReduce, int16_t yToReduce) const
 103:../../libDaisy/src/hid/disp/graphics_common.h ****     {
 104:../../libDaisy/src/hid/disp/graphics_common.h ****         return {int16_t(x_ + xToReduce),
 105:../../libDaisy/src/hid/disp/graphics_common.h ****                 int16_t(y_ + yToReduce),
 106:../../libDaisy/src/hid/disp/graphics_common.h ****                 int16_t(width_ - 2 * xToReduce),
 107:../../libDaisy/src/hid/disp/graphics_common.h ****                 int16_t(height_ - 2 * yToReduce)};
 108:../../libDaisy/src/hid/disp/graphics_common.h ****     }
 109:../../libDaisy/src/hid/disp/graphics_common.h **** 
 110:../../libDaisy/src/hid/disp/graphics_common.h ****     Rectangle Translated(int16_t x, int16_t y) const
 111:../../libDaisy/src/hid/disp/graphics_common.h ****     {
 112:../../libDaisy/src/hid/disp/graphics_common.h ****         return {int16_t(x_ + x), int16_t(y_ + y), width_, height_};
 113:../../libDaisy/src/hid/disp/graphics_common.h ****     }
 114:../../libDaisy/src/hid/disp/graphics_common.h **** 
 115:../../libDaisy/src/hid/disp/graphics_common.h ****     Rectangle WithLeft(int16_t left) const
 116:../../libDaisy/src/hid/disp/graphics_common.h ****     {
 117:../../libDaisy/src/hid/disp/graphics_common.h ****         const auto newWidth = int16_t((x_ - left) + width_);
 118:../../libDaisy/src/hid/disp/graphics_common.h ****         return {left, y_, newWidth, height_};
 119:../../libDaisy/src/hid/disp/graphics_common.h ****     }
 120:../../libDaisy/src/hid/disp/graphics_common.h **** 
 121:../../libDaisy/src/hid/disp/graphics_common.h ****     Rectangle WithRight(int16_t right) const
 122:../../libDaisy/src/hid/disp/graphics_common.h ****     {
 123:../../libDaisy/src/hid/disp/graphics_common.h ****         const auto newWidth = int16_t(right - x_);
 124:../../libDaisy/src/hid/disp/graphics_common.h ****         return {x_, y_, newWidth, height_};
 125:../../libDaisy/src/hid/disp/graphics_common.h ****     }
 126:../../libDaisy/src/hid/disp/graphics_common.h **** 
 127:../../libDaisy/src/hid/disp/graphics_common.h ****     Rectangle WithTop(int16_t top) const
 128:../../libDaisy/src/hid/disp/graphics_common.h ****     {
 129:../../libDaisy/src/hid/disp/graphics_common.h ****         const auto newHeight = int16_t((y_ - top) + height_);
 130:../../libDaisy/src/hid/disp/graphics_common.h ****         return {x_, top, width_, newHeight};
 131:../../libDaisy/src/hid/disp/graphics_common.h ****     }
 132:../../libDaisy/src/hid/disp/graphics_common.h **** 
 133:../../libDaisy/src/hid/disp/graphics_common.h ****     Rectangle WithBottom(int16_t bottom) const
 134:../../libDaisy/src/hid/disp/graphics_common.h ****     {
 135:../../libDaisy/src/hid/disp/graphics_common.h ****         const auto newHeight = int16_t(bottom - y_);
 136:../../libDaisy/src/hid/disp/graphics_common.h ****         return {x_, y_, width_, newHeight};
 137:../../libDaisy/src/hid/disp/graphics_common.h ****     }
 138:../../libDaisy/src/hid/disp/graphics_common.h **** 
 139:../../libDaisy/src/hid/disp/graphics_common.h ****     Rectangle WithTrimmedLeft(int16_t pxToTrim) const
 140:../../libDaisy/src/hid/disp/graphics_common.h ****     {
 141:../../libDaisy/src/hid/disp/graphics_common.h ****         return {
ARM GAS  C:\Users\FINNDY~1\AppData\Local\Temp\ccFWr46h.s 			page 138


 142:../../libDaisy/src/hid/disp/graphics_common.h ****             int16_t(x_ + pxToTrim), y_, int16_t(width_ - pxToTrim), height_};
 143:../../libDaisy/src/hid/disp/graphics_common.h ****     }
 144:../../libDaisy/src/hid/disp/graphics_common.h **** 
 145:../../libDaisy/src/hid/disp/graphics_common.h ****     Rectangle WithTrimmedRight(int16_t pxToTrim) const
 146:../../libDaisy/src/hid/disp/graphics_common.h ****     {
 147:../../libDaisy/src/hid/disp/graphics_common.h ****         return {x_, y_, int16_t(width_ - pxToTrim), height_};
 148:../../libDaisy/src/hid/disp/graphics_common.h ****     }
 149:../../libDaisy/src/hid/disp/graphics_common.h **** 
 150:../../libDaisy/src/hid/disp/graphics_common.h ****     Rectangle WithTrimmedTop(int16_t pxToTrim) const
 151:../../libDaisy/src/hid/disp/graphics_common.h ****     {
 152:../../libDaisy/src/hid/disp/graphics_common.h ****         return {
 153:../../libDaisy/src/hid/disp/graphics_common.h ****             x_, int16_t(y_ + pxToTrim), width_, int16_t(height_ - pxToTrim)};
 154:../../libDaisy/src/hid/disp/graphics_common.h ****     }
 155:../../libDaisy/src/hid/disp/graphics_common.h **** 
 156:../../libDaisy/src/hid/disp/graphics_common.h ****     Rectangle WithTrimmedBottom(int16_t pxToTrim) const
 157:../../libDaisy/src/hid/disp/graphics_common.h ****     {
 158:../../libDaisy/src/hid/disp/graphics_common.h ****         return {x_, y_, width_, int16_t(height_ - pxToTrim)};
 159:../../libDaisy/src/hid/disp/graphics_common.h ****     }
 160:../../libDaisy/src/hid/disp/graphics_common.h **** 
 161:../../libDaisy/src/hid/disp/graphics_common.h ****     Rectangle WithCenterX(int16_t centerX) const
 162:../../libDaisy/src/hid/disp/graphics_common.h ****     {
 163:../../libDaisy/src/hid/disp/graphics_common.h ****         return {int16_t(x_ + centerX - GetCenterX()), y_, width_, height_};
 164:../../libDaisy/src/hid/disp/graphics_common.h ****     }
 165:../../libDaisy/src/hid/disp/graphics_common.h **** 
 166:../../libDaisy/src/hid/disp/graphics_common.h ****     Rectangle WithCenterY(int16_t centerY) const
 167:../../libDaisy/src/hid/disp/graphics_common.h ****     {
 168:../../libDaisy/src/hid/disp/graphics_common.h ****         return {x_, int16_t(y_ + centerY - GetCenterY()), width_, height_};
 169:../../libDaisy/src/hid/disp/graphics_common.h ****     }
 170:../../libDaisy/src/hid/disp/graphics_common.h **** 
 171:../../libDaisy/src/hid/disp/graphics_common.h ****     Rectangle WithCenter(int16_t centerX, int16_t centerY) const
 172:../../libDaisy/src/hid/disp/graphics_common.h ****     {
 173:../../libDaisy/src/hid/disp/graphics_common.h ****         return {int16_t(x_ + centerX - GetCenterX()),
 174:../../libDaisy/src/hid/disp/graphics_common.h ****                 int16_t(y_ + centerY - GetCenterY()),
 175:../../libDaisy/src/hid/disp/graphics_common.h ****                 width_,
 176:../../libDaisy/src/hid/disp/graphics_common.h ****                 height_};
 177:../../libDaisy/src/hid/disp/graphics_common.h ****     }
 178:../../libDaisy/src/hid/disp/graphics_common.h **** 
 179:../../libDaisy/src/hid/disp/graphics_common.h ****     Rectangle RemoveFromLeft(int16_t pxToRemove)
 180:../../libDaisy/src/hid/disp/graphics_common.h ****     {
 181:../../libDaisy/src/hid/disp/graphics_common.h ****         const auto result = this->WithWidth(min(pxToRemove, width_));
 182:../../libDaisy/src/hid/disp/graphics_common.h ****         x_ += min(pxToRemove, width_);
 183:../../libDaisy/src/hid/disp/graphics_common.h ****         width_ = max(int16_t(width_ - pxToRemove), 0);
 184:../../libDaisy/src/hid/disp/graphics_common.h ****         return result;
 185:../../libDaisy/src/hid/disp/graphics_common.h ****     }
 186:../../libDaisy/src/hid/disp/graphics_common.h **** 
 187:../../libDaisy/src/hid/disp/graphics_common.h ****     Rectangle RemoveFromRight(int16_t pxToRemove)
 188:../../libDaisy/src/hid/disp/graphics_common.h ****     {
 189:../../libDaisy/src/hid/disp/graphics_common.h ****         const auto canRemove = min(pxToRemove, width_);
 190:../../libDaisy/src/hid/disp/graphics_common.h ****         width_ -= canRemove;
 191:../../libDaisy/src/hid/disp/graphics_common.h ****         return {int16_t(x_ + width_), y_, canRemove, height_};
 192:../../libDaisy/src/hid/disp/graphics_common.h ****     }
 193:../../libDaisy/src/hid/disp/graphics_common.h **** 
 194:../../libDaisy/src/hid/disp/graphics_common.h ****     Rectangle RemoveFromTop(int16_t pxToRemove)
 195:../../libDaisy/src/hid/disp/graphics_common.h ****     {
 196:../../libDaisy/src/hid/disp/graphics_common.h ****         const auto result = this->WithHeight(min(pxToRemove, height_));
 197:../../libDaisy/src/hid/disp/graphics_common.h ****         y_ += min(pxToRemove, height_);
 198:../../libDaisy/src/hid/disp/graphics_common.h ****         height_ = max(height_ - pxToRemove, 0);
ARM GAS  C:\Users\FINNDY~1\AppData\Local\Temp\ccFWr46h.s 			page 139


 199:../../libDaisy/src/hid/disp/graphics_common.h ****         return result;
 200:../../libDaisy/src/hid/disp/graphics_common.h ****     }
 201:../../libDaisy/src/hid/disp/graphics_common.h **** 
 202:../../libDaisy/src/hid/disp/graphics_common.h ****     Rectangle RemoveFromBottom(int16_t pxToRemove)
 203:../../libDaisy/src/hid/disp/graphics_common.h ****     {
 204:../../libDaisy/src/hid/disp/graphics_common.h ****         const auto canRemove = min(pxToRemove, height_);
 205:../../libDaisy/src/hid/disp/graphics_common.h ****         height_ -= canRemove;
 206:../../libDaisy/src/hid/disp/graphics_common.h ****         return {x_, int16_t(y_ + height_), width_, canRemove};
 207:../../libDaisy/src/hid/disp/graphics_common.h ****     }
 208:../../libDaisy/src/hid/disp/graphics_common.h **** 
 209:../../libDaisy/src/hid/disp/graphics_common.h ****     Rectangle AlignedWithin(const Rectangle& other, Alignment alignment) const
 210:../../libDaisy/src/hid/disp/graphics_common.h ****     {
 211:../../libDaisy/src/hid/disp/graphics_common.h ****         switch(alignment)
 212:../../libDaisy/src/hid/disp/graphics_common.h ****         {
 213:../../libDaisy/src/hid/disp/graphics_common.h ****             case Alignment::topLeft:
 214:../../libDaisy/src/hid/disp/graphics_common.h ****                 return {other.x_, other.y_, width_, height_};
 215:../../libDaisy/src/hid/disp/graphics_common.h ****             case Alignment::topRight:
 216:../../libDaisy/src/hid/disp/graphics_common.h ****                 return {int16_t(other.GetRight() - width_),
 217:../../libDaisy/src/hid/disp/graphics_common.h ****                         other.y_,
 218:../../libDaisy/src/hid/disp/graphics_common.h ****                         width_,
 219:../../libDaisy/src/hid/disp/graphics_common.h ****                         height_};
 220:../../libDaisy/src/hid/disp/graphics_common.h ****             case Alignment::topCentered:
 221:../../libDaisy/src/hid/disp/graphics_common.h ****                 return {int16_t(x_ + (other.GetCenterX() - GetCenterX())),
 222:../../libDaisy/src/hid/disp/graphics_common.h ****                         other.y_,
 223:../../libDaisy/src/hid/disp/graphics_common.h ****                         width_,
 224:../../libDaisy/src/hid/disp/graphics_common.h ****                         height_};
 225:../../libDaisy/src/hid/disp/graphics_common.h ****             case Alignment::bottomLeft:
 226:../../libDaisy/src/hid/disp/graphics_common.h ****                 return {other.x_,
 227:../../libDaisy/src/hid/disp/graphics_common.h ****                         int16_t(other.GetBottom() - height_),
 228:../../libDaisy/src/hid/disp/graphics_common.h ****                         width_,
 229:../../libDaisy/src/hid/disp/graphics_common.h ****                         height_};
 230:../../libDaisy/src/hid/disp/graphics_common.h ****             case Alignment::bottomRight:
 231:../../libDaisy/src/hid/disp/graphics_common.h ****                 return {int16_t(other.GetRight() - width_),
 232:../../libDaisy/src/hid/disp/graphics_common.h ****                         int16_t(other.GetBottom() - height_),
 233:../../libDaisy/src/hid/disp/graphics_common.h ****                         width_,
 234:../../libDaisy/src/hid/disp/graphics_common.h ****                         height_};
 235:../../libDaisy/src/hid/disp/graphics_common.h ****             case Alignment::bottomCentered:
 236:../../libDaisy/src/hid/disp/graphics_common.h ****                 return {int16_t(x_ + (other.GetCenterX() - GetCenterX())),
 237:../../libDaisy/src/hid/disp/graphics_common.h ****                         int16_t(other.GetBottom() - height_),
 238:../../libDaisy/src/hid/disp/graphics_common.h ****                         width_,
 239:../../libDaisy/src/hid/disp/graphics_common.h ****                         height_};
 240:../../libDaisy/src/hid/disp/graphics_common.h ****             case Alignment::centeredLeft:
 241:../../libDaisy/src/hid/disp/graphics_common.h ****                 return {other.x_,
 242:../../libDaisy/src/hid/disp/graphics_common.h ****                         int16_t(y_ + (other.GetCenterY() - GetCenterY())),
 243:../../libDaisy/src/hid/disp/graphics_common.h ****                         width_,
 244:../../libDaisy/src/hid/disp/graphics_common.h ****                         height_};
 245:../../libDaisy/src/hid/disp/graphics_common.h ****             case Alignment::centeredRight:
 246:../../libDaisy/src/hid/disp/graphics_common.h ****                 return {int16_t(other.GetRight() - width_),
 247:../../libDaisy/src/hid/disp/graphics_common.h ****                         int16_t(y_ + (other.GetCenterY() - GetCenterY())),
 248:../../libDaisy/src/hid/disp/graphics_common.h ****                         width_,
 249:../../libDaisy/src/hid/disp/graphics_common.h ****                         height_};
 250:../../libDaisy/src/hid/disp/graphics_common.h ****             case Alignment::centered:
 251:../../libDaisy/src/hid/disp/graphics_common.h ****                 return {int16_t(x_ + (other.GetCenterX() - GetCenterX())),
 252:../../libDaisy/src/hid/disp/graphics_common.h ****                         int16_t(y_ + (other.GetCenterY() - GetCenterY())),
 253:../../libDaisy/src/hid/disp/graphics_common.h ****                         width_,
 254:../../libDaisy/src/hid/disp/graphics_common.h ****                         height_};
 255:../../libDaisy/src/hid/disp/graphics_common.h ****             default: return {};
ARM GAS  C:\Users\FINNDY~1\AppData\Local\Temp\ccFWr46h.s 			page 140


 256:../../libDaisy/src/hid/disp/graphics_common.h ****         }
 257:../../libDaisy/src/hid/disp/graphics_common.h ****     }
 258:../../libDaisy/src/hid/disp/graphics_common.h **** 
 259:../../libDaisy/src/hid/disp/graphics_common.h ****   private:
 260:../../libDaisy/src/hid/disp/graphics_common.h ****     int16_t x_, y_, width_, height_;
 261:../../libDaisy/src/hid/disp/graphics_common.h ****     int16_t max(int16_t a, int16_t b) { return (a > b) ? a : b; }
 2480              		.loc 7 261 13 view .LVU574
 2481              	.LBE678:
 2482              	.LBE677:
 2483              	.LBE684:
 2484              	.LBE689:
 2485              		.loc 7 261 41 view .LVU575
 2486              	.LBB690:
 2487              	.LBB685:
 2488              	.LBB680:
 2489              	.LBB679:
 2490              	.LBI679:
 2491              		.loc 7 261 13 view .LVU576
 2492              	.LBE679:
 2493              	.LBE680:
 2494              	.LBE685:
 2495              	.LBE690:
 2496              		.loc 7 261 41 view .LVU577
 2497              	.LBB691:
 2498              	.LBI691:
 209:../../libDaisy/src/hid/disp/graphics_common.h ****     {
 2499              		.loc 7 209 15 view .LVU578
 2500              	.LBB692:
 211:../../libDaisy/src/hid/disp/graphics_common.h ****         {
 2501              		.loc 7 211 9 view .LVU579
 2502 0044 0FFA8CFC 		sxth	ip, ip
 2503 0048 2CEAEC7C 		bic	ip, ip, ip, asr #31
 2504 004c 0828     		cmp	r0, #8
 2505 004e 00F2E980 		bhi	.L219
 2506 0052 DFE800F0 		tbb	[pc, r0]
 2507              	.L221:
 2508 0056 45       		.byte	(.L229-.L221)/2
 2509 0057 58       		.byte	(.L228-.L221)/2
 2510 0058 B5       		.byte	(.L227-.L221)/2
 2511 0059 CC       		.byte	(.L226-.L221)/2
 2512 005a 6F       		.byte	(.L225-.L221)/2
 2513 005b 7F       		.byte	(.L224-.L221)/2
 2514 005c 98       		.byte	(.L223-.L221)/2
 2515 005d 9F       		.byte	(.L222-.L221)/2
 2516 005e 05       		.byte	(.L220-.L221)/2
 2517 005f 00       		.p2align 1
 2518              	.L220:
 245:../../libDaisy/src/hid/disp/graphics_common.h ****                 return {int16_t(other.GetRight() - width_),
 2519              		.loc 7 245 13 view .LVU580
 246:../../libDaisy/src/hid/disp/graphics_common.h ****                         int16_t(y_ + (other.GetCenterY() - GetCenterY())),
 2520              		.loc 7 246 17 view .LVU581
 2521              	.LVL174:
 2522              	.LBB693:
 2523              	.LBI693:
  60:../../libDaisy/src/hid/disp/graphics_common.h ****     int16_t GetBottom() const { return y_ + height_; }
 2524              		.loc 7 60 13 view .LVU582
 2525              	.LBB694:
ARM GAS  C:\Users\FINNDY~1\AppData\Local\Temp\ccFWr46h.s 			page 141


  60:../../libDaisy/src/hid/disp/graphics_common.h ****     int16_t GetBottom() const { return y_ + height_; }
 2526              		.loc 7 60 32 view .LVU583
  60:../../libDaisy/src/hid/disp/graphics_common.h ****     int16_t GetBottom() const { return y_ + height_; }
 2527              		.loc 7 60 42 is_stmt 0 view .LVU584
 2528 0060 9A88     		ldrh	r2, [r3, #4]
 2529 0062 B3F800A0 		ldrh	r10, [r3]
 2530 0066 9244     		add	r10, r10, r2
 2531              	.LBE694:
 2532              	.LBE693:
 2533              	.LBB695:
 2534              	.LBB696:
  63:../../libDaisy/src/hid/disp/graphics_common.h **** 
 2535              		.loc 7 63 54 view .LVU585
 2536 0068 B3F90620 		ldrsh	r2, [r3, #6]
 2537              	.LBE696:
 2538              	.LBE695:
 246:../../libDaisy/src/hid/disp/graphics_common.h ****                         int16_t(y_ + (other.GetCenterY() - GetCenterY())),
 2539              		.loc 7 246 50 view .LVU586
 2540 006c AAEB0C0A 		sub	r10, r10, ip
 2541              	.LBB700:
 2542              	.LBB697:
  63:../../libDaisy/src/hid/disp/graphics_common.h **** 
 2543              		.loc 7 63 54 view .LVU587
 2544 0070 002A     		cmp	r2, #0
 2545              	.LBE697:
 2546              	.LBE700:
 246:../../libDaisy/src/hid/disp/graphics_common.h ****                         int16_t(y_ + (other.GetCenterY() - GetCenterY())),
 2547              		.loc 7 246 50 view .LVU588
 2548 0072 1FFA8AFA 		uxth	r10, r10
 2549              	.LVL175:
 2550              	.LBB701:
 2551              	.LBI695:
  63:../../libDaisy/src/hid/disp/graphics_common.h **** 
 2552              		.loc 7 63 13 is_stmt 1 view .LVU589
 2553              	.LBB698:
  63:../../libDaisy/src/hid/disp/graphics_common.h **** 
 2554              		.loc 7 63 34 view .LVU590
  63:../../libDaisy/src/hid/disp/graphics_common.h **** 
 2555              		.loc 7 63 34 is_stmt 0 view .LVU591
 2556              	.LBE698:
 2557              	.LBE701:
 2558              	.LBB702:
 2559              	.LBI702:
  63:../../libDaisy/src/hid/disp/graphics_common.h **** 
 2560              		.loc 7 63 13 is_stmt 1 view .LVU592
 2561              	.LBB703:
  63:../../libDaisy/src/hid/disp/graphics_common.h **** 
 2562              		.loc 7 63 34 view .LVU593
  63:../../libDaisy/src/hid/disp/graphics_common.h **** 
 2563              		.loc 7 63 34 is_stmt 0 view .LVU594
 2564              	.LBE703:
 2565              	.LBE702:
 2566              	.LBB704:
 2567              	.LBB699:
  63:../../libDaisy/src/hid/disp/graphics_common.h **** 
 2568              		.loc 7 63 54 view .LVU595
 2569 0076 44DB     		blt	.L249
ARM GAS  C:\Users\FINNDY~1\AppData\Local\Temp\ccFWr46h.s 			page 142


 2570              	.L236:
  63:../../libDaisy/src/hid/disp/graphics_common.h **** 
 2571              		.loc 7 63 54 view .LVU596
 2572              	.LBE699:
 2573              	.LBE704:
 2574              	.LBB705:
 2575              	.LBB706:
  63:../../libDaisy/src/hid/disp/graphics_common.h **** 
 2576              		.loc 7 63 44 view .LVU597
 2577 0078 5C88     		ldrh	r4, [r3, #2]
 2578              	.LBE706:
 2579              	.LBE705:
 2580              	.LBB712:
 2581              	.LBB713:
 2582              	.LBB714:
  32:../../libDaisy/src/hid/disp/graphics_common.h ****     {
 2583              		.loc 7 32 66 view .LVU598
 2584 007a E980     		strh	r1, [r5, #6]	@ movhi
 2585              	.LBE714:
 2586              	.LBE713:
 2587              	.LBE712:
 2588              	.LBB723:
 2589              	.LBB707:
  63:../../libDaisy/src/hid/disp/graphics_common.h **** 
 2590              		.loc 7 63 44 view .LVU599
 2591 007c 04EB6204 		add	r4, r4, r2, asr #1
 2592              	.LBE707:
 2593              	.LBE723:
 2594              	.LBB724:
 2595              	.LBB720:
 2596              	.LBB717:
  32:../../libDaisy/src/hid/disp/graphics_common.h ****     {
 2597              		.loc 7 32 66 view .LVU600
 2598 0080 A5F804C0 		strh	ip, [r5, #4]	@ movhi
 2599 0084 A5F800A0 		strh	r10, [r5]	@ movhi
 2600              	.LBE717:
 2601              	.LBE720:
 2602              	.LBE724:
 252:../../libDaisy/src/hid/disp/graphics_common.h ****                         width_,
 2603              		.loc 7 252 58 view .LVU601
 2604 0088 A4EB5101 		sub	r1, r4, r1, lsr #1
 2605 008c 8CB2     		uxth	r4, r1
 2606              	.LVL176:
 2607              	.LBB725:
 2608              	.LBI712:
  31:../../libDaisy/src/hid/disp/graphics_common.h ****     : x_(x), y_(y), width_(max(0, width)), height_(max(0, height))
 2609              		.loc 7 31 5 is_stmt 1 view .LVU602
 2610              	.LBB721:
 2611              	.LBB718:
  32:../../libDaisy/src/hid/disp/graphics_common.h ****     {
 2612              		.loc 7 32 66 is_stmt 0 view .LVU603
 2613 008e 6C80     		strh	r4, [r5, #2]	@ movhi
 2614              	.LVL177:
 2615              	.LBB715:
 2616              	.LBI715:
 2617              		.loc 7 261 13 is_stmt 1 view .LVU604
 2618              	.LBE715:
ARM GAS  C:\Users\FINNDY~1\AppData\Local\Temp\ccFWr46h.s 			page 143


 2619              	.LBE718:
 2620              	.LBE721:
 2621              	.LBE725:
 2622              	.LBE692:
 2623              	.LBE691:
 2624              		.loc 7 261 41 view .LVU605
 2625              	.LBB909:
 2626              	.LBB885:
 2627              	.LBB726:
 2628              	.LBB722:
 2629              	.LBB719:
 2630              	.LBB716:
 2631              	.LBI716:
 2632              		.loc 7 261 13 view .LVU606
 2633              	.LBE716:
 2634              	.LBE719:
 2635              	.LBE722:
 2636              	.LBE726:
 2637              	.LBE885:
 2638              	.LBE909:
 2639              		.loc 7 261 41 view .LVU607
 2640              	.L230:
  56:../../libDaisy/src/hid/disp/graphics_common.h ****     int16_t GetY() const { return y_; }
 2641              		.loc 7 56 28 view .LVU608
  57:../../libDaisy/src/hid/disp/graphics_common.h ****     int16_t GetWidth() const { return width_; }
 2642              		.loc 7 57 28 view .LVU609
 2643              	.LBB910:
 2644              	.LBI910:
 171:../../libDaisy/src/hid/disp/display.h ****     {
 2645              		.loc 5 171 10 view .LVU610
 2646              	.LBB911:
 173:../../libDaisy/src/hid/disp/display.h ****         currentY_ = (y >= Height()) ? Height() - 1 : y;
 2647              		.loc 5 173 9 view .LVU611
 173:../../libDaisy/src/hid/disp/display.h ****         currentY_ = (y >= Height()) ? Height() - 1 : y;
 2648              		.loc 5 173 33 is_stmt 0 view .LVU612
 2649 0090 3B68     		ldr	r3, [r7]
 2650 0092 DFF8ACB1 		ldr	fp, .L251
 2651 0096 DA68     		ldr	r2, [r3, #12]
 2652 0098 5A45     		cmp	r2, fp
 2653 009a 47D1     		bne	.L238
 2654              	.LVL178:
 2655              	.L244:
 173:../../libDaisy/src/hid/disp/display.h ****         currentY_ = (y >= Height()) ? Height() - 1 : y;
 2656              		.loc 5 173 33 view .LVU613
 2657 009c 8020     		movs	r0, #128
 2658              	.L239:
 173:../../libDaisy/src/hid/disp/display.h ****         currentY_ = (y >= Height()) ? Height() - 1 : y;
 2659              		.loc 5 173 19 view .LVU614
 2660 009e 5045     		cmp	r0, r10
 2661 00a0 05D8     		bhi	.L237
 173:../../libDaisy/src/hid/disp/display.h ****         currentY_ = (y >= Height()) ? Height() - 1 : y;
 2662              		.loc 5 173 44 view .LVU615
 2663 00a2 DA68     		ldr	r2, [r3, #12]
 2664 00a4 5A45     		cmp	r2, fp
 2665 00a6 40F0B680 		bne	.L250
 2666 00aa 4FF07F0A 		mov	r10, #127
 2667              	.L237:
ARM GAS  C:\Users\FINNDY~1\AppData\Local\Temp\ccFWr46h.s 			page 144


 174:../../libDaisy/src/hid/disp/display.h ****     }
 2668              		.loc 5 174 33 view .LVU616
 2669 00ae 9B68     		ldr	r3, [r3, #8]
 2670 00b0 3846     		mov	r0, r7
 173:../../libDaisy/src/hid/disp/display.h ****         currentY_ = (y >= Height()) ? Height() - 1 : y;
 2671              		.loc 5 173 19 view .LVU617
 2672 00b2 A7F804A0 		strh	r10, [r7, #4]	@ movhi
 174:../../libDaisy/src/hid/disp/display.h ****     }
 2673              		.loc 5 174 9 is_stmt 1 view .LVU618
 174:../../libDaisy/src/hid/disp/display.h ****     }
 2674              		.loc 5 174 33 is_stmt 0 view .LVU619
 2675 00b6 9847     		blx	r3
 2676              	.LVL179:
 174:../../libDaisy/src/hid/disp/display.h ****     }
 2677              		.loc 5 174 19 view .LVU620
 2678 00b8 A042     		cmp	r0, r4
 2679 00ba 05D8     		bhi	.L241
 174:../../libDaisy/src/hid/disp/display.h ****     }
 2680              		.loc 5 174 46 view .LVU621
 2681 00bc 3B68     		ldr	r3, [r7]
 174:../../libDaisy/src/hid/disp/display.h ****     }
 2682              		.loc 5 174 45 view .LVU622
 2683 00be 3846     		mov	r0, r7
 2684 00c0 9B68     		ldr	r3, [r3, #8]
 2685 00c2 9847     		blx	r3
 2686              	.LVL180:
 174:../../libDaisy/src/hid/disp/display.h ****     }
 2687              		.loc 5 174 19 view .LVU623
 2688 00c4 0138     		subs	r0, r0, #1
 2689 00c6 84B2     		uxth	r4, r0
 2690              	.L241:
 2691 00c8 FC80     		strh	r4, [r7, #6]	@ movhi
 2692              	.LVL181:
 174:../../libDaisy/src/hid/disp/display.h ****     }
 2693              		.loc 5 174 19 view .LVU624
 2694              	.LBE911:
 2695              	.LBE910:
 469:../../libDaisy/src/hid/disp/display.h ****         return alignedRect;
 2696              		.loc 5 469 53 view .LVU625
 2697 00ca 4946     		mov	r1, r9
 2698 00cc 0096     		str	r6, [sp]
 2699 00ce 3846     		mov	r0, r7
 2700 00d0 98E80C00 		ldm	r8, {r2, r3}
 2701 00d4 FFF7FEFF 		bl	_ZN5daisy25OneBitGraphicsDisplayImplINS_11OledDisplayINS_13SSD130xDriverILj128ELj64ENS_19SSD130
 2702              	.LVL182:
 471:../../libDaisy/src/hid/disp/display.h **** 
 2703              		.loc 5 471 5 view .LVU626
 2704 00d8 2846     		mov	r0, r5
 2705 00da 03B0     		add	sp, sp, #12
 2706              		.cfi_remember_state
 2707              		.cfi_def_cfa_offset 36
 2708              		@ sp needed
 2709 00dc BDE8F08F 		pop	{r4, r5, r6, r7, r8, r9, r10, fp, pc}
 2710              	.LVL183:
 2711              	.L229:
 2712              		.cfi_restore_state
 2713              	.LBB919:
ARM GAS  C:\Users\FINNDY~1\AppData\Local\Temp\ccFWr46h.s 			page 145


 2714              	.LBB886:
 250:../../libDaisy/src/hid/disp/graphics_common.h ****                 return {int16_t(x_ + (other.GetCenterX() - GetCenterX())),
 2715              		.loc 7 250 13 is_stmt 1 view .LVU627
 251:../../libDaisy/src/hid/disp/graphics_common.h ****                         int16_t(y_ + (other.GetCenterY() - GetCenterY())),
 2716              		.loc 7 251 17 view .LVU628
 2717              	.LBB727:
 2718              	.LBI727:
  62:../../libDaisy/src/hid/disp/graphics_common.h ****     int16_t GetCenterY() const { return y_ + height_ / 2; }
 2719              		.loc 7 62 13 view .LVU629
 2720              	.LBB728:
  62:../../libDaisy/src/hid/disp/graphics_common.h ****     int16_t GetCenterY() const { return y_ + height_ / 2; }
 2721              		.loc 7 62 34 view .LVU630
  62:../../libDaisy/src/hid/disp/graphics_common.h ****     int16_t GetCenterY() const { return y_ + height_ / 2; }
 2722              		.loc 7 62 34 is_stmt 0 view .LVU631
 2723              	.LBE728:
 2724              	.LBE727:
 2725              	.LBB730:
 2726              	.LBI730:
  62:../../libDaisy/src/hid/disp/graphics_common.h ****     int16_t GetCenterY() const { return y_ + height_ / 2; }
 2727              		.loc 7 62 13 is_stmt 1 view .LVU632
 2728              	.LBB731:
  62:../../libDaisy/src/hid/disp/graphics_common.h ****     int16_t GetCenterY() const { return y_ + height_ / 2; }
 2729              		.loc 7 62 34 view .LVU633
  62:../../libDaisy/src/hid/disp/graphics_common.h ****     int16_t GetCenterY() const { return y_ + height_ / 2; }
 2730              		.loc 7 62 34 is_stmt 0 view .LVU634
 2731              	.LBE731:
 2732              	.LBE730:
 2733              	.LBB732:
 2734              	.LBB729:
  62:../../libDaisy/src/hid/disp/graphics_common.h ****     int16_t GetCenterY() const { return y_ + height_ / 2; }
 2735              		.loc 7 62 53 view .LVU635
 2736 00e0 B3F90420 		ldrsh	r2, [r3, #4]
  62:../../libDaisy/src/hid/disp/graphics_common.h ****     int16_t GetCenterY() const { return y_ + height_ / 2; }
 2737              		.loc 7 62 44 view .LVU636
 2738 00e4 B3F800A0 		ldrh	r10, [r3]
  62:../../libDaisy/src/hid/disp/graphics_common.h ****     int16_t GetCenterY() const { return y_ + height_ / 2; }
 2739              		.loc 7 62 53 view .LVU637
 2740 00e8 002A     		cmp	r2, #0
 2741 00ea B8BF     		it	lt
 2742 00ec 0132     		addlt	r2, r2, #1
  62:../../libDaisy/src/hid/disp/graphics_common.h ****     int16_t GetCenterY() const { return y_ + height_ / 2; }
 2743              		.loc 7 62 44 view .LVU638
 2744 00ee 0AEB620A 		add	r10, r10, r2, asr #1
 2745              	.LBE729:
 2746              	.LBE732:
 2747              	.LBB733:
 2748              	.LBB708:
  63:../../libDaisy/src/hid/disp/graphics_common.h **** 
 2749              		.loc 7 63 54 view .LVU639
 2750 00f2 B3F90620 		ldrsh	r2, [r3, #6]
 2751              	.LBE708:
 2752              	.LBE733:
 251:../../libDaisy/src/hid/disp/graphics_common.h ****                         int16_t(y_ + (other.GetCenterY() - GetCenterY())),
 2753              		.loc 7 251 58 view .LVU640
 2754 00f6 AAEB6C0A 		sub	r10, r10, ip, asr #1
 2755              	.LBB734:
 2756              	.LBB709:
ARM GAS  C:\Users\FINNDY~1\AppData\Local\Temp\ccFWr46h.s 			page 146


  63:../../libDaisy/src/hid/disp/graphics_common.h **** 
 2757              		.loc 7 63 54 view .LVU641
 2758 00fa 002A     		cmp	r2, #0
 2759              	.LBE709:
 2760              	.LBE734:
 251:../../libDaisy/src/hid/disp/graphics_common.h ****                         int16_t(y_ + (other.GetCenterY() - GetCenterY())),
 2761              		.loc 7 251 58 view .LVU642
 2762 00fc 1FFA8AFA 		uxth	r10, r10
 2763              	.LVL184:
 2764              	.LBB735:
 2765              	.LBI705:
  63:../../libDaisy/src/hid/disp/graphics_common.h **** 
 2766              		.loc 7 63 13 is_stmt 1 view .LVU643
 2767              	.LBB710:
  63:../../libDaisy/src/hid/disp/graphics_common.h **** 
 2768              		.loc 7 63 34 view .LVU644
  63:../../libDaisy/src/hid/disp/graphics_common.h **** 
 2769              		.loc 7 63 34 is_stmt 0 view .LVU645
 2770              	.LBE710:
 2771              	.LBE735:
 2772              	.LBB736:
 2773              	.LBI736:
  63:../../libDaisy/src/hid/disp/graphics_common.h **** 
 2774              		.loc 7 63 13 is_stmt 1 view .LVU646
 2775              	.LBB737:
  63:../../libDaisy/src/hid/disp/graphics_common.h **** 
 2776              		.loc 7 63 34 view .LVU647
  63:../../libDaisy/src/hid/disp/graphics_common.h **** 
 2777              		.loc 7 63 34 is_stmt 0 view .LVU648
 2778              	.LBE737:
 2779              	.LBE736:
 2780              	.LBB738:
 2781              	.LBB711:
  63:../../libDaisy/src/hid/disp/graphics_common.h **** 
 2782              		.loc 7 63 54 view .LVU649
 2783 0100 BADA     		bge	.L236
 2784              	.L249:
  63:../../libDaisy/src/hid/disp/graphics_common.h **** 
 2785              		.loc 7 63 54 view .LVU650
 2786 0102 0132     		adds	r2, r2, #1
 2787 0104 B8E7     		b	.L236
 2788              	.L228:
  63:../../libDaisy/src/hid/disp/graphics_common.h **** 
 2789              		.loc 7 63 54 view .LVU651
 2790              	.LBE711:
 2791              	.LBE738:
 213:../../libDaisy/src/hid/disp/graphics_common.h ****                 return {other.x_, other.y_, width_, height_};
 2792              		.loc 7 213 13 is_stmt 1 view .LVU652
 214:../../libDaisy/src/hid/disp/graphics_common.h ****             case Alignment::topRight:
 2793              		.loc 7 214 17 view .LVU653
 214:../../libDaisy/src/hid/disp/graphics_common.h ****             case Alignment::topRight:
 2794              		.loc 7 214 31 is_stmt 0 view .LVU654
 2795 0106 B3F900A0 		ldrsh	r10, [r3]
 214:../../libDaisy/src/hid/disp/graphics_common.h ****             case Alignment::topRight:
 2796              		.loc 7 214 41 view .LVU655
 2797 010a B3F90240 		ldrsh	r4, [r3, #2]
 2798              	.LVL185:
ARM GAS  C:\Users\FINNDY~1\AppData\Local\Temp\ccFWr46h.s 			page 147


 2799              	.LBB739:
 2800              	.LBI739:
  31:../../libDaisy/src/hid/disp/graphics_common.h ****     : x_(x), y_(y), width_(max(0, width)), height_(max(0, height))
 2801              		.loc 7 31 5 is_stmt 1 view .LVU656
 2802              	.LBE739:
 2803              	.LBE886:
 2804              	.LBE919:
 2805              	.LBB920:
 2806              	.LBB912:
 173:../../libDaisy/src/hid/disp/display.h ****         currentY_ = (y >= Height()) ? Height() - 1 : y;
 2807              		.loc 5 173 33 is_stmt 0 view .LVU657
 2808 010e 3B68     		ldr	r3, [r7]
 2809              	.LVL186:
 173:../../libDaisy/src/hid/disp/display.h ****         currentY_ = (y >= Height()) ? Height() - 1 : y;
 2810              		.loc 5 173 33 view .LVU658
 2811 0110 DFF82CB1 		ldr	fp, .L251
 2812 0114 DA68     		ldr	r2, [r3, #12]
 2813              	.LBE912:
 2814              	.LBE920:
 2815              	.LBB921:
 2816              	.LBB887:
 2817              	.LBB750:
 2818              	.LBB740:
 2819              	.LBB741:
  32:../../libDaisy/src/hid/disp/graphics_common.h ****     {
 2820              		.loc 7 32 66 view .LVU659
 2821 0116 A5F800A0 		strh	r10, [r5]	@ movhi
 2822              	.LBE741:
 2823              	.LBE740:
 2824              	.LBE750:
 2825              	.LBE887:
 2826              	.LBE921:
 468:../../libDaisy/src/hid/disp/display.h ****         ((ChildType*)(this))->ChildType::WriteString(str, font, on);
 2827              		.loc 5 468 18 view .LVU660
 2828 011a 1FFA8AFA 		uxth	r10, r10
 2829              	.LVL187:
 468:../../libDaisy/src/hid/disp/display.h ****         ((ChildType*)(this))->ChildType::WriteString(str, font, on);
 2830              		.loc 5 468 18 view .LVU661
 2831 011e 5A45     		cmp	r2, fp
 2832              	.LBB922:
 2833              	.LBB888:
 2834              	.LBB751:
 2835              	.LBB747:
 2836              	.LBB744:
  32:../../libDaisy/src/hid/disp/graphics_common.h ****     {
 2837              		.loc 7 32 66 view .LVU662
 2838 0120 6C80     		strh	r4, [r5, #2]	@ movhi
 2839 0122 A5F804C0 		strh	ip, [r5, #4]	@ movhi
 2840              	.LVL188:
 2841              	.LBB742:
 2842              	.LBI742:
 2843              		.loc 7 261 13 is_stmt 1 view .LVU663
 2844              	.LBE742:
 2845              	.LBE744:
 2846              	.LBE747:
 2847              	.LBE751:
 2848              	.LBE888:
ARM GAS  C:\Users\FINNDY~1\AppData\Local\Temp\ccFWr46h.s 			page 148


 2849              	.LBE922:
 2850              		.loc 7 261 41 view .LVU664
 2851              	.LBB923:
 2852              	.LBB889:
 2853              	.LBB752:
 2854              	.LBB748:
 2855              	.LBB745:
 2856              	.LBB743:
 2857              	.LBI743:
 2858              		.loc 7 261 13 view .LVU665
 2859              	.LBE743:
 2860              	.LBE745:
 2861              	.LBE748:
 2862              	.LBE752:
 2863              	.LBE889:
 2864              	.LBE923:
 2865              		.loc 7 261 41 view .LVU666
 468:../../libDaisy/src/hid/disp/display.h ****         ((ChildType*)(this))->ChildType::WriteString(str, font, on);
 2866              		.loc 5 468 18 is_stmt 0 view .LVU667
 2867 0126 A4B2     		uxth	r4, r4
 2868              	.LVL189:
  56:../../libDaisy/src/hid/disp/graphics_common.h ****     int16_t GetY() const { return y_; }
 2869              		.loc 7 56 28 is_stmt 1 view .LVU668
  57:../../libDaisy/src/hid/disp/graphics_common.h ****     int16_t GetWidth() const { return width_; }
 2870              		.loc 7 57 28 view .LVU669
 2871              	.LBB924:
 171:../../libDaisy/src/hid/disp/display.h ****     {
 2872              		.loc 5 171 10 view .LVU670
 2873              	.LBB913:
 173:../../libDaisy/src/hid/disp/display.h ****         currentY_ = (y >= Height()) ? Height() - 1 : y;
 2874              		.loc 5 173 9 view .LVU671
 2875              	.LBE913:
 2876              	.LBE924:
 2877              	.LBB925:
 2878              	.LBB890:
 2879              	.LBB753:
 2880              	.LBB749:
 2881              	.LBB746:
  32:../../libDaisy/src/hid/disp/graphics_common.h ****     {
 2882              		.loc 7 32 66 is_stmt 0 view .LVU672
 2883 0128 E980     		strh	r1, [r5, #6]	@ movhi
 2884 012a B7D0     		beq	.L244
 2885              	.LVL190:
 2886              	.L238:
  32:../../libDaisy/src/hid/disp/graphics_common.h ****     {
 2887              		.loc 7 32 66 view .LVU673
 2888              	.LBE746:
 2889              	.LBE749:
 2890              	.LBE753:
 2891              	.LBE890:
 2892              	.LBE925:
 2893              	.LBB926:
 2894              	.LBB914:
 173:../../libDaisy/src/hid/disp/display.h ****         currentY_ = (y >= Height()) ? Height() - 1 : y;
 2895              		.loc 5 173 32 view .LVU674
 2896 012c 3846     		mov	r0, r7
 2897 012e 9047     		blx	r2
ARM GAS  C:\Users\FINNDY~1\AppData\Local\Temp\ccFWr46h.s 			page 149


 2898              	.LVL191:
 173:../../libDaisy/src/hid/disp/display.h ****         currentY_ = (y >= Height()) ? Height() - 1 : y;
 2899              		.loc 5 173 44 view .LVU675
 2900 0130 3B68     		ldr	r3, [r7]
 2901 0132 B4E7     		b	.L239
 2902              	.LVL192:
 2903              	.L225:
 173:../../libDaisy/src/hid/disp/display.h ****         currentY_ = (y >= Height()) ? Height() - 1 : y;
 2904              		.loc 5 173 44 view .LVU676
 2905              	.LBE914:
 2906              	.LBE926:
 2907              	.LBB927:
 2908              	.LBB891:
 225:../../libDaisy/src/hid/disp/graphics_common.h ****                 return {other.x_,
 2909              		.loc 7 225 13 is_stmt 1 view .LVU677
 226:../../libDaisy/src/hid/disp/graphics_common.h ****                         int16_t(other.GetBottom() - height_),
 2910              		.loc 7 226 17 view .LVU678
 2911              	.LBB754:
 2912              	.LBB755:
  61:../../libDaisy/src/hid/disp/graphics_common.h ****     int16_t GetCenterX() const { return x_ + width_ / 2; }
 2913              		.loc 7 61 43 is_stmt 0 view .LVU679
 2914 0134 5C88     		ldrh	r4, [r3, #2]
 2915 0136 D888     		ldrh	r0, [r3, #6]
 2916              	.LVL193:
  61:../../libDaisy/src/hid/disp/graphics_common.h ****     int16_t GetCenterX() const { return x_ + width_ / 2; }
 2917              		.loc 7 61 43 view .LVU680
 2918              	.LBE755:
 2919              	.LBE754:
 226:../../libDaisy/src/hid/disp/graphics_common.h ****                         int16_t(other.GetBottom() - height_),
 2920              		.loc 7 226 31 view .LVU681
 2921 0138 B3F900A0 		ldrsh	r10, [r3]
 2922              	.LBB758:
 2923              	.LBB756:
  61:../../libDaisy/src/hid/disp/graphics_common.h ****     int16_t GetCenterX() const { return x_ + width_ / 2; }
 2924              		.loc 7 61 43 view .LVU682
 2925 013c 0444     		add	r4, r4, r0
 2926              	.LBE756:
 2927              	.LBE758:
 2928              	.LBB759:
 2929              	.LBB760:
 2930              	.LBB761:
  32:../../libDaisy/src/hid/disp/graphics_common.h ****     {
 2931              		.loc 7 32 66 view .LVU683
 2932 013e A5F804C0 		strh	ip, [r5, #4]	@ movhi
 2933 0142 A5F800A0 		strh	r10, [r5]	@ movhi
 2934              	.LBE761:
 2935              	.LBE760:
 2936              	.LBE759:
 2937              	.LBE891:
 2938              	.LBE927:
 468:../../libDaisy/src/hid/disp/display.h ****         ((ChildType*)(this))->ChildType::WriteString(str, font, on);
 2939              		.loc 5 468 18 view .LVU684
 2940 0146 1FFA8AFA 		uxth	r10, r10
 2941              	.LBB928:
 2942              	.LBB892:
 227:../../libDaisy/src/hid/disp/graphics_common.h ****                         width_,
 2943              		.loc 7 227 51 view .LVU685
ARM GAS  C:\Users\FINNDY~1\AppData\Local\Temp\ccFWr46h.s 			page 150


 2944 014a A21A     		subs	r2, r4, r2
 2945              	.LVL194:
 2946              	.LBB771:
 2947              	.LBI754:
  61:../../libDaisy/src/hid/disp/graphics_common.h ****     int16_t GetCenterX() const { return x_ + width_ / 2; }
 2948              		.loc 7 61 13 is_stmt 1 view .LVU686
 2949              	.LBB757:
  61:../../libDaisy/src/hid/disp/graphics_common.h ****     int16_t GetCenterX() const { return x_ + width_ / 2; }
 2950              		.loc 7 61 33 view .LVU687
  61:../../libDaisy/src/hid/disp/graphics_common.h ****     int16_t GetCenterX() const { return x_ + width_ / 2; }
 2951              		.loc 7 61 33 is_stmt 0 view .LVU688
 2952              	.LBE757:
 2953              	.LBE771:
 2954              	.LBB772:
 2955              	.LBB767:
 2956              	.LBB764:
  32:../../libDaisy/src/hid/disp/graphics_common.h ****     {
 2957              		.loc 7 32 66 view .LVU689
 2958 014c E980     		strh	r1, [r5, #6]	@ movhi
 2959              	.LBE764:
 2960              	.LBE767:
 2961              	.LBE772:
 227:../../libDaisy/src/hid/disp/graphics_common.h ****                         width_,
 2962              		.loc 7 227 51 view .LVU690
 2963 014e 94B2     		uxth	r4, r2
 2964              	.LVL195:
 2965              	.LBB773:
 2966              	.LBI759:
  31:../../libDaisy/src/hid/disp/graphics_common.h ****     : x_(x), y_(y), width_(max(0, width)), height_(max(0, height))
 2967              		.loc 7 31 5 is_stmt 1 view .LVU691
 2968              	.LBB768:
 2969              	.LBB765:
  32:../../libDaisy/src/hid/disp/graphics_common.h ****     {
 2970              		.loc 7 32 66 is_stmt 0 view .LVU692
 2971 0150 6C80     		strh	r4, [r5, #2]	@ movhi
 2972              	.LVL196:
 2973              	.LBB762:
 2974              	.LBI762:
 2975              		.loc 7 261 13 is_stmt 1 view .LVU693
 2976              	.LBE762:
 2977              	.LBE765:
 2978              	.LBE768:
 2979              	.LBE773:
 2980              	.LBE892:
 2981              	.LBE928:
 2982              		.loc 7 261 41 view .LVU694
 2983              	.LBB929:
 2984              	.LBB893:
 2985              	.LBB774:
 2986              	.LBB769:
 2987              	.LBB766:
 2988              	.LBB763:
 2989              	.LBI763:
 2990              		.loc 7 261 13 view .LVU695
 2991              	.LBE763:
 2992              	.LBE766:
 2993              	.LBE769:
ARM GAS  C:\Users\FINNDY~1\AppData\Local\Temp\ccFWr46h.s 			page 151


 2994              	.LBE774:
 2995              	.LBE893:
 2996              	.LBE929:
 2997              		.loc 7 261 41 view .LVU696
 2998              	.LBB930:
 2999              	.LBB894:
 3000              	.LBB775:
 3001              	.LBB770:
  34:../../libDaisy/src/hid/disp/graphics_common.h **** 
 3002              		.loc 7 34 5 is_stmt 0 view .LVU697
 3003 0152 9DE7     		b	.L230
 3004              	.LVL197:
 3005              	.L224:
  34:../../libDaisy/src/hid/disp/graphics_common.h **** 
 3006              		.loc 7 34 5 view .LVU698
 3007              	.LBE770:
 3008              	.LBE775:
 235:../../libDaisy/src/hid/disp/graphics_common.h ****                 return {int16_t(x_ + (other.GetCenterX() - GetCenterX())),
 3009              		.loc 7 235 13 is_stmt 1 view .LVU699
 236:../../libDaisy/src/hid/disp/graphics_common.h ****                         int16_t(other.GetBottom() - height_),
 3010              		.loc 7 236 17 view .LVU700
 3011              	.LBB776:
 3012              	.LBI776:
  62:../../libDaisy/src/hid/disp/graphics_common.h ****     int16_t GetCenterY() const { return y_ + height_ / 2; }
 3013              		.loc 7 62 13 view .LVU701
 3014              	.LBB777:
  62:../../libDaisy/src/hid/disp/graphics_common.h ****     int16_t GetCenterY() const { return y_ + height_ / 2; }
 3015              		.loc 7 62 34 view .LVU702
  62:../../libDaisy/src/hid/disp/graphics_common.h ****     int16_t GetCenterY() const { return y_ + height_ / 2; }
 3016              		.loc 7 62 34 is_stmt 0 view .LVU703
 3017              	.LBE777:
 3018              	.LBE776:
 3019              	.LBB779:
 3020              	.LBI779:
  62:../../libDaisy/src/hid/disp/graphics_common.h ****     int16_t GetCenterY() const { return y_ + height_ / 2; }
 3021              		.loc 7 62 13 is_stmt 1 view .LVU704
 3022              	.LBB780:
  62:../../libDaisy/src/hid/disp/graphics_common.h ****     int16_t GetCenterY() const { return y_ + height_ / 2; }
 3023              		.loc 7 62 34 view .LVU705
  62:../../libDaisy/src/hid/disp/graphics_common.h ****     int16_t GetCenterY() const { return y_ + height_ / 2; }
 3024              		.loc 7 62 34 is_stmt 0 view .LVU706
 3025              	.LBE780:
 3026              	.LBE779:
 3027              	.LBB781:
 3028              	.LBB778:
  62:../../libDaisy/src/hid/disp/graphics_common.h ****     int16_t GetCenterY() const { return y_ + height_ / 2; }
 3029              		.loc 7 62 53 view .LVU707
 3030 0154 B3F90400 		ldrsh	r0, [r3, #4]
 3031              	.LVL198:
  62:../../libDaisy/src/hid/disp/graphics_common.h ****     int16_t GetCenterY() const { return y_ + height_ / 2; }
 3032              		.loc 7 62 44 view .LVU708
 3033 0158 B3F800A0 		ldrh	r10, [r3]
  62:../../libDaisy/src/hid/disp/graphics_common.h ****     int16_t GetCenterY() const { return y_ + height_ / 2; }
 3034              		.loc 7 62 53 view .LVU709
 3035 015c 0028     		cmp	r0, #0
 3036 015e B8BF     		it	lt
 3037 0160 0130     		addlt	r0, r0, #1
ARM GAS  C:\Users\FINNDY~1\AppData\Local\Temp\ccFWr46h.s 			page 152


  62:../../libDaisy/src/hid/disp/graphics_common.h ****     int16_t GetCenterY() const { return y_ + height_ / 2; }
 3038              		.loc 7 62 44 view .LVU710
 3039 0162 0AEB600A 		add	r10, r10, r0, asr #1
 3040              	.LBE778:
 3041              	.LBE781:
 236:../../libDaisy/src/hid/disp/graphics_common.h ****                         int16_t(other.GetBottom() - height_),
 3042              		.loc 7 236 58 view .LVU711
 3043 0166 AAEB6C0A 		sub	r10, r10, ip, asr #1
 3044              	.L248:
 3045              	.LBB782:
 3046              	.LBB783:
  61:../../libDaisy/src/hid/disp/graphics_common.h ****     int16_t GetCenterX() const { return x_ + width_ / 2; }
 3047              		.loc 7 61 43 view .LVU712
 3048 016a 5C88     		ldrh	r4, [r3, #2]
 3049              	.LBE783:
 3050              	.LBE782:
 236:../../libDaisy/src/hid/disp/graphics_common.h ****                         int16_t(other.GetBottom() - height_),
 3051              		.loc 7 236 58 view .LVU713
 3052 016c 1FFA8AFA 		uxth	r10, r10
 3053              	.LVL199:
 3054              	.LBB786:
 3055              	.LBI782:
  61:../../libDaisy/src/hid/disp/graphics_common.h ****     int16_t GetCenterX() const { return x_ + width_ / 2; }
 3056              		.loc 7 61 13 is_stmt 1 view .LVU714
 3057              	.LBB784:
  61:../../libDaisy/src/hid/disp/graphics_common.h ****     int16_t GetCenterX() const { return x_ + width_ / 2; }
 3058              		.loc 7 61 33 view .LVU715
  61:../../libDaisy/src/hid/disp/graphics_common.h ****     int16_t GetCenterX() const { return x_ + width_ / 2; }
 3059              		.loc 7 61 43 is_stmt 0 view .LVU716
 3060 0170 DB88     		ldrh	r3, [r3, #6]
 3061              	.LVL200:
  61:../../libDaisy/src/hid/disp/graphics_common.h ****     int16_t GetCenterX() const { return x_ + width_ / 2; }
 3062              		.loc 7 61 43 view .LVU717
 3063              	.LBE784:
 3064              	.LBE786:
 3065              	.LBB787:
 3066              	.LBB788:
 3067              	.LBB789:
  32:../../libDaisy/src/hid/disp/graphics_common.h ****     {
 3068              		.loc 7 32 66 view .LVU718
 3069 0172 A5F804C0 		strh	ip, [r5, #4]	@ movhi
 3070              	.LBE789:
 3071              	.LBE788:
 3072              	.LBE787:
 3073              	.LBB799:
 3074              	.LBB785:
  61:../../libDaisy/src/hid/disp/graphics_common.h ****     int16_t GetCenterX() const { return x_ + width_ / 2; }
 3075              		.loc 7 61 43 view .LVU719
 3076 0176 1C44     		add	r4, r4, r3
 3077              	.LBE785:
 3078              	.LBE799:
 3079              	.LBB800:
 3080              	.LBB795:
 3081              	.LBB792:
  32:../../libDaisy/src/hid/disp/graphics_common.h ****     {
 3082              		.loc 7 32 66 view .LVU720
 3083 0178 E980     		strh	r1, [r5, #6]	@ movhi
ARM GAS  C:\Users\FINNDY~1\AppData\Local\Temp\ccFWr46h.s 			page 153


 3084 017a A5F800A0 		strh	r10, [r5]	@ movhi
 3085              	.LBE792:
 3086              	.LBE795:
 3087              	.LBE800:
 237:../../libDaisy/src/hid/disp/graphics_common.h ****                         width_,
 3088              		.loc 7 237 51 view .LVU721
 3089 017e A21A     		subs	r2, r4, r2
 3090 0180 94B2     		uxth	r4, r2
 3091              	.LVL201:
 3092              	.LBB801:
 3093              	.LBI787:
  31:../../libDaisy/src/hid/disp/graphics_common.h ****     : x_(x), y_(y), width_(max(0, width)), height_(max(0, height))
 3094              		.loc 7 31 5 is_stmt 1 view .LVU722
 3095              	.LBB796:
 3096              	.LBB793:
  32:../../libDaisy/src/hid/disp/graphics_common.h ****     {
 3097              		.loc 7 32 66 is_stmt 0 view .LVU723
 3098 0182 6C80     		strh	r4, [r5, #2]	@ movhi
 3099              	.LVL202:
 3100              	.LBB790:
 3101              	.LBI790:
 3102              		.loc 7 261 13 is_stmt 1 view .LVU724
 3103              	.LBE790:
 3104              	.LBE793:
 3105              	.LBE796:
 3106              	.LBE801:
 3107              	.LBE894:
 3108              	.LBE930:
 3109              		.loc 7 261 41 view .LVU725
 3110              	.LBB931:
 3111              	.LBB895:
 3112              	.LBB802:
 3113              	.LBB797:
 3114              	.LBB794:
 3115              	.LBB791:
 3116              	.LBI791:
 3117              		.loc 7 261 13 view .LVU726
 3118              	.LBE791:
 3119              	.LBE794:
 3120              	.LBE797:
 3121              	.LBE802:
 3122              	.LBE895:
 3123              	.LBE931:
 3124              		.loc 7 261 41 view .LVU727
 3125              	.LBB932:
 3126              	.LBB896:
 3127              	.LBB803:
 3128              	.LBB798:
  34:../../libDaisy/src/hid/disp/graphics_common.h **** 
 3129              		.loc 7 34 5 is_stmt 0 view .LVU728
 3130 0184 84E7     		b	.L230
 3131              	.LVL203:
 3132              	.L223:
  34:../../libDaisy/src/hid/disp/graphics_common.h **** 
 3133              		.loc 7 34 5 view .LVU729
 3134              	.LBE798:
 3135              	.LBE803:
ARM GAS  C:\Users\FINNDY~1\AppData\Local\Temp\ccFWr46h.s 			page 154


 230:../../libDaisy/src/hid/disp/graphics_common.h ****                 return {int16_t(other.GetRight() - width_),
 3136              		.loc 7 230 13 is_stmt 1 view .LVU730
 231:../../libDaisy/src/hid/disp/graphics_common.h ****                         int16_t(other.GetBottom() - height_),
 3137              		.loc 7 231 17 view .LVU731
 3138              	.LBB804:
 3139              	.LBI804:
  60:../../libDaisy/src/hid/disp/graphics_common.h ****     int16_t GetBottom() const { return y_ + height_; }
 3140              		.loc 7 60 13 view .LVU732
 3141              	.LBB805:
  60:../../libDaisy/src/hid/disp/graphics_common.h ****     int16_t GetBottom() const { return y_ + height_; }
 3142              		.loc 7 60 32 view .LVU733
  60:../../libDaisy/src/hid/disp/graphics_common.h ****     int16_t GetBottom() const { return y_ + height_; }
 3143              		.loc 7 60 42 is_stmt 0 view .LVU734
 3144 0186 B3F800A0 		ldrh	r10, [r3]
 3145 018a 9888     		ldrh	r0, [r3, #4]
 3146              	.LVL204:
  60:../../libDaisy/src/hid/disp/graphics_common.h ****     int16_t GetBottom() const { return y_ + height_; }
 3147              		.loc 7 60 42 view .LVU735
 3148 018c 8244     		add	r10, r10, r0
 3149              	.LBE805:
 3150              	.LBE804:
 231:../../libDaisy/src/hid/disp/graphics_common.h ****                         int16_t(other.GetBottom() - height_),
 3151              		.loc 7 231 50 view .LVU736
 3152 018e AAEB0C0A 		sub	r10, r10, ip
 3153 0192 EAE7     		b	.L248
 3154              	.LVL205:
 3155              	.L222:
 240:../../libDaisy/src/hid/disp/graphics_common.h ****                 return {other.x_,
 3156              		.loc 7 240 13 is_stmt 1 view .LVU737
 241:../../libDaisy/src/hid/disp/graphics_common.h ****                         int16_t(y_ + (other.GetCenterY() - GetCenterY())),
 3157              		.loc 7 241 17 view .LVU738
 3158              	.LBB806:
 3159              	.LBB807:
  63:../../libDaisy/src/hid/disp/graphics_common.h **** 
 3160              		.loc 7 63 54 is_stmt 0 view .LVU739
 3161 0194 B3F90620 		ldrsh	r2, [r3, #6]
  63:../../libDaisy/src/hid/disp/graphics_common.h **** 
 3162              		.loc 7 63 44 view .LVU740
 3163 0198 5C88     		ldrh	r4, [r3, #2]
  63:../../libDaisy/src/hid/disp/graphics_common.h **** 
 3164              		.loc 7 63 54 view .LVU741
 3165 019a 002A     		cmp	r2, #0
 3166              	.LBE807:
 3167              	.LBE806:
 241:../../libDaisy/src/hid/disp/graphics_common.h ****                         int16_t(y_ + (other.GetCenterY() - GetCenterY())),
 3168              		.loc 7 241 31 view .LVU742
 3169 019c B3F900A0 		ldrsh	r10, [r3]
 3170              	.LVL206:
 3171              	.LBB811:
 3172              	.LBI806:
  63:../../libDaisy/src/hid/disp/graphics_common.h **** 
 3173              		.loc 7 63 13 is_stmt 1 view .LVU743
 3174              	.LBB808:
  63:../../libDaisy/src/hid/disp/graphics_common.h **** 
 3175              		.loc 7 63 34 view .LVU744
  63:../../libDaisy/src/hid/disp/graphics_common.h **** 
 3176              		.loc 7 63 34 is_stmt 0 view .LVU745
ARM GAS  C:\Users\FINNDY~1\AppData\Local\Temp\ccFWr46h.s 			page 155


 3177              	.LBE808:
 3178              	.LBE811:
 3179              	.LBB812:
 3180              	.LBI812:
  63:../../libDaisy/src/hid/disp/graphics_common.h **** 
 3181              		.loc 7 63 13 is_stmt 1 view .LVU746
 3182              	.LBB813:
  63:../../libDaisy/src/hid/disp/graphics_common.h **** 
 3183              		.loc 7 63 34 view .LVU747
  63:../../libDaisy/src/hid/disp/graphics_common.h **** 
 3184              		.loc 7 63 34 is_stmt 0 view .LVU748
 3185              	.LBE813:
 3186              	.LBE812:
 3187              	.LBB814:
 3188              	.LBB815:
 3189              	.LBB816:
  32:../../libDaisy/src/hid/disp/graphics_common.h ****     {
 3190              		.loc 7 32 66 view .LVU749
 3191 01a0 E980     		strh	r1, [r5, #6]	@ movhi
 3192              	.LBE816:
 3193              	.LBE815:
 3194              	.LBE814:
 3195              	.LBB826:
 3196              	.LBB809:
  63:../../libDaisy/src/hid/disp/graphics_common.h **** 
 3197              		.loc 7 63 54 view .LVU750
 3198 01a2 B8BF     		it	lt
 3199 01a4 0132     		addlt	r2, r2, #1
 3200              	.LBE809:
 3201              	.LBE826:
 3202              	.LBB827:
 3203              	.LBB822:
 3204              	.LBB819:
  32:../../libDaisy/src/hid/disp/graphics_common.h ****     {
 3205              		.loc 7 32 66 view .LVU751
 3206 01a6 A5F800A0 		strh	r10, [r5]	@ movhi
 3207 01aa A5F804C0 		strh	ip, [r5, #4]	@ movhi
 3208              	.LBE819:
 3209              	.LBE822:
 3210              	.LBE827:
 3211              	.LBE896:
 3212              	.LBE932:
 468:../../libDaisy/src/hid/disp/display.h ****         ((ChildType*)(this))->ChildType::WriteString(str, font, on);
 3213              		.loc 5 468 18 view .LVU752
 3214 01ae 1FFA8AFA 		uxth	r10, r10
 3215              	.LBB933:
 3216              	.LBB897:
 3217              	.LBB828:
 3218              	.LBB810:
  63:../../libDaisy/src/hid/disp/graphics_common.h **** 
 3219              		.loc 7 63 44 view .LVU753
 3220 01b2 04EB6204 		add	r4, r4, r2, asr #1
 3221              	.LBE810:
 3222              	.LBE828:
 242:../../libDaisy/src/hid/disp/graphics_common.h ****                         width_,
 3223              		.loc 7 242 58 view .LVU754
 3224 01b6 A4EB5101 		sub	r1, r4, r1, lsr #1
ARM GAS  C:\Users\FINNDY~1\AppData\Local\Temp\ccFWr46h.s 			page 156


 3225 01ba 8CB2     		uxth	r4, r1
 3226              	.LVL207:
 3227              	.LBB829:
 3228              	.LBI814:
  31:../../libDaisy/src/hid/disp/graphics_common.h ****     : x_(x), y_(y), width_(max(0, width)), height_(max(0, height))
 3229              		.loc 7 31 5 is_stmt 1 view .LVU755
 3230              	.LBB823:
 3231              	.LBB820:
  32:../../libDaisy/src/hid/disp/graphics_common.h ****     {
 3232              		.loc 7 32 66 is_stmt 0 view .LVU756
 3233 01bc 6C80     		strh	r4, [r5, #2]	@ movhi
 3234              	.LVL208:
 3235              	.LBB817:
 3236              	.LBI817:
 3237              		.loc 7 261 13 is_stmt 1 view .LVU757
 3238              	.LBE817:
 3239              	.LBE820:
 3240              	.LBE823:
 3241              	.LBE829:
 3242              	.LBE897:
 3243              	.LBE933:
 3244              		.loc 7 261 41 view .LVU758
 3245              	.LBB934:
 3246              	.LBB898:
 3247              	.LBB830:
 3248              	.LBB824:
 3249              	.LBB821:
 3250              	.LBB818:
 3251              	.LBI818:
 3252              		.loc 7 261 13 view .LVU759
 3253              	.LBE818:
 3254              	.LBE821:
 3255              	.LBE824:
 3256              	.LBE830:
 3257              	.LBE898:
 3258              	.LBE934:
 3259              		.loc 7 261 41 view .LVU760
 3260              	.LBB935:
 3261              	.LBB899:
 3262              	.LBB831:
 3263              	.LBB825:
  34:../../libDaisy/src/hid/disp/graphics_common.h **** 
 3264              		.loc 7 34 5 is_stmt 0 view .LVU761
 3265 01be 67E7     		b	.L230
 3266              	.LVL209:
 3267              	.L227:
  34:../../libDaisy/src/hid/disp/graphics_common.h **** 
 3268              		.loc 7 34 5 view .LVU762
 3269              	.LBE825:
 3270              	.LBE831:
 220:../../libDaisy/src/hid/disp/graphics_common.h ****                 return {int16_t(x_ + (other.GetCenterX() - GetCenterX())),
 3271              		.loc 7 220 13 is_stmt 1 view .LVU763
 221:../../libDaisy/src/hid/disp/graphics_common.h ****                         other.y_,
 3272              		.loc 7 221 17 view .LVU764
 3273              	.LBB832:
 3274              	.LBI832:
  62:../../libDaisy/src/hid/disp/graphics_common.h ****     int16_t GetCenterY() const { return y_ + height_ / 2; }
ARM GAS  C:\Users\FINNDY~1\AppData\Local\Temp\ccFWr46h.s 			page 157


 3275              		.loc 7 62 13 view .LVU765
 3276              	.LBB833:
  62:../../libDaisy/src/hid/disp/graphics_common.h ****     int16_t GetCenterY() const { return y_ + height_ / 2; }
 3277              		.loc 7 62 34 view .LVU766
  62:../../libDaisy/src/hid/disp/graphics_common.h ****     int16_t GetCenterY() const { return y_ + height_ / 2; }
 3278              		.loc 7 62 34 is_stmt 0 view .LVU767
 3279              	.LBE833:
 3280              	.LBE832:
 3281              	.LBB837:
 3282              	.LBI837:
  62:../../libDaisy/src/hid/disp/graphics_common.h ****     int16_t GetCenterY() const { return y_ + height_ / 2; }
 3283              		.loc 7 62 13 is_stmt 1 view .LVU768
 3284              	.LBB838:
  62:../../libDaisy/src/hid/disp/graphics_common.h ****     int16_t GetCenterY() const { return y_ + height_ / 2; }
 3285              		.loc 7 62 34 view .LVU769
  62:../../libDaisy/src/hid/disp/graphics_common.h ****     int16_t GetCenterY() const { return y_ + height_ / 2; }
 3286              		.loc 7 62 34 is_stmt 0 view .LVU770
 3287              	.LBE838:
 3288              	.LBE837:
 3289              	.LBB839:
 3290              	.LBB834:
  62:../../libDaisy/src/hid/disp/graphics_common.h ****     int16_t GetCenterY() const { return y_ + height_ / 2; }
 3291              		.loc 7 62 53 view .LVU771
 3292 01c0 B3F90420 		ldrsh	r2, [r3, #4]
  62:../../libDaisy/src/hid/disp/graphics_common.h ****     int16_t GetCenterY() const { return y_ + height_ / 2; }
 3293              		.loc 7 62 44 view .LVU772
 3294 01c4 B3F800A0 		ldrh	r10, [r3]
  62:../../libDaisy/src/hid/disp/graphics_common.h ****     int16_t GetCenterY() const { return y_ + height_ / 2; }
 3295              		.loc 7 62 53 view .LVU773
 3296 01c8 002A     		cmp	r2, #0
 3297              	.LBE834:
 3298              	.LBE839:
 222:../../libDaisy/src/hid/disp/graphics_common.h ****                         width_,
 3299              		.loc 7 222 31 view .LVU774
 3300 01ca B3F90240 		ldrsh	r4, [r3, #2]
 3301              	.LVL210:
 3302              	.LBB840:
 3303              	.LBB841:
 3304              	.LBB842:
  32:../../libDaisy/src/hid/disp/graphics_common.h ****     {
 3305              		.loc 7 32 66 view .LVU775
 3306 01ce A5F804C0 		strh	ip, [r5, #4]	@ movhi
 3307              	.LBE842:
 3308              	.LBE841:
 3309              	.LBE840:
 3310              	.LBB853:
 3311              	.LBB835:
  62:../../libDaisy/src/hid/disp/graphics_common.h ****     int16_t GetCenterY() const { return y_ + height_ / 2; }
 3312              		.loc 7 62 53 view .LVU776
 3313 01d2 B8BF     		it	lt
 3314 01d4 0132     		addlt	r2, r2, #1
 3315              	.LBE835:
 3316              	.LBE853:
 3317              	.LBB854:
 3318              	.LBB849:
 3319              	.LBB845:
  32:../../libDaisy/src/hid/disp/graphics_common.h ****     {
ARM GAS  C:\Users\FINNDY~1\AppData\Local\Temp\ccFWr46h.s 			page 158


 3320              		.loc 7 32 66 view .LVU777
 3321 01d6 6C80     		strh	r4, [r5, #2]	@ movhi
 3322 01d8 E980     		strh	r1, [r5, #6]	@ movhi
 3323              	.LBE845:
 3324              	.LBE849:
 3325              	.LBE854:
 3326              	.LBE899:
 3327              	.LBE935:
 468:../../libDaisy/src/hid/disp/display.h ****         ((ChildType*)(this))->ChildType::WriteString(str, font, on);
 3328              		.loc 5 468 18 view .LVU778
 3329 01da A4B2     		uxth	r4, r4
 3330              	.LBB936:
 3331              	.LBB900:
 3332              	.LBB855:
 3333              	.LBB836:
  62:../../libDaisy/src/hid/disp/graphics_common.h ****     int16_t GetCenterY() const { return y_ + height_ / 2; }
 3334              		.loc 7 62 44 view .LVU779
 3335 01dc 0AEB620A 		add	r10, r10, r2, asr #1
 3336              	.LBE836:
 3337              	.LBE855:
 221:../../libDaisy/src/hid/disp/graphics_common.h ****                         other.y_,
 3338              		.loc 7 221 58 view .LVU780
 3339 01e0 AAEB6C0C 		sub	ip, r10, ip, asr #1
 3340 01e4 1FFA8CFA 		uxth	r10, ip
 3341              	.LVL211:
 3342              	.LBB856:
 3343              	.LBI840:
  31:../../libDaisy/src/hid/disp/graphics_common.h ****     : x_(x), y_(y), width_(max(0, width)), height_(max(0, height))
 3344              		.loc 7 31 5 is_stmt 1 view .LVU781
 3345              	.LBB850:
 3346              	.LBB846:
 3347              	.LBB843:
 3348              	.LBI843:
 3349              		.loc 7 261 13 view .LVU782
 3350              	.LBE843:
 3351              	.LBE846:
 3352              	.LBE850:
 3353              	.LBE856:
 3354              	.LBE900:
 3355              	.LBE936:
 3356              		.loc 7 261 41 view .LVU783
 3357              	.LBB937:
 3358              	.LBB901:
 3359              	.LBB857:
 3360              	.LBB851:
 3361              	.LBB847:
 3362              	.LBB844:
 3363              	.LBI844:
 3364              		.loc 7 261 13 view .LVU784
 3365              	.LBE844:
 3366              	.LBE847:
 3367              	.LBE851:
 3368              	.LBE857:
 3369              	.LBE901:
 3370              	.LBE937:
 3371              		.loc 7 261 41 view .LVU785
 3372              	.LBB938:
ARM GAS  C:\Users\FINNDY~1\AppData\Local\Temp\ccFWr46h.s 			page 159


 3373              	.LBB902:
 3374              	.LBB858:
 3375              	.LBB852:
 3376              	.LBB848:
  32:../../libDaisy/src/hid/disp/graphics_common.h ****     {
 3377              		.loc 7 32 66 is_stmt 0 view .LVU786
 3378 01e8 A5F800A0 		strh	r10, [r5]	@ movhi
 3379              	.LBE848:
  34:../../libDaisy/src/hid/disp/graphics_common.h **** 
 3380              		.loc 7 34 5 view .LVU787
 3381 01ec 50E7     		b	.L230
 3382              	.LVL212:
 3383              	.L226:
  34:../../libDaisy/src/hid/disp/graphics_common.h **** 
 3384              		.loc 7 34 5 view .LVU788
 3385              	.LBE852:
 3386              	.LBE858:
 215:../../libDaisy/src/hid/disp/graphics_common.h ****                 return {int16_t(other.GetRight() - width_),
 3387              		.loc 7 215 13 is_stmt 1 view .LVU789
 216:../../libDaisy/src/hid/disp/graphics_common.h ****                         other.y_,
 3388              		.loc 7 216 17 view .LVU790
 3389              	.LBB859:
 3390              	.LBI859:
  60:../../libDaisy/src/hid/disp/graphics_common.h ****     int16_t GetBottom() const { return y_ + height_; }
 3391              		.loc 7 60 13 view .LVU791
 3392              	.LBB860:
  60:../../libDaisy/src/hid/disp/graphics_common.h ****     int16_t GetBottom() const { return y_ + height_; }
 3393              		.loc 7 60 32 view .LVU792
  60:../../libDaisy/src/hid/disp/graphics_common.h ****     int16_t GetBottom() const { return y_ + height_; }
 3394              		.loc 7 60 42 is_stmt 0 view .LVU793
 3395 01ee B3F800A0 		ldrh	r10, [r3]
 3396 01f2 9A88     		ldrh	r2, [r3, #4]
 3397              	.LBE860:
 3398              	.LBE859:
 217:../../libDaisy/src/hid/disp/graphics_common.h ****                         width_,
 3399              		.loc 7 217 31 view .LVU794
 3400 01f4 B3F90240 		ldrsh	r4, [r3, #2]
 3401              	.LVL213:
 3402              	.LBB862:
 3403              	.LBB861:
  60:../../libDaisy/src/hid/disp/graphics_common.h ****     int16_t GetBottom() const { return y_ + height_; }
 3404              		.loc 7 60 42 view .LVU795
 3405 01f8 9244     		add	r10, r10, r2
 3406              	.LBE861:
 3407              	.LBE862:
 3408              	.LBB863:
 3409              	.LBB864:
 3410              	.LBB865:
  32:../../libDaisy/src/hid/disp/graphics_common.h ****     {
 3411              		.loc 7 32 66 view .LVU796
 3412 01fa A5F804C0 		strh	ip, [r5, #4]	@ movhi
 3413 01fe 6C80     		strh	r4, [r5, #2]	@ movhi
 3414              	.LBE865:
 3415              	.LBE864:
 3416              	.LBE863:
 3417              	.LBE902:
 3418              	.LBE938:
ARM GAS  C:\Users\FINNDY~1\AppData\Local\Temp\ccFWr46h.s 			page 160


 468:../../libDaisy/src/hid/disp/display.h ****         ((ChildType*)(this))->ChildType::WriteString(str, font, on);
 3419              		.loc 5 468 18 view .LVU797
 3420 0200 A4B2     		uxth	r4, r4
 3421              	.LBB939:
 3422              	.LBB903:
 216:../../libDaisy/src/hid/disp/graphics_common.h ****                         other.y_,
 3423              		.loc 7 216 50 view .LVU798
 3424 0202 AAEB0C0C 		sub	ip, r10, ip
 3425              	.LBB876:
 3426              	.LBB872:
 3427              	.LBB868:
  32:../../libDaisy/src/hid/disp/graphics_common.h ****     {
 3428              		.loc 7 32 66 view .LVU799
 3429 0206 E980     		strh	r1, [r5, #6]	@ movhi
 3430              	.LBE868:
 3431              	.LBE872:
 3432              	.LBE876:
 216:../../libDaisy/src/hid/disp/graphics_common.h ****                         other.y_,
 3433              		.loc 7 216 50 view .LVU800
 3434 0208 1FFA8CFA 		uxth	r10, ip
 3435              	.LVL214:
 3436              	.LBB877:
 3437              	.LBI863:
  31:../../libDaisy/src/hid/disp/graphics_common.h ****     : x_(x), y_(y), width_(max(0, width)), height_(max(0, height))
 3438              		.loc 7 31 5 is_stmt 1 view .LVU801
 3439              	.LBB873:
 3440              	.LBB869:
 3441              	.LBB866:
 3442              	.LBI866:
 3443              		.loc 7 261 13 view .LVU802
 3444              	.LBE866:
 3445              	.LBE869:
 3446              	.LBE873:
 3447              	.LBE877:
 3448              	.LBE903:
 3449              	.LBE939:
 3450              		.loc 7 261 41 view .LVU803
 3451              	.LBB940:
 3452              	.LBB904:
 3453              	.LBB878:
 3454              	.LBB874:
 3455              	.LBB870:
 3456              	.LBB867:
 3457              	.LBI867:
 3458              		.loc 7 261 13 view .LVU804
 3459              	.LBE867:
 3460              	.LBE870:
 3461              	.LBE874:
 3462              	.LBE878:
 3463              	.LBE904:
 3464              	.LBE940:
 3465              		.loc 7 261 41 view .LVU805
 3466              	.LBB941:
 3467              	.LBB905:
 3468              	.LBB879:
 3469              	.LBB875:
 3470              	.LBB871:
ARM GAS  C:\Users\FINNDY~1\AppData\Local\Temp\ccFWr46h.s 			page 161


  32:../../libDaisy/src/hid/disp/graphics_common.h ****     {
 3471              		.loc 7 32 66 is_stmt 0 view .LVU806
 3472 020c A5F800A0 		strh	r10, [r5]	@ movhi
 3473              	.LBE871:
  34:../../libDaisy/src/hid/disp/graphics_common.h **** 
 3474              		.loc 7 34 5 view .LVU807
 3475 0210 3EE7     		b	.L230
 3476              	.LVL215:
 3477              	.L242:
  34:../../libDaisy/src/hid/disp/graphics_common.h **** 
 3478              		.loc 7 34 5 view .LVU808
 3479              	.LBE875:
 3480              	.LBE879:
 3481              	.LBE905:
 3482              	.LBE941:
 3483              	.LBB942:
 3484              	.LBB686:
 3485              	.LBB681:
 3486              	.LBB673:
 477:../../libDaisy/src/hid/disp/display.h ****             result++;
 3487              		.loc 5 477 25 view .LVU809
 3488 0212 A446     		mov	ip, r4
 3489 0214 0EE7     		b	.L217
 3490              	.LVL216:
 3491              	.L250:
 477:../../libDaisy/src/hid/disp/display.h ****             result++;
 3492              		.loc 5 477 25 view .LVU810
 3493              	.LBE673:
 3494              	.LBE681:
 3495              	.LBE686:
 3496              	.LBE942:
 3497              	.LBB943:
 3498              	.LBB915:
 173:../../libDaisy/src/hid/disp/display.h ****         currentY_ = (y >= Height()) ? Height() - 1 : y;
 3499              		.loc 5 173 43 view .LVU811
 3500 0216 3846     		mov	r0, r7
 3501 0218 9047     		blx	r2
 3502              	.LVL217:
 173:../../libDaisy/src/hid/disp/display.h ****         currentY_ = (y >= Height()) ? Height() - 1 : y;
 3503              		.loc 5 173 19 view .LVU812
 3504 021a 0138     		subs	r0, r0, #1
 174:../../libDaisy/src/hid/disp/display.h ****     }
 3505              		.loc 5 174 34 view .LVU813
 3506 021c 3B68     		ldr	r3, [r7]
 173:../../libDaisy/src/hid/disp/display.h ****         currentY_ = (y >= Height()) ? Height() - 1 : y;
 3507              		.loc 5 173 19 view .LVU814
 3508 021e 1FFA80FA 		uxth	r10, r0
 3509 0222 44E7     		b	.L237
 3510              	.LVL218:
 3511              	.L219:
 173:../../libDaisy/src/hid/disp/display.h ****         currentY_ = (y >= Height()) ? Height() - 1 : y;
 3512              		.loc 5 173 19 view .LVU815
 3513              	.LBE915:
 3514              	.LBE943:
 3515              	.LBB944:
 3516              	.LBB906:
 255:../../libDaisy/src/hid/disp/graphics_common.h ****         }
ARM GAS  C:\Users\FINNDY~1\AppData\Local\Temp\ccFWr46h.s 			page 162


 3517              		.loc 7 255 13 is_stmt 1 view .LVU816
 255:../../libDaisy/src/hid/disp/graphics_common.h ****         }
 3518              		.loc 7 255 22 view .LVU817
 3519              	.LBB880:
 3520              	.LBI880:
  24:../../libDaisy/src/hid/disp/graphics_common.h **** 
 3521              		.loc 7 24 5 view .LVU818
 3522              	.LBE880:
 3523              	.LBE906:
 3524              	.LBE944:
 3525              	.LBB945:
 3526              	.LBB916:
 173:../../libDaisy/src/hid/disp/display.h ****         currentY_ = (y >= Height()) ? Height() - 1 : y;
 3527              		.loc 5 173 33 is_stmt 0 view .LVU819
 3528 0224 3B68     		ldr	r3, [r7]
 3529              	.LVL219:
 173:../../libDaisy/src/hid/disp/display.h ****         currentY_ = (y >= Height()) ? Height() - 1 : y;
 3530              		.loc 5 173 33 view .LVU820
 3531              	.LBE916:
 3532              	.LBE945:
 3533              	.LBB946:
 3534              	.LBB907:
 3535              	.LBB883:
 3536              	.LBB881:
  24:../../libDaisy/src/hid/disp/graphics_common.h **** 
 3537              		.loc 7 24 53 view .LVU821
 3538 0226 0024     		movs	r4, #0
 3539 0228 DFF814B0 		ldr	fp, .L251
 3540              	.LBE881:
 3541              	.LBE883:
 3542              	.LBE907:
 3543              	.LBE946:
 3544              	.LBB947:
 3545              	.LBB917:
 173:../../libDaisy/src/hid/disp/display.h ****         currentY_ = (y >= Height()) ? Height() - 1 : y;
 3546              		.loc 5 173 33 view .LVU822
 3547 022c DA68     		ldr	r2, [r3, #12]
 3548 022e A246     		mov	r10, r4
 3549              	.LBE917:
 3550              	.LBE947:
 3551              	.LBB948:
 3552              	.LBB908:
 3553              	.LBB884:
 3554              	.LBB882:
  24:../../libDaisy/src/hid/disp/graphics_common.h **** 
 3555              		.loc 7 24 53 view .LVU823
 3556 0230 2C80     		strh	r4, [r5]	@ movhi
 3557 0232 5A45     		cmp	r2, fp
 3558 0234 6C80     		strh	r4, [r5, #2]	@ movhi
 3559 0236 AC80     		strh	r4, [r5, #4]	@ movhi
 3560 0238 EC80     		strh	r4, [r5, #6]	@ movhi
 3561              	.LVL220:
  24:../../libDaisy/src/hid/disp/graphics_common.h **** 
 3562              		.loc 7 24 53 view .LVU824
 3563              	.LBE882:
 3564              	.LBE884:
 3565              	.LBE908:
ARM GAS  C:\Users\FINNDY~1\AppData\Local\Temp\ccFWr46h.s 			page 163


 3566              	.LBE948:
  56:../../libDaisy/src/hid/disp/graphics_common.h ****     int16_t GetY() const { return y_; }
 3567              		.loc 7 56 28 is_stmt 1 view .LVU825
  57:../../libDaisy/src/hid/disp/graphics_common.h ****     int16_t GetWidth() const { return width_; }
 3568              		.loc 7 57 28 view .LVU826
 3569              	.LBB949:
 171:../../libDaisy/src/hid/disp/display.h ****     {
 3570              		.loc 5 171 10 view .LVU827
 3571              	.LBB918:
 173:../../libDaisy/src/hid/disp/display.h ****         currentY_ = (y >= Height()) ? Height() - 1 : y;
 3572              		.loc 5 173 9 view .LVU828
 3573 023a 3FF438AF 		beq	.L237
 3574 023e 75E7     		b	.L238
 3575              	.L252:
 3576              		.align	2
 3577              	.L251:
 3578 0240 00000000 		.word	_ZNK5daisy11OledDisplayINS_13SSD130xDriverILj128ELj64ENS_19SSD130xI2CTransportEEEE5WidthEv
 3579              	.LBE918:
 3580              	.LBE949:
 3581              		.cfi_endproc
 3582              	.LFE7221:
 3584              		.section	.rodata._ZN15ParameterWindowIbE4drawEPN5daisy11OledDisplayINS1_13SSD130xDriverILj128ELj64
 3585              		.align	2
 3586              	.LC0:
 3587 0000 4F4E00   		.ascii	"ON\000"
 3588 0003 00       		.align	2
 3589              	.LC1:
 3590 0004 4F464600 		.ascii	"OFF\000"
 3591              		.section	.text._ZN15ParameterWindowIbE4drawEPN5daisy11OledDisplayINS1_13SSD130xDriverILj128ELj64EN
 3592              		.align	1
 3593              		.p2align 2,,3
 3594              		.global	_ZN15ParameterWindowIbE4drawEPN5daisy11OledDisplayINS1_13SSD130xDriverILj128ELj64ENS1_19SS
 3595              		.syntax unified
 3596              		.thumb
 3597              		.thumb_func
 3598              		.fpu fpv5-d16
 3600              	_ZN15ParameterWindowIbE4drawEPN5daisy11OledDisplayINS1_13SSD130xDriverILj128ELj64ENS1_19SSD130xI2CT
 3601              	.LVL221:
 3602              	.LFB6827:
 107:gui.cpp       ****     
 3603              		.loc 2 107 57 view -0
 3604              		.cfi_startproc
 3605              		@ args = 0, pretend = 0, frame = 16
 3606              		@ frame_needed = 0, uses_anonymous_args = 0
 109:gui.cpp       ****     d->DrawLine(0, 20, 127, 20, true);
 3607              		.loc 2 109 5 view .LVU830
 107:gui.cpp       ****     
 3608              		.loc 2 107 57 is_stmt 0 view .LVU831
 3609 0000 2DE9F04F 		push	{r4, r5, r6, r7, r8, r9, r10, fp, lr}
 3610              		.cfi_def_cfa_offset 36
 3611              		.cfi_offset 4, -36
 3612              		.cfi_offset 5, -32
 3613              		.cfi_offset 6, -28
 3614              		.cfi_offset 7, -24
 3615              		.cfi_offset 8, -20
 3616              		.cfi_offset 9, -16
 3617              		.cfi_offset 10, -12
ARM GAS  C:\Users\FINNDY~1\AppData\Local\Temp\ccFWr46h.s 			page 164


 3618              		.cfi_offset 11, -8
 3619              		.cfi_offset 14, -4
 3620              	.LBB1186:
 3621              	.LBB1187:
 3622              	.LBB1188:
  32:../../libDaisy/src/hid/disp/graphics_common.h ****     {
 3623              		.loc 7 32 66 view .LVU832
 3624 0004 0223     		movs	r3, #2
 3625              	.LBE1188:
 3626              	.LBE1187:
 3627              	.LBE1186:
 107:gui.cpp       ****     
 3628              		.loc 2 107 57 view .LVU833
 3629 0006 89B0     		sub	sp, sp, #36
 3630              		.cfi_def_cfa_offset 72
 107:gui.cpp       ****     
 3631              		.loc 2 107 57 view .LVU834
 3632 0008 0546     		mov	r5, r0
 109:gui.cpp       ****     d->DrawLine(0, 20, 127, 20, true);
 3633              		.loc 2 109 106 view .LVU835
 3634 000a 0A68     		ldr	r2, [r1]
 3635 000c 8068     		ldr	r0, [r0, #8]
 3636              	.LVL222:
 107:gui.cpp       ****     
 3637              		.loc 2 107 57 view .LVU836
 3638 000e 0C46     		mov	r4, r1
 109:gui.cpp       ****     d->DrawLine(0, 20, 127, 20, true);
 3639              		.loc 2 109 106 view .LVU837
 3640 0010 D2F82C80 		ldr	r8, [r2, #44]
 3641 0014 4768     		ldr	r7, [r0, #4]
 3642              	.LVL223:
 3643              	.LBB1197:
 3644              	.LBI1186:
  31:../../libDaisy/src/hid/disp/graphics_common.h ****     : x_(x), y_(y), width_(max(0, width)), height_(max(0, height))
 3645              		.loc 7 31 5 is_stmt 1 view .LVU838
 3646 0016 894E     		ldr	r6, .L292
 3647              	.LBB1194:
 3648              	.LBB1191:
  32:../../libDaisy/src/hid/disp/graphics_common.h ****     {
 3649              		.loc 7 32 66 is_stmt 0 view .LVU839
 3650 0018 ADF81030 		strh	r3, [sp, #16]	@ movhi
 3651 001c ADF81230 		strh	r3, [sp, #18]	@ movhi
 3652              	.LVL224:
 3653              	.LBB1189:
 3654              	.LBI1189:
 3655              		.loc 7 261 13 is_stmt 1 view .LVU840
 3656              	.LBE1189:
 3657              	.LBE1191:
 3658              	.LBE1194:
 3659              	.LBE1197:
 3660              		.loc 7 261 41 view .LVU841
 3661              	.LBB1198:
 3662              	.LBB1195:
 3663              	.LBB1192:
  32:../../libDaisy/src/hid/disp/graphics_common.h ****     {
 3664              		.loc 7 32 66 is_stmt 0 view .LVU842
 3665 0020 7C23     		movs	r3, #124
ARM GAS  C:\Users\FINNDY~1\AppData\Local\Temp\ccFWr46h.s 			page 165


 3666 0022 B045     		cmp	r8, r6
 3667 0024 ADF81430 		strh	r3, [sp, #20]	@ movhi
 3668              	.LVL225:
 3669              	.LBB1190:
 3670              	.LBI1190:
 3671              		.loc 7 261 13 is_stmt 1 view .LVU843
 3672              	.LBE1190:
 3673              	.LBE1192:
 3674              	.LBE1195:
 3675              	.LBE1198:
 3676              		.loc 7 261 41 view .LVU844
 3677              	.LBB1199:
 3678              	.LBB1196:
 3679              	.LBB1193:
  32:../../libDaisy/src/hid/disp/graphics_common.h ****     {
 3680              		.loc 7 32 66 is_stmt 0 view .LVU845
 3681 0028 4FF01403 		mov	r3, #20
 3682 002c ADF81630 		strh	r3, [sp, #22]	@ movhi
 3683              	.LVL226:
  32:../../libDaisy/src/hid/disp/graphics_common.h ****     {
 3684              		.loc 7 32 66 view .LVU846
 3685 0030 40F0E380 		bne	.L254
 3686              	.LVL227:
  32:../../libDaisy/src/hid/disp/graphics_common.h ****     {
 3687              		.loc 7 32 66 view .LVU847
 3688              	.LBE1193:
 3689              	.LBE1196:
 3690              	.LBE1199:
 3691              	.LBB1200:
 3692              	.LBB1201:
 3693              	.LBB1202:
 3694              	.LBB1203:
 3695              	.LBB1204:
 3696              	.LBB1205:
 477:../../libDaisy/src/hid/disp/display.h ****             result++;
 3697              		.loc 5 477 25 is_stmt 1 view .LVU848
 3698 0034 3946     		mov	r1, r7
 3699              	.LVL228:
 477:../../libDaisy/src/hid/disp/display.h ****             result++;
 3700              		.loc 5 477 25 is_stmt 0 view .LVU849
 3701 0036 11F8013B 		ldrb	r3, [r1], #1	@ zero_extendqisi2
 3702              	.LVL229:
 477:../../libDaisy/src/hid/disp/display.h ****             result++;
 3703              		.loc 5 477 25 view .LVU850
 3704 003a 33B1     		cbz	r3, .L255
 476:../../libDaisy/src/hid/disp/display.h ****         while(*string++ != '\0')
 3705              		.loc 5 476 18 view .LVU851
 3706 003c 0023     		movs	r3, #0
 3707              	.LVL230:
 3708              	.L256:
 477:../../libDaisy/src/hid/disp/display.h ****             result++;
 3709              		.loc 5 477 25 view .LVU852
 3710 003e 11F8010B 		ldrb	r0, [r1], #1	@ zero_extendqisi2
 3711              	.LVL231:
 478:../../libDaisy/src/hid/disp/display.h ****         return result;
 3712              		.loc 5 478 13 view .LVU853
 3713 0042 0133     		adds	r3, r3, #1
ARM GAS  C:\Users\FINNDY~1\AppData\Local\Temp\ccFWr46h.s 			page 166


 3714              	.LVL232:
 477:../../libDaisy/src/hid/disp/display.h ****             result++;
 3715              		.loc 5 477 25 is_stmt 1 view .LVU854
 3716 0044 0028     		cmp	r0, #0
 3717 0046 FAD1     		bne	.L256
 3718              	.LBE1205:
 3719              	.LBE1204:
 3720              		.loc 5 485 68 is_stmt 0 view .LVU855
 3721 0048 9BB2     		uxth	r3, r3
 3722              	.LVL233:
 3723              	.L255:
 3724              		.loc 5 485 58 view .LVU856
 3725 004a DFF804A2 		ldr	r10, .L292+20
 3726              	.LBE1203:
 3727              	.LBE1202:
 3728              	.LBB1213:
 3729              	.LBB1214:
 173:../../libDaisy/src/hid/disp/display.h ****         currentY_ = (y >= Height()) ? Height() - 1 : y;
 3730              		.loc 5 173 33 view .LVU857
 3731 004e D168     		ldr	r1, [r2, #12]
 3732              	.LBE1214:
 3733              	.LBE1213:
 3734              	.LBB1220:
 3735              	.LBB1210:
 3736              		.loc 5 485 68 view .LVU858
 3737 0050 9AF80000 		ldrb	r0, [r10]	@ zero_extendqisi2
 3738 0054 9AF801B0 		ldrb	fp, [r10, #1]	@ zero_extendqisi2
 3739 0058 10FB03F3 		smulbb	r3, r0, r3
 3740 005c DFF8F491 		ldr	r9, .L292+24
 3741              	.LBE1210:
 3742              	.LBE1220:
 3743              	.LBB1221:
 3744              	.LBB1222:
 3745              	.LBB1223:
 3746              	.LBB1224:
  32:../../libDaisy/src/hid/disp/graphics_common.h ****     {
 3747              		.loc 7 32 66 view .LVU859
 3748 0060 ADF81EB0 		strh	fp, [sp, #30]	@ movhi
 3749              	.LBE1224:
 3750              	.LBE1223:
 3751              	.LBB1232:
 3752              	.LBB1233:
  63:../../libDaisy/src/hid/disp/graphics_common.h **** 
 3753              		.loc 7 63 54 view .LVU860
 3754 0064 4FEA6B0B 		asr	fp, fp, #1
 3755 0068 1BB2     		sxth	r3, r3
 3756 006a 4945     		cmp	r1, r9
 3757              	.LBE1233:
 3758              	.LBE1232:
 252:../../libDaisy/src/hid/disp/graphics_common.h ****                         width_,
 3759              		.loc 7 252 58 view .LVU861
 3760 006c CBF10C0B 		rsb	fp, fp, #12
 3761 0070 23EAE373 		bic	r3, r3, r3, asr #31
 3762 0074 1FFA8BFB 		uxth	fp, fp
 3763              	.LBB1235:
 3764              	.LBB1236:
  62:../../libDaisy/src/hid/disp/graphics_common.h ****     int16_t GetCenterY() const { return y_ + height_ / 2; }
ARM GAS  C:\Users\FINNDY~1\AppData\Local\Temp\ccFWr46h.s 			page 167


 3765              		.loc 7 62 53 view .LVU862
 3766 0078 4FEA6308 		asr	r8, r3, #1
 3767              	.LBE1236:
 3768              	.LBE1235:
 3769              	.LBB1238:
 3770              	.LBB1227:
  32:../../libDaisy/src/hid/disp/graphics_common.h ****     {
 3771              		.loc 7 32 66 view .LVU863
 3772 007c ADF81C30 		strh	r3, [sp, #28]	@ movhi
 3773              	.LVL234:
  32:../../libDaisy/src/hid/disp/graphics_common.h ****     {
 3774              		.loc 7 32 66 view .LVU864
 3775              	.LBE1227:
 3776              	.LBE1238:
 3777              	.LBE1222:
 3778              	.LBE1221:
 3779              	.LBB1250:
 3780              	.LBB1211:
 3781              	.LBB1206:
 3782              	.LBI1206:
  26:../../libDaisy/src/hid/disp/graphics_common.h ****     : x_(0), y_(0), width_(max(0, width)), height_(max(0, height))
 3783              		.loc 7 26 5 is_stmt 1 view .LVU865
 3784              	.LBB1207:
 3785              	.LBI1207:
 3786              		.loc 7 261 13 view .LVU866
 3787              	.LBE1207:
 3788              	.LBE1206:
 3789              	.LBE1211:
 3790              	.LBE1250:
 3791              	.LBE1201:
 3792              	.LBE1200:
 3793              		.loc 7 261 41 view .LVU867
 3794              	.LBB1270:
 3795              	.LBB1262:
 3796              	.LBB1251:
 3797              	.LBB1212:
 3798              	.LBB1209:
 3799              	.LBB1208:
 3800              	.LBI1208:
 3801              		.loc 7 261 13 view .LVU868
 3802              	.LBE1208:
 3803              	.LBE1209:
 3804              	.LBE1212:
 3805              	.LBE1251:
 3806              	.LBE1262:
 3807              	.LBE1270:
 3808              		.loc 7 261 41 view .LVU869
 3809              	.LBB1271:
 3810              	.LBB1263:
 3811              	.LBB1252:
 3812              	.LBI1221:
 209:../../libDaisy/src/hid/disp/graphics_common.h ****     {
 3813              		.loc 7 209 15 view .LVU870
 3814              	.LBB1245:
 211:../../libDaisy/src/hid/disp/graphics_common.h ****         {
 3815              		.loc 7 211 9 view .LVU871
 250:../../libDaisy/src/hid/disp/graphics_common.h ****                 return {int16_t(x_ + (other.GetCenterX() - GetCenterX())),
ARM GAS  C:\Users\FINNDY~1\AppData\Local\Temp\ccFWr46h.s 			page 168


 3816              		.loc 7 250 13 view .LVU872
 251:../../libDaisy/src/hid/disp/graphics_common.h ****                         int16_t(y_ + (other.GetCenterY() - GetCenterY())),
 3817              		.loc 7 251 17 view .LVU873
 251:../../libDaisy/src/hid/disp/graphics_common.h ****                         int16_t(y_ + (other.GetCenterY() - GetCenterY())),
 3818              		.loc 7 251 17 is_stmt 0 view .LVU874
 3819              	.LBE1245:
 3820              	.LBE1252:
 3821              	.LBE1263:
 3822              	.LBE1271:
  62:../../libDaisy/src/hid/disp/graphics_common.h ****     int16_t GetCenterY() const { return y_ + height_ / 2; }
 3823              		.loc 7 62 34 is_stmt 1 view .LVU875
 3824              	.LBB1272:
 3825              	.LBB1264:
 3826              	.LBB1253:
 3827              	.LBB1246:
 3828              	.LBB1239:
 3829              	.LBI1235:
  62:../../libDaisy/src/hid/disp/graphics_common.h ****     int16_t GetCenterY() const { return y_ + height_ / 2; }
 3830              		.loc 7 62 13 view .LVU876
 3831              	.LBB1237:
  62:../../libDaisy/src/hid/disp/graphics_common.h ****     int16_t GetCenterY() const { return y_ + height_ / 2; }
 3832              		.loc 7 62 34 view .LVU877
  62:../../libDaisy/src/hid/disp/graphics_common.h ****     int16_t GetCenterY() const { return y_ + height_ / 2; }
 3833              		.loc 7 62 34 is_stmt 0 view .LVU878
 3834              	.LBE1237:
 3835              	.LBE1239:
 3836              	.LBE1246:
 3837              	.LBE1253:
 3838              	.LBE1264:
 3839              	.LBE1272:
  63:../../libDaisy/src/hid/disp/graphics_common.h **** 
 3840              		.loc 7 63 34 is_stmt 1 view .LVU879
 3841              	.LBB1273:
 3842              	.LBB1265:
 3843              	.LBB1254:
 3844              	.LBB1247:
 3845              	.LBB1240:
 3846              	.LBI1232:
  63:../../libDaisy/src/hid/disp/graphics_common.h **** 
 3847              		.loc 7 63 13 view .LVU880
 3848              	.LBB1234:
  63:../../libDaisy/src/hid/disp/graphics_common.h **** 
 3849              		.loc 7 63 34 view .LVU881
  63:../../libDaisy/src/hid/disp/graphics_common.h **** 
 3850              		.loc 7 63 34 is_stmt 0 view .LVU882
 3851              	.LBE1234:
 3852              	.LBE1240:
 3853              	.LBB1241:
 3854              	.LBB1228:
  32:../../libDaisy/src/hid/disp/graphics_common.h ****     {
 3855              		.loc 7 32 66 view .LVU883
 3856 0080 ADF81AB0 		strh	fp, [sp, #26]	@ movhi
 3857              	.LBE1228:
 3858              	.LBE1241:
 251:../../libDaisy/src/hid/disp/graphics_common.h ****                         int16_t(y_ + (other.GetCenterY() - GetCenterY())),
 3859              		.loc 7 251 58 view .LVU884
 3860 0084 C8F14008 		rsb	r8, r8, #64
ARM GAS  C:\Users\FINNDY~1\AppData\Local\Temp\ccFWr46h.s 			page 169


 3861 0088 1FFA88F8 		uxth	r8, r8
 3862              	.LVL235:
 3863              	.LBB1242:
 3864              	.LBI1223:
  31:../../libDaisy/src/hid/disp/graphics_common.h ****     : x_(x), y_(y), width_(max(0, width)), height_(max(0, height))
 3865              		.loc 7 31 5 is_stmt 1 view .LVU885
 3866              	.LBB1229:
 3867              	.LBB1225:
 3868              	.LBI1225:
 3869              		.loc 7 261 13 view .LVU886
 3870              	.LBE1225:
 3871              	.LBE1229:
 3872              	.LBE1242:
 3873              	.LBE1247:
 3874              	.LBE1254:
 3875              	.LBE1265:
 3876              	.LBE1273:
 3877              		.loc 7 261 41 view .LVU887
 3878              	.LBB1274:
 3879              	.LBB1266:
 3880              	.LBB1255:
 3881              	.LBB1248:
 3882              	.LBB1243:
 3883              	.LBB1230:
 3884              	.LBB1226:
 3885              	.LBI1226:
 3886              		.loc 7 261 13 view .LVU888
 3887              	.LBE1226:
 3888              	.LBE1230:
 3889              	.LBE1243:
 3890              	.LBE1248:
 3891              	.LBE1255:
 3892              	.LBE1266:
 3893              	.LBE1274:
 3894              		.loc 7 261 41 view .LVU889
  56:../../libDaisy/src/hid/disp/graphics_common.h ****     int16_t GetY() const { return y_; }
 3895              		.loc 7 56 28 view .LVU890
  57:../../libDaisy/src/hid/disp/graphics_common.h ****     int16_t GetWidth() const { return width_; }
 3896              		.loc 7 57 28 view .LVU891
 3897              	.LBB1275:
 3898              	.LBB1267:
 3899              	.LBB1256:
 3900              	.LBI1213:
 171:../../libDaisy/src/hid/disp/display.h ****     {
 3901              		.loc 5 171 10 view .LVU892
 3902              	.LBB1215:
 173:../../libDaisy/src/hid/disp/display.h ****         currentY_ = (y >= Height()) ? Height() - 1 : y;
 3903              		.loc 5 173 9 view .LVU893
 3904              	.LBE1215:
 3905              	.LBE1256:
 3906              	.LBB1257:
 3907              	.LBB1249:
 3908              	.LBB1244:
 3909              	.LBB1231:
  32:../../libDaisy/src/hid/disp/graphics_common.h ****     {
 3910              		.loc 7 32 66 is_stmt 0 view .LVU894
 3911 008c ADF81880 		strh	r8, [sp, #24]	@ movhi
ARM GAS  C:\Users\FINNDY~1\AppData\Local\Temp\ccFWr46h.s 			page 170


 3912 0090 40F0C280 		bne	.L285
 3913              	.LBE1231:
 3914              	.LBE1244:
 3915              	.LBE1249:
 3916              	.LBE1257:
 3917              	.LBB1258:
 3918              	.LBB1216:
 173:../../libDaisy/src/hid/disp/display.h ****         currentY_ = (y >= Height()) ? Height() - 1 : y;
 3919              		.loc 5 173 33 view .LVU895
 3920 0094 8020     		movs	r0, #128
 3921              	.L257:
 173:../../libDaisy/src/hid/disp/display.h ****         currentY_ = (y >= Height()) ? Height() - 1 : y;
 3922              		.loc 5 173 19 view .LVU896
 3923 0096 4045     		cmp	r0, r8
 3924 0098 05D8     		bhi	.L258
 173:../../libDaisy/src/hid/disp/display.h ****         currentY_ = (y >= Height()) ? Height() - 1 : y;
 3925              		.loc 5 173 44 view .LVU897
 3926 009a D368     		ldr	r3, [r2, #12]
 3927 009c 4B45     		cmp	r3, r9
 3928 009e 40F0BF80 		bne	.L286
 3929 00a2 4FF07F08 		mov	r8, #127
 3930              	.LVL236:
 3931              	.L258:
 174:../../libDaisy/src/hid/disp/display.h ****     }
 3932              		.loc 5 174 33 view .LVU898
 3933 00a6 9368     		ldr	r3, [r2, #8]
 3934 00a8 2046     		mov	r0, r4
 173:../../libDaisy/src/hid/disp/display.h ****         currentY_ = (y >= Height()) ? Height() - 1 : y;
 3935              		.loc 5 173 19 view .LVU899
 3936 00aa A4F80480 		strh	r8, [r4, #4]	@ movhi
 174:../../libDaisy/src/hid/disp/display.h ****     }
 3937              		.loc 5 174 9 is_stmt 1 view .LVU900
 174:../../libDaisy/src/hid/disp/display.h ****     }
 3938              		.loc 5 174 33 is_stmt 0 view .LVU901
 3939 00ae 9847     		blx	r3
 3940              	.LVL237:
 174:../../libDaisy/src/hid/disp/display.h ****     }
 3941              		.loc 5 174 19 view .LVU902
 3942 00b0 5845     		cmp	r0, fp
 3943 00b2 40F28380 		bls	.L287
 3944              	.LVL238:
 3945              	.L260:
 174:../../libDaisy/src/hid/disp/display.h ****     }
 3946              		.loc 5 174 19 view .LVU903
 3947              	.LBE1216:
 3948              	.LBE1258:
 469:../../libDaisy/src/hid/disp/display.h ****         return alignedRect;
 3949              		.loc 5 469 53 view .LVU904
 3950 00b6 0123     		movs	r3, #1
 3951              	.LBB1259:
 3952              	.LBB1217:
 174:../../libDaisy/src/hid/disp/display.h ****     }
 3953              		.loc 5 174 19 view .LVU905
 3954 00b8 A4F806B0 		strh	fp, [r4, #6]	@ movhi
 3955              	.LVL239:
 174:../../libDaisy/src/hid/disp/display.h ****     }
 3956              		.loc 5 174 19 view .LVU906
ARM GAS  C:\Users\FINNDY~1\AppData\Local\Temp\ccFWr46h.s 			page 171


 3957              	.LBE1217:
 3958              	.LBE1259:
 469:../../libDaisy/src/hid/disp/display.h ****         return alignedRect;
 3959              		.loc 5 469 53 view .LVU907
 3960 00bc 3946     		mov	r1, r7
 3961 00be 2046     		mov	r0, r4
 3962 00c0 0093     		str	r3, [sp]
 3963 00c2 9AE80C00 		ldm	r10, {r2, r3}
 3964 00c6 FFF7FEFF 		bl	_ZN5daisy25OneBitGraphicsDisplayImplINS_11OledDisplayINS_13SSD130xDriverILj128ELj64ENS_19SSD130
 3965              	.LVL240:
 3966              	.L261:
 469:../../libDaisy/src/hid/disp/display.h ****         return alignedRect;
 3967              		.loc 5 469 53 view .LVU908
 3968              	.LBE1267:
 3969              	.LBE1275:
 110:gui.cpp       **** 
 3970              		.loc 2 110 5 is_stmt 1 view .LVU909
 110:gui.cpp       **** 
 3971              		.loc 2 110 37 is_stmt 0 view .LVU910
 3972 00ca 2768     		ldr	r7, [r4]
 3973 00cc 5C4B     		ldr	r3, .L292+4
 3974 00ce D7F81880 		ldr	r8, [r7, #24]
 3975 00d2 9845     		cmp	r8, r3
 3976 00d4 40F08780 		bne	.L262
 3977              	.LVL241:
 3978              	.LBB1276:
 3979              	.LBI1276:
 221:../../libDaisy/src/hid/disp/display.h ****                   uint_fast8_t y1,
 3980              		.loc 5 221 10 is_stmt 1 view .LVU911
 3981              	.LBB1277:
 3982              	.LBB1278:
 3983              	.LBI1278:
 3984              		.loc 4 42 10 view .LVU912
 3985              	.LBB1279:
 3986              	.LBI1279:
 352:../../libDaisy/src/dev/oled_ssd130x.h ****     {
 3987              		.loc 6 352 10 view .LVU913
 3988              	.LBB1280:
 357:../../libDaisy/src/dev/oled_ssd130x.h ****         else
 3989              		.loc 6 357 42 is_stmt 0 view .LVU914
 3990 00d8 94F88F31 		ldrb	r3, [r4, #399]	@ zero_extendqisi2
 3991 00dc 04F5C771 		add	r1, r4, #398
 3992 00e0 43F01003 		orr	r3, r3, #16
 3993 00e4 84F88F31 		strb	r3, [r4, #399]
 3994              	.LVL242:
 357:../../libDaisy/src/dev/oled_ssd130x.h ****         else
 3995              		.loc 6 357 42 view .LVU915
 3996              	.LBE1280:
 3997              	.LBE1279:
 3998              	.LBE1278:
 239:../../libDaisy/src/hid/disp/display.h ****         {
 3999              		.loc 5 239 26 is_stmt 1 view .LVU916
 4000 00e8 04F20F13 		addw	r3, r4, #271
 4001              	.LVL243:
 4002              	.L264:
 4003              	.LBB1281:
 4004              	.LBI1281:
ARM GAS  C:\Users\FINNDY~1\AppData\Local\Temp\ccFWr46h.s 			page 172


 4005              		.loc 4 42 10 view .LVU917
 4006              	.LBB1282:
 4007              	.LBI1282:
 352:../../libDaisy/src/dev/oled_ssd130x.h ****     {
 4008              		.loc 6 352 10 view .LVU918
 4009              	.LBB1283:
 357:../../libDaisy/src/dev/oled_ssd130x.h ****         else
 4010              		.loc 6 357 42 is_stmt 0 view .LVU919
 4011 00ec 13F8012F 		ldrb	r2, [r3, #1]!	@ zero_extendqisi2
 4012 00f0 42F01002 		orr	r2, r2, #16
 4013              	.LBE1283:
 4014              	.LBE1282:
 4015              	.LBE1281:
 239:../../libDaisy/src/hid/disp/display.h ****         {
 4016              		.loc 5 239 26 view .LVU920
 4017 00f4 9942     		cmp	r1, r3
 4018              	.LBB1286:
 4019              	.LBB1285:
 4020              	.LBB1284:
 357:../../libDaisy/src/dev/oled_ssd130x.h ****         else
 4021              		.loc 6 357 42 view .LVU921
 4022 00f6 1A70     		strb	r2, [r3]
 4023              	.LVL244:
 357:../../libDaisy/src/dev/oled_ssd130x.h ****         else
 4024              		.loc 6 357 42 view .LVU922
 4025              	.LBE1284:
 4026              	.LBE1285:
 4027              	.LBE1286:
 239:../../libDaisy/src/hid/disp/display.h ****         {
 4028              		.loc 5 239 26 is_stmt 1 view .LVU923
 4029 00f8 F8D1     		bne	.L264
 4030              	.LVL245:
 4031              	.L263:
 239:../../libDaisy/src/hid/disp/display.h ****         {
 4032              		.loc 5 239 26 is_stmt 0 view .LVU924
 4033              	.LBE1277:
 4034              	.LBE1276:
 112:gui.cpp       **** 
 4035              		.loc 2 112 5 is_stmt 1 view .LVU925
 112:gui.cpp       **** 
 4036              		.loc 2 112 38 is_stmt 0 view .LVU926
 4037 00fa AB68     		ldr	r3, [r5, #8]
 112:gui.cpp       **** 
 4038              		.loc 2 112 124 view .LVU927
 4039 00fc 514A     		ldr	r2, .L292+8
 4040 00fe 1B78     		ldrb	r3, [r3]	@ zero_extendqisi2
 4041 0100 5149     		ldr	r1, .L292+12
 4042 0102 FD6A     		ldr	r5, [r7, #44]
 4043              	.LVL246:
 112:gui.cpp       **** 
 4044              		.loc 2 112 124 view .LVU928
 4045 0104 002B     		cmp	r3, #0
 4046 0106 14BF     		ite	ne
 4047 0108 8846     		movne	r8, r1
 4048 010a 9046     		moveq	r8, r2
 4049              	.LVL247:
 4050              	.LBB1287:
ARM GAS  C:\Users\FINNDY~1\AppData\Local\Temp\ccFWr46h.s 			page 173


 4051              	.LBI1287:
  31:../../libDaisy/src/hid/disp/graphics_common.h ****     : x_(x), y_(y), width_(max(0, width)), height_(max(0, height))
 4052              		.loc 7 31 5 is_stmt 1 view .LVU929
 4053              	.LBB1288:
 4054              	.LBB1289:
  32:../../libDaisy/src/hid/disp/graphics_common.h ****     {
 4055              		.loc 7 32 66 is_stmt 0 view .LVU930
 4056 010c 1522     		movs	r2, #21
 4057 010e 0023     		movs	r3, #0
 4058 0110 B542     		cmp	r5, r6
 4059 0112 ADF81220 		strh	r2, [sp, #18]	@ movhi
 4060              	.LVL248:
 4061              	.LBB1290:
 4062              	.LBI1290:
 4063              		.loc 7 261 13 is_stmt 1 view .LVU931
 4064              	.LBE1290:
 4065              	.LBE1289:
 4066              	.LBE1288:
 4067              	.LBE1287:
 4068              		.loc 7 261 41 view .LVU932
 4069              	.LBB1296:
 4070              	.LBB1294:
 4071              	.LBB1292:
  32:../../libDaisy/src/hid/disp/graphics_common.h ****     {
 4072              		.loc 7 32 66 is_stmt 0 view .LVU933
 4073 0116 4FF07F02 		mov	r2, #127
 4074 011a ADF81030 		strh	r3, [sp, #16]	@ movhi
 4075 011e ADF81420 		strh	r2, [sp, #20]	@ movhi
 4076              	.LVL249:
 4077              	.LBB1291:
 4078              	.LBI1291:
 4079              		.loc 7 261 13 is_stmt 1 view .LVU934
 4080              	.LBE1291:
 4081              	.LBE1292:
 4082              	.LBE1294:
 4083              	.LBE1296:
 4084              		.loc 7 261 41 view .LVU935
 4085              	.LBB1297:
 4086              	.LBB1295:
 4087              	.LBB1293:
  32:../../libDaisy/src/hid/disp/graphics_common.h ****     {
 4088              		.loc 7 32 66 is_stmt 0 view .LVU936
 4089 0122 4FF02A02 		mov	r2, #42
 4090 0126 ADF81620 		strh	r2, [sp, #22]	@ movhi
 4091              	.LVL250:
  32:../../libDaisy/src/hid/disp/graphics_common.h ****     {
 4092              		.loc 7 32 66 view .LVU937
 4093 012a 4FD1     		bne	.L288
 4094              	.LVL251:
  32:../../libDaisy/src/hid/disp/graphics_common.h ****     {
 4095              		.loc 7 32 66 view .LVU938
 4096              	.LBE1293:
 4097              	.LBE1295:
 4098              	.LBE1297:
 4099              	.LBB1298:
 4100              	.LBB1299:
 4101              	.LBB1300:
ARM GAS  C:\Users\FINNDY~1\AppData\Local\Temp\ccFWr46h.s 			page 174


 4102              	.LBB1301:
 4103              	.LBB1302:
 4104              	.LBB1303:
 477:../../libDaisy/src/hid/disp/display.h ****             result++;
 4105              		.loc 5 477 25 is_stmt 1 view .LVU939
 4106 012c 08F10100 		add	r0, r8, #1
 4107              	.LVL252:
 4108              	.L266:
 477:../../libDaisy/src/hid/disp/display.h ****             result++;
 4109              		.loc 5 477 25 is_stmt 0 view .LVU940
 4110 0130 10F8015B 		ldrb	r5, [r0], #1	@ zero_extendqisi2
 4111              	.LVL253:
 478:../../libDaisy/src/hid/disp/display.h ****         return result;
 4112              		.loc 5 478 13 view .LVU941
 4113 0134 0133     		adds	r3, r3, #1
 4114              	.LVL254:
 477:../../libDaisy/src/hid/disp/display.h ****             result++;
 4115              		.loc 5 477 25 is_stmt 1 view .LVU942
 4116 0136 002D     		cmp	r5, #0
 4117 0138 FAD1     		bne	.L266
 4118              	.LVL255:
 477:../../libDaisy/src/hid/disp/display.h ****             result++;
 4119              		.loc 5 477 25 is_stmt 0 view .LVU943
 4120              	.LBE1303:
 4121              	.LBE1302:
 4122              		.loc 5 485 58 view .LVU944
 4123 013a DFF810A1 		ldr	r10, .L292+16
 4124              	.LBE1301:
 4125              	.LBE1300:
 4126              	.LBB1311:
 4127              	.LBB1312:
 173:../../libDaisy/src/hid/disp/display.h ****         currentY_ = (y >= Height()) ? Height() - 1 : y;
 4128              		.loc 5 173 33 view .LVU945
 4129 013e FA68     		ldr	r2, [r7, #12]
 4130              	.LBE1312:
 4131              	.LBE1311:
 4132              	.LBB1319:
 4133              	.LBB1308:
 4134              		.loc 5 485 68 view .LVU946
 4135 0140 9AF80010 		ldrb	r1, [r10]	@ zero_extendqisi2
 4136 0144 9AF80160 		ldrb	r6, [r10, #1]	@ zero_extendqisi2
 4137 0148 11FB03F3 		smulbb	r3, r1, r3
 4138              	.LVL256:
 4139              		.loc 5 485 68 view .LVU947
 4140 014c DFF80491 		ldr	r9, .L292+24
 4141              	.LBE1308:
 4142              	.LBE1319:
 4143              	.LBB1320:
 4144              	.LBB1321:
 4145              	.LBB1322:
 4146              	.LBB1323:
  32:../../libDaisy/src/hid/disp/graphics_common.h ****     {
 4147              		.loc 7 32 66 view .LVU948
 4148 0150 ADF81E60 		strh	r6, [sp, #30]	@ movhi
 4149              	.LBE1323:
 4150              	.LBE1322:
 4151              	.LBB1331:
ARM GAS  C:\Users\FINNDY~1\AppData\Local\Temp\ccFWr46h.s 			page 175


 4152              	.LBB1332:
  63:../../libDaisy/src/hid/disp/graphics_common.h **** 
 4153              		.loc 7 63 54 view .LVU949
 4154 0154 7610     		asrs	r6, r6, #1
 4155 0156 1BB2     		sxth	r3, r3
 4156 0158 4A45     		cmp	r2, r9
 4157              	.LBE1332:
 4158              	.LBE1331:
 252:../../libDaisy/src/hid/disp/graphics_common.h ****                         width_,
 4159              		.loc 7 252 58 view .LVU950
 4160 015a C6F12A06 		rsb	r6, r6, #42
 4161 015e 23EAE373 		bic	r3, r3, r3, asr #31
 4162 0162 B6B2     		uxth	r6, r6
 4163              	.LBB1334:
 4164              	.LBB1335:
  62:../../libDaisy/src/hid/disp/graphics_common.h ****     int16_t GetCenterY() const { return y_ + height_ / 2; }
 4165              		.loc 7 62 53 view .LVU951
 4166 0164 4FEA6305 		asr	r5, r3, #1
 4167              	.LBE1335:
 4168              	.LBE1334:
 4169              	.LBB1337:
 4170              	.LBB1326:
  32:../../libDaisy/src/hid/disp/graphics_common.h ****     {
 4171              		.loc 7 32 66 view .LVU952
 4172 0168 ADF81C30 		strh	r3, [sp, #28]	@ movhi
 4173              	.LVL257:
  32:../../libDaisy/src/hid/disp/graphics_common.h ****     {
 4174              		.loc 7 32 66 view .LVU953
 4175              	.LBE1326:
 4176              	.LBE1337:
 4177              	.LBE1321:
 4178              	.LBE1320:
 4179              	.LBB1349:
 4180              	.LBB1309:
 4181              	.LBB1304:
 4182              	.LBI1304:
  26:../../libDaisy/src/hid/disp/graphics_common.h ****     : x_(0), y_(0), width_(max(0, width)), height_(max(0, height))
 4183              		.loc 7 26 5 is_stmt 1 view .LVU954
 4184              	.LBB1305:
 4185              	.LBI1305:
 4186              		.loc 7 261 13 view .LVU955
 4187              	.LBE1305:
 4188              	.LBE1304:
 4189              	.LBE1309:
 4190              	.LBE1349:
 4191              	.LBE1299:
 4192              	.LBE1298:
 4193              		.loc 7 261 41 view .LVU956
 4194              	.LBB1371:
 4195              	.LBB1362:
 4196              	.LBB1350:
 4197              	.LBB1310:
 4198              	.LBB1307:
 4199              	.LBB1306:
 4200              	.LBI1306:
 4201              		.loc 7 261 13 view .LVU957
 4202              	.LBE1306:
ARM GAS  C:\Users\FINNDY~1\AppData\Local\Temp\ccFWr46h.s 			page 176


 4203              	.LBE1307:
 4204              	.LBE1310:
 4205              	.LBE1350:
 4206              	.LBE1362:
 4207              	.LBE1371:
 4208              		.loc 7 261 41 view .LVU958
 4209              	.LBB1372:
 4210              	.LBB1363:
 4211              	.LBB1351:
 4212              	.LBI1320:
 209:../../libDaisy/src/hid/disp/graphics_common.h ****     {
 4213              		.loc 7 209 15 view .LVU959
 4214              	.LBB1344:
 211:../../libDaisy/src/hid/disp/graphics_common.h ****         {
 4215              		.loc 7 211 9 view .LVU960
 250:../../libDaisy/src/hid/disp/graphics_common.h ****                 return {int16_t(x_ + (other.GetCenterX() - GetCenterX())),
 4216              		.loc 7 250 13 view .LVU961
 251:../../libDaisy/src/hid/disp/graphics_common.h ****                         int16_t(y_ + (other.GetCenterY() - GetCenterY())),
 4217              		.loc 7 251 17 view .LVU962
 251:../../libDaisy/src/hid/disp/graphics_common.h ****                         int16_t(y_ + (other.GetCenterY() - GetCenterY())),
 4218              		.loc 7 251 17 is_stmt 0 view .LVU963
 4219              	.LBE1344:
 4220              	.LBE1351:
 4221              	.LBE1363:
 4222              	.LBE1372:
  62:../../libDaisy/src/hid/disp/graphics_common.h ****     int16_t GetCenterY() const { return y_ + height_ / 2; }
 4223              		.loc 7 62 34 is_stmt 1 view .LVU964
 4224              	.LBB1373:
 4225              	.LBB1364:
 4226              	.LBB1352:
 4227              	.LBB1345:
 4228              	.LBB1338:
 4229              	.LBI1334:
  62:../../libDaisy/src/hid/disp/graphics_common.h ****     int16_t GetCenterY() const { return y_ + height_ / 2; }
 4230              		.loc 7 62 13 view .LVU965
 4231              	.LBB1336:
  62:../../libDaisy/src/hid/disp/graphics_common.h ****     int16_t GetCenterY() const { return y_ + height_ / 2; }
 4232              		.loc 7 62 34 view .LVU966
  62:../../libDaisy/src/hid/disp/graphics_common.h ****     int16_t GetCenterY() const { return y_ + height_ / 2; }
 4233              		.loc 7 62 34 is_stmt 0 view .LVU967
 4234              	.LBE1336:
 4235              	.LBE1338:
 4236              	.LBE1345:
 4237              	.LBE1352:
 4238              	.LBE1364:
 4239              	.LBE1373:
  63:../../libDaisy/src/hid/disp/graphics_common.h **** 
 4240              		.loc 7 63 34 is_stmt 1 view .LVU968
 4241              	.LBB1374:
 4242              	.LBB1365:
 4243              	.LBB1353:
 4244              	.LBB1346:
 4245              	.LBB1339:
 4246              	.LBI1331:
  63:../../libDaisy/src/hid/disp/graphics_common.h **** 
 4247              		.loc 7 63 13 view .LVU969
 4248              	.LBB1333:
ARM GAS  C:\Users\FINNDY~1\AppData\Local\Temp\ccFWr46h.s 			page 177


  63:../../libDaisy/src/hid/disp/graphics_common.h **** 
 4249              		.loc 7 63 34 view .LVU970
  63:../../libDaisy/src/hid/disp/graphics_common.h **** 
 4250              		.loc 7 63 34 is_stmt 0 view .LVU971
 4251              	.LBE1333:
 4252              	.LBE1339:
 4253              	.LBB1340:
 4254              	.LBB1327:
  32:../../libDaisy/src/hid/disp/graphics_common.h ****     {
 4255              		.loc 7 32 66 view .LVU972
 4256 016c ADF81A60 		strh	r6, [sp, #26]	@ movhi
 4257              	.LBE1327:
 4258              	.LBE1340:
 251:../../libDaisy/src/hid/disp/graphics_common.h ****                         int16_t(y_ + (other.GetCenterY() - GetCenterY())),
 4259              		.loc 7 251 58 view .LVU973
 4260 0170 C5F13F05 		rsb	r5, r5, #63
 4261 0174 ADB2     		uxth	r5, r5
 4262              	.LVL258:
 4263              	.LBB1341:
 4264              	.LBI1322:
  31:../../libDaisy/src/hid/disp/graphics_common.h ****     : x_(x), y_(y), width_(max(0, width)), height_(max(0, height))
 4265              		.loc 7 31 5 is_stmt 1 view .LVU974
 4266              	.LBB1328:
 4267              	.LBB1324:
 4268              	.LBI1324:
 4269              		.loc 7 261 13 view .LVU975
 4270              	.LBE1324:
 4271              	.LBE1328:
 4272              	.LBE1341:
 4273              	.LBE1346:
 4274              	.LBE1353:
 4275              	.LBE1365:
 4276              	.LBE1374:
 4277              		.loc 7 261 41 view .LVU976
 4278              	.LBB1375:
 4279              	.LBB1366:
 4280              	.LBB1354:
 4281              	.LBB1347:
 4282              	.LBB1342:
 4283              	.LBB1329:
 4284              	.LBB1325:
 4285              	.LBI1325:
 4286              		.loc 7 261 13 view .LVU977
 4287              	.LBE1325:
 4288              	.LBE1329:
 4289              	.LBE1342:
 4290              	.LBE1347:
 4291              	.LBE1354:
 4292              	.LBE1366:
 4293              	.LBE1375:
 4294              		.loc 7 261 41 view .LVU978
  56:../../libDaisy/src/hid/disp/graphics_common.h ****     int16_t GetY() const { return y_; }
 4295              		.loc 7 56 28 view .LVU979
  57:../../libDaisy/src/hid/disp/graphics_common.h ****     int16_t GetWidth() const { return width_; }
 4296              		.loc 7 57 28 view .LVU980
 4297              	.LBB1376:
 4298              	.LBB1367:
ARM GAS  C:\Users\FINNDY~1\AppData\Local\Temp\ccFWr46h.s 			page 178


 4299              	.LBB1355:
 4300              	.LBI1311:
 171:../../libDaisy/src/hid/disp/display.h ****     {
 4301              		.loc 5 171 10 view .LVU981
 4302              	.LBB1313:
 173:../../libDaisy/src/hid/disp/display.h ****         currentY_ = (y >= Height()) ? Height() - 1 : y;
 4303              		.loc 5 173 9 view .LVU982
 4304              	.LBE1313:
 4305              	.LBE1355:
 4306              	.LBB1356:
 4307              	.LBB1348:
 4308              	.LBB1343:
 4309              	.LBB1330:
  32:../../libDaisy/src/hid/disp/graphics_common.h ****     {
 4310              		.loc 7 32 66 is_stmt 0 view .LVU983
 4311 0176 ADF81850 		strh	r5, [sp, #24]	@ movhi
 4312 017a 49D1     		bne	.L289
 4313              	.LBE1330:
 4314              	.LBE1343:
 4315              	.LBE1348:
 4316              	.LBE1356:
 4317              	.LBB1357:
 4318              	.LBB1314:
 173:../../libDaisy/src/hid/disp/display.h ****         currentY_ = (y >= Height()) ? Height() - 1 : y;
 4319              		.loc 5 173 33 view .LVU984
 4320 017c 8020     		movs	r0, #128
 4321              	.L267:
 173:../../libDaisy/src/hid/disp/display.h ****         currentY_ = (y >= Height()) ? Height() - 1 : y;
 4322              		.loc 5 173 19 view .LVU985
 4323 017e A842     		cmp	r0, r5
 4324 0180 03D8     		bhi	.L268
 173:../../libDaisy/src/hid/disp/display.h ****         currentY_ = (y >= Height()) ? Height() - 1 : y;
 4325              		.loc 5 173 44 view .LVU986
 4326 0182 FB68     		ldr	r3, [r7, #12]
 4327 0184 4B45     		cmp	r3, r9
 4328 0186 52D1     		bne	.L290
 4329 0188 7F25     		movs	r5, #127
 4330              	.LVL259:
 4331              	.L268:
 174:../../libDaisy/src/hid/disp/display.h ****     }
 4332              		.loc 5 174 33 view .LVU987
 4333 018a BB68     		ldr	r3, [r7, #8]
 4334 018c 2046     		mov	r0, r4
 173:../../libDaisy/src/hid/disp/display.h ****         currentY_ = (y >= Height()) ? Height() - 1 : y;
 4335              		.loc 5 173 19 view .LVU988
 4336 018e A580     		strh	r5, [r4, #4]	@ movhi
 174:../../libDaisy/src/hid/disp/display.h ****     }
 4337              		.loc 5 174 9 is_stmt 1 view .LVU989
 174:../../libDaisy/src/hid/disp/display.h ****     }
 4338              		.loc 5 174 33 is_stmt 0 view .LVU990
 4339 0190 9847     		blx	r3
 4340              	.LVL260:
 174:../../libDaisy/src/hid/disp/display.h ****     }
 4341              		.loc 5 174 19 view .LVU991
 4342 0192 B042     		cmp	r0, r6
 4343 0194 0BD9     		bls	.L291
 4344              	.LVL261:
ARM GAS  C:\Users\FINNDY~1\AppData\Local\Temp\ccFWr46h.s 			page 179


 4345              	.L270:
 174:../../libDaisy/src/hid/disp/display.h ****     }
 4346              		.loc 5 174 19 view .LVU992
 4347              	.LBE1314:
 4348              	.LBE1357:
 469:../../libDaisy/src/hid/disp/display.h ****         return alignedRect;
 4349              		.loc 5 469 53 view .LVU993
 4350 0196 0123     		movs	r3, #1
 4351              	.LBB1358:
 4352              	.LBB1315:
 174:../../libDaisy/src/hid/disp/display.h ****     }
 4353              		.loc 5 174 19 view .LVU994
 4354 0198 E680     		strh	r6, [r4, #6]	@ movhi
 4355              	.LVL262:
 174:../../libDaisy/src/hid/disp/display.h ****     }
 4356              		.loc 5 174 19 view .LVU995
 4357              	.LBE1315:
 4358              	.LBE1358:
 469:../../libDaisy/src/hid/disp/display.h ****         return alignedRect;
 4359              		.loc 5 469 53 view .LVU996
 4360 019a 4146     		mov	r1, r8
 4361 019c 2046     		mov	r0, r4
 4362 019e 0093     		str	r3, [sp]
 4363 01a0 9AE80C00 		ldm	r10, {r2, r3}
 4364 01a4 FFF7FEFF 		bl	_ZN5daisy25OneBitGraphicsDisplayImplINS_11OledDisplayINS_13SSD130xDriverILj128ELj64ENS_19SSD130
 4365              	.LVL263:
 4366              	.LBE1367:
 4367              	.LBE1376:
 114:gui.cpp       **** 
 4368              		.loc 2 114 1 view .LVU997
 4369 01a8 09B0     		add	sp, sp, #36
 4370              		.cfi_remember_state
 4371              		.cfi_def_cfa_offset 36
 4372              		@ sp needed
 4373 01aa BDE8F08F 		pop	{r4, r5, r6, r7, r8, r9, r10, fp, pc}
 4374              	.LVL264:
 4375              	.L291:
 4376              		.cfi_restore_state
 4377              	.LBB1377:
 4378              	.LBB1368:
 4379              	.LBB1359:
 4380              	.LBB1316:
 174:../../libDaisy/src/hid/disp/display.h ****     }
 4381              		.loc 5 174 46 view .LVU998
 4382 01ae 2368     		ldr	r3, [r4]
 174:../../libDaisy/src/hid/disp/display.h ****     }
 4383              		.loc 5 174 45 view .LVU999
 4384 01b0 2046     		mov	r0, r4
 4385 01b2 9B68     		ldr	r3, [r3, #8]
 4386 01b4 9847     		blx	r3
 4387              	.LVL265:
 174:../../libDaisy/src/hid/disp/display.h ****     }
 4388              		.loc 5 174 19 view .LVU1000
 4389 01b6 0138     		subs	r0, r0, #1
 4390 01b8 86B2     		uxth	r6, r0
 4391              	.LVL266:
 174:../../libDaisy/src/hid/disp/display.h ****     }
ARM GAS  C:\Users\FINNDY~1\AppData\Local\Temp\ccFWr46h.s 			page 180


 4392              		.loc 5 174 19 view .LVU1001
 4393 01ba ECE7     		b	.L270
 4394              	.LVL267:
 4395              	.L287:
 174:../../libDaisy/src/hid/disp/display.h ****     }
 4396              		.loc 5 174 19 view .LVU1002
 4397              	.LBE1316:
 4398              	.LBE1359:
 4399              	.LBE1368:
 4400              	.LBE1377:
 4401              	.LBB1378:
 4402              	.LBB1268:
 4403              	.LBB1260:
 4404              	.LBB1218:
 174:../../libDaisy/src/hid/disp/display.h ****     }
 4405              		.loc 5 174 46 view .LVU1003
 4406 01bc 2368     		ldr	r3, [r4]
 174:../../libDaisy/src/hid/disp/display.h ****     }
 4407              		.loc 5 174 45 view .LVU1004
 4408 01be 2046     		mov	r0, r4
 4409 01c0 9B68     		ldr	r3, [r3, #8]
 4410 01c2 9847     		blx	r3
 4411              	.LVL268:
 174:../../libDaisy/src/hid/disp/display.h ****     }
 4412              		.loc 5 174 19 view .LVU1005
 4413 01c4 0138     		subs	r0, r0, #1
 4414 01c6 1FFA80FB 		uxth	fp, r0
 4415              	.LVL269:
 174:../../libDaisy/src/hid/disp/display.h ****     }
 4416              		.loc 5 174 19 view .LVU1006
 4417 01ca 74E7     		b	.L260
 4418              	.LVL270:
 4419              	.L288:
 174:../../libDaisy/src/hid/disp/display.h ****     }
 4420              		.loc 5 174 19 view .LVU1007
 4421              	.LBE1218:
 4422              	.LBE1260:
 4423              	.LBE1268:
 4424              	.LBE1378:
 112:gui.cpp       **** 
 4425              		.loc 2 112 124 discriminator 4 view .LVU1008
 4426 01cc 0193     		str	r3, [sp, #4]
 4427 01ce 0120     		movs	r0, #1
 4428 01d0 04AB     		add	r3, sp, #16
 4429 01d2 4246     		mov	r2, r8
 4430 01d4 0290     		str	r0, [sp, #8]
 4431 01d6 2146     		mov	r1, r4
 4432 01d8 0093     		str	r3, [sp]
 4433 01da 06A8     		add	r0, sp, #24
 4434 01dc 1B4B     		ldr	r3, .L292+16
 4435 01de A847     		blx	r5
 4436              	.LVL271:
 114:gui.cpp       **** 
 4437              		.loc 2 114 1 discriminator 4 view .LVU1009
 4438 01e0 09B0     		add	sp, sp, #36
 4439              		.cfi_remember_state
 4440              		.cfi_def_cfa_offset 36
ARM GAS  C:\Users\FINNDY~1\AppData\Local\Temp\ccFWr46h.s 			page 181


 4441              		@ sp needed
 4442 01e2 BDE8F08F 		pop	{r4, r5, r6, r7, r8, r9, r10, fp, pc}
 4443              	.LVL272:
 4444              	.L262:
 4445              		.cfi_restore_state
 110:gui.cpp       **** 
 4446              		.loc 2 110 16 view .LVU1010
 4447 01e6 1422     		movs	r2, #20
 4448 01e8 0123     		movs	r3, #1
 4449 01ea 0021     		movs	r1, #0
 4450 01ec 2046     		mov	r0, r4
 4451 01ee CDE90023 		strd	r2, r3, [sp]
 4452 01f2 7F23     		movs	r3, #127
 4453 01f4 C047     		blx	r8
 4454              	.LVL273:
 112:gui.cpp       **** 
 4455              		.loc 2 112 124 view .LVU1011
 4456 01f6 2768     		ldr	r7, [r4]
 4457 01f8 7FE7     		b	.L263
 4458              	.LVL274:
 4459              	.L254:
 109:gui.cpp       ****     d->DrawLine(0, 20, 127, 20, true);
 4460              		.loc 2 109 106 view .LVU1012
 4461 01fa 0023     		movs	r3, #0
 4462 01fc 0120     		movs	r0, #1
 4463 01fe 3A46     		mov	r2, r7
 4464 0200 CDE90130 		strd	r3, r0, [sp, #4]
 4465 0204 04AB     		add	r3, sp, #16
 4466 0206 06A8     		add	r0, sp, #24
 4467 0208 0093     		str	r3, [sp]
 4468 020a 114B     		ldr	r3, .L292+20
 4469 020c C047     		blx	r8
 4470              	.LVL275:
 109:gui.cpp       ****     d->DrawLine(0, 20, 127, 20, true);
 4471              		.loc 2 109 106 view .LVU1013
 4472 020e 5CE7     		b	.L261
 4473              	.LVL276:
 4474              	.L289:
 4475              	.LBB1379:
 4476              	.LBB1369:
 4477              	.LBB1360:
 4478              	.LBB1317:
 173:../../libDaisy/src/hid/disp/display.h ****         currentY_ = (y >= Height()) ? Height() - 1 : y;
 4479              		.loc 5 173 32 view .LVU1014
 4480 0210 2046     		mov	r0, r4
 4481 0212 9047     		blx	r2
 4482              	.LVL277:
 173:../../libDaisy/src/hid/disp/display.h ****         currentY_ = (y >= Height()) ? Height() - 1 : y;
 4483              		.loc 5 173 44 view .LVU1015
 4484 0214 2768     		ldr	r7, [r4]
 4485 0216 B2E7     		b	.L267
 4486              	.LVL278:
 4487              	.L285:
 173:../../libDaisy/src/hid/disp/display.h ****         currentY_ = (y >= Height()) ? Height() - 1 : y;
 4488              		.loc 5 173 44 view .LVU1016
 4489              	.LBE1317:
 4490              	.LBE1360:
ARM GAS  C:\Users\FINNDY~1\AppData\Local\Temp\ccFWr46h.s 			page 182


 4491              	.LBE1369:
 4492              	.LBE1379:
 4493              	.LBB1380:
 4494              	.LBB1269:
 4495              	.LBB1261:
 4496              	.LBB1219:
 173:../../libDaisy/src/hid/disp/display.h ****         currentY_ = (y >= Height()) ? Height() - 1 : y;
 4497              		.loc 5 173 32 view .LVU1017
 4498 0218 2046     		mov	r0, r4
 4499 021a 8847     		blx	r1
 4500              	.LVL279:
 173:../../libDaisy/src/hid/disp/display.h ****         currentY_ = (y >= Height()) ? Height() - 1 : y;
 4501              		.loc 5 173 44 view .LVU1018
 4502 021c 2268     		ldr	r2, [r4]
 4503 021e 3AE7     		b	.L257
 4504              	.L286:
 173:../../libDaisy/src/hid/disp/display.h ****         currentY_ = (y >= Height()) ? Height() - 1 : y;
 4505              		.loc 5 173 43 view .LVU1019
 4506 0220 2046     		mov	r0, r4
 4507 0222 9847     		blx	r3
 4508              	.LVL280:
 173:../../libDaisy/src/hid/disp/display.h ****         currentY_ = (y >= Height()) ? Height() - 1 : y;
 4509              		.loc 5 173 19 view .LVU1020
 4510 0224 0138     		subs	r0, r0, #1
 174:../../libDaisy/src/hid/disp/display.h ****     }
 4511              		.loc 5 174 34 view .LVU1021
 4512 0226 2268     		ldr	r2, [r4]
 173:../../libDaisy/src/hid/disp/display.h ****         currentY_ = (y >= Height()) ? Height() - 1 : y;
 4513              		.loc 5 173 19 view .LVU1022
 4514 0228 1FFA80F8 		uxth	r8, r0
 4515              	.LVL281:
 173:../../libDaisy/src/hid/disp/display.h ****         currentY_ = (y >= Height()) ? Height() - 1 : y;
 4516              		.loc 5 173 19 view .LVU1023
 4517 022c 3BE7     		b	.L258
 4518              	.LVL282:
 4519              	.L290:
 173:../../libDaisy/src/hid/disp/display.h ****         currentY_ = (y >= Height()) ? Height() - 1 : y;
 4520              		.loc 5 173 19 view .LVU1024
 4521              	.LBE1219:
 4522              	.LBE1261:
 4523              	.LBE1269:
 4524              	.LBE1380:
 4525              	.LBB1381:
 4526              	.LBB1370:
 4527              	.LBB1361:
 4528              	.LBB1318:
 173:../../libDaisy/src/hid/disp/display.h ****         currentY_ = (y >= Height()) ? Height() - 1 : y;
 4529              		.loc 5 173 43 view .LVU1025
 4530 022e 2046     		mov	r0, r4
 4531 0230 9847     		blx	r3
 4532              	.LVL283:
 173:../../libDaisy/src/hid/disp/display.h ****         currentY_ = (y >= Height()) ? Height() - 1 : y;
 4533              		.loc 5 173 19 view .LVU1026
 4534 0232 0138     		subs	r0, r0, #1
 174:../../libDaisy/src/hid/disp/display.h ****     }
 4535              		.loc 5 174 34 view .LVU1027
 4536 0234 2768     		ldr	r7, [r4]
ARM GAS  C:\Users\FINNDY~1\AppData\Local\Temp\ccFWr46h.s 			page 183


 173:../../libDaisy/src/hid/disp/display.h ****         currentY_ = (y >= Height()) ? Height() - 1 : y;
 4537              		.loc 5 173 19 view .LVU1028
 4538 0236 85B2     		uxth	r5, r0
 4539              	.LVL284:
 173:../../libDaisy/src/hid/disp/display.h ****         currentY_ = (y >= Height()) ? Height() - 1 : y;
 4540              		.loc 5 173 19 view .LVU1029
 4541 0238 A7E7     		b	.L268
 4542              	.L293:
 4543 023a 00BF     		.align	2
 4544              	.L292:
 4545 023c 00000000 		.word	_ZN5daisy25OneBitGraphicsDisplayImplINS_11OledDisplayINS_13SSD130xDriverILj128ELj64ENS_19SSD
 4546 0240 00000000 		.word	_ZN5daisy25OneBitGraphicsDisplayImplINS_11OledDisplayINS_13SSD130xDriverILj128ELj64ENS_19SSD
 4547 0244 04000000 		.word	.LC1
 4548 0248 00000000 		.word	.LC0
 4549 024c 00000000 		.word	Font_16x26
 4550 0250 00000000 		.word	Font_7x10
 4551 0254 00000000 		.word	_ZNK5daisy11OledDisplayINS_13SSD130xDriverILj128ELj64ENS_19SSD130xI2CTransportEEEE5WidthEv
 4552              	.LBE1318:
 4553              	.LBE1361:
 4554              	.LBE1370:
 4555              	.LBE1381:
 4556              		.cfi_endproc
 4557              	.LFE6827:
 4559              		.section	.rodata._ZN15ParameterWindowIfE4drawEPN5daisy11OledDisplayINS1_13SSD130xDriverILj128ELj64
 4560              		.align	2
 4561              	.LC2:
 4562 0000 25642525 		.ascii	"%d%%\000"
 4562      00
 4563              		.section	.text._ZN15ParameterWindowIfE4drawEPN5daisy11OledDisplayINS1_13SSD130xDriverILj128ELj64EN
 4564              		.align	1
 4565              		.p2align 2,,3
 4566              		.global	_ZN15ParameterWindowIfE4drawEPN5daisy11OledDisplayINS1_13SSD130xDriverILj128ELj64ENS1_19SS
 4567              		.syntax unified
 4568              		.thumb
 4569              		.thumb_func
 4570              		.fpu fpv5-d16
 4572              	_ZN15ParameterWindowIfE4drawEPN5daisy11OledDisplayINS1_13SSD130xDriverILj128ELj64ENS1_19SSD130xI2CT
 4573              	.LVL285:
 4574              	.LFB6826:
  96:gui.cpp       **** 
 4575              		.loc 2 96 58 is_stmt 1 view -0
 4576              		.cfi_startproc
 4577              		@ args = 0, pretend = 0, frame = 16
 4578              		@ frame_needed = 0, uses_anonymous_args = 0
  98:gui.cpp       ****     d->DrawLine(0, 20, 127, 20, true);
 4579              		.loc 2 98 5 view .LVU1031
  96:gui.cpp       **** 
 4580              		.loc 2 96 58 is_stmt 0 view .LVU1032
 4581 0000 2DE9F04F 		push	{r4, r5, r6, r7, r8, r9, r10, fp, lr}
 4582              		.cfi_def_cfa_offset 36
 4583              		.cfi_offset 4, -36
 4584              		.cfi_offset 5, -32
 4585              		.cfi_offset 6, -28
 4586              		.cfi_offset 7, -24
 4587              		.cfi_offset 8, -20
 4588              		.cfi_offset 9, -16
 4589              		.cfi_offset 10, -12
ARM GAS  C:\Users\FINNDY~1\AppData\Local\Temp\ccFWr46h.s 			page 184


 4590              		.cfi_offset 11, -8
 4591              		.cfi_offset 14, -4
 4592              	.LBB1618:
 4593              	.LBB1619:
 4594              	.LBB1620:
  32:../../libDaisy/src/hid/disp/graphics_common.h ****     {
 4595              		.loc 7 32 66 view .LVU1033
 4596 0004 0223     		movs	r3, #2
 4597              	.LBE1620:
 4598              	.LBE1619:
 4599              	.LBE1618:
  96:gui.cpp       **** 
 4600              		.loc 2 96 58 view .LVU1034
 4601 0006 89B0     		sub	sp, sp, #36
 4602              		.cfi_def_cfa_offset 72
  96:gui.cpp       **** 
 4603              		.loc 2 96 58 view .LVU1035
 4604 0008 0546     		mov	r5, r0
  98:gui.cpp       ****     d->DrawLine(0, 20, 127, 20, true);
 4605              		.loc 2 98 106 view .LVU1036
 4606 000a 0A68     		ldr	r2, [r1]
 4607 000c 8068     		ldr	r0, [r0, #8]
 4608              	.LVL286:
  96:gui.cpp       **** 
 4609              		.loc 2 96 58 view .LVU1037
 4610 000e 0C46     		mov	r4, r1
  98:gui.cpp       ****     d->DrawLine(0, 20, 127, 20, true);
 4611              		.loc 2 98 106 view .LVU1038
 4612 0010 D76A     		ldr	r7, [r2, #44]
 4613 0012 D0F80480 		ldr	r8, [r0, #4]
 4614              	.LVL287:
 4615              	.LBB1629:
 4616              	.LBI1618:
  31:../../libDaisy/src/hid/disp/graphics_common.h ****     : x_(x), y_(y), width_(max(0, width)), height_(max(0, height))
 4617              		.loc 7 31 5 is_stmt 1 view .LVU1039
 4618 0016 8E4E     		ldr	r6, .L331
 4619              	.LBB1626:
 4620              	.LBB1623:
  32:../../libDaisy/src/hid/disp/graphics_common.h ****     {
 4621              		.loc 7 32 66 is_stmt 0 view .LVU1040
 4622 0018 ADF81030 		strh	r3, [sp, #16]	@ movhi
 4623 001c ADF81230 		strh	r3, [sp, #18]	@ movhi
 4624              	.LVL288:
 4625              	.LBB1621:
 4626              	.LBI1621:
 4627              		.loc 7 261 13 is_stmt 1 view .LVU1041
 4628              	.LBE1621:
 4629              	.LBE1623:
 4630              	.LBE1626:
 4631              	.LBE1629:
 4632              		.loc 7 261 41 view .LVU1042
 4633              	.LBB1630:
 4634              	.LBB1627:
 4635              	.LBB1624:
  32:../../libDaisy/src/hid/disp/graphics_common.h ****     {
 4636              		.loc 7 32 66 is_stmt 0 view .LVU1043
 4637 0020 7C23     		movs	r3, #124
ARM GAS  C:\Users\FINNDY~1\AppData\Local\Temp\ccFWr46h.s 			page 185


 4638 0022 B742     		cmp	r7, r6
 4639 0024 ADF81430 		strh	r3, [sp, #20]	@ movhi
 4640              	.LVL289:
 4641              	.LBB1622:
 4642              	.LBI1622:
 4643              		.loc 7 261 13 is_stmt 1 view .LVU1044
 4644              	.LBE1622:
 4645              	.LBE1624:
 4646              	.LBE1627:
 4647              	.LBE1630:
 4648              		.loc 7 261 41 view .LVU1045
 4649              	.LBB1631:
 4650              	.LBB1628:
 4651              	.LBB1625:
  32:../../libDaisy/src/hid/disp/graphics_common.h ****     {
 4652              		.loc 7 32 66 is_stmt 0 view .LVU1046
 4653 0028 4FF01403 		mov	r3, #20
 4654 002c ADF81630 		strh	r3, [sp, #22]	@ movhi
 4655              	.LVL290:
  32:../../libDaisy/src/hid/disp/graphics_common.h ****     {
 4656              		.loc 7 32 66 view .LVU1047
 4657 0030 40F0D180 		bne	.L295
 4658              	.LVL291:
  32:../../libDaisy/src/hid/disp/graphics_common.h ****     {
 4659              		.loc 7 32 66 view .LVU1048
 4660              	.LBE1625:
 4661              	.LBE1628:
 4662              	.LBE1631:
 4663              	.LBB1632:
 4664              	.LBB1633:
 4665              	.LBB1634:
 4666              	.LBB1635:
 4667              	.LBB1636:
 4668              	.LBB1637:
 477:../../libDaisy/src/hid/disp/display.h ****             result++;
 4669              		.loc 5 477 25 is_stmt 1 view .LVU1049
 4670 0034 4146     		mov	r1, r8
 4671              	.LVL292:
 477:../../libDaisy/src/hid/disp/display.h ****             result++;
 4672              		.loc 5 477 25 is_stmt 0 view .LVU1050
 4673 0036 11F8013B 		ldrb	r3, [r1], #1	@ zero_extendqisi2
 4674              	.LVL293:
 477:../../libDaisy/src/hid/disp/display.h ****             result++;
 4675              		.loc 5 477 25 view .LVU1051
 4676 003a 33B1     		cbz	r3, .L296
 476:../../libDaisy/src/hid/disp/display.h ****         while(*string++ != '\0')
 4677              		.loc 5 476 18 view .LVU1052
 4678 003c 0023     		movs	r3, #0
 4679              	.LVL294:
 4680              	.L297:
 477:../../libDaisy/src/hid/disp/display.h ****             result++;
 4681              		.loc 5 477 25 view .LVU1053
 4682 003e 11F8010B 		ldrb	r0, [r1], #1	@ zero_extendqisi2
 4683              	.LVL295:
 478:../../libDaisy/src/hid/disp/display.h ****         return result;
 4684              		.loc 5 478 13 view .LVU1054
 4685 0042 0133     		adds	r3, r3, #1
ARM GAS  C:\Users\FINNDY~1\AppData\Local\Temp\ccFWr46h.s 			page 186


 4686              	.LVL296:
 477:../../libDaisy/src/hid/disp/display.h ****             result++;
 4687              		.loc 5 477 25 is_stmt 1 view .LVU1055
 4688 0044 0028     		cmp	r0, #0
 4689 0046 FAD1     		bne	.L297
 4690              	.LBE1637:
 4691              	.LBE1636:
 4692              		.loc 5 485 68 is_stmt 0 view .LVU1056
 4693 0048 9BB2     		uxth	r3, r3
 4694              	.LVL297:
 4695              	.L296:
 4696              		.loc 5 485 58 view .LVU1057
 4697 004a DFF81CB2 		ldr	fp, .L331+24
 4698              	.LBE1635:
 4699              	.LBE1634:
 4700              	.LBB1645:
 4701              	.LBB1646:
 173:../../libDaisy/src/hid/disp/display.h ****         currentY_ = (y >= Height()) ? Height() - 1 : y;
 4702              		.loc 5 173 33 view .LVU1058
 4703 004e D168     		ldr	r1, [r2, #12]
 4704              	.LBE1646:
 4705              	.LBE1645:
 4706              	.LBB1653:
 4707              	.LBB1642:
 4708              		.loc 5 485 68 view .LVU1059
 4709 0050 9BF80000 		ldrb	r0, [fp]	@ zero_extendqisi2
 4710 0054 9BF801A0 		ldrb	r10, [fp, #1]	@ zero_extendqisi2
 4711 0058 10FB03F3 		smulbb	r3, r0, r3
 4712 005c DFF80C92 		ldr	r9, .L331+28
 4713              	.LBE1642:
 4714              	.LBE1653:
 4715              	.LBB1654:
 4716              	.LBB1655:
 4717              	.LBB1656:
 4718              	.LBB1657:
  32:../../libDaisy/src/hid/disp/graphics_common.h ****     {
 4719              		.loc 7 32 66 view .LVU1060
 4720 0060 ADF81EA0 		strh	r10, [sp, #30]	@ movhi
 4721              	.LBE1657:
 4722              	.LBE1656:
 4723              	.LBB1665:
 4724              	.LBB1666:
  63:../../libDaisy/src/hid/disp/graphics_common.h **** 
 4725              		.loc 7 63 54 view .LVU1061
 4726 0064 4FEA6A0A 		asr	r10, r10, #1
 4727 0068 1BB2     		sxth	r3, r3
 4728 006a 4945     		cmp	r1, r9
 4729              	.LBE1666:
 4730              	.LBE1665:
 252:../../libDaisy/src/hid/disp/graphics_common.h ****                         width_,
 4731              		.loc 7 252 58 view .LVU1062
 4732 006c CAF10C0A 		rsb	r10, r10, #12
 4733 0070 23EAE373 		bic	r3, r3, r3, asr #31
 4734 0074 1FFA8AFA 		uxth	r10, r10
 4735              	.LBB1668:
 4736              	.LBB1669:
  62:../../libDaisy/src/hid/disp/graphics_common.h ****     int16_t GetCenterY() const { return y_ + height_ / 2; }
ARM GAS  C:\Users\FINNDY~1\AppData\Local\Temp\ccFWr46h.s 			page 187


 4737              		.loc 7 62 53 view .LVU1063
 4738 0078 4FEA6307 		asr	r7, r3, #1
 4739              	.LBE1669:
 4740              	.LBE1668:
 4741              	.LBB1671:
 4742              	.LBB1660:
  32:../../libDaisy/src/hid/disp/graphics_common.h ****     {
 4743              		.loc 7 32 66 view .LVU1064
 4744 007c ADF81C30 		strh	r3, [sp, #28]	@ movhi
 4745              	.LVL298:
  32:../../libDaisy/src/hid/disp/graphics_common.h ****     {
 4746              		.loc 7 32 66 view .LVU1065
 4747              	.LBE1660:
 4748              	.LBE1671:
 4749              	.LBE1655:
 4750              	.LBE1654:
 4751              	.LBB1683:
 4752              	.LBB1643:
 4753              	.LBB1638:
 4754              	.LBI1638:
  26:../../libDaisy/src/hid/disp/graphics_common.h ****     : x_(0), y_(0), width_(max(0, width)), height_(max(0, height))
 4755              		.loc 7 26 5 is_stmt 1 view .LVU1066
 4756              	.LBB1639:
 4757              	.LBI1639:
 4758              		.loc 7 261 13 view .LVU1067
 4759              	.LBE1639:
 4760              	.LBE1638:
 4761              	.LBE1643:
 4762              	.LBE1683:
 4763              	.LBE1633:
 4764              	.LBE1632:
 4765              		.loc 7 261 41 view .LVU1068
 4766              	.LBB1705:
 4767              	.LBB1696:
 4768              	.LBB1684:
 4769              	.LBB1644:
 4770              	.LBB1641:
 4771              	.LBB1640:
 4772              	.LBI1640:
 4773              		.loc 7 261 13 view .LVU1069
 4774              	.LBE1640:
 4775              	.LBE1641:
 4776              	.LBE1644:
 4777              	.LBE1684:
 4778              	.LBE1696:
 4779              	.LBE1705:
 4780              		.loc 7 261 41 view .LVU1070
 4781              	.LBB1706:
 4782              	.LBB1697:
 4783              	.LBB1685:
 4784              	.LBI1654:
 209:../../libDaisy/src/hid/disp/graphics_common.h ****     {
 4785              		.loc 7 209 15 view .LVU1071
 4786              	.LBB1678:
 211:../../libDaisy/src/hid/disp/graphics_common.h ****         {
 4787              		.loc 7 211 9 view .LVU1072
 250:../../libDaisy/src/hid/disp/graphics_common.h ****                 return {int16_t(x_ + (other.GetCenterX() - GetCenterX())),
ARM GAS  C:\Users\FINNDY~1\AppData\Local\Temp\ccFWr46h.s 			page 188


 4788              		.loc 7 250 13 view .LVU1073
 251:../../libDaisy/src/hid/disp/graphics_common.h ****                         int16_t(y_ + (other.GetCenterY() - GetCenterY())),
 4789              		.loc 7 251 17 view .LVU1074
 251:../../libDaisy/src/hid/disp/graphics_common.h ****                         int16_t(y_ + (other.GetCenterY() - GetCenterY())),
 4790              		.loc 7 251 17 is_stmt 0 view .LVU1075
 4791              	.LBE1678:
 4792              	.LBE1685:
 4793              	.LBE1697:
 4794              	.LBE1706:
  62:../../libDaisy/src/hid/disp/graphics_common.h ****     int16_t GetCenterY() const { return y_ + height_ / 2; }
 4795              		.loc 7 62 34 is_stmt 1 view .LVU1076
 4796              	.LBB1707:
 4797              	.LBB1698:
 4798              	.LBB1686:
 4799              	.LBB1679:
 4800              	.LBB1672:
 4801              	.LBI1668:
  62:../../libDaisy/src/hid/disp/graphics_common.h ****     int16_t GetCenterY() const { return y_ + height_ / 2; }
 4802              		.loc 7 62 13 view .LVU1077
 4803              	.LBB1670:
  62:../../libDaisy/src/hid/disp/graphics_common.h ****     int16_t GetCenterY() const { return y_ + height_ / 2; }
 4804              		.loc 7 62 34 view .LVU1078
  62:../../libDaisy/src/hid/disp/graphics_common.h ****     int16_t GetCenterY() const { return y_ + height_ / 2; }
 4805              		.loc 7 62 34 is_stmt 0 view .LVU1079
 4806              	.LBE1670:
 4807              	.LBE1672:
 4808              	.LBE1679:
 4809              	.LBE1686:
 4810              	.LBE1698:
 4811              	.LBE1707:
  63:../../libDaisy/src/hid/disp/graphics_common.h **** 
 4812              		.loc 7 63 34 is_stmt 1 view .LVU1080
 4813              	.LBB1708:
 4814              	.LBB1699:
 4815              	.LBB1687:
 4816              	.LBB1680:
 4817              	.LBB1673:
 4818              	.LBI1665:
  63:../../libDaisy/src/hid/disp/graphics_common.h **** 
 4819              		.loc 7 63 13 view .LVU1081
 4820              	.LBB1667:
  63:../../libDaisy/src/hid/disp/graphics_common.h **** 
 4821              		.loc 7 63 34 view .LVU1082
  63:../../libDaisy/src/hid/disp/graphics_common.h **** 
 4822              		.loc 7 63 34 is_stmt 0 view .LVU1083
 4823              	.LBE1667:
 4824              	.LBE1673:
 4825              	.LBB1674:
 4826              	.LBB1661:
  32:../../libDaisy/src/hid/disp/graphics_common.h ****     {
 4827              		.loc 7 32 66 view .LVU1084
 4828 0080 ADF81AA0 		strh	r10, [sp, #26]	@ movhi
 4829              	.LBE1661:
 4830              	.LBE1674:
 251:../../libDaisy/src/hid/disp/graphics_common.h ****                         int16_t(y_ + (other.GetCenterY() - GetCenterY())),
 4831              		.loc 7 251 58 view .LVU1085
 4832 0084 C7F14007 		rsb	r7, r7, #64
ARM GAS  C:\Users\FINNDY~1\AppData\Local\Temp\ccFWr46h.s 			page 189


 4833 0088 BFB2     		uxth	r7, r7
 4834              	.LVL299:
 4835              	.LBB1675:
 4836              	.LBI1656:
  31:../../libDaisy/src/hid/disp/graphics_common.h ****     : x_(x), y_(y), width_(max(0, width)), height_(max(0, height))
 4837              		.loc 7 31 5 is_stmt 1 view .LVU1086
 4838              	.LBB1662:
 4839              	.LBB1658:
 4840              	.LBI1658:
 4841              		.loc 7 261 13 view .LVU1087
 4842              	.LBE1658:
 4843              	.LBE1662:
 4844              	.LBE1675:
 4845              	.LBE1680:
 4846              	.LBE1687:
 4847              	.LBE1699:
 4848              	.LBE1708:
 4849              		.loc 7 261 41 view .LVU1088
 4850              	.LBB1709:
 4851              	.LBB1700:
 4852              	.LBB1688:
 4853              	.LBB1681:
 4854              	.LBB1676:
 4855              	.LBB1663:
 4856              	.LBB1659:
 4857              	.LBI1659:
 4858              		.loc 7 261 13 view .LVU1089
 4859              	.LBE1659:
 4860              	.LBE1663:
 4861              	.LBE1676:
 4862              	.LBE1681:
 4863              	.LBE1688:
 4864              	.LBE1700:
 4865              	.LBE1709:
 4866              		.loc 7 261 41 view .LVU1090
  56:../../libDaisy/src/hid/disp/graphics_common.h ****     int16_t GetY() const { return y_; }
 4867              		.loc 7 56 28 view .LVU1091
  57:../../libDaisy/src/hid/disp/graphics_common.h ****     int16_t GetWidth() const { return width_; }
 4868              		.loc 7 57 28 view .LVU1092
 4869              	.LBB1710:
 4870              	.LBB1701:
 4871              	.LBB1689:
 4872              	.LBI1645:
 171:../../libDaisy/src/hid/disp/display.h ****     {
 4873              		.loc 5 171 10 view .LVU1093
 4874              	.LBB1647:
 173:../../libDaisy/src/hid/disp/display.h ****         currentY_ = (y >= Height()) ? Height() - 1 : y;
 4875              		.loc 5 173 9 view .LVU1094
 4876              	.LBE1647:
 4877              	.LBE1689:
 4878              	.LBB1690:
 4879              	.LBB1682:
 4880              	.LBB1677:
 4881              	.LBB1664:
  32:../../libDaisy/src/hid/disp/graphics_common.h ****     {
 4882              		.loc 7 32 66 is_stmt 0 view .LVU1095
 4883 008a ADF81870 		strh	r7, [sp, #24]	@ movhi
ARM GAS  C:\Users\FINNDY~1\AppData\Local\Temp\ccFWr46h.s 			page 190


 4884 008e 40F0C880 		bne	.L324
 4885              	.LBE1664:
 4886              	.LBE1677:
 4887              	.LBE1682:
 4888              	.LBE1690:
 4889              	.LBB1691:
 4890              	.LBB1648:
 173:../../libDaisy/src/hid/disp/display.h ****         currentY_ = (y >= Height()) ? Height() - 1 : y;
 4891              		.loc 5 173 33 view .LVU1096
 4892 0092 8020     		movs	r0, #128
 4893              	.L298:
 173:../../libDaisy/src/hid/disp/display.h ****         currentY_ = (y >= Height()) ? Height() - 1 : y;
 4894              		.loc 5 173 19 view .LVU1097
 4895 0094 B842     		cmp	r0, r7
 4896 0096 04D8     		bhi	.L299
 173:../../libDaisy/src/hid/disp/display.h ****         currentY_ = (y >= Height()) ? Height() - 1 : y;
 4897              		.loc 5 173 44 view .LVU1098
 4898 0098 D368     		ldr	r3, [r2, #12]
 4899 009a 4B45     		cmp	r3, r9
 4900 009c 40F0CB80 		bne	.L325
 4901 00a0 7F27     		movs	r7, #127
 4902              	.LVL300:
 4903              	.L299:
 174:../../libDaisy/src/hid/disp/display.h ****     }
 4904              		.loc 5 174 33 view .LVU1099
 4905 00a2 9368     		ldr	r3, [r2, #8]
 4906 00a4 2046     		mov	r0, r4
 173:../../libDaisy/src/hid/disp/display.h ****         currentY_ = (y >= Height()) ? Height() - 1 : y;
 4907              		.loc 5 173 19 view .LVU1100
 4908 00a6 A780     		strh	r7, [r4, #4]	@ movhi
 174:../../libDaisy/src/hid/disp/display.h ****     }
 4909              		.loc 5 174 9 is_stmt 1 view .LVU1101
 174:../../libDaisy/src/hid/disp/display.h ****     }
 4910              		.loc 5 174 33 is_stmt 0 view .LVU1102
 4911 00a8 9847     		blx	r3
 4912              	.LVL301:
 174:../../libDaisy/src/hid/disp/display.h ****     }
 4913              		.loc 5 174 19 view .LVU1103
 4914 00aa 5045     		cmp	r0, r10
 4915 00ac 40F28B80 		bls	.L326
 4916              	.LVL302:
 4917              	.L301:
 174:../../libDaisy/src/hid/disp/display.h ****     }
 4918              		.loc 5 174 19 view .LVU1104
 4919              	.LBE1648:
 4920              	.LBE1691:
 469:../../libDaisy/src/hid/disp/display.h ****         return alignedRect;
 4921              		.loc 5 469 53 view .LVU1105
 4922 00b0 0123     		movs	r3, #1
 4923              	.LBB1692:
 4924              	.LBB1649:
 174:../../libDaisy/src/hid/disp/display.h ****     }
 4925              		.loc 5 174 19 view .LVU1106
 4926 00b2 A4F806A0 		strh	r10, [r4, #6]	@ movhi
 4927              	.LVL303:
 174:../../libDaisy/src/hid/disp/display.h ****     }
 4928              		.loc 5 174 19 view .LVU1107
ARM GAS  C:\Users\FINNDY~1\AppData\Local\Temp\ccFWr46h.s 			page 191


 4929              	.LBE1649:
 4930              	.LBE1692:
 469:../../libDaisy/src/hid/disp/display.h ****         return alignedRect;
 4931              		.loc 5 469 53 view .LVU1108
 4932 00b6 4146     		mov	r1, r8
 4933 00b8 2046     		mov	r0, r4
 4934 00ba 0093     		str	r3, [sp]
 4935 00bc 9BE80C00 		ldm	fp, {r2, r3}
 4936 00c0 FFF7FEFF 		bl	_ZN5daisy25OneBitGraphicsDisplayImplINS_11OledDisplayINS_13SSD130xDriverILj128ELj64ENS_19SSD130
 4937              	.LVL304:
 4938              	.LBE1701:
 4939              	.LBE1710:
  99:gui.cpp       ****     
 4940              		.loc 2 99 5 is_stmt 1 view .LVU1109
  99:gui.cpp       ****     
 4941              		.loc 2 99 37 is_stmt 0 view .LVU1110
 4942 00c4 2268     		ldr	r2, [r4]
 4943 00c6 634B     		ldr	r3, .L331+4
 4944 00c8 9769     		ldr	r7, [r2, #24]
 4945 00ca 9F42     		cmp	r7, r3
 4946 00cc 40F09380 		bne	.L303
 4947              	.L330:
 4948              	.LVL305:
 4949              	.LBB1711:
 4950              	.LBI1711:
 221:../../libDaisy/src/hid/disp/display.h ****                   uint_fast8_t y1,
 4951              		.loc 5 221 10 is_stmt 1 view .LVU1111
 4952              	.LBB1712:
 4953              	.LBB1713:
 4954              	.LBI1713:
 4955              		.loc 4 42 10 view .LVU1112
 4956              	.LBB1714:
 4957              	.LBI1714:
 352:../../libDaisy/src/dev/oled_ssd130x.h ****     {
 4958              		.loc 6 352 10 view .LVU1113
 4959              	.LBB1715:
 357:../../libDaisy/src/dev/oled_ssd130x.h ****         else
 4960              		.loc 6 357 42 is_stmt 0 view .LVU1114
 4961 00d0 94F88F21 		ldrb	r2, [r4, #399]	@ zero_extendqisi2
 4962 00d4 04F20F13 		addw	r3, r4, #271
 4963 00d8 04F5C771 		add	r1, r4, #398
 4964 00dc 42F01002 		orr	r2, r2, #16
 4965 00e0 84F88F21 		strb	r2, [r4, #399]
 4966              	.LVL306:
 357:../../libDaisy/src/dev/oled_ssd130x.h ****         else
 4967              		.loc 6 357 42 view .LVU1115
 4968              	.LBE1715:
 4969              	.LBE1714:
 4970              	.LBE1713:
 239:../../libDaisy/src/hid/disp/display.h ****         {
 4971              		.loc 5 239 26 is_stmt 1 view .LVU1116
 4972              	.L305:
 4973              	.LBB1716:
 4974              	.LBI1716:
 4975              		.loc 4 42 10 view .LVU1117
 4976              	.LBB1717:
 4977              	.LBI1717:
ARM GAS  C:\Users\FINNDY~1\AppData\Local\Temp\ccFWr46h.s 			page 192


 352:../../libDaisy/src/dev/oled_ssd130x.h ****     {
 4978              		.loc 6 352 10 view .LVU1118
 4979              	.LBB1718:
 357:../../libDaisy/src/dev/oled_ssd130x.h ****         else
 4980              		.loc 6 357 42 is_stmt 0 view .LVU1119
 4981 00e4 13F8012F 		ldrb	r2, [r3, #1]!	@ zero_extendqisi2
 4982 00e8 42F01002 		orr	r2, r2, #16
 4983              	.LBE1718:
 4984              	.LBE1717:
 4985              	.LBE1716:
 239:../../libDaisy/src/hid/disp/display.h ****         {
 4986              		.loc 5 239 26 view .LVU1120
 4987 00ec 9942     		cmp	r1, r3
 4988              	.LBB1721:
 4989              	.LBB1720:
 4990              	.LBB1719:
 357:../../libDaisy/src/dev/oled_ssd130x.h ****         else
 4991              		.loc 6 357 42 view .LVU1121
 4992 00ee 1A70     		strb	r2, [r3]
 4993              	.LVL307:
 357:../../libDaisy/src/dev/oled_ssd130x.h ****         else
 4994              		.loc 6 357 42 view .LVU1122
 4995              	.LBE1719:
 4996              	.LBE1720:
 4997              	.LBE1721:
 239:../../libDaisy/src/hid/disp/display.h ****         {
 4998              		.loc 5 239 26 is_stmt 1 view .LVU1123
 4999 00f0 F8D1     		bne	.L305
 5000              	.LVL308:
 5001              	.L304:
 239:../../libDaisy/src/hid/disp/display.h ****         {
 5002              		.loc 5 239 26 is_stmt 0 view .LVU1124
 5003              	.LBE1712:
 5004              	.LBE1711:
 101:gui.cpp       **** 
 5005              		.loc 2 101 5 is_stmt 1 view .LVU1125
 101:gui.cpp       **** 
 5006              		.loc 2 101 54 is_stmt 0 view .LVU1126
 5007 00f2 AB68     		ldr	r3, [r5, #8]
 101:gui.cpp       **** 
 5008              		.loc 2 101 13 view .LVU1127
 5009 00f4 0521     		movs	r1, #5
 101:gui.cpp       **** 
 5010              		.loc 2 101 60 view .LVU1128
 5011 00f6 9FED587A 		vldr.32	s14, .L331+8
 5012 00fa D3ED007A 		vldr.32	s15, [r3]
 101:gui.cpp       **** 
 5013              		.loc 2 101 13 view .LVU1129
 5014 00fe 574F     		ldr	r7, .L331+12
 101:gui.cpp       **** 
 5015              		.loc 2 101 60 view .LVU1130
 5016 0100 67EE877A 		vmul.f32	s15, s15, s14
 101:gui.cpp       **** 
 5017              		.loc 2 101 13 view .LVU1131
 5018 0104 564A     		ldr	r2, .L331+16
 5019 0106 3846     		mov	r0, r7
 5020 0108 FDEEE77A 		vcvt.s32.f32	s15, s15
ARM GAS  C:\Users\FINNDY~1\AppData\Local\Temp\ccFWr46h.s 			page 193


 5021 010c 17EE903A 		vmov	r3, s15	@ int
 5022 0110 FFF7FEFF 		bl	snprintf
 5023              	.LVL309:
 103:gui.cpp       **** 
 5024              		.loc 2 103 5 is_stmt 1 view .LVU1132
 5025              	.LBB1722:
 5026              	.LBB1723:
 5027              	.LBB1724:
  32:../../libDaisy/src/hid/disp/graphics_common.h ****     {
 5028              		.loc 7 32 66 is_stmt 0 view .LVU1133
 5029 0114 1521     		movs	r1, #21
 5030              	.LBE1724:
 5031              	.LBE1723:
 5032              	.LBE1722:
 103:gui.cpp       **** 
 5033              		.loc 2 103 103 view .LVU1134
 5034 0116 2268     		ldr	r2, [r4]
 5035              	.LBB1735:
 5036              	.LBB1731:
 5037              	.LBB1727:
  32:../../libDaisy/src/hid/disp/graphics_common.h ****     {
 5038              		.loc 7 32 66 view .LVU1135
 5039 0118 0023     		movs	r3, #0
 5040              	.LBE1727:
 5041              	.LBE1731:
 5042              	.LBE1735:
 103:gui.cpp       **** 
 5043              		.loc 2 103 103 view .LVU1136
 5044 011a D56A     		ldr	r5, [r2, #44]
 5045              	.LVL310:
 5046              	.LBB1736:
 5047              	.LBI1722:
  31:../../libDaisy/src/hid/disp/graphics_common.h ****     : x_(x), y_(y), width_(max(0, width)), height_(max(0, height))
 5048              		.loc 7 31 5 is_stmt 1 view .LVU1137
 5049              	.LBB1732:
 5050              	.LBB1728:
  32:../../libDaisy/src/hid/disp/graphics_common.h ****     {
 5051              		.loc 7 32 66 is_stmt 0 view .LVU1138
 5052 011c ADF81210 		strh	r1, [sp, #18]	@ movhi
 5053              	.LVL311:
 5054              	.LBB1725:
 5055              	.LBI1725:
 5056              		.loc 7 261 13 is_stmt 1 view .LVU1139
 5057              	.LBE1725:
 5058              	.LBE1728:
 5059              	.LBE1732:
 5060              	.LBE1736:
 5061              		.loc 7 261 41 view .LVU1140
 5062              	.LBB1737:
 5063              	.LBB1733:
 5064              	.LBB1729:
  32:../../libDaisy/src/hid/disp/graphics_common.h ****     {
 5065              		.loc 7 32 66 is_stmt 0 view .LVU1141
 5066 0120 7F21     		movs	r1, #127
 5067 0122 B542     		cmp	r5, r6
 5068 0124 ADF81030 		strh	r3, [sp, #16]	@ movhi
 5069 0128 ADF81410 		strh	r1, [sp, #20]	@ movhi
ARM GAS  C:\Users\FINNDY~1\AppData\Local\Temp\ccFWr46h.s 			page 194


 5070              	.LVL312:
 5071              	.LBB1726:
 5072              	.LBI1726:
 5073              		.loc 7 261 13 is_stmt 1 view .LVU1142
 5074              	.LBE1726:
 5075              	.LBE1729:
 5076              	.LBE1733:
 5077              	.LBE1737:
 5078              		.loc 7 261 41 view .LVU1143
 5079              	.LBB1738:
 5080              	.LBB1734:
 5081              	.LBB1730:
  32:../../libDaisy/src/hid/disp/graphics_common.h ****     {
 5082              		.loc 7 32 66 is_stmt 0 view .LVU1144
 5083 012c 4FF02A01 		mov	r1, #42
 5084 0130 ADF81610 		strh	r1, [sp, #22]	@ movhi
 5085              	.LVL313:
  32:../../libDaisy/src/hid/disp/graphics_common.h ****     {
 5086              		.loc 7 32 66 view .LVU1145
 5087 0134 68D1     		bne	.L306
 5088              	.LVL314:
  32:../../libDaisy/src/hid/disp/graphics_common.h ****     {
 5089              		.loc 7 32 66 view .LVU1146
 5090              	.LBE1730:
 5091              	.LBE1734:
 5092              	.LBE1738:
 5093              	.LBB1739:
 5094              	.LBB1740:
 5095              	.LBB1741:
 5096              	.LBB1742:
 5097              	.LBB1743:
 5098              	.LBB1744:
 477:../../libDaisy/src/hid/disp/display.h ****             result++;
 5099              		.loc 5 477 25 is_stmt 1 view .LVU1147
 477:../../libDaisy/src/hid/disp/display.h ****             result++;
 5100              		.loc 5 477 25 is_stmt 0 view .LVU1148
 5101 0136 3D78     		ldrb	r5, [r7]	@ zero_extendqisi2
 5102 0138 002D     		cmp	r5, #0
 5103 013a 7AD0     		beq	.L317
 5104 013c 781C     		adds	r0, r7, #1
 5105              	.LVL315:
 5106              	.L308:
 477:../../libDaisy/src/hid/disp/display.h ****             result++;
 5107              		.loc 5 477 25 view .LVU1149
 5108 013e 10F8011B 		ldrb	r1, [r0], #1	@ zero_extendqisi2
 5109              	.LVL316:
 478:../../libDaisy/src/hid/disp/display.h ****         return result;
 5110              		.loc 5 478 13 view .LVU1150
 5111 0142 0133     		adds	r3, r3, #1
 5112              	.LVL317:
 477:../../libDaisy/src/hid/disp/display.h ****             result++;
 5113              		.loc 5 477 25 is_stmt 1 view .LVU1151
 5114 0144 0029     		cmp	r1, #0
 5115 0146 FAD1     		bne	.L308
 5116              	.LBE1744:
 5117              	.LBE1743:
 5118              		.loc 5 485 68 is_stmt 0 view .LVU1152
ARM GAS  C:\Users\FINNDY~1\AppData\Local\Temp\ccFWr46h.s 			page 195


 5119 0148 9BB2     		uxth	r3, r3
 5120              	.LVL318:
 5121              	.L307:
 5122              		.loc 5 485 58 view .LVU1153
 5123 014a 464F     		ldr	r7, .L331+20
 5124 014c DFF81C91 		ldr	r9, .L331+28
 5125              		.loc 5 485 68 view .LVU1154
 5126 0150 3D78     		ldrb	r5, [r7]	@ zero_extendqisi2
 5127 0152 7E78     		ldrb	r6, [r7, #1]	@ zero_extendqisi2
 5128              	.LVL319:
 5129              	.LBB1746:
 5130              	.LBI1746:
  26:../../libDaisy/src/hid/disp/graphics_common.h ****     : x_(0), y_(0), width_(max(0, width)), height_(max(0, height))
 5131              		.loc 7 26 5 is_stmt 1 view .LVU1155
 5132              	.LBB1747:
 5133              	.LBI1747:
 5134              		.loc 7 261 13 view .LVU1156
 5135              	.LBE1747:
 5136              	.LBE1746:
 5137              	.LBE1742:
 5138              	.LBE1741:
 5139              	.LBE1740:
 5140              	.LBE1739:
 5141              		.loc 7 261 41 view .LVU1157
 5142              	.LBB1814:
 5143              	.LBB1805:
 5144              	.LBB1754:
 5145              	.LBB1751:
 5146              		.loc 5 485 68 is_stmt 0 view .LVU1158
 5147 0154 15FB03F5 		smulbb	r5, r5, r3
 5148              	.LBE1751:
 5149              	.LBE1754:
 5150              	.LBB1755:
 5151              	.LBB1756:
 173:../../libDaisy/src/hid/disp/display.h ****         currentY_ = (y >= Height()) ? Height() - 1 : y;
 5152              		.loc 5 173 33 view .LVU1159
 5153 0158 D368     		ldr	r3, [r2, #12]
 5154              	.LVL320:
 173:../../libDaisy/src/hid/disp/display.h ****         currentY_ = (y >= Height()) ? Height() - 1 : y;
 5155              		.loc 5 173 33 view .LVU1160
 5156              	.LBE1756:
 5157              	.LBE1755:
 5158              	.LBB1763:
 5159              	.LBB1764:
 5160              	.LBB1765:
 5161              	.LBB1766:
  32:../../libDaisy/src/hid/disp/graphics_common.h ****     {
 5162              		.loc 7 32 66 view .LVU1161
 5163 015a ADF81E60 		strh	r6, [sp, #30]	@ movhi
 5164              	.LBE1766:
 5165              	.LBE1765:
 5166              	.LBB1774:
 5167              	.LBB1775:
  63:../../libDaisy/src/hid/disp/graphics_common.h **** 
 5168              		.loc 7 63 54 view .LVU1162
 5169 015e 7610     		asrs	r6, r6, #1
 5170              	.LVL321:
ARM GAS  C:\Users\FINNDY~1\AppData\Local\Temp\ccFWr46h.s 			page 196


  63:../../libDaisy/src/hid/disp/graphics_common.h **** 
 5171              		.loc 7 63 54 view .LVU1163
 5172 0160 2DB2     		sxth	r5, r5
 5173 0162 4B45     		cmp	r3, r9
 5174              	.LBE1775:
 5175              	.LBE1774:
 252:../../libDaisy/src/hid/disp/graphics_common.h ****                         width_,
 5176              		.loc 7 252 58 view .LVU1164
 5177 0164 C6F12A06 		rsb	r6, r6, #42
 5178 0168 25EAE575 		bic	r5, r5, r5, asr #31
 5179              	.LVL322:
 252:../../libDaisy/src/hid/disp/graphics_common.h ****                         width_,
 5180              		.loc 7 252 58 view .LVU1165
 5181              	.LBE1764:
 5182              	.LBE1763:
 5183              	.LBB1792:
 5184              	.LBB1752:
 5185              	.LBB1749:
 5186              	.LBB1748:
 5187              	.LBI1748:
 5188              		.loc 7 261 13 is_stmt 1 view .LVU1166
 5189              	.LBE1748:
 5190              	.LBE1749:
 5191              	.LBE1752:
 5192              	.LBE1792:
 5193              	.LBE1805:
 5194              	.LBE1814:
 5195              		.loc 7 261 41 view .LVU1167
 5196              	.LBB1815:
 5197              	.LBB1806:
 5198              	.LBB1793:
 5199              	.LBI1763:
 209:../../libDaisy/src/hid/disp/graphics_common.h ****     {
 5200              		.loc 7 209 15 view .LVU1168
 5201              	.LBB1787:
 211:../../libDaisy/src/hid/disp/graphics_common.h ****         {
 5202              		.loc 7 211 9 view .LVU1169
 250:../../libDaisy/src/hid/disp/graphics_common.h ****                 return {int16_t(x_ + (other.GetCenterX() - GetCenterX())),
 5203              		.loc 7 250 13 view .LVU1170
 251:../../libDaisy/src/hid/disp/graphics_common.h ****                         int16_t(y_ + (other.GetCenterY() - GetCenterY())),
 5204              		.loc 7 251 17 view .LVU1171
 251:../../libDaisy/src/hid/disp/graphics_common.h ****                         int16_t(y_ + (other.GetCenterY() - GetCenterY())),
 5205              		.loc 7 251 17 is_stmt 0 view .LVU1172
 5206              	.LBE1787:
 5207              	.LBE1793:
 5208              	.LBE1806:
 5209              	.LBE1815:
  62:../../libDaisy/src/hid/disp/graphics_common.h ****     int16_t GetCenterY() const { return y_ + height_ / 2; }
 5210              		.loc 7 62 34 is_stmt 1 view .LVU1173
 5211              	.LBB1816:
 5212              	.LBB1807:
 5213              	.LBB1794:
 5214              	.LBB1788:
 5215              	.LBB1777:
 5216              	.LBI1777:
  62:../../libDaisy/src/hid/disp/graphics_common.h ****     int16_t GetCenterY() const { return y_ + height_ / 2; }
 5217              		.loc 7 62 13 view .LVU1174
ARM GAS  C:\Users\FINNDY~1\AppData\Local\Temp\ccFWr46h.s 			page 197


 5218              	.LBB1778:
  62:../../libDaisy/src/hid/disp/graphics_common.h ****     int16_t GetCenterY() const { return y_ + height_ / 2; }
 5219              		.loc 7 62 34 view .LVU1175
  62:../../libDaisy/src/hid/disp/graphics_common.h ****     int16_t GetCenterY() const { return y_ + height_ / 2; }
 5220              		.loc 7 62 34 is_stmt 0 view .LVU1176
 5221              	.LBE1778:
 5222              	.LBE1777:
 252:../../libDaisy/src/hid/disp/graphics_common.h ****                         width_,
 5223              		.loc 7 252 58 view .LVU1177
 5224 016c B6B2     		uxth	r6, r6
 5225              	.LBB1780:
 5226              	.LBB1769:
  32:../../libDaisy/src/hid/disp/graphics_common.h ****     {
 5227              		.loc 7 32 66 view .LVU1178
 5228 016e ADF81C50 		strh	r5, [sp, #28]	@ movhi
 5229              	.LBE1769:
 5230              	.LBE1780:
 5231              	.LBB1781:
 5232              	.LBB1779:
  62:../../libDaisy/src/hid/disp/graphics_common.h ****     int16_t GetCenterY() const { return y_ + height_ / 2; }
 5233              		.loc 7 62 53 view .LVU1179
 5234 0172 4FEA6505 		asr	r5, r5, #1
 5235              	.LBE1779:
 5236              	.LBE1781:
 5237              	.LBB1782:
 5238              	.LBB1770:
  32:../../libDaisy/src/hid/disp/graphics_common.h ****     {
 5239              		.loc 7 32 66 view .LVU1180
 5240 0176 ADF81A60 		strh	r6, [sp, #26]	@ movhi
 5241              	.LBE1770:
 5242              	.LBE1782:
 251:../../libDaisy/src/hid/disp/graphics_common.h ****                         int16_t(y_ + (other.GetCenterY() - GetCenterY())),
 5243              		.loc 7 251 58 view .LVU1181
 5244 017a C5F13F05 		rsb	r5, r5, #63
 5245 017e ADB2     		uxth	r5, r5
 5246              	.LVL323:
 251:../../libDaisy/src/hid/disp/graphics_common.h ****                         int16_t(y_ + (other.GetCenterY() - GetCenterY())),
 5247              		.loc 7 251 58 view .LVU1182
 5248              	.LBE1788:
 5249              	.LBE1794:
 5250              	.LBE1807:
 5251              	.LBE1816:
  63:../../libDaisy/src/hid/disp/graphics_common.h **** 
 5252              		.loc 7 63 34 is_stmt 1 view .LVU1183
 5253              	.LBB1817:
 5254              	.LBB1808:
 5255              	.LBB1795:
 5256              	.LBB1789:
 5257              	.LBB1783:
 5258              	.LBI1774:
  63:../../libDaisy/src/hid/disp/graphics_common.h **** 
 5259              		.loc 7 63 13 view .LVU1184
 5260              	.LBB1776:
  63:../../libDaisy/src/hid/disp/graphics_common.h **** 
 5261              		.loc 7 63 34 view .LVU1185
  63:../../libDaisy/src/hid/disp/graphics_common.h **** 
 5262              		.loc 7 63 34 is_stmt 0 view .LVU1186
ARM GAS  C:\Users\FINNDY~1\AppData\Local\Temp\ccFWr46h.s 			page 198


 5263              	.LBE1776:
 5264              	.LBE1783:
 5265              	.LBB1784:
 5266              	.LBI1765:
  31:../../libDaisy/src/hid/disp/graphics_common.h ****     : x_(x), y_(y), width_(max(0, width)), height_(max(0, height))
 5267              		.loc 7 31 5 is_stmt 1 view .LVU1187
 5268              	.LBB1771:
 5269              	.LBB1767:
 5270              	.LBI1767:
 5271              		.loc 7 261 13 view .LVU1188
 5272              	.LBE1767:
 5273              	.LBE1771:
 5274              	.LBE1784:
 5275              	.LBE1789:
 5276              	.LBE1795:
 5277              	.LBE1808:
 5278              	.LBE1817:
 5279              		.loc 7 261 41 view .LVU1189
 5280              	.LBB1818:
 5281              	.LBB1809:
 5282              	.LBB1796:
 5283              	.LBB1790:
 5284              	.LBB1785:
 5285              	.LBB1772:
 5286              	.LBB1768:
 5287              	.LBI1768:
 5288              		.loc 7 261 13 view .LVU1190
 5289              	.LBE1768:
 5290              	.LBE1772:
 5291              	.LBE1785:
 5292              	.LBE1790:
 5293              	.LBE1796:
 5294              	.LBE1809:
 5295              	.LBE1818:
 5296              		.loc 7 261 41 view .LVU1191
  56:../../libDaisy/src/hid/disp/graphics_common.h ****     int16_t GetY() const { return y_; }
 5297              		.loc 7 56 28 view .LVU1192
  57:../../libDaisy/src/hid/disp/graphics_common.h ****     int16_t GetWidth() const { return width_; }
 5298              		.loc 7 57 28 view .LVU1193
 5299              	.LBB1819:
 5300              	.LBB1810:
 5301              	.LBB1797:
 5302              	.LBI1755:
 171:../../libDaisy/src/hid/disp/display.h ****     {
 5303              		.loc 5 171 10 view .LVU1194
 5304              	.LBB1757:
 173:../../libDaisy/src/hid/disp/display.h ****         currentY_ = (y >= Height()) ? Height() - 1 : y;
 5305              		.loc 5 173 9 view .LVU1195
 5306              	.LBE1757:
 5307              	.LBE1797:
 5308              	.LBB1798:
 5309              	.LBB1791:
 5310              	.LBB1786:
 5311              	.LBB1773:
  32:../../libDaisy/src/hid/disp/graphics_common.h ****     {
 5312              		.loc 7 32 66 is_stmt 0 view .LVU1196
 5313 0180 ADF81850 		strh	r5, [sp, #24]	@ movhi
ARM GAS  C:\Users\FINNDY~1\AppData\Local\Temp\ccFWr46h.s 			page 199


 5314 0184 51D1     		bne	.L327
 5315              	.LBE1773:
 5316              	.LBE1786:
 5317              	.LBE1791:
 5318              	.LBE1798:
 5319              	.LBB1799:
 5320              	.LBB1758:
 173:../../libDaisy/src/hid/disp/display.h ****         currentY_ = (y >= Height()) ? Height() - 1 : y;
 5321              		.loc 5 173 33 view .LVU1197
 5322 0186 8020     		movs	r0, #128
 5323              	.L309:
 173:../../libDaisy/src/hid/disp/display.h ****         currentY_ = (y >= Height()) ? Height() - 1 : y;
 5324              		.loc 5 173 19 view .LVU1198
 5325 0188 A842     		cmp	r0, r5
 5326 018a 03D8     		bhi	.L310
 173:../../libDaisy/src/hid/disp/display.h ****         currentY_ = (y >= Height()) ? Height() - 1 : y;
 5327              		.loc 5 173 44 view .LVU1199
 5328 018c D368     		ldr	r3, [r2, #12]
 5329 018e 4B45     		cmp	r3, r9
 5330 0190 57D1     		bne	.L328
 5331 0192 7F25     		movs	r5, #127
 5332              	.LVL324:
 5333              	.L310:
 174:../../libDaisy/src/hid/disp/display.h ****     }
 5334              		.loc 5 174 33 view .LVU1200
 5335 0194 9368     		ldr	r3, [r2, #8]
 5336 0196 2046     		mov	r0, r4
 173:../../libDaisy/src/hid/disp/display.h ****         currentY_ = (y >= Height()) ? Height() - 1 : y;
 5337              		.loc 5 173 19 view .LVU1201
 5338 0198 A580     		strh	r5, [r4, #4]	@ movhi
 174:../../libDaisy/src/hid/disp/display.h ****     }
 5339              		.loc 5 174 9 is_stmt 1 view .LVU1202
 174:../../libDaisy/src/hid/disp/display.h ****     }
 5340              		.loc 5 174 33 is_stmt 0 view .LVU1203
 5341 019a 9847     		blx	r3
 5342              	.LVL325:
 174:../../libDaisy/src/hid/disp/display.h ****     }
 5343              		.loc 5 174 19 view .LVU1204
 5344 019c B042     		cmp	r0, r6
 5345 019e 0BD9     		bls	.L329
 5346              	.LVL326:
 5347              	.L312:
 174:../../libDaisy/src/hid/disp/display.h ****     }
 5348              		.loc 5 174 19 view .LVU1205
 5349              	.LBE1758:
 5350              	.LBE1799:
 469:../../libDaisy/src/hid/disp/display.h ****         return alignedRect;
 5351              		.loc 5 469 53 view .LVU1206
 5352 01a0 0121     		movs	r1, #1
 5353 01a2 2046     		mov	r0, r4
 5354 01a4 97E80C00 		ldm	r7, {r2, r3}
 5355              	.LBB1800:
 5356              	.LBB1759:
 174:../../libDaisy/src/hid/disp/display.h ****     }
 5357              		.loc 5 174 19 view .LVU1207
 5358 01a8 E680     		strh	r6, [r4, #6]	@ movhi
 5359              	.LVL327:
ARM GAS  C:\Users\FINNDY~1\AppData\Local\Temp\ccFWr46h.s 			page 200


 174:../../libDaisy/src/hid/disp/display.h ****     }
 5360              		.loc 5 174 19 view .LVU1208
 5361              	.LBE1759:
 5362              	.LBE1800:
 469:../../libDaisy/src/hid/disp/display.h ****         return alignedRect;
 5363              		.loc 5 469 53 view .LVU1209
 5364 01aa 0091     		str	r1, [sp]
 5365 01ac 2B49     		ldr	r1, .L331+12
 5366 01ae FFF7FEFF 		bl	_ZN5daisy25OneBitGraphicsDisplayImplINS_11OledDisplayINS_13SSD130xDriverILj128ELj64ENS_19SSD130
 5367              	.LVL328:
 5368              	.LBE1810:
 5369              	.LBE1819:
 105:gui.cpp       **** 
 5370              		.loc 2 105 1 view .LVU1210
 5371 01b2 09B0     		add	sp, sp, #36
 5372              		.cfi_remember_state
 5373              		.cfi_def_cfa_offset 36
 5374              		@ sp needed
 5375 01b4 BDE8F08F 		pop	{r4, r5, r6, r7, r8, r9, r10, fp, pc}
 5376              	.LVL329:
 5377              	.L329:
 5378              		.cfi_restore_state
 5379              	.LBB1820:
 5380              	.LBB1811:
 5381              	.LBB1801:
 5382              	.LBB1760:
 174:../../libDaisy/src/hid/disp/display.h ****     }
 5383              		.loc 5 174 46 view .LVU1211
 5384 01b8 2368     		ldr	r3, [r4]
 174:../../libDaisy/src/hid/disp/display.h ****     }
 5385              		.loc 5 174 45 view .LVU1212
 5386 01ba 2046     		mov	r0, r4
 5387 01bc 9B68     		ldr	r3, [r3, #8]
 5388 01be 9847     		blx	r3
 5389              	.LVL330:
 174:../../libDaisy/src/hid/disp/display.h ****     }
 5390              		.loc 5 174 19 view .LVU1213
 5391 01c0 0138     		subs	r0, r0, #1
 5392 01c2 86B2     		uxth	r6, r0
 5393              	.LVL331:
 174:../../libDaisy/src/hid/disp/display.h ****     }
 5394              		.loc 5 174 19 view .LVU1214
 5395 01c4 ECE7     		b	.L312
 5396              	.LVL332:
 5397              	.L326:
 174:../../libDaisy/src/hid/disp/display.h ****     }
 5398              		.loc 5 174 19 view .LVU1215
 5399              	.LBE1760:
 5400              	.LBE1801:
 5401              	.LBE1811:
 5402              	.LBE1820:
 5403              	.LBB1821:
 5404              	.LBB1702:
 5405              	.LBB1693:
 5406              	.LBB1650:
 174:../../libDaisy/src/hid/disp/display.h ****     }
 5407              		.loc 5 174 46 view .LVU1216
ARM GAS  C:\Users\FINNDY~1\AppData\Local\Temp\ccFWr46h.s 			page 201


 5408 01c6 2368     		ldr	r3, [r4]
 174:../../libDaisy/src/hid/disp/display.h ****     }
 5409              		.loc 5 174 45 view .LVU1217
 5410 01c8 2046     		mov	r0, r4
 5411 01ca 9B68     		ldr	r3, [r3, #8]
 5412 01cc 9847     		blx	r3
 5413              	.LVL333:
 174:../../libDaisy/src/hid/disp/display.h ****     }
 5414              		.loc 5 174 19 view .LVU1218
 5415 01ce 0138     		subs	r0, r0, #1
 5416 01d0 1FFA80FA 		uxth	r10, r0
 5417              	.LVL334:
 174:../../libDaisy/src/hid/disp/display.h ****     }
 5418              		.loc 5 174 19 view .LVU1219
 5419 01d4 6CE7     		b	.L301
 5420              	.LVL335:
 5421              	.L295:
 174:../../libDaisy/src/hid/disp/display.h ****     }
 5422              		.loc 5 174 19 view .LVU1220
 5423              	.LBE1650:
 5424              	.LBE1693:
 5425              	.LBE1702:
 5426              	.LBE1821:
  98:gui.cpp       ****     d->DrawLine(0, 20, 127, 20, true);
 5427              		.loc 2 98 106 view .LVU1221
 5428 01d6 0023     		movs	r3, #0
 5429 01d8 0120     		movs	r0, #1
 5430 01da 4246     		mov	r2, r8
 5431 01dc CDE90130 		strd	r3, r0, [sp, #4]
 5432 01e0 04AB     		add	r3, sp, #16
 5433 01e2 06A8     		add	r0, sp, #24
 5434 01e4 0093     		str	r3, [sp]
 5435 01e6 204B     		ldr	r3, .L331+24
 5436 01e8 B847     		blx	r7
 5437              	.LVL336:
  99:gui.cpp       ****     
 5438              		.loc 2 99 5 is_stmt 1 view .LVU1222
  99:gui.cpp       ****     
 5439              		.loc 2 99 37 is_stmt 0 view .LVU1223
 5440 01ea 2268     		ldr	r2, [r4]
 5441 01ec 194B     		ldr	r3, .L331+4
 5442 01ee 9769     		ldr	r7, [r2, #24]
 5443 01f0 9F42     		cmp	r7, r3
 5444 01f2 3FF46DAF 		beq	.L330
 5445              	.L303:
  99:gui.cpp       ****     
 5446              		.loc 2 99 16 view .LVU1224
 5447 01f6 1422     		movs	r2, #20
 5448 01f8 0123     		movs	r3, #1
 5449 01fa 0021     		movs	r1, #0
 5450 01fc 2046     		mov	r0, r4
 5451 01fe CDE90023 		strd	r2, r3, [sp]
 5452 0202 7F23     		movs	r3, #127
 5453 0204 B847     		blx	r7
 5454              	.LVL337:
 5455 0206 74E7     		b	.L304
 5456              	.LVL338:
ARM GAS  C:\Users\FINNDY~1\AppData\Local\Temp\ccFWr46h.s 			page 202


 5457              	.L306:
 103:gui.cpp       **** 
 5458              		.loc 2 103 103 view .LVU1225
 5459 0208 0193     		str	r3, [sp, #4]
 5460 020a 0120     		movs	r0, #1
 5461 020c 04AB     		add	r3, sp, #16
 5462 020e 3A46     		mov	r2, r7
 5463 0210 0290     		str	r0, [sp, #8]
 5464 0212 2146     		mov	r1, r4
 5465 0214 0093     		str	r3, [sp]
 5466 0216 06A8     		add	r0, sp, #24
 5467 0218 124B     		ldr	r3, .L331+20
 5468 021a A847     		blx	r5
 5469              	.LVL339:
 105:gui.cpp       **** 
 5470              		.loc 2 105 1 view .LVU1226
 5471 021c 09B0     		add	sp, sp, #36
 5472              		.cfi_remember_state
 5473              		.cfi_def_cfa_offset 36
 5474              		@ sp needed
 5475 021e BDE8F08F 		pop	{r4, r5, r6, r7, r8, r9, r10, fp, pc}
 5476              	.LVL340:
 5477              	.L324:
 5478              		.cfi_restore_state
 5479              	.LBB1822:
 5480              	.LBB1703:
 5481              	.LBB1694:
 5482              	.LBB1651:
 173:../../libDaisy/src/hid/disp/display.h ****         currentY_ = (y >= Height()) ? Height() - 1 : y;
 5483              		.loc 5 173 32 view .LVU1227
 5484 0222 2046     		mov	r0, r4
 5485 0224 8847     		blx	r1
 5486              	.LVL341:
 173:../../libDaisy/src/hid/disp/display.h ****         currentY_ = (y >= Height()) ? Height() - 1 : y;
 5487              		.loc 5 173 44 view .LVU1228
 5488 0226 2268     		ldr	r2, [r4]
 5489 0228 34E7     		b	.L298
 5490              	.LVL342:
 5491              	.L327:
 173:../../libDaisy/src/hid/disp/display.h ****         currentY_ = (y >= Height()) ? Height() - 1 : y;
 5492              		.loc 5 173 44 view .LVU1229
 5493              	.LBE1651:
 5494              	.LBE1694:
 5495              	.LBE1703:
 5496              	.LBE1822:
 5497              	.LBB1823:
 5498              	.LBB1812:
 5499              	.LBB1802:
 5500              	.LBB1761:
 173:../../libDaisy/src/hid/disp/display.h ****         currentY_ = (y >= Height()) ? Height() - 1 : y;
 5501              		.loc 5 173 32 view .LVU1230
 5502 022a 2046     		mov	r0, r4
 5503 022c 9847     		blx	r3
 5504              	.LVL343:
 173:../../libDaisy/src/hid/disp/display.h ****         currentY_ = (y >= Height()) ? Height() - 1 : y;
 5505              		.loc 5 173 44 view .LVU1231
 5506 022e 2268     		ldr	r2, [r4]
ARM GAS  C:\Users\FINNDY~1\AppData\Local\Temp\ccFWr46h.s 			page 203


 5507 0230 AAE7     		b	.L309
 5508              	.LVL344:
 5509              	.L317:
 173:../../libDaisy/src/hid/disp/display.h ****         currentY_ = (y >= Height()) ? Height() - 1 : y;
 5510              		.loc 5 173 44 view .LVU1232
 5511              	.LBE1761:
 5512              	.LBE1802:
 5513              	.LBB1803:
 5514              	.LBB1753:
 5515              	.LBB1750:
 5516              	.LBB1745:
 477:../../libDaisy/src/hid/disp/display.h ****             result++;
 5517              		.loc 5 477 25 view .LVU1233
 5518 0232 2B46     		mov	r3, r5
 5519 0234 89E7     		b	.L307
 5520              	.LVL345:
 5521              	.L325:
 477:../../libDaisy/src/hid/disp/display.h ****             result++;
 5522              		.loc 5 477 25 view .LVU1234
 5523              	.LBE1745:
 5524              	.LBE1750:
 5525              	.LBE1753:
 5526              	.LBE1803:
 5527              	.LBE1812:
 5528              	.LBE1823:
 5529              	.LBB1824:
 5530              	.LBB1704:
 5531              	.LBB1695:
 5532              	.LBB1652:
 173:../../libDaisy/src/hid/disp/display.h ****         currentY_ = (y >= Height()) ? Height() - 1 : y;
 5533              		.loc 5 173 43 view .LVU1235
 5534 0236 2046     		mov	r0, r4
 5535 0238 9847     		blx	r3
 5536              	.LVL346:
 173:../../libDaisy/src/hid/disp/display.h ****         currentY_ = (y >= Height()) ? Height() - 1 : y;
 5537              		.loc 5 173 19 view .LVU1236
 5538 023a 0138     		subs	r0, r0, #1
 174:../../libDaisy/src/hid/disp/display.h ****     }
 5539              		.loc 5 174 34 view .LVU1237
 5540 023c 2268     		ldr	r2, [r4]
 173:../../libDaisy/src/hid/disp/display.h ****         currentY_ = (y >= Height()) ? Height() - 1 : y;
 5541              		.loc 5 173 19 view .LVU1238
 5542 023e 87B2     		uxth	r7, r0
 5543              	.LVL347:
 173:../../libDaisy/src/hid/disp/display.h ****         currentY_ = (y >= Height()) ? Height() - 1 : y;
 5544              		.loc 5 173 19 view .LVU1239
 5545 0240 2FE7     		b	.L299
 5546              	.LVL348:
 5547              	.L328:
 173:../../libDaisy/src/hid/disp/display.h ****         currentY_ = (y >= Height()) ? Height() - 1 : y;
 5548              		.loc 5 173 19 view .LVU1240
 5549              	.LBE1652:
 5550              	.LBE1695:
 5551              	.LBE1704:
 5552              	.LBE1824:
 5553              	.LBB1825:
 5554              	.LBB1813:
ARM GAS  C:\Users\FINNDY~1\AppData\Local\Temp\ccFWr46h.s 			page 204


 5555              	.LBB1804:
 5556              	.LBB1762:
 173:../../libDaisy/src/hid/disp/display.h ****         currentY_ = (y >= Height()) ? Height() - 1 : y;
 5557              		.loc 5 173 43 view .LVU1241
 5558 0242 2046     		mov	r0, r4
 5559 0244 9847     		blx	r3
 5560              	.LVL349:
 173:../../libDaisy/src/hid/disp/display.h ****         currentY_ = (y >= Height()) ? Height() - 1 : y;
 5561              		.loc 5 173 19 view .LVU1242
 5562 0246 0138     		subs	r0, r0, #1
 174:../../libDaisy/src/hid/disp/display.h ****     }
 5563              		.loc 5 174 34 view .LVU1243
 5564 0248 2268     		ldr	r2, [r4]
 173:../../libDaisy/src/hid/disp/display.h ****         currentY_ = (y >= Height()) ? Height() - 1 : y;
 5565              		.loc 5 173 19 view .LVU1244
 5566 024a 85B2     		uxth	r5, r0
 5567              	.LVL350:
 173:../../libDaisy/src/hid/disp/display.h ****         currentY_ = (y >= Height()) ? Height() - 1 : y;
 5568              		.loc 5 173 19 view .LVU1245
 5569 024c A2E7     		b	.L310
 5570              	.L332:
 5571 024e 00BF     		.align	2
 5572              	.L331:
 5573 0250 00000000 		.word	_ZN5daisy25OneBitGraphicsDisplayImplINS_11OledDisplayINS_13SSD130xDriverILj128ELj64ENS_19SSD
 5574 0254 00000000 		.word	_ZN5daisy25OneBitGraphicsDisplayImplINS_11OledDisplayINS_13SSD130xDriverILj128ELj64ENS_19SSD
 5575 0258 0000C842 		.word	1120403456
 5576 025c 00000000 		.word	.LANCHOR8
 5577 0260 00000000 		.word	.LC2
 5578 0264 00000000 		.word	Font_16x26
 5579 0268 00000000 		.word	Font_7x10
 5580 026c 00000000 		.word	_ZNK5daisy11OledDisplayINS_13SSD130xDriverILj128ELj64ENS_19SSD130xI2CTransportEEEE5WidthEv
 5581              	.LBE1762:
 5582              	.LBE1804:
 5583              	.LBE1813:
 5584              	.LBE1825:
 5585              		.cfi_endproc
 5586              	.LFE6826:
 5588              		.section	.rodata._GLOBAL__sub_I__ZN12ScrollWindowC2EiPP13ScrollElement.str1.4,"aMS",%progbits,1
 5589              		.align	2
 5590              	.LC3:
 5591 0000 50617261 		.ascii	"Parameters\000"
 5591      6D657465 
 5591      727300
 5592 000b 00       		.align	2
 5593              	.LC4:
 5594 000c 53617665 		.ascii	"Save Settings\000"
 5594      20536574 
 5594      74696E67 
 5594      7300
 5595 001a 0000     		.align	2
 5596              	.LC5:
 5597 001c 52474220 		.ascii	"RGB LED\000"
 5597      4C454400 
 5598              		.section	.text.startup._GLOBAL__sub_I__ZN12ScrollWindowC2EiPP13ScrollElement,"ax",%progbits
 5599              		.align	1
 5600              		.p2align 2,,3
 5601              		.syntax unified
ARM GAS  C:\Users\FINNDY~1\AppData\Local\Temp\ccFWr46h.s 			page 205


 5602              		.thumb
 5603              		.thumb_func
 5604              		.fpu fpv5-d16
 5606              	_GLOBAL__sub_I__ZN12ScrollWindowC2EiPP13ScrollElement:
 5607              	.LFB7602:
 145:gui.cpp       **** 
 146:gui.cpp       **** 
 147:gui.cpp       **** ScrollElement* parameterOptions[NUM_FLOAT_PARAMETERS + NUM_BOOL_PARAMETERS];
 148:gui.cpp       **** 
 149:gui.cpp       **** ScrollWindow parametersWindow = ScrollWindow(NUM_BOOL_PARAMETERS + NUM_FLOAT_PARAMETERS, parameterO
 150:gui.cpp       **** 
 151:gui.cpp       **** ScrollElement mainOptions[3] = { {&parametersWindow, "Parameters"}, { nullptr, "Save Settings"}, {n
 152:gui.cpp       **** ScrollElement* a[3];
 153:gui.cpp       **** ScrollWindow mainWindow = ScrollWindow(3, mainOptions, a);
 5608              		.loc 2 153 58 is_stmt 1 view -0
 5609              		.cfi_startproc
 5610              		@ args = 0, pretend = 0, frame = 0
 5611              		@ frame_needed = 0, uses_anonymous_args = 0
 5612              		@ link register save eliminated.
 5613              	.LBB1862:
 5614              	.LBI1862:
 5615              		.loc 2 153 58 view .LVU1247
 5616              	.LVL351:
 5617              	.LBB1863:
 5618              	.LBB1864:
 5619              	.LBI1864:
   4:gui.cpp       **** 
 5620              		.loc 2 4 1 view .LVU1248
 5621              	.LBB1865:
 5622              	.LBB1866:
 5623              	.LBB1867:
 5624              	.LBI1867:
  47:gui.hpp       **** public:
 5625              		.loc 1 47 7 view .LVU1249
  47:gui.hpp       **** public:
 5626              		.loc 1 47 7 is_stmt 0 view .LVU1250
 5627              	.LBE1867:
 5628              	.LBE1866:
 5629              	.LBE1865:
 5630              	.LBE1864:
 5631              	.LBE1863:
 5632              	.LBE1862:
 5633              		.loc 2 153 58 view .LVU1251
 5634 0000 70B4     		push	{r4, r5, r6}
 5635              		.cfi_def_cfa_offset 12
 5636              		.cfi_offset 4, -12
 5637              		.cfi_offset 5, -8
 5638              		.cfi_offset 6, -4
 5639              	.LBB2000:
 5640              	.LBB1998:
 5641              	.LBB1872:
 5642              	.LBB1870:
 5643              	.LBB1868:
   4:gui.cpp       **** 
 5644              		.loc 2 4 116 view .LVU1252
 5645 0002 1B4A     		ldr	r2, .L335
 5646 0004 0424     		movs	r4, #4
ARM GAS  C:\Users\FINNDY~1\AppData\Local\Temp\ccFWr46h.s 			page 206


 5647 0006 1B49     		ldr	r1, .L335+4
 5648 0008 1B48     		ldr	r0, .L335+8
 5649              	.LBE1868:
 5650              	.LBE1870:
 5651              	.LBE1872:
 5652              	.LBB1873:
 5653              	.LBB1874:
 5654              	.LBB1875:
 5655 000a 1C4B     		ldr	r3, .L335+12
 5656              	.LBE1875:
 5657              	.LBE1874:
 5658              	.LBE1873:
 5659              	.LBB1885:
 5660              	.LBB1871:
 5661              	.LBB1869:
 5662 000c 0A60     		str	r2, [r1]
 5663 000e 8C60     		str	r4, [r1, #8]
 5664 0010 0861     		str	r0, [r1, #16]
 5665              	.LVL352:
   4:gui.cpp       **** 
 5666              		.loc 2 4 116 view .LVU1253
 5667              	.LBE1869:
 5668              	.LBE1871:
 5669              	.LBE1885:
 5670              	.LBB1886:
 5671              	.LBI1873:
   4:gui.cpp       **** 
 5672              		.loc 2 4 1 is_stmt 1 view .LVU1254
 5673              	.LBB1881:
 5674              	.LBB1877:
 5675              	.LBB1876:
 5676              	.LBI1876:
  47:gui.hpp       **** public:
 5677              		.loc 1 47 7 view .LVU1255
  47:gui.hpp       **** public:
 5678              		.loc 1 47 7 is_stmt 0 view .LVU1256
 5679              	.LBE1876:
 5680              	.LBE1877:
 5681              	.LBE1881:
 5682              	.LBE1886:
 5683              	.LBB1887:
 5684              	.LBB1888:
 5685              	.LBB1889:
  68:gui.hpp       **** 
  69:gui.hpp       **** };
  70:gui.hpp       **** 
  71:gui.hpp       **** template <typename T>
  72:gui.hpp       **** class ParameterScrollElement : public ScrollElement {
  73:gui.hpp       **** public:
  74:gui.hpp       **** 
  75:gui.hpp       ****     EffectParameter<T>* parameter;
  76:gui.hpp       **** 
  77:gui.hpp       ****     ParameterScrollElement() : ScrollElement(), parameter(nullptr) {}
  78:gui.hpp       ****     ParameterScrollElement(EffectParameter<T>* parameter, const char* name) : ScrollElement(nullptr
  79:gui.hpp       **** 
  80:gui.hpp       ****     void OnSelect(Window** currentWindow) override;
  81:gui.hpp       **** 
ARM GAS  C:\Users\FINNDY~1\AppData\Local\Temp\ccFWr46h.s 			page 207


  82:gui.hpp       **** };
  83:gui.hpp       **** 
  84:gui.hpp       **** class ToggleControlScrollElement : public ScrollElement {
  85:gui.hpp       ****     
  86:gui.hpp       ****     ToggleControl* control;
  87:gui.hpp       **** 
  88:gui.hpp       **** public:
  89:gui.hpp       **** 
  90:gui.hpp       ****     char nameBuf[9]; // this is dumb
  91:gui.hpp       **** 
  92:gui.hpp       ****     ToggleControlScrollElement(ToggleControl* button) : ScrollElement(nullptr, nameBuf), control(bu
  93:gui.hpp       ****     void OnSelect(Window** currentWindow) override;
  94:gui.hpp       **** 
  95:gui.hpp       **** };
  96:gui.hpp       **** 
  97:gui.hpp       **** class VariableControlScrollElement: public ScrollElement {
  98:gui.hpp       **** 
  99:gui.hpp       ****     VariableControl* control;
 100:gui.hpp       **** 
 101:gui.hpp       **** public:
 102:gui.hpp       **** 
 103:gui.hpp       ****     char nameBuf[7];
 104:gui.hpp       **** 
 105:gui.hpp       ****     VariableControlScrollElement(VariableControl* pot) : ScrollElement(nullptr, nameBuf), control(p
 106:gui.hpp       ****     void OnSelect(Window** currentWindow) override;
 107:gui.hpp       **** 
 108:gui.hpp       **** };
 109:gui.hpp       **** 
 110:gui.hpp       **** 
 111:gui.hpp       **** class ScrollWindow : public Window {
 112:gui.hpp       **** 
 113:gui.hpp       ****     int numElements;
 114:gui.hpp       ****     int currentElement;
 115:gui.hpp       ****     ScrollElement** elements;
 116:gui.hpp       **** 
 117:gui.hpp       **** public:
 118:gui.hpp       ****     ScrollWindow(int numElements, ScrollElement** elements);
 119:gui.hpp       ****     ScrollWindow(int numElements, ScrollElement* realElements, ScrollElement** elements);
 120:gui.hpp       ****     void update(bool encoderPress, int encoderMove, Window** currentWindow);
 121:gui.hpp       ****     void draw(Display* d);
 122:gui.hpp       **** 
 123:gui.hpp       **** };
 124:gui.hpp       **** 
 125:gui.hpp       **** template <typename T>
 126:gui.hpp       **** class ParameterWindow : public Window {
 127:gui.hpp       **** 
 128:gui.hpp       ****     // different update & draw implementation depending on parameter type
 129:gui.hpp       ****     // int -> scroll changes number by 1/-1
 130:gui.hpp       ****     // float -> scroll changes number by 0.01 or something, maybe per decimal place idk, maybe have
 131:gui.hpp       ****     // bool -> select toggles
 132:gui.hpp       **** 
 133:gui.hpp       **** public:
 134:gui.hpp       ****     EffectParameter<T>* parameter;
 135:gui.hpp       **** 
 136:gui.hpp       ****     ParameterWindow() : parameter(nullptr) {}
 5686              		.loc 1 136 42 view .LVU1257
 5687 0012 0020     		movs	r0, #0
ARM GAS  C:\Users\FINNDY~1\AppData\Local\Temp\ccFWr46h.s 			page 208


 5688              	.LBE1889:
 5689              	.LBE1888:
 5690              	.LBE1887:
 5691              	.LBB1901:
 5692              	.LBB1882:
 5693              	.LBB1878:
   4:gui.cpp       **** 
 5694              		.loc 2 4 116 view .LVU1258
 5695 0014 1A49     		ldr	r1, .L335+16
 5696              	.LBE1878:
 5697              	.LBE1882:
 5698              	.LBE1901:
 5699              	.LBB1902:
 5700              	.LBB1896:
 5701              	.LBB1891:
 5702              		.loc 1 136 42 view .LVU1259
 5703 0016 1B4E     		ldr	r6, .L335+20
 5704              	.LBE1891:
 5705              	.LBE1896:
 5706              	.LBE1902:
 5707              	.LBB1903:
 5708              	.LBB1904:
 5709              	.LBB1905:
 5710 0018 1B4D     		ldr	r5, .L335+24
 5711              	.LBE1905:
 5712              	.LBE1904:
 5713              	.LBE1903:
 5714              	.LBB1913:
 5715              	.LBB1883:
 5716              	.LBB1879:
   4:gui.cpp       **** 
 5717              		.loc 2 4 116 view .LVU1260
 5718 001a 1A60     		str	r2, [r3]
 5719 001c 1961     		str	r1, [r3, #16]
 5720              	.LVL353:
   4:gui.cpp       **** 
 5721              		.loc 2 4 116 view .LVU1261
 5722              	.LBE1879:
 5723              	.LBE1883:
 5724              	.LBE1913:
 5725              	.LBB1914:
 5726              	.LBI1887:
 5727              		.loc 1 136 5 is_stmt 1 view .LVU1262
 5728              	.LBB1897:
 5729              	.LBB1892:
 5730              	.LBB1890:
 5731              	.LBI1890:
  47:gui.hpp       **** public:
 5732              		.loc 1 47 7 view .LVU1263
  47:gui.hpp       **** public:
 5733              		.loc 1 47 7 is_stmt 0 view .LVU1264
 5734              	.LBE1890:
 5735              	.LBE1892:
 5736              	.LBE1897:
 5737              	.LBE1914:
 5738              	.LBB1915:
 5739              	.LBB1884:
ARM GAS  C:\Users\FINNDY~1\AppData\Local\Temp\ccFWr46h.s 			page 209


 5740              	.LBB1880:
   4:gui.cpp       **** 
 5741              		.loc 2 4 116 view .LVU1265
 5742 001e 9C60     		str	r4, [r3, #8]
 5743              	.LBE1880:
 5744              	.LBE1884:
 5745              	.LBE1915:
 5746              	.LBB1916:
 5747              	.LBB1917:
 5748              	.LBB1918:
  65:gui.hpp       **** 
 5749              		.loc 1 65 89 view .LVU1266
 5750 0020 1A4B     		ldr	r3, .L335+28
 5751 0022 1B49     		ldr	r1, .L335+32
 5752              	.LBE1918:
 5753              	.LBE1917:
 5754              	.LBE1916:
 5755              	.LBB1927:
 5756              	.LBB1928:
 5757              	.LBB1929:
 5758 0024 1861     		str	r0, [r3, #16]
 5759              	.LBE1929:
 5760              	.LBE1928:
 5761              	.LBE1927:
 5762              	.LBB1936:
 5763              	.LBB1937:
 5764              	.LBB1938:
 5765 0026 D861     		str	r0, [r3, #28]
 5766              	.LBE1938:
 5767              	.LBE1937:
 5768              	.LBE1936:
 5769              	.LBB1945:
 5770              	.LBB1898:
 5771              	.LBB1893:
 5772              		.loc 1 136 42 view .LVU1267
 5773 0028 B060     		str	r0, [r6, #8]
 5774              	.LVL354:
 5775              		.loc 1 136 42 view .LVU1268
 5776              	.LBE1893:
 5777              	.LBE1898:
 5778              	.LBE1945:
 5779              	.LBB1946:
 5780              	.LBI1903:
 5781              		.loc 1 136 5 is_stmt 1 view .LVU1269
 5782              	.LBB1910:
 5783              	.LBB1907:
 5784              	.LBB1906:
 5785              	.LBI1906:
  47:gui.hpp       **** public:
 5786              		.loc 1 47 7 view .LVU1270
  47:gui.hpp       **** public:
 5787              		.loc 1 47 7 is_stmt 0 view .LVU1271
 5788              	.LBE1906:
 5789              		.loc 1 136 42 view .LVU1272
 5790 002a A860     		str	r0, [r5, #8]
 5791              	.LVL355:
 5792              		.loc 1 136 42 view .LVU1273
ARM GAS  C:\Users\FINNDY~1\AppData\Local\Temp\ccFWr46h.s 			page 210


 5793              	.LBE1907:
 5794              	.LBE1910:
 5795              	.LBE1946:
 5796              	.LBB1947:
 5797              	.LBI1947:
   4:gui.cpp       **** 
 5798              		.loc 2 4 1 is_stmt 1 view .LVU1274
 5799              	.LBB1948:
 5800              	.LBB1949:
 5801              	.LBB1950:
 5802              	.LBI1950:
  47:gui.hpp       **** public:
 5803              		.loc 1 47 7 view .LVU1275
  47:gui.hpp       **** public:
 5804              		.loc 1 47 7 is_stmt 0 view .LVU1276
 5805              	.LBE1950:
 5806              	.LBE1949:
 5807              	.LBE1948:
 5808              	.LBE1947:
 5809              	.LBB1957:
 5810              	.LBB1899:
 5811              	.LBB1894:
 5812              		.loc 1 136 42 view .LVU1277
 5813 002c 1948     		ldr	r0, .L335+36
 5814              	.LBE1894:
 5815              	.LBE1899:
 5816              	.LBE1957:
 5817              	.LBB1958:
 5818              	.LBB1923:
 5819              	.LBB1919:
  65:gui.hpp       **** 
 5820              		.loc 1 65 89 view .LVU1278
 5821 002e 1960     		str	r1, [r3]
 5822              	.LBE1919:
 5823              	.LBE1923:
 5824              	.LBE1958:
 5825              	.LBB1959:
 5826              	.LBB1933:
 5827              	.LBB1930:
 5828 0030 D960     		str	r1, [r3, #12]
 5829              	.LBE1930:
 5830              	.LBE1933:
 5831              	.LBE1959:
 5832              	.LBB1960:
 5833              	.LBB1942:
 5834              	.LBB1939:
 5835 0032 9961     		str	r1, [r3, #24]
 5836              	.LBE1939:
 5837              	.LBE1942:
 5838              	.LBE1960:
 5839              	.LBB1961:
 5840              	.LBB1900:
 5841              	.LBB1895:
 5842              		.loc 1 136 42 view .LVU1279
 5843 0034 3060     		str	r0, [r6]
 5844              	.LBE1895:
 5845              	.LBE1900:
ARM GAS  C:\Users\FINNDY~1\AppData\Local\Temp\ccFWr46h.s 			page 211


 5846              	.LBE1961:
 5847              	.LBB1962:
 5848              	.LBB1943:
 5849              	.LBB1940:
  65:gui.hpp       **** 
 5850              		.loc 1 65 89 view .LVU1280
 5851 0036 1849     		ldr	r1, .L335+40
 5852              	.LBE1940:
 5853              	.LBE1943:
 5854              	.LBE1962:
 5855              	.LBB1963:
 5856              	.LBB1911:
 5857              	.LBB1908:
 5858              		.loc 1 136 42 view .LVU1281
 5859 0038 1848     		ldr	r0, .L335+44
 5860              	.LBE1908:
 5861              	.LBE1911:
 5862              	.LBE1963:
 5863              	.LBB1964:
 5864              	.LBB1944:
 5865              	.LBB1941:
  65:gui.hpp       **** 
 5866              		.loc 1 65 89 view .LVU1282
 5867 003a 1962     		str	r1, [r3, #32]
 5868              	.LBE1941:
 5869              	.LBE1944:
 5870              	.LBE1964:
 5871              	.LBB1965:
 5872              	.LBB1912:
 5873              	.LBB1909:
 5874              		.loc 1 136 42 view .LVU1283
 5875 003c 2860     		str	r0, [r5]
 5876              	.LBE1909:
 5877              	.LBE1912:
 5878              	.LBE1965:
 5879              	.LBB1966:
 5880              	.LBB1954:
 5881              	.LBB1951:
   4:gui.cpp       **** 
 5882              		.loc 2 4 116 view .LVU1284
 5883 003e 0E20     		movs	r0, #14
 5884 0040 1749     		ldr	r1, .L335+48
 5885              	.LBE1951:
 5886              	.LBE1954:
 5887              	.LBE1966:
 5888              	.LBB1967:
 5889              	.LBB1968:
 5890              	.LBB1969:
   6:gui.cpp       ****     for (int i = 0; i < numElements; i++) {
 5891              		.loc 2 6 145 view .LVU1285
 5892 0042 184C     		ldr	r4, .L335+52
 5893              	.LBE1969:
 5894              	.LBE1968:
 5895              	.LBE1967:
 5896              	.LBB1983:
 5897              	.LBB1955:
 5898              	.LBB1952:
ARM GAS  C:\Users\FINNDY~1\AppData\Local\Temp\ccFWr46h.s 			page 212


   4:gui.cpp       **** 
 5899              		.loc 2 4 116 view .LVU1286
 5900 0044 8860     		str	r0, [r1, #8]
 5901 0046 1848     		ldr	r0, .L335+56
 5902              	.LBE1952:
 5903              	.LBE1955:
 5904              	.LBE1983:
 5905              	.LBB1984:
 5906              	.LBB1924:
 5907              	.LBB1920:
  65:gui.hpp       **** 
 5908              		.loc 1 65 89 view .LVU1287
 5909 0048 5960     		str	r1, [r3, #4]
 5910              	.LBE1920:
 5911              	.LBE1924:
 5912              	.LBE1984:
 5913              	.LBB1985:
 5914              	.LBB1978:
 5915              	.LBB1973:
   6:gui.cpp       ****     for (int i = 0; i < numElements; i++) {
 5916              		.loc 2 6 145 view .LVU1288
 5917 004a 2260     		str	r2, [r4]
 5918              	.LBE1973:
 5919              	.LBE1978:
 5920              	.LBE1985:
 5921              	.LBB1986:
 5922              	.LBB1956:
 5923              	.LBB1953:
   4:gui.cpp       **** 
 5924              		.loc 2 4 116 view .LVU1289
 5925 004c 0A60     		str	r2, [r1]
 5926 004e 0861     		str	r0, [r1, #16]
 5927              	.LVL356:
   4:gui.cpp       **** 
 5928              		.loc 2 4 116 view .LVU1290
 5929              	.LBE1953:
 5930              	.LBE1956:
 5931              	.LBE1986:
 5932              	.LBB1987:
 5933              	.LBI1916:
  65:gui.hpp       **** 
 5934              		.loc 1 65 5 is_stmt 1 view .LVU1291
 5935              	.LBE1987:
 5936              	.LBB1988:
 5937              	.LBB1979:
 5938              	.LBB1974:
   6:gui.cpp       ****     for (int i = 0; i < numElements; i++) {
 5939              		.loc 2 6 145 is_stmt 0 view .LVU1292
 5940 0050 164A     		ldr	r2, .L335+60
 5941              	.LBE1974:
 5942              	.LBE1979:
 5943              	.LBE1988:
 5944              	.LBB1989:
 5945              	.LBB1925:
 5946              	.LBB1921:
  65:gui.hpp       **** 
 5947              		.loc 1 65 89 view .LVU1293
ARM GAS  C:\Users\FINNDY~1\AppData\Local\Temp\ccFWr46h.s 			page 213


 5948 0052 1748     		ldr	r0, .L335+64
 5949              	.LBE1921:
 5950              	.LBE1925:
 5951              	.LBE1989:
 5952              	.LBB1990:
 5953              	.LBB1934:
 5954              	.LBB1931:
 5955 0054 1749     		ldr	r1, .L335+68
 5956              	.LBE1931:
 5957              	.LBE1934:
 5958              	.LBE1990:
 5959              	.LBB1991:
 5960              	.LBB1926:
 5961              	.LBB1922:
 5962 0056 9860     		str	r0, [r3, #8]
 5963              	.LVL357:
  65:gui.hpp       **** 
 5964              		.loc 1 65 89 view .LVU1294
 5965              	.LBE1922:
 5966              	.LBE1926:
 5967              	.LBE1991:
 5968              	.LBB1992:
 5969              	.LBI1927:
  65:gui.hpp       **** 
 5970              		.loc 1 65 5 is_stmt 1 view .LVU1295
 5971              	.LBE1992:
 5972              	.LBB1993:
 5973              	.LBB1980:
 5974              	.LBB1975:
   6:gui.cpp       ****     for (int i = 0; i < numElements; i++) {
 5975              		.loc 2 6 145 is_stmt 0 view .LVU1296
 5976 0058 0320     		movs	r0, #3
 5977              	.LBE1975:
 5978              	.LBE1980:
 5979              	.LBE1993:
 5980              	.LBB1994:
 5981              	.LBB1935:
 5982              	.LBB1932:
  65:gui.hpp       **** 
 5983              		.loc 1 65 89 view .LVU1297
 5984 005a 5961     		str	r1, [r3, #20]
 5985              	.LVL358:
  65:gui.hpp       **** 
 5986              		.loc 1 65 89 view .LVU1298
 5987              	.LBE1932:
 5988              	.LBE1935:
 5989              	.LBE1994:
 5990              	.LBB1995:
 5991              	.LBI1936:
  65:gui.hpp       **** 
 5992              		.loc 1 65 5 is_stmt 1 view .LVU1299
  65:gui.hpp       **** 
 5993              		.loc 1 65 5 is_stmt 0 view .LVU1300
 5994              	.LBE1995:
 5995              	.LBB1996:
 5996              	.LBI1967:
   6:gui.cpp       ****     for (int i = 0; i < numElements; i++) {
ARM GAS  C:\Users\FINNDY~1\AppData\Local\Temp\ccFWr46h.s 			page 214


 5997              		.loc 2 6 1 is_stmt 1 view .LVU1301
 5998              	.LBB1981:
 5999              	.LBB1976:
 6000              	.LBB1970:
 6001              	.LBI1970:
  47:gui.hpp       **** public:
 6002              		.loc 1 47 7 view .LVU1302
  47:gui.hpp       **** public:
 6003              		.loc 1 47 7 is_stmt 0 view .LVU1303
 6004              	.LBE1970:
 6005              	.LBE1976:
 6006              	.LBE1981:
 6007              	.LBE1996:
 6008              	.LBE1998:
 6009              	.LBE2000:
   7:gui.cpp       ****         elements[i] = &realElements[i];
 6010              		.loc 2 7 5 is_stmt 1 view .LVU1304
 6011              	.LBB2001:
 6012              	.LBB1999:
 6013              	.LBB1997:
 6014              	.LBB1982:
 6015              	.LBB1977:
 6016              	.LBB1971:
   7:gui.cpp       ****         elements[i] = &realElements[i];
 6017              		.loc 2 7 23 view .LVU1305
   8:gui.cpp       ****     }
 6018              		.loc 2 8 9 view .LVU1306
   7:gui.cpp       ****         elements[i] = &realElements[i];
 6019              		.loc 2 7 5 view .LVU1307
   7:gui.cpp       ****         elements[i] = &realElements[i];
 6020              		.loc 2 7 23 view .LVU1308
   8:gui.cpp       ****     }
 6021              		.loc 2 8 9 view .LVU1309
   8:gui.cpp       ****     }
 6022              		.loc 2 8 21 is_stmt 0 view .LVU1310
 6023 005c 03F10C01 		add	r1, r3, #12
 6024 0060 1360     		str	r3, [r2]
 6025 0062 1833     		adds	r3, r3, #24
 6026              	.LBE1971:
   6:gui.cpp       ****     for (int i = 0; i < numElements; i++) {
 6027              		.loc 2 6 145 view .LVU1311
 6028 0064 2261     		str	r2, [r4, #16]
 6029 0066 A060     		str	r0, [r4, #8]
 6030              	.LBB1972:
   8:gui.cpp       ****     }
 6031              		.loc 2 8 21 view .LVU1312
 6032 0068 C2E90113 		strd	r1, r3, [r2, #4]
   7:gui.cpp       ****         elements[i] = &realElements[i];
 6033              		.loc 2 7 5 is_stmt 1 view .LVU1313
 6034              	.LVL359:
   7:gui.cpp       ****         elements[i] = &realElements[i];
 6035              		.loc 2 7 23 view .LVU1314
   7:gui.cpp       ****         elements[i] = &realElements[i];
 6036              		.loc 2 7 23 is_stmt 0 view .LVU1315
 6037              	.LBE1972:
 6038              	.LBE1977:
 6039              	.LBE1982:
ARM GAS  C:\Users\FINNDY~1\AppData\Local\Temp\ccFWr46h.s 			page 215


 6040              	.LBE1997:
 6041              	.LBE1999:
 6042              	.LBE2001:
 6043              		.loc 2 153 58 view .LVU1316
 6044 006c 70BC     		pop	{r4, r5, r6}
 6045              		.cfi_restore 6
 6046              		.cfi_restore 5
 6047              		.cfi_restore 4
 6048              		.cfi_def_cfa_offset 0
 6049 006e 7047     		bx	lr
 6050              	.L336:
 6051              		.align	2
 6052              	.L335:
 6053 0070 08000000 		.word	.LANCHOR5+8
 6054 0074 00000000 		.word	.LANCHOR4
 6055 0078 00000000 		.word	.LANCHOR9
 6056 007c 00000000 		.word	.LANCHOR3
 6057 0080 00000000 		.word	.LANCHOR10
 6058 0084 00000000 		.word	.LANCHOR6
 6059 0088 00000000 		.word	.LANCHOR7
 6060 008c 00000000 		.word	.LANCHOR13
 6061 0090 08000000 		.word	_ZTV13ScrollElement+8
 6062 0094 08000000 		.word	_ZTV15ParameterWindowIfE+8
 6063 0098 1C000000 		.word	.LC5
 6064 009c 08000000 		.word	_ZTV15ParameterWindowIbE+8
 6065 00a0 00000000 		.word	.LANCHOR11
 6066 00a4 00000000 		.word	.LANCHOR1
 6067 00a8 00000000 		.word	.LANCHOR12
 6068 00ac 00000000 		.word	.LANCHOR14
 6069 00b0 00000000 		.word	.LC3
 6070 00b4 0C000000 		.word	.LC4
 6071              		.cfi_endproc
 6072              	.LFE7602:
 6074              		.section	.init_array,"aw",%init_array
 6075              		.align	2
 6076 0000 00000000 		.word	_GLOBAL__sub_I__ZN12ScrollWindowC2EiPP13ScrollElement(target1)
 6077              		.weak	_ZTV13ScrollElement
 6078              		.section	.rodata._ZTV13ScrollElement,"aG",%progbits,_ZTV13ScrollElement,comdat
 6079              		.align	2
 6082              	_ZTV13ScrollElement:
 6083 0000 00000000 		.word	0
 6084 0004 00000000 		.word	0
 6085 0008 00000000 		.word	_ZN13ScrollElement8OnSelectEPP6Window
 6086              		.global	_ZTV26ToggleControlScrollElement
 6087              		.global	_ZTV28VariableControlScrollElement
 6088              		.global	_ZTV12ScrollWindow
 6089              		.weak	_ZTV15ParameterWindowIfE
 6090              		.section	.rodata._ZTV15ParameterWindowIfE,"aG",%progbits,_ZTV15ParameterWindowIfE,comdat
 6091              		.align	2
 6094              	_ZTV15ParameterWindowIfE:
 6095 0000 00000000 		.word	0
 6096 0004 00000000 		.word	0
 6097 0008 00000000 		.word	_ZN15ParameterWindowIfE6updateEbiPP6Window
 6098 000c 00000000 		.word	_ZN15ParameterWindowIfE4drawEPN5daisy11OledDisplayINS1_13SSD130xDriverILj128ELj64ENS1_19SSD1
 6099              		.weak	_ZTV15ParameterWindowIbE
 6100              		.section	.rodata._ZTV15ParameterWindowIbE,"aG",%progbits,_ZTV15ParameterWindowIbE,comdat
 6101              		.align	2
ARM GAS  C:\Users\FINNDY~1\AppData\Local\Temp\ccFWr46h.s 			page 216


 6104              	_ZTV15ParameterWindowIbE:
 6105 0000 00000000 		.word	0
 6106 0004 00000000 		.word	0
 6107 0008 00000000 		.word	_ZN15ParameterWindowIbE6updateEbiPP6Window
 6108 000c 00000000 		.word	_ZN15ParameterWindowIbE4drawEPN5daisy11OledDisplayINS1_13SSD130xDriverILj128ELj64ENS1_19SSD1
 6109              		.global	mainWindow
 6110              		.global	a
 6111              		.global	mainOptions
 6112              		.global	parametersWindow
 6113              		.global	parameterOptions
 6114              		.global	boolParamWindow
 6115              		.global	floatParamWindow
 6116              		.global	drawPctBuf
 6117              		.global	toggleControlsWindow
 6118              		.global	toggleControlOptions
 6119              		.global	selectedBoolParam
 6120              		.global	variableControlsWindow
 6121              		.global	varControlOptions
 6122              		.global	selectedFloatParam
 6123              		.section	.bss.a,"aw",%nobits
 6124              		.align	2
 6125              		.set	.LANCHOR14,. + 0
 6128              	a:
 6129 0000 00000000 		.space	12
 6129      00000000 
 6129      00000000 
 6130              		.section	.bss.boolParamWindow,"aw",%nobits
 6131              		.align	2
 6132              		.set	.LANCHOR7,. + 0
 6135              	boolParamWindow:
 6136 0000 00000000 		.space	12
 6136      00000000 
 6136      00000000 
 6137              		.section	.bss.drawPctBuf,"aw",%nobits
 6138              		.align	2
 6139              		.set	.LANCHOR8,. + 0
 6142              	drawPctBuf:
 6143 0000 00000000 		.space	5
 6143      00
 6144              		.section	.bss.floatParamWindow,"aw",%nobits
 6145              		.align	2
 6146              		.set	.LANCHOR6,. + 0
 6149              	floatParamWindow:
 6150 0000 00000000 		.space	12
 6150      00000000 
 6150      00000000 
 6151              		.section	.bss.mainOptions,"aw",%nobits
 6152              		.align	2
 6153              		.set	.LANCHOR13,. + 0
 6156              	mainOptions:
 6157 0000 00000000 		.space	36
 6157      00000000 
 6157      00000000 
 6157      00000000 
 6157      00000000 
 6158              		.section	.bss.mainWindow,"aw",%nobits
 6159              		.align	2
ARM GAS  C:\Users\FINNDY~1\AppData\Local\Temp\ccFWr46h.s 			page 217


 6160              		.set	.LANCHOR1,. + 0
 6163              	mainWindow:
 6164 0000 00000000 		.space	20
 6164      00000000 
 6164      00000000 
 6164      00000000 
 6164      00000000 
 6165              		.section	.bss.parameterOptions,"aw",%nobits
 6166              		.align	2
 6167              		.set	.LANCHOR12,. + 0
 6170              	parameterOptions:
 6171 0000 00000000 		.space	56
 6171      00000000 
 6171      00000000 
 6171      00000000 
 6171      00000000 
 6172              		.section	.bss.parametersWindow,"aw",%nobits
 6173              		.align	2
 6174              		.set	.LANCHOR11,. + 0
 6177              	parametersWindow:
 6178 0000 00000000 		.space	20
 6178      00000000 
 6178      00000000 
 6178      00000000 
 6178      00000000 
 6179              		.section	.bss.selectedBoolParam,"aw",%nobits
 6180              		.align	2
 6181              		.set	.LANCHOR0,. + 0
 6184              	selectedBoolParam:
 6185 0000 00000000 		.space	4
 6186              		.section	.bss.selectedFloatParam,"aw",%nobits
 6187              		.align	2
 6188              		.set	.LANCHOR2,. + 0
 6191              	selectedFloatParam:
 6192 0000 00000000 		.space	4
 6193              		.section	.bss.toggleControlOptions,"aw",%nobits
 6194              		.align	2
 6195              		.set	.LANCHOR10,. + 0
 6198              	toggleControlOptions:
 6199 0000 00000000 		.space	16
 6199      00000000 
 6199      00000000 
 6199      00000000 
 6200              		.section	.bss.toggleControlsWindow,"aw",%nobits
 6201              		.align	2
 6202              		.set	.LANCHOR3,. + 0
 6205              	toggleControlsWindow:
 6206 0000 00000000 		.space	20
 6206      00000000 
 6206      00000000 
 6206      00000000 
 6206      00000000 
 6207              		.section	.bss.varControlOptions,"aw",%nobits
 6208              		.align	2
 6209              		.set	.LANCHOR9,. + 0
 6212              	varControlOptions:
 6213 0000 00000000 		.space	16
ARM GAS  C:\Users\FINNDY~1\AppData\Local\Temp\ccFWr46h.s 			page 218


 6213      00000000 
 6213      00000000 
 6213      00000000 
 6214              		.section	.bss.variableControlsWindow,"aw",%nobits
 6215              		.align	2
 6216              		.set	.LANCHOR4,. + 0
 6219              	variableControlsWindow:
 6220 0000 00000000 		.space	20
 6220      00000000 
 6220      00000000 
 6220      00000000 
 6220      00000000 
 6221              		.section	.rodata._ZTV12ScrollWindow,"a"
 6222              		.align	2
 6223              		.set	.LANCHOR5,. + 0
 6226              	_ZTV12ScrollWindow:
 6227 0000 00000000 		.word	0
 6228 0004 00000000 		.word	0
 6229 0008 00000000 		.word	_ZN12ScrollWindow6updateEbiPP6Window
 6230 000c 00000000 		.word	_ZN12ScrollWindow4drawEPN5daisy11OledDisplayINS0_13SSD130xDriverILj128ELj64ENS0_19SSD130xI2C
 6231              		.section	.rodata._ZTV26ToggleControlScrollElement,"a"
 6232              		.align	2
 6235              	_ZTV26ToggleControlScrollElement:
 6236 0000 00000000 		.word	0
 6237 0004 00000000 		.word	0
 6238 0008 00000000 		.word	_ZN26ToggleControlScrollElement8OnSelectEPP6Window
 6239              		.section	.rodata._ZTV28VariableControlScrollElement,"a"
 6240              		.align	2
 6243              	_ZTV28VariableControlScrollElement:
 6244 0000 00000000 		.word	0
 6245 0004 00000000 		.word	0
 6246 0008 00000000 		.word	_ZN28VariableControlScrollElement8OnSelectEPP6Window
 6247              		.text
 6248              	.Letext0:
 6249              		.file 8 "c:\\program files\\daisytoolchain\\arm-none-eabi\\include\\machine\\_default_types.h"
 6250              		.file 9 "c:\\program files\\daisytoolchain\\arm-none-eabi\\include\\sys\\_stdint.h"
 6251              		.file 10 "c:\\program files\\daisytoolchain\\arm-none-eabi\\include\\stdint.h"
 6252              		.file 11 "c:\\program files\\daisytoolchain\\lib\\gcc\\arm-none-eabi\\10.2.1\\include\\stddef.h"
 6253              		.file 12 "c:\\program files\\daisytoolchain\\arm-none-eabi\\include\\c++\\10.2.1\\cmath"
 6254              		.file 13 "c:\\program files\\daisytoolchain\\arm-none-eabi\\include\\c++\\10.2.1\\type_traits"
 6255              		.file 14 "c:\\program files\\daisytoolchain\\arm-none-eabi\\include\\c++\\10.2.1\\debug\\debug.h"
 6256              		.file 15 "c:\\program files\\daisytoolchain\\arm-none-eabi\\include\\c++\\10.2.1\\bits\\std_abs.h"
 6257              		.file 16 "c:\\program files\\daisytoolchain\\arm-none-eabi\\include\\c++\\10.2.1\\cstdlib"
 6258              		.file 17 "c:\\program files\\daisytoolchain\\arm-none-eabi\\include\\c++\\10.2.1\\cstdint"
 6259              		.file 18 "c:\\program files\\daisytoolchain\\arm-none-eabi\\include\\c++\\10.2.1\\arm-none-eabi\\t
 6260              		.file 19 "c:\\program files\\daisytoolchain\\arm-none-eabi\\include\\c++\\10.2.1\\bits\\algorithmf
 6261              		.file 20 "c:\\program files\\daisytoolchain\\arm-none-eabi\\include\\c++\\10.2.1\\bits\\exception_
 6262              		.file 21 "c:\\program files\\daisytoolchain\\arm-none-eabi\\include\\c++\\10.2.1\\tr1\\special_fun
 6263              		.file 22 "c:\\program files\\daisytoolchain\\arm-none-eabi\\include\\c++\\10.2.1\\functional"
 6264              		.file 23 "c:\\program files\\daisytoolchain\\arm-none-eabi\\include\\c++\\10.2.1\\cstdarg"
 6265              		.file 24 "c:\\program files\\daisytoolchain\\arm-none-eabi\\include\\c++\\10.2.1\\cstdio"
 6266              		.file 25 "c:\\program files\\daisytoolchain\\arm-none-eabi\\include\\c++\\10.2.1\\cstring"
 6267              		.file 26 "c:\\program files\\daisytoolchain\\arm-none-eabi\\include\\c++\\10.2.1\\cwchar"
 6268              		.file 27 "c:\\program files\\daisytoolchain\\arm-none-eabi\\include\\c++\\10.2.1\\string_view"
 6269              		.file 28 "c:\\program files\\daisytoolchain\\arm-none-eabi\\include\\c++\\10.2.1\\bits\\basic_stri
 6270              		.file 29 "c:\\program files\\daisytoolchain\\arm-none-eabi\\include\\c++\\10.2.1\\complex"
 6271              		.file 30 "c:\\program files\\daisytoolchain\\arm-none-eabi\\include\\c++\\10.2.1\\clocale"
ARM GAS  C:\Users\FINNDY~1\AppData\Local\Temp\ccFWr46h.s 			page 219


 6272              		.file 31 "c:\\program files\\daisytoolchain\\arm-none-eabi\\include\\c++\\10.2.1\\cwctype"
 6273              		.file 32 "c:\\program files\\daisytoolchain\\arm-none-eabi\\include\\c++\\10.2.1\\bits\\predefined
 6274              		.file 33 "c:\\program files\\daisytoolchain\\arm-none-eabi\\include\\sys\\_types.h"
 6275              		.file 34 "c:\\program files\\daisytoolchain\\arm-none-eabi\\include\\sys\\reent.h"
 6276              		.file 35 "c:\\program files\\daisytoolchain\\arm-none-eabi\\include\\sys\\lock.h"
 6277              		.file 36 "c:\\program files\\daisytoolchain\\arm-none-eabi\\include\\math.h"
 6278              		.file 37 "c:\\program files\\daisytoolchain\\arm-none-eabi\\include\\stdlib.h"
 6279              		.file 38 "c:\\program files\\daisytoolchain\\arm-none-eabi\\include\\c++\\10.2.1\\math.h"
 6280              		.file 39 "c:\\program files\\daisytoolchain\\arm-none-eabi\\include\\c++\\10.2.1\\stdlib.h"
 6281              		.file 40 "../../libDaisy/src/daisy_core.h"
 6282              		.file 41 "../../libDaisy/src/per/i2c.h"
 6283              		.file 42 "../../libDaisy/src/util/wav_format.h"
 6284              		.file 43 "../../libDaisy/src/dev/max11300.h"
 6285              		.file 44 "../../libDaisy/src/daisy_seed.h"
 6286              		.file 45 "c:\\program files\\daisytoolchain\\arm-none-eabi\\include\\c++\\10.2.1\\pstl\\execution_
 6287              		.file 46 "c:\\program files\\daisytoolchain\\lib\\gcc\\arm-none-eabi\\10.2.1\\include\\stdarg.h"
 6288              		.file 47 "c:\\program files\\daisytoolchain\\arm-none-eabi\\include\\stdio.h"
 6289              		.file 48 "../../libDaisy/src/util/oled_fonts.h"
 6290              		.file 49 "c:\\program files\\daisytoolchain\\arm-none-eabi\\include\\string.h"
 6291              		.file 50 "c:\\program files\\daisytoolchain\\arm-none-eabi\\include\\wchar.h"
 6292              		.file 51 "c:\\program files\\daisytoolchain\\arm-none-eabi\\include\\locale.h"
 6293              		.file 52 "c:\\program files\\daisytoolchain\\arm-none-eabi\\include\\wctype.h"
 6294              		.file 53 "../../DaisySP/Source/Control/adenv.h"
 6295              		.file 54 "../../DaisySP/Source/Utility/dsp.h"
 6296              		.file 55 "effect.hpp"
 6297              		.file 56 "<built-in>"
 6298              		.file 57 "../../libDaisy/src/dev/sr_595.h"
ARM GAS  C:\Users\FINNDY~1\AppData\Local\Temp\ccFWr46h.s 			page 220


DEFINED SYMBOLS
                            *ABS*:00000000 gui.cpp
C:\Users\FINNDY~1\AppData\Local\Temp\ccFWr46h.s:17     .text._ZN13ScrollElement8OnSelectEPP6Window:00000000 $t
C:\Users\FINNDY~1\AppData\Local\Temp\ccFWr46h.s:26     .text._ZN13ScrollElement8OnSelectEPP6Window:00000000 _ZN13ScrollElement8OnSelectEPP6Window
C:\Users\FINNDY~1\AppData\Local\Temp\ccFWr46h.s:41     .text._ZN12ScrollWindow6updateEbiPP6Window:00000000 $t
C:\Users\FINNDY~1\AppData\Local\Temp\ccFWr46h.s:49     .text._ZN12ScrollWindow6updateEbiPP6Window:00000000 _ZN12ScrollWindow6updateEbiPP6Window
C:\Users\FINNDY~1\AppData\Local\Temp\ccFWr46h.s:146    .text._ZN26ToggleControlScrollElement8OnSelectEPP6Window:00000000 $t
C:\Users\FINNDY~1\AppData\Local\Temp\ccFWr46h.s:154    .text._ZN26ToggleControlScrollElement8OnSelectEPP6Window:00000000 _ZN26ToggleControlScrollElement8OnSelectEPP6Window
C:\Users\FINNDY~1\AppData\Local\Temp\ccFWr46h.s:198    .text._ZN26ToggleControlScrollElement8OnSelectEPP6Window:0000001c $d
C:\Users\FINNDY~1\AppData\Local\Temp\ccFWr46h.s:204    .text._ZN28VariableControlScrollElement8OnSelectEPP6Window:00000000 $t
C:\Users\FINNDY~1\AppData\Local\Temp\ccFWr46h.s:212    .text._ZN28VariableControlScrollElement8OnSelectEPP6Window:00000000 _ZN28VariableControlScrollElement8OnSelectEPP6Window
C:\Users\FINNDY~1\AppData\Local\Temp\ccFWr46h.s:256    .text._ZN28VariableControlScrollElement8OnSelectEPP6Window:0000001c $d
C:\Users\FINNDY~1\AppData\Local\Temp\ccFWr46h.s:262    .text._ZNK5daisy11OledDisplayINS_13SSD130xDriverILj128ELj64ENS_19SSD130xI2CTransportEEEE5WidthEv:00000000 $t
C:\Users\FINNDY~1\AppData\Local\Temp\ccFWr46h.s:270    .text._ZNK5daisy11OledDisplayINS_13SSD130xDriverILj128ELj64ENS_19SSD130xI2CTransportEEEE5WidthEv:00000000 _ZNK5daisy11OledDisplayINS_13SSD130xDriverILj128ELj64ENS_19SSD130xI2CTransportEEEE5WidthEv
C:\Users\FINNDY~1\AppData\Local\Temp\ccFWr46h.s:288    .text._ZN15ParameterWindowIbE6updateEbiPP6Window:00000000 $t
C:\Users\FINNDY~1\AppData\Local\Temp\ccFWr46h.s:296    .text._ZN15ParameterWindowIbE6updateEbiPP6Window:00000000 _ZN15ParameterWindowIbE6updateEbiPP6Window
C:\Users\FINNDY~1\AppData\Local\Temp\ccFWr46h.s:383    .text._ZN15ParameterWindowIbE6updateEbiPP6Window:00000030 $d
C:\Users\FINNDY~1\AppData\Local\Temp\ccFWr46h.s:389    .text._ZN15ParameterWindowIfE6updateEbiPP6Window:00000000 $t
C:\Users\FINNDY~1\AppData\Local\Temp\ccFWr46h.s:397    .text._ZN15ParameterWindowIfE6updateEbiPP6Window:00000000 _ZN15ParameterWindowIfE6updateEbiPP6Window
C:\Users\FINNDY~1\AppData\Local\Temp\ccFWr46h.s:510    .text._ZN15ParameterWindowIfE6updateEbiPP6Window:00000060 $d
C:\Users\FINNDY~1\AppData\Local\Temp\ccFWr46h.s:518    .text._ZN5daisy25OneBitGraphicsDisplayImplINS_11OledDisplayINS_13SSD130xDriverILj128ELj64ENS_19SSD130xI2CTransportEEEEEE8DrawLineEjjjjb:00000000 $t
C:\Users\FINNDY~1\AppData\Local\Temp\ccFWr46h.s:526    .text._ZN5daisy25OneBitGraphicsDisplayImplINS_11OledDisplayINS_13SSD130xDriverILj128ELj64ENS_19SSD130xI2CTransportEEEEEE8DrawLineEjjjjb:00000000 _ZN5daisy25OneBitGraphicsDisplayImplINS_11OledDisplayINS_13SSD130xDriverILj128ELj64ENS_19SSD130xI2CTransportEEEEEE8DrawLineEjjjjb
C:\Users\FINNDY~1\AppData\Local\Temp\ccFWr46h.s:813    .text._ZN12ScrollWindow4drawEPN5daisy11OledDisplayINS0_13SSD130xDriverILj128ELj64ENS0_19SSD130xI2CTransportEEEEE:00000000 $t
C:\Users\FINNDY~1\AppData\Local\Temp\ccFWr46h.s:821    .text._ZN12ScrollWindow4drawEPN5daisy11OledDisplayINS0_13SSD130xDriverILj128ELj64ENS0_19SSD130xI2CTransportEEEEE:00000000 _ZN12ScrollWindow4drawEPN5daisy11OledDisplayINS0_13SSD130xDriverILj128ELj64ENS0_19SSD130xI2CTransportEEEEE
C:\Users\FINNDY~1\AppData\Local\Temp\ccFWr46h.s:1597   .text._ZN12ScrollWindow4drawEPN5daisy11OledDisplayINS0_13SSD130xDriverILj128ELj64ENS0_19SSD130xI2CTransportEEEEE:0000030c $d
C:\Users\FINNDY~1\AppData\Local\Temp\ccFWr46h.s:1606   .text._ZN12ScrollWindow4drawEPN5daisy11OledDisplayINS0_13SSD130xDriverILj128ELj64ENS0_19SSD130xI2CTransportEEEEE:00000318 $t
C:\Users\FINNDY~1\AppData\Local\Temp\ccFWr46h.s:1708   .text._ZN12ScrollWindow4drawEPN5daisy11OledDisplayINS0_13SSD130xDriverILj128ELj64ENS0_19SSD130xI2CTransportEEEEE:0000036c $d
C:\Users\FINNDY~1\AppData\Local\Temp\ccFWr46h.s:1720   .text._ZN12ScrollWindowC2EiPP13ScrollElement:00000000 $t
C:\Users\FINNDY~1\AppData\Local\Temp\ccFWr46h.s:1728   .text._ZN12ScrollWindowC2EiPP13ScrollElement:00000000 _ZN12ScrollWindowC2EiPP13ScrollElement
C:\Users\FINNDY~1\AppData\Local\Temp\ccFWr46h.s:1762   .text._ZN12ScrollWindowC2EiPP13ScrollElement:00000010 $d
C:\Users\FINNDY~1\AppData\Local\Temp\ccFWr46h.s:1728   .text._ZN12ScrollWindowC2EiPP13ScrollElement:00000000 _ZN12ScrollWindowC1EiPP13ScrollElement
C:\Users\FINNDY~1\AppData\Local\Temp\ccFWr46h.s:1769   .text._ZN12ScrollWindowC2EiP13ScrollElementPS1_:00000000 $t
C:\Users\FINNDY~1\AppData\Local\Temp\ccFWr46h.s:1777   .text._ZN12ScrollWindowC2EiP13ScrollElementPS1_:00000000 _ZN12ScrollWindowC2EiP13ScrollElementPS1_
C:\Users\FINNDY~1\AppData\Local\Temp\ccFWr46h.s:1835   .text._ZN12ScrollWindowC2EiP13ScrollElementPS1_:00000024 $d
C:\Users\FINNDY~1\AppData\Local\Temp\ccFWr46h.s:1777   .text._ZN12ScrollWindowC2EiP13ScrollElementPS1_:00000000 _ZN12ScrollWindowC1EiP13ScrollElementPS1_
C:\Users\FINNDY~1\AppData\Local\Temp\ccFWr46h.s:1842   .text._ZN22ParameterScrollElementIfE8OnSelectEPP6Window:00000000 $t
C:\Users\FINNDY~1\AppData\Local\Temp\ccFWr46h.s:1850   .text._ZN22ParameterScrollElementIfE8OnSelectEPP6Window:00000000 _ZN22ParameterScrollElementIfE8OnSelectEPP6Window
C:\Users\FINNDY~1\AppData\Local\Temp\ccFWr46h.s:1873   .text._ZN22ParameterScrollElementIfE8OnSelectEPP6Window:0000000c $d
C:\Users\FINNDY~1\AppData\Local\Temp\ccFWr46h.s:1878   .text._ZN22ParameterScrollElementIbE8OnSelectEPP6Window:00000000 $t
C:\Users\FINNDY~1\AppData\Local\Temp\ccFWr46h.s:1886   .text._ZN22ParameterScrollElementIbE8OnSelectEPP6Window:00000000 _ZN22ParameterScrollElementIbE8OnSelectEPP6Window
C:\Users\FINNDY~1\AppData\Local\Temp\ccFWr46h.s:1909   .text._ZN22ParameterScrollElementIbE8OnSelectEPP6Window:0000000c $d
C:\Users\FINNDY~1\AppData\Local\Temp\ccFWr46h.s:1914   .text._ZN5daisy25OneBitGraphicsDisplayImplINS_11OledDisplayINS_13SSD130xDriverILj128ELj64ENS_19SSD130xI2CTransportEEEEEE11WriteStringEPKc7FontDefb:00000000 $t
C:\Users\FINNDY~1\AppData\Local\Temp\ccFWr46h.s:1922   .text._ZN5daisy25OneBitGraphicsDisplayImplINS_11OledDisplayINS_13SSD130xDriverILj128ELj64ENS_19SSD130xI2CTransportEEEEEE11WriteStringEPKc7FontDefb:00000000 _ZN5daisy25OneBitGraphicsDisplayImplINS_11OledDisplayINS_13SSD130xDriverILj128ELj64ENS_19SSD130xI2CTransportEEEEEE11WriteStringEPKc7FontDefb
C:\Users\FINNDY~1\AppData\Local\Temp\ccFWr46h.s:2351   .text._ZN5daisy25OneBitGraphicsDisplayImplINS_11OledDisplayINS_13SSD130xDriverILj128ELj64ENS_19SSD130xI2CTransportEEEEEE11WriteStringEPKc7FontDefb:000001a8 $d
C:\Users\FINNDY~1\AppData\Local\Temp\ccFWr46h.s:2360   .text._ZN5daisy25OneBitGraphicsDisplayImplINS_11OledDisplayINS_13SSD130xDriverILj128ELj64ENS_19SSD130xI2CTransportEEEEEE18WriteStringAlignedEPKcRK7FontDefNS_9RectangleENS_9AlignmentEb:00000000 $t
C:\Users\FINNDY~1\AppData\Local\Temp\ccFWr46h.s:2368   .text._ZN5daisy25OneBitGraphicsDisplayImplINS_11OledDisplayINS_13SSD130xDriverILj128ELj64ENS_19SSD130xI2CTransportEEEEEE18WriteStringAlignedEPKcRK7FontDefNS_9RectangleENS_9AlignmentEb:00000000 _ZN5daisy25OneBitGraphicsDisplayImplINS_11OledDisplayINS_13SSD130xDriverILj128ELj64ENS_19SSD130xI2CTransportEEEEEE18WriteStringAlignedEPKcRK7FontDefNS_9RectangleENS_9AlignmentEb
C:\Users\FINNDY~1\AppData\Local\Temp\ccFWr46h.s:2508   .text._ZN5daisy25OneBitGraphicsDisplayImplINS_11OledDisplayINS_13SSD130xDriverILj128ELj64ENS_19SSD130xI2CTransportEEEEEE18WriteStringAlignedEPKcRK7FontDefNS_9RectangleENS_9AlignmentEb:00000056 $d
C:\Users\FINNDY~1\AppData\Local\Temp\ccFWr46h.s:3578   .text._ZN5daisy25OneBitGraphicsDisplayImplINS_11OledDisplayINS_13SSD130xDriverILj128ELj64ENS_19SSD130xI2CTransportEEEEEE18WriteStringAlignedEPKcRK7FontDefNS_9RectangleENS_9AlignmentEb:00000240 $d
C:\Users\FINNDY~1\AppData\Local\Temp\ccFWr46h.s:3585   .rodata._ZN15ParameterWindowIbE4drawEPN5daisy11OledDisplayINS1_13SSD130xDriverILj128ELj64ENS1_19SSD130xI2CTransportEEEEE.str1.4:00000000 $d
C:\Users\FINNDY~1\AppData\Local\Temp\ccFWr46h.s:3592   .text._ZN15ParameterWindowIbE4drawEPN5daisy11OledDisplayINS1_13SSD130xDriverILj128ELj64ENS1_19SSD130xI2CTransportEEEEE:00000000 $t
C:\Users\FINNDY~1\AppData\Local\Temp\ccFWr46h.s:3600   .text._ZN15ParameterWindowIbE4drawEPN5daisy11OledDisplayINS1_13SSD130xDriverILj128ELj64ENS1_19SSD130xI2CTransportEEEEE:00000000 _ZN15ParameterWindowIbE4drawEPN5daisy11OledDisplayINS1_13SSD130xDriverILj128ELj64ENS1_19SSD130xI2CTransportEEEEE
C:\Users\FINNDY~1\AppData\Local\Temp\ccFWr46h.s:4545   .text._ZN15ParameterWindowIbE4drawEPN5daisy11OledDisplayINS1_13SSD130xDriverILj128ELj64ENS1_19SSD130xI2CTransportEEEEE:0000023c $d
C:\Users\FINNDY~1\AppData\Local\Temp\ccFWr46h.s:4560   .rodata._ZN15ParameterWindowIfE4drawEPN5daisy11OledDisplayINS1_13SSD130xDriverILj128ELj64ENS1_19SSD130xI2CTransportEEEEE.str1.4:00000000 $d
C:\Users\FINNDY~1\AppData\Local\Temp\ccFWr46h.s:4564   .text._ZN15ParameterWindowIfE4drawEPN5daisy11OledDisplayINS1_13SSD130xDriverILj128ELj64ENS1_19SSD130xI2CTransportEEEEE:00000000 $t
C:\Users\FINNDY~1\AppData\Local\Temp\ccFWr46h.s:4572   .text._ZN15ParameterWindowIfE4drawEPN5daisy11OledDisplayINS1_13SSD130xDriverILj128ELj64ENS1_19SSD130xI2CTransportEEEEE:00000000 _ZN15ParameterWindowIfE4drawEPN5daisy11OledDisplayINS1_13SSD130xDriverILj128ELj64ENS1_19SSD130xI2CTransportEEEEE
C:\Users\FINNDY~1\AppData\Local\Temp\ccFWr46h.s:5573   .text._ZN15ParameterWindowIfE4drawEPN5daisy11OledDisplayINS1_13SSD130xDriverILj128ELj64ENS1_19SSD130xI2CTransportEEEEE:00000250 $d
C:\Users\FINNDY~1\AppData\Local\Temp\ccFWr46h.s:5589   .rodata._GLOBAL__sub_I__ZN12ScrollWindowC2EiPP13ScrollElement.str1.4:00000000 $d
ARM GAS  C:\Users\FINNDY~1\AppData\Local\Temp\ccFWr46h.s 			page 221


C:\Users\FINNDY~1\AppData\Local\Temp\ccFWr46h.s:5599   .text.startup._GLOBAL__sub_I__ZN12ScrollWindowC2EiPP13ScrollElement:00000000 $t
C:\Users\FINNDY~1\AppData\Local\Temp\ccFWr46h.s:5606   .text.startup._GLOBAL__sub_I__ZN12ScrollWindowC2EiPP13ScrollElement:00000000 _GLOBAL__sub_I__ZN12ScrollWindowC2EiPP13ScrollElement
C:\Users\FINNDY~1\AppData\Local\Temp\ccFWr46h.s:6053   .text.startup._GLOBAL__sub_I__ZN12ScrollWindowC2EiPP13ScrollElement:00000070 $d
C:\Users\FINNDY~1\AppData\Local\Temp\ccFWr46h.s:6082   .rodata._ZTV13ScrollElement:00000000 _ZTV13ScrollElement
C:\Users\FINNDY~1\AppData\Local\Temp\ccFWr46h.s:6094   .rodata._ZTV15ParameterWindowIfE:00000000 _ZTV15ParameterWindowIfE
C:\Users\FINNDY~1\AppData\Local\Temp\ccFWr46h.s:6104   .rodata._ZTV15ParameterWindowIbE:00000000 _ZTV15ParameterWindowIbE
C:\Users\FINNDY~1\AppData\Local\Temp\ccFWr46h.s:6075   .init_array:00000000 $d
C:\Users\FINNDY~1\AppData\Local\Temp\ccFWr46h.s:6079   .rodata._ZTV13ScrollElement:00000000 $d
C:\Users\FINNDY~1\AppData\Local\Temp\ccFWr46h.s:6235   .rodata._ZTV26ToggleControlScrollElement:00000000 _ZTV26ToggleControlScrollElement
C:\Users\FINNDY~1\AppData\Local\Temp\ccFWr46h.s:6243   .rodata._ZTV28VariableControlScrollElement:00000000 _ZTV28VariableControlScrollElement
C:\Users\FINNDY~1\AppData\Local\Temp\ccFWr46h.s:6226   .rodata._ZTV12ScrollWindow:00000000 _ZTV12ScrollWindow
C:\Users\FINNDY~1\AppData\Local\Temp\ccFWr46h.s:6091   .rodata._ZTV15ParameterWindowIfE:00000000 $d
C:\Users\FINNDY~1\AppData\Local\Temp\ccFWr46h.s:6101   .rodata._ZTV15ParameterWindowIbE:00000000 $d
C:\Users\FINNDY~1\AppData\Local\Temp\ccFWr46h.s:6163   .bss.mainWindow:00000000 mainWindow
C:\Users\FINNDY~1\AppData\Local\Temp\ccFWr46h.s:6128   .bss.a:00000000 a
C:\Users\FINNDY~1\AppData\Local\Temp\ccFWr46h.s:6156   .bss.mainOptions:00000000 mainOptions
C:\Users\FINNDY~1\AppData\Local\Temp\ccFWr46h.s:6177   .bss.parametersWindow:00000000 parametersWindow
C:\Users\FINNDY~1\AppData\Local\Temp\ccFWr46h.s:6170   .bss.parameterOptions:00000000 parameterOptions
C:\Users\FINNDY~1\AppData\Local\Temp\ccFWr46h.s:6135   .bss.boolParamWindow:00000000 boolParamWindow
C:\Users\FINNDY~1\AppData\Local\Temp\ccFWr46h.s:6149   .bss.floatParamWindow:00000000 floatParamWindow
C:\Users\FINNDY~1\AppData\Local\Temp\ccFWr46h.s:6142   .bss.drawPctBuf:00000000 drawPctBuf
C:\Users\FINNDY~1\AppData\Local\Temp\ccFWr46h.s:6205   .bss.toggleControlsWindow:00000000 toggleControlsWindow
C:\Users\FINNDY~1\AppData\Local\Temp\ccFWr46h.s:6198   .bss.toggleControlOptions:00000000 toggleControlOptions
C:\Users\FINNDY~1\AppData\Local\Temp\ccFWr46h.s:6184   .bss.selectedBoolParam:00000000 selectedBoolParam
C:\Users\FINNDY~1\AppData\Local\Temp\ccFWr46h.s:6219   .bss.variableControlsWindow:00000000 variableControlsWindow
C:\Users\FINNDY~1\AppData\Local\Temp\ccFWr46h.s:6212   .bss.varControlOptions:00000000 varControlOptions
C:\Users\FINNDY~1\AppData\Local\Temp\ccFWr46h.s:6191   .bss.selectedFloatParam:00000000 selectedFloatParam
C:\Users\FINNDY~1\AppData\Local\Temp\ccFWr46h.s:6124   .bss.a:00000000 $d
C:\Users\FINNDY~1\AppData\Local\Temp\ccFWr46h.s:6131   .bss.boolParamWindow:00000000 $d
C:\Users\FINNDY~1\AppData\Local\Temp\ccFWr46h.s:6138   .bss.drawPctBuf:00000000 $d
C:\Users\FINNDY~1\AppData\Local\Temp\ccFWr46h.s:6145   .bss.floatParamWindow:00000000 $d
C:\Users\FINNDY~1\AppData\Local\Temp\ccFWr46h.s:6152   .bss.mainOptions:00000000 $d
C:\Users\FINNDY~1\AppData\Local\Temp\ccFWr46h.s:6159   .bss.mainWindow:00000000 $d
C:\Users\FINNDY~1\AppData\Local\Temp\ccFWr46h.s:6166   .bss.parameterOptions:00000000 $d
C:\Users\FINNDY~1\AppData\Local\Temp\ccFWr46h.s:6173   .bss.parametersWindow:00000000 $d
C:\Users\FINNDY~1\AppData\Local\Temp\ccFWr46h.s:6180   .bss.selectedBoolParam:00000000 $d
C:\Users\FINNDY~1\AppData\Local\Temp\ccFWr46h.s:6187   .bss.selectedFloatParam:00000000 $d
C:\Users\FINNDY~1\AppData\Local\Temp\ccFWr46h.s:6194   .bss.toggleControlOptions:00000000 $d
C:\Users\FINNDY~1\AppData\Local\Temp\ccFWr46h.s:6201   .bss.toggleControlsWindow:00000000 $d
C:\Users\FINNDY~1\AppData\Local\Temp\ccFWr46h.s:6208   .bss.varControlOptions:00000000 $d
C:\Users\FINNDY~1\AppData\Local\Temp\ccFWr46h.s:6215   .bss.variableControlsWindow:00000000 $d
C:\Users\FINNDY~1\AppData\Local\Temp\ccFWr46h.s:6222   .rodata._ZTV12ScrollWindow:00000000 $d
C:\Users\FINNDY~1\AppData\Local\Temp\ccFWr46h.s:6232   .rodata._ZTV26ToggleControlScrollElement:00000000 $d
C:\Users\FINNDY~1\AppData\Local\Temp\ccFWr46h.s:6240   .rodata._ZTV28VariableControlScrollElement:00000000 $d
C:\Users\FINNDY~1\AppData\Local\Temp\ccFWr46h.s:2517   .text._ZN5daisy25OneBitGraphicsDisplayImplINS_11OledDisplayINS_13SSD130xDriverILj128ELj64ENS_19SSD130xI2CTransportEEEEEE18WriteStringAlignedEPKcRK7FontDefNS_9RectangleENS_9AlignmentEb:0000005f $d
C:\Users\FINNDY~1\AppData\Local\Temp\ccFWr46h.s:2517   .text._ZN5daisy25OneBitGraphicsDisplayImplINS_11OledDisplayINS_13SSD130xDriverILj128ELj64ENS_19SSD130xI2CTransportEEEEEE18WriteStringAlignedEPKcRK7FontDefNS_9RectangleENS_9AlignmentEb:00000060 $t

UNDEFINED SYMBOLS
Font_7x10
Font_16x26
snprintf
