:020000040800F2
:1000000000000220950C0008910C0008BD5E00085D
:10001000910C0008910C0008910C000800000000F1
:10002000000000000000000000000000910C00082B
:10003000910C000800000000910C0008415E0008CF
:10004000910C0008910C0008910C0008910C00081C
:10005000910C0008910C0008910C0008910C00080C
:10006000910C0008910C0008910C0008495A0008F6
:10007000555A0008AD470008615A00086D5A00083B
:10008000EDFF0008794F0008910C0008910C000862
:10009000910C0008910C0008910C0008910C0008CC
:1000A000910C0008910C0008910C0008910C0008BC
:1000B00005F4000811F400081DF40008AD4F000815
:1000C000910C0008B94F0008910C000875EC00086D
:1000D00081EC000821FE00084DFE000881FE0008AA
:1000E000910C0008910C000800000000910C000821
:1000F000910C0008910C0008910C0008910C00086C
:10010000910C0008910C000829F400088DEC0008FF
:10011000B5FE0008E9FE0008910C0008910C0008EB
:10012000910C0008910C0008B1EC0008E5EC000807
:1001300021000108910C0008910C0008910C0008A6
:1001400000000000000000000000000000000000AF
:10015000910C0008910C0008910C00081DFF00088C
:10016000C54F0008910C0008515E0008755E00083C
:10017000910C0008995E0008910C0008910C000891
:10018000910C0008910C000851FF000885FF000841
:1001900099EC0008A5EC0008910C0008910C0008EF
:1001A000910C0008910C0008910C0008910C0008BB
:1001B00069570008910C0008910C0008910C000888
:1001C000910C0008910C0008910C0008910C00089B
:1001D000910C0008910C0008910C0008910C00088B
:1001E000910C0008910C0008910C0008910C00087B
:1001F000910C0008910C0008910C0008910C00086B
:10020000910C0008910C0008910C0008910C00085A
:10021000910C0008910C0008910C0008910C00084A
:10022000910C0008910C0008910C000800000000DF
:10023000910C0008910C000800000000910C0008CF
:10024000910C0008910C0008910C0008910C00081A
:10025000910C0008910C0008910C0008910C00080A
:10026000910C0008910C0008910C0008910C0008FA
:10027000910C0008910C0008B9FF00080000000074
:10028000910C0008910C0008910C0008000000007F
:0802900000000000910C0008C1
:1002A00010B5054C237833B9044B13B10448AFF3B0
:1002B00000800123237010BD2004002400000000F2
:1002C0009467010808B5034B1BB103490348AFF31A
:1002D000008008BD00000000240400249467010889
:1002E00001F0FF01102A2BDB10F0070F08D010F8E7
:1002F000013B013A8B422DD010F0070F42B3F6D1EB
:10030000F0B441EA012141EA014122F007047FF003
:1003100000070023F0E80256083C85EA010586EA5A
:10032000010685FA47F5A3FA87F586FA47F6A5FA96
:1003300087F68EB9EED1F0BC01F0FF0102F00702A2
:1003400032B110F8013B013A83EA010313B1F8D14D
:100350000020704701387047002D06BF354603382E
:10036000073815F0010F07D1013015F4807F02BF67
:10037000013015F4C03F0130F0BC0138704700BFB8
:1003800081F0004102E000BF83F0004330B54FEA46
:1003900041044FEA430594EA050F08BF90EA020FB3
:1003A0001FBF54EA000C55EA020C7FEA645C7FEA46
:1003B000655C00F0E2804FEA5454D4EB5555B8BF69
:1003C0006D420CDD2C4480EA020281EA030382EADA
:1003D000000083EA010180EA020281EA0303362D6C
:1003E00088BF30BD11F0004F4FEA01314FF4801C3F
:1003F0004CEA113102D0404261EB410113F0004F51
:100400004FEA03334CEA133302D0524263EB430307
:1004100094EA050F00F0A780A4F10104D5F1200EA5
:100420000DDB02FA0EFC22FA05F2801841F1000100
:1004300003FA0EF2801843FA05F359410EE0A5F1D4
:1004400020050EF1200E012A03FA0EFC28BF4CF005
:10045000020C43FA05F3C01851EBE37101F00045BB
:1004600007D54FF0000EDCF1000C7EEB00006EEBC8
:100470000101B1F5801F1BD3B1F5001F0CD3490852
:100480005FEA30004FEA3C0C04F101044FEA4452A9
:1004900012F5800F80F09A80BCF1004F08BF5FEA30
:1004A000500C50F1000041EB045141EA050130BD10
:1004B0005FEA4C0C404141EB0101013C28BFB1F522
:1004C000801FE9D291F0000F04BF01460020B1FA6D
:1004D00081F308BF2033A3F10B03B3F120020CDA40
:1004E0000C3208DD02F1140CC2F10C0201FA0CF01E
:1004F00021FA02F10CE002F11402D8BFC2F1200C83
:1005000001FA02F120FA0CFCDCBF41EA0C01904038
:10051000E41AA2BF01EB0451294330BD6FEA040481
:100520001F3C1CDA0C340EDC04F11404C4F120026C
:1005300020FA04F001FA02F340EA030021FA04F37E
:1005400045EA030130BDC4F10C04C4F1200220FAD5
:1005500002F001FA04F340EA0300294630BD21FA13
:1005600004F0294630BD94F0000F83F4801306BFD9
:1005700081F480110134013D4EE77FEA645C18BFCD
:100580007FEA655C29D094EA050F08BF90EA020F64
:1005900005D054EA000C04BF1946104630BD91EA5C
:1005A000030F1EBF0021002030BD5FEA545C05D15F
:1005B0004000494128BF41F0004130BD14F580049E
:1005C0003CBF01F5801130BD01F0004545F0FE4112
:1005D00041F470014FF0000030BD7FEA645C1ABF47
:1005E000194610467FEA655C1CBF0B46024650EA7E
:1005F000013406BF52EA033591EA030F41F40021AA
:1006000030BD00BF90F0000F04BF0021704730B52F
:100610004FF4806404F132044FF000054FF0000104
:1006200050E700BF90F0000F04BF0021704730B5C5
:100630004FF4806404F1320410F0004548BF40429A
:100640004FF000013EE700BF42004FEAE2014FEAEF
:1006500031014FEA02701FBF12F07F4393F07F4FCA
:1006600081F06051704732F07F4208BF704793F0CD
:100670007F4F04BF41F40021704730B54FF46074E0
:1006800001F0004521F000411CE700BF50EA0102E3
:1006900008BF704730B54FF000050AE050EA01028C
:1006A00008BF704730B511F0004502D5404261EBFC
:1006B00041014FF4806404F132045FEA915C3FF43D
:1006C000D8AE4FF003025FEADC0C18BF03325FEADA
:1006D000DC0C18BF033202EBDC02C2F1200300FA8B
:1006E00003FC20FA02F001FA03FE40EA0E0021FAB0
:1006F00002F11444BDE600BF53B94AB9002908BF4E
:1007000000281CBF4FF0FF314FF0FF3000F0BEBAA1
:10071000ADF1080C6DE904CE00F050F9DDF804E00D
:10072000DDE9022304B0704760EE016A20EEA16AA1
:1007300020EE215A76EEC67A61EE205AF4EE677A00
:10074000F1EE10FA35EE257A04D6B0EE670AF0EE37
:10075000470A7047B4EE477AF1EE10FAF5D7DFEDAD
:10076000934AB0EEC04AB4EE644AF1EE10FACCBF40
:1007700001230023B0EEE04A00F39D80B4EE644A0A
:10078000F1EE10FA00F397800023DFED884AB0EE17
:10079000C14AB4EE644AF1EE10FAF0EEE13A48DCF8
:1007A000F4EE643AF1EE10FA43DC9BBBF0EEE66A3D
:1007B000F4EE646AF1EE10FA14DCB0EEC66AB4EE40
:1007C000646AF1EE10FA0DDCB0EEC55AB4EE645A6C
:1007D000F1EE10FA06DCF0EEE55AF4EE645AF1EEB2
:1007E00010FAB2DDB4EE400AF1EE10FA80F1D380D7
:1007F000F4EE600AF1EE10FA80F1C380B4EE411A13
:10080000F1EE10FA80F1B380F4EE611AF1EE10FA15
:1008100080F1A38061EEE07A60EE810AE0EE017A79
:10082000E0EE210A9FED627A67EE877A20EE877A02
:100830008BE7DFED5E7A9FED5D7AB4EE674AF1EE0D
:1008400010FACCBF0123002307EE903A11EE103AC4
:10085000F8EEE77A002BF0EEE77AF4EE473AB8BF0D
:10086000F1EE677AF1EE10FACCBF01230023B0EE6F
:10087000671A07EE903A11EE903AF8EEE77A002BFD
:10088000F0EEE77AB4EE400AB8BFF1EE677AF1EE27
:1008900010FAF0EE671A4CD6F4EE600AF1EE10FA98
:1008A000B8D710EE903A9FED437ADFED437A002BF4
:1008B00067FE270AAEE704EE903ADFED3C3A10EE11
:1008C000103AF8EEE44A002BF0EEE44AB4EE634A44
:1008D000B8BFF1EE644AF1EE10FACCBF0123002359
:1008E000B0EE640A04EE903A10EE903AF8EEE44A64
:1008F000002BF0EEE44AB4EE411AB8BFF1EE644AC0
:10090000F1EE10FAF0EE640A1DD6F4EE611AF1EE83
:1009100010FA78BF0123FFF538AF11EE903A9FED42
:10092000254ADFED254A002B4FF0010364FE241A0F
:100930002BE710EE103A9FED1F7ADFED1F7A002BA8
:1009400027FE270AA8E711EE103A9FED1A4ADFEDBD
:100950001A4A002B24FE241AD7E711EE903A9FED95
:10096000157ADFED157A002B67FE271A52E711EE94
:10097000103A9FED107ADFED107A002B27FE271A30
:1009800042E710EE903A9FED0B7ADFED0B7A002BE9
:1009900067FE270A32E710EE103A9FED067ADFED88
:1009A000067A002B27FE270A22E700BFFFFF7F7F82
:1009B0000000807F00000000000000802DE9F0476B
:1009C000089D04468E46002B4DD18A42944669D933
:1009D000B2FA82F252B101FA02F3C2F1200120FA16
:1009E00001F10CFA02FC41EA030E94404FEA1C4864
:1009F000210CBEFBF8F61FFA8CF708FB16E341EA60
:100A0000034306FB07F199420AD91CEB030306F1E5
:100A1000FF3080F01F81994240F21C81023E634406
:100A20005B1AA4B2B3FBF8F008FB103344EA0344AA
:100A300000FB07F7A7420AD91CEB040400F1FF33BF
:100A400080F00A81A74240F207816444023840EAFC
:100A50000640E41B00261DB1D4400023C5E9004335
:100A60003146BDE8F0878B4209D9002D00F0EF80B8
:100A70000026C5E9000130463146BDE8F087B3FAEB
:100A800083F6002E4AD18B4202D3824200F2F980D3
:100A9000841A61EB030301209E46002DE0D0C5E9D6
:100AA000004EDDE702B9FFDEB2FA82F2002A40F022
:100AB0009280A1EB0C014FEA1C471FFA8CFE012625
:100AC000200CB1FBF7F307FB131140EA01410EFBC9
:100AD00003F0884208D91CEB010103F1FF3802D270
:100AE000884200F2CB804346091AA4B2B1FBF7F06A
:100AF00007FB101144EA01440EFB00FEA64508D98D
:100B00001CEB040400F1FF3102D2A64500F2BB80C9
:100B10000846A4EB0E0440EA03409CE7C6F1200718
:100B2000B34022FA07FC4CEA030C20FA07F401FA5E
:100B300006F31C43F9404FEA1C4900FA06F3B1FBE7
:100B4000F9F8200C1FFA8CFE09FB181140EA01414C
:100B500008FB0EF0884202FA06F20BD91CEB0101E9
:100B600008F1FF3A80F08880884240F28580A8F141
:100B700002086144091AA4B2B1FBF9F009FB101193
:100B800044EA014100FB0EFE8E4508D91CEB010131
:100B900000F1FF346CD28E456AD90238614440EAD4
:100BA0000840A0FB0294A1EB0E01A142C846A64654
:100BB00056D353D05DB1B3EB080261EB0E0101FADD
:100BC00007F722FA06F3F1401F43C5E9007100263A
:100BD0003146BDE8F087C2F12003D8400CFA02FC90
:100BE00021FA03F3914001434FEA1C471FFA8CFEA0
:100BF000B3FBF7F007FB10360B0C43EA064300FB90
:100C00000EF69E4204FA02F408D91CEB030300F12D
:100C1000FF382FD29E422DD9023863449B1B89B2E4
:100C2000B3FBF7F607FB163341EA034106FB0EF36D
:100C30008B4208D91CEB010106F1FF3816D28B421A
:100C400014D9023E6144C91A46EA004638E72E46E6
:100C5000284605E70646E3E61846F8E64B45A9D2DE
:100C6000B9EB020864EB0C0E0138A3E74646EAE74D
:100C7000204694E74046D1E7D0467BE7023B6144FB
:100C800032E7304609E76444023842E7704700BF64
:100C9000FEE700BF0B480C4A904203D0121A0B49E2
:100CA00012F092FD0A480B4A904203D0121A00211A
:100CB00012F098FD05F05AFB12F05AFD01F0F4FD18
:100CC000FEE700BF0000002420040024C4670108E0
:100CD0002004002428AD0524704700BF704700BFE2
:100CE00049424FF480621030C9B212F07BBD00BFA0
:100CF000704700BF40207047802070472DE9F84FB3
:100D00000F4696000168144605463246386812F0D0
:100D10005BFD794B1B7863B3DFF81CB2DFF81C92E4
:100D20009BF80080B8F1000F00F0BA80734B324698
:100D3000D9F800A0296803EB8A0012F045FD04EB06
:100D40000A026E4BB2F5004FC9F8002011DB0122F8
:100D500003F580316A4B6B481A704FF4803212F001
:100D600033FD88F001084FF480438BF80080C9F808
:100D70000030654B1B786BB1644B1B78002B68D03F
:100D8000DFF8AC81624AD8F8003003EB04099145E2
:100D9000C0F0A3805F4B1B78002B58D05E4E45F609
:100DA000C0505E4B3168D3ED006A07EE901A9FED9C
:100DB0005C7A5C4AF8EEE77AE6EE877AFDEEE77A4F
:100DC00017EE903A82FB03C24FEAE37ECEEB622E2F
:100DD00000FB1E3E002C00F08A8004EB010C2D6805
:100DE0003868AEEB010E504C4E4FCA1745F6C0584E
:100DF0000EEB010387FB01A9F5EC017A87FB03A742
:100E0000C2EB692208FB1212013104EB8202614538
:100E1000C2ED007A4FEAE37290ED007AC2EB6727E9
:100E200008FB173304EB8303D3ED007A77EE877A60
:100E3000E0EC017AD8D13B4B4FEAEC7245F6C05159
:100E400083FB0C03C2EB632201FB12C23260BDE8DC
:100E5000F88F364B1B78002B9CD0354B18684BF61F
:100E60007F33984296DDDFF8D8C0002C41D03B6834
:100E7000DCF800102F4A1E4402EB8102D3ED007A09
:100E8000B2EC017A77EE877AE3EC017AB342F5D1DE
:100E90000B1993FBF0F200FB1233CCF8003079E72A
:100EA000184B3246D9F800A0296803EB8A0012F0EB
:100EB0008BFC0AEB0402134BB2F5004FC9F800207B
:100EC000FFF657AF03F5803101220D4B0B481A7026
:100ED0004FF4803212F078FC43E716483246296816
:100EE00000EB830012F070FCC8F8009052E78C46CB
:100EF000A1E7DCF80010CBE7E57F0524000002C085
:100F0000C07F0524000000C0A47F0524E47F0524E1
:100F100000F22B00487B01243C0400244C7B01247C
:100F20000080BB46F119760548040024A57F0524FE
:100F3000A07F0524000004C0E67F052440040024AF
:100F40004404002410B504464FF4826112F003F803
:100F5000204610BD2DE9F04F4FF0B00885B0054692
:100F600000F1080700F18F0600F28F494FF47A7BF9
:100F70004FF0000A297B022303AA3846CDF800B0BF
:100F8000A6F180048DF80CA08DF80D8004F0B6F861
:100F9000297B022303AA3846CDF800B08DF80CA0B7
:100FA0008DF80DA004F0AAF84FF0100C297B022355
:100FB00003AA3846CDF800B08DF80CA08DF80DC00E
:100FC00004F09CF84FF47A7014F801CF4FF0400E03
:100FD000297B0223009003AA38468DF80CE08DF897
:100FE0000DC004F08BF8B442ECD104F1800608F196
:100FF00001084E455FFA88F8B8D105B0BDE8F08F1A
:101000002DE9F04F89B008AC9DF84870019104E9D2
:101010000C000B78002B00F0AB801A469DF818806E
:101020009DF819300646454690460393079B059365
:10103000A8F12004E3B25E2B00F29E8033685E4A82
:10104000DB68934240F09B808020B3882B4483422E
:1010500000F392803368594A9B68934240F0928033
:101060004020F188039A02918B18834200F3848018
:10107000002A00F0918002FB04F46FF00049059B08
:10108000A1441444B6F804B003EB4909023BCDF87F
:10109000108003EB44030C469A4639F802CFA5B3FF
:1010A00004F007034FF0010EE20859460EFA03FE62
:1010B0000BF110034FFA8EFE03EBC21200236FEA0E
:1010C0000E0832440DE07F2906D83F2C04D8107852
:1010D00097B14EEA00001070013301320131AB428A
:1010E00013D00CFA03F00004EDD47F29F4D83F2C80
:1010F000F2D81078002FECD0013308EA000001325A
:101100000131AB4202F8010CEBD1D14504F10104ED
:10111000C3D1DDF8108032680BEB05042649D36893
:10112000A4B28B4234D18020844204D3D3682249B4
:101130008B423AD17F249368204AB480934224D1D1
:101140004020029B834206D333681C4A9B6893422B
:1011500025D13F230293029BF380019B18784045E1
:1011600007D113F8018F0193B8F1000F7FF460AF3E
:10117000002009B0BDE8F08F4FF00008EDE73046E1
:10118000984762E7304698476BE730469847D8E77C
:10119000304698473268C7E7B6F804B0BBE7304638
:1011A0009847013883B20293D5E730469847013813
:1011B000326884B2BFE700BFF90C0008F50C0008E4
:1011C0002DE9F04F85B0A1F1200504AC9DF83870F1
:1011D000009104E90C00EBB25E2B00F295800368ED
:1011E00080465D4ADB689DF8084093429DF809609F
:1011F00040F094808020B8F804302344834200F308
:101200008380D8F80030554A9B68934240F088802C
:101210004020B8F8062093190192834274DC002E16
:1012200000F0898006FB05F56FF00040039B9646B1
:1012300028442E44B8F804A003EB4000023B03EB23
:10124000460B30F8026FBCB30EF007034FF0010CF1
:101250004FEADE0251460CFA03FC0AF110034FFA82
:101260008CFC03EBC21200236FEA0C0942440EE02F
:101270007F2907D8BEF13F0F04D815789FB14CEAFB
:10128000050515700133013201319C4214D006FA74
:1012900003F52D04ECD47F29F4D8BEF13F0FF1D82B
:1012A0001578002FEBD0013309EA05050132013131
:1012B0009C4202F8015CEAD158450EF1010EC0D102
:1012C000D8F8003054442449DA68A4B28A422DD1B7
:1012D000802084421CD29B68204AA8F80440934294
:1012E00021D14020019B834207D3D8F800301B4A0C
:1012F0009B68934229D13F230193DDE90003A8F8BD
:10130000063005B0BDE8F08F002005B0BDE8F08FD5
:10131000DA6811498A4211D17F24DCE798476AE7ED
:101320004046984775E740469847DBE74046904778
:10133000D8F80030CDE7B8F804A0C1E740469047A0
:101340000138D8F8003084B2C5E7404698470138E4
:1013500083B20193D1E700BFF90C0008F50C000837
:101360002DE9F04F89B01D46884606901046129C24
:1013700010F8013B13999DF85060009233B10022A0
:1013800010F8013B0132002BFAD193B22A78687829
:1013900012FB03F302B21BB223EAE373082900F243
:1013A000A981DFE811F0020114012001340142019A
:1013B0005001670171010900A18827880F44B4F921
:1013C0000610FF1A0029BFB2C0F2FF80B4F802C0B5
:1013D00006980CEB6104C280A4EB52028380078064
:1013E00094B24480A64AD8F8003011460192DA68D7
:1013F0008A4240F08D818020B84205D8DA68019990
:101400008A4240F09A817F279E4A9B68A8F8047020
:101410009342039240F089814020A04207D8D8F837
:101420000030039A9B68934240F082813F24009BE6
:10143000A8F8064093F800B06B782C7804936B689A
:101440000793BBF1000F00F0AC80ABF12005EBB2CD
:101450005E2B00F22E81D8F80030019ADB689342AF
:1014600040F02A818020B8F8043023449842C0F22A
:101470002081D8F80030039A9B68934240F01F8186
:101480004020B8F80610049A02918B189842C0F2D6
:101490001081002A00F01E8102FB05F56FF0004E5E
:1014A000079BAE441544CDF814B003EB4E0E023B3F
:1014B000B8F804A003EB45030D469B463EF8027FB7
:1014C000A4B305F007034FF0010CEA0851460CFAEB
:1014D00003FC0AF110034FFA8CFC03EBC212002349
:1014E0006FEA0C0942440DE07F2906D83F2D04D84D
:1014F000107896B14CEA00001070013301320131CE
:101500009C4213D007FA03F00004EDD47F29F4D8ED
:101510003F2DF2D81078002EECD0013309EA0000FC
:10152000013201319C4202F8010CEBD1F34505F187
:101530000105C3D1DDF814B0D8F800200AEB04058A
:101540000199D368ADB28B4240F0BF8080208542C4
:1015500005D3D36801998B4240F0C5807F259368FD
:10156000039AA8F80450934240F0AC804020029BBC
:10157000834208D3D8F80030039A9B68934240F026
:10158000AC803F230293029BA8F80630009A1378A0
:101590005B4506D112F801BF0092BBF1000F7FF44A
:1015A00054AF069809B0BDE8F08FB4F9041027884D
:1015B0000029B8BF013107EB6107B4F90610A7EBAA
:1015C00063070029BFB2BFF601AF0131FEE6B4F9EF
:1015D00000700699B4F902400F80BFB24C80A4B2EB
:1015E0008B80CA80FEE6B4F9041027880029B4F97C
:1015F0000240B8BF013107EB610706998B80A7EB6A
:1016000063034C80A4B29FB2CA800F80EAE6A1882F
:101610002788B4F902400F4406998B80FB1A4C804E
:10162000A4B29FB2CA800F80DCE6E78861883944A3
:10163000B4F90070081A069984B20F808B80BFB28B
:10164000CA804C80CEE6B4F9041027880029B8BFC0
:10165000013107EB6107A7EB6307B4F802C0BFB223
:10166000E488069964448B80201ACA800F8084B273
:101670004C80B7E62788A1880F44FF1AEDE700BF2A
:10168000F90C0008F50C0008B4F90610B4F802C013
:101690000029B4F900700698B8BF0131C2800CEB84
:1016A000610407808380BFB2A4EB520294B24480ED
:1016B00098E64FF0000B69E740469847D3E640466E
:1016C0009847DEE64046984751E740469847D8F8A5
:1016D00000203CE7B8F804A02EE7404698470138C0
:1016E00083B202934FE7404698470138D8F800206C
:1016F00085B234E7D8F800300024069A12491480E5
:1017000054809480D480DA6801918A4205D02746BB
:1017100040469047D8F800306EE69B680B4AA8F820
:101720000440934203923FF482AE4046984774E6E9
:1017300040469847013884B279E6404690470138E0
:10174000D8F8003087B25FE6F90C0008F50C000805
:101750007F291ED83F2A1CD86BB1D3084FF0010C4B
:1017600002F0070201EBC3130CFA02F2C1180B7C62
:101770001A430A747047D3084FF0010C02F00702B5
:1017800001EBC3130CFA02FCC1180A7C22EA0C021A
:101790000A7470472DE9F04F83B05C1A0C9E002C40
:1017A0009DF83490A6EB0208B8BF6442B8F1000F70
:1017B000B8BFC8F100088B428CBF4FF0010A4FF050
:1017C000FF3A9642A4EB080C51D84FF0FF357F2B1F
:1017D000019512D83F2E10D8F50806F0070E012704
:1017E00003EBC5150544B9F1000F47D007FA0EF712
:1017F00095F810E047EA0E072F74964201D18B420C
:1018000029D0C8F100077F2914D83F2A12D8D5085B
:1018100002F0070B4FF0010E01EBC5150544B9F1BD
:10182000000F1BD00EFA0BFE95F810B04EEA0B0E0F
:1018300085F810E0B7EB4C0F4FEA4C0502DAACEB41
:10184000080C5144AC4202DD019DA4442A44994253
:10185000D9D19642D7D103B0BDE8F08F0EFA0BFB79
:1018600095F810E02EEA0B0E85F810E0E2E701256E
:101870007F2B0195C5D83F2EAED9C2E707FA0EFEE1
:101880002F7C964227EA0E072F74B8D0B9E700BF25
:101890002DE9F04F2DED068B83B01F4680460D4697
:1018A0009DF8503016460193139B002BC0F2218205
:1018B000129A134406EE103ADDED127AB8EEC66BBA
:1018C0009FEDCD4BB8EEE77B9FEDCD5B27EE047B24
:1018D00026EE046B87EE050B86EE05ABF7EEC08BAC
:1018E000B0EE680A11F03CFB07EE907AB7EECAAB97
:1018F000F8EE679AB0EE408AB0EE680A11F038FD53
:1019000060EE698AB0EE4A0A11F02AFBB0EE409A06
:10191000B0EE4A0A11F02CFD20EE690A29EE888A01
:1019200029EE899A70EE687AF0EE006A39EE487A0C
:1019300067EEA77AE7EE077AF4EEE67AF1EE10FAB0
:1019400006D5139BB42B40F396804FF0010901E0BC
:101950004FF00009012478424FF0000C0095E31B82
:10196000214627462246A340B9F1000F6AD14242E0
:1019700006EE90CACCF1000107EE102AB8EEE66A36
:1019800007EE901A06EE900AB8EEC77A139A66EE42
:10199000084AF8EEE77AB42A27EE284AF8EEE66A13
:1019A00067EE885A74EEC43A26EEA85A26EE096A03
:1019B00066EE806A67EE897A27EE007AF5EEC03A25
:1019C00040F3F280F1EE10FA00F17F8176EE473AB3
:1019D00074EEC54AF5EEC03AF1EE10FAF5EEC04AE3
:1019E000CCBF01220022F1EE10FA00F1778136EE31
:1019F000666A35EEC55AB5EEC06AF1EE10FAB5EE7C
:101A0000C05ACCBF01210021F1EE10FA00F16F8124
:101A100077EEE66AF5EEC06AF1EE10FACCBF012768
:101A2000002775EEC45AF5EEC05AF1EE10FA00F137
:101A3000478177EEC77AF5EEC07AF1EE10FACCBFA7
:101A400001240024002A40F08A80002964D1BFB913
:101A5000C4BB9C4558DB0CF1010C03EB4C0E1CEB9A
:101A6000000F0EF1010E00F0C08098424FDB73466C
:101A700000287FF779AF03B0BDEC068BBDE8F08F8F
:101A8000009DA6EB0C0E00EB050ABAF17F0FDFD824
:101A9000BEF13F0FDCD84FEADE0B019D0AEBCB1AFB
:101AA000002D00F0B1800EF0070BC2444FF0010E84
:101AB0000EFA0BFE9AF810B04EEA0B0E8AF810E000
:101AC000002CC6D0009DA6EB0C0EA5EB000ABAF1C7
:101AD0007F0FBED8BEF13F0FBBD84FEADE0B019D92
:101AE0000AEBCB1A002D00F0AE800EF0070BC244BB
:101AF0004FF0010E9C450EFA0BFE9AF810B04EEA1C
:101B00000B0E8AF810E0A6DA98429E46AFDA013052
:101B10000EEB40030133ABE7009D0CEB060E00EB30
:101B2000050ABAF17F0F92D8BEF13F0F8FD84FEA66
:101B3000DE0B019D0AEBCB1A002D73D00EF0070BC4
:101B4000C2444FF0010E0EFA0BFE9AF810B04EEAA6
:101B50000B0E8AF810E0002F3FF47AAF90E7009D5B
:101B60000CEB060EA5EB000ABAF17F0F3FF66DAF46
:101B7000BEF13F0F3FF669AF4FEADE0B019D0AEB66
:101B8000CB1A002D6DD00EF0070BC2444FF0010EA2
:101B90000EFA0BFE9AF810B04EEA0B0E8AF810E01F
:101BA00000293FF454AFB7E7F1EE10FA7ED44A466D
:101BB00074EEC54AF5EEC04AF1EE10FA6CD400217D
:101BC00035EEC55AB5EEC05AF1EE10FA5AD40027D8
:101BD00075EEC45AF5EEC05AF1EE10FA3FF529AF92
:101BE0000024002A3FF431AFB9E798428FDB00238D
:101BF0003BE700BFAFF300807A008BFCFA2109407D
:101C00000000000000806640C2444FF0010B0EF05F
:101C1000070E0BFA0EFE9AF810B02BEA0E0E8AF899
:101C200010E015E7C2444FF0010B0EF0070E0BFA5F
:101C30000EFE9AF810B02BEA0E0E8AF810E0002F74
:101C40003FF406AF1CE7C2444FF0010B0EF0070E45
:101C50000BFA0EFE9AF810B02BEA0E0E8AF810E07E
:101C6000F7E6C2444FF0010B0EF0070E0BFA0EFE22
:101C70009AF810B02BEA0E0E8AF810E000293FF413
:101C8000E6AE49E777EEE66AF5EEC06AF1EE10FAE5
:101C9000CCBF012700279BE736EE666AB5EEC06A27
:101CA000F1EE10FACCBF0121002189E776EE473A28
:101CB000F5EEC03AF1EE10FACCBF0122002277E730
:101CC0000124002A3FF4C1AE49E774EEC54A01225F
:101CD000F5EEC04AF1EE10FA7FF589AE35EEC55A41
:101CE0000121B5EEC05AF1EE10FA7FF591AE012751
:101CF00097E6DDE91223134406EE102A1293139B94
:101D00005B421393D8E500BF2DE9F04F87B09DF8F3
:101D10004850109C2E4601959DF844509EB3994220
:101D20002ED89946A24228D87F29164694BF002370
:101D3000012308E09CF810804EEA080E8CF810E0B1
:101D40000136B44219D33F2EFAD8002BF8D14FEA0E
:101D5000D60C06F0070E4FF0010801EBCC1C08FA78
:101D60000EFE8444002DE5D19CF810B001362BEA1C
:101D70000E0AB4428CF810A0E5D201318945D1D2C7
:101D800007B0BDE8F08FA3EB0108B8F1000FB8BFB2
:101D9000C8F100089942C0F04E817F2B4FF0FF3A06
:101DA00094BF002601263F2A009694BF00270127F2
:101DB0000297A6B99FB9D60802F0070C012703EBDA
:101DC000C6160644002D00F0948107FA0CF796F829
:101DD00010C047EA0C073774002602960096994215
:101DE00000F09781464694468E46BEF17F0F16D886
:101DF000BCF13F0F13D84FEADC070CF0070B4FF094
:101E000001090EEBC7170744002D00F0398109FACC
:101E10000BF997F810B049EA0B0987F81090770092
:101E200018BFD644B84502DD46440CF1FF3C73456B
:101E3000DBD16245D9D100260496A4EB0209009FAC
:101E4000B9F1000FB8BFC9F100093F2C94BF0026BB
:101E50000126A242C9F100080396C0F02381002F99
:101E600040F05081002E40F04D814FF0FF3600963B
:101E7000E60803EBC6160644002D00F01E814FF065
:101E8000010C04F007070CFA07F796F810C047EAB0
:101E90000C07377400260396A24200F03D81C44629
:101EA00016461F4605927F2F15D83F2E13D84FEAAE
:101EB000D60E06F0070B4FF0010A07EBCE1E864444
:101EC000002D00F0E6800AFA0BFA9EF810B04AEAFC
:101ED0000B0A8EF810A0B8EB4C0F4FEA4C0E02DA4A
:101EE000ACEB090C013FBEF1000F01D0009A164483
:101EF000BB42D8D1B442D6D1059AA1EB030EBEF1B4
:101F0000000FB8BFCEF1000E7F2994BF4FF0000A3A
:101F10004FF0010A99428CBF4FF001094FF0FF3991
:101F2000BAF1000F13D1039E8EB9E60801EBC61675
:101F30000644002D00F0D3804FF0010C04F0070799
:101F40000CFA07F796F810C047EA0C073774049E9E
:101F500026BB774626467F2B14D83F2E12D84FEA51
:101F6000D60C06F0070B4FF0010803EBCC1C8444A1
:101F7000002D73D008FA0BF89CF810B048EA0B0853
:101F80008CF810805FEA470C18BF4B44E64501DD32
:101F90007744013E9942DED1B442DCD1A2EB040E7B
:101FA000BEF1000FB8BFCEF1000EA2428CBF4FF0C1
:101FB00001084FF0FF38CEF1000CBAF1000F0ED13E
:101FC000029B63B9D30802F00707012601EBC31394
:101FD0000344002D7CD0BE401F7C3E431E74019BF9
:101FE000002B7FF4CDAE66460B467F2B12D83F2CDC
:101FF00010D8E70804F0070A4FF0010903EBC717F0
:102000000744A5B309FA0AF997F810A049EA0A09A2
:1020100087F81090BCEB460F4FEA460702DAA6EBB2
:102020000E06013B07B144449942DED1A242DCD105
:1020300007B0BDE8F08F3F2A4FF0010A94BF002699
:1020400001267F2B029694BF002701270097002EC0
:102050007FF4C8AE002F3FF4AEAEC3E608FA0BFB28
:102060009CF8108028EA0B088CF810808AE709FA9F
:102070000AFA97F8109029EA0A0987F81090C9E738
:1020800009FA0BFB97F8109029EA0B0987F81090D2
:10209000C5E60AFA0BFB9EF810A02AEA0B0A8EF896
:1020A00010A018E797BB8EBB01260096E60803EB4D
:1020B000C6160644002D7FF4E2AE012704F0070C9B
:1020C000039507FA0CFC377C27EA0C073774E3E624
:1020D00006FA07F71E7C26EA07061E747FE701272B
:1020E00004F0070C07FA0CFC377C27EA0C0737745E
:1020F0002DE707FA0CFC377C029527EA0C070095C0
:1021000037746CE64FF0FF360096C5E60126009660
:10211000C5E60126049690E601260196EDE600BF8D
:10212000F8B5874C2DED028B204602F07DF823791F
:102130001BB1A37A7F2B00F08A80824B1B7803F0BF
:102140000102C3F340018048C3F380037F4F804CFA
:10215000027039702370002A40F095807D4B1A7808
:102160000AB122782AB93B78002B57D1BDEC028BFB
:10217000F8BD794A002112781970784B002A40F096
:10218000B18001224FF40041754800F09FFC00250A
:10219000724CDFED748A2E46D4ED016A94ED007A1C
:1021A000B0EEE68AF0EEC77AF4EEC87AF1EE10FAF5
:1021B00058BFB0EE678AB5EE408AF1EE10FA11D042
:1021C00086EE880AC7EE087A20EE000AA7EEA70A74
:1021D000B5EE400AF1EE10FA00F1AD80F1EEC07AF2
:1021E00028EE278AB4EEE88A44F201030834F1EEBF
:1021F00010FA02DDF0EE488A2E4601359D42CBD121
:102200004BF68032584B02FB06F207EE902AFAEEAC
:10221000E87AC3ED007A3B78002BA7D00021534821
:1022200002F068FA524B9FED537AD3ED007A77EEC5
:10223000C07AF0EEE77AF4EEC77AF1EE10FA58DCE5
:102240000220BDEC028BBDE8F84003F0A9BE3D4D75
:102250002B78013303F007032B70002B64D000248C
:102260000121454800F046FDC82003F099FE0021F9
:102270004148013400F03EFDC82003F091FE2B7868
:10228000A342EDDC5BE73D4D3D4E284601F0CCFF1F
:10229000304601F0C9FFAB7A2979A3F1FF0539482F
:1022A000B27AB5FA85F56D090570A2F1FF053648D9
:1022B000B5FA85F56D09057051B93379002B3FF4F6
:1022C0004DAF7F2A7FF44AAF304B00221A6045E7BA
:1022D0007F2B22D12E49002033790860002B3FF458
:1022E0003DAFEEE701224FF400412A4800F0EEFB3B
:1022F0004DE70121204883ED000A00F0FBFCC820D7
:1023000003F04EFE1C48002100F0F4FC0220BDEC5E
:10231000028BBDE8F84003F043BE317909B17F2A52
:10232000D2D0802BD0D019E7074A084F084C137041
:102330003B70237012E711F04BF9F0EE407A4FE753
:10234000B07F0524AC7F0524A47F0524487B0124AD
:10235000E57F0524C07F0524E67F0524507B01240A
:10236000000002C000000000A87F0524787F05243B
:102370004C7B01240AD7A33C607F0524D47F05242D
:10238000C47F0524E47F0524A57F0524440400249C
:10239000A07F0524000000C02DE9F04FA44D0024CB
:1023A0002DED028B8FB095ED000A05A906A800F06F
:1023B0001FFCA04BD5ED007AB0EE408A9E4A0DF18D
:1023C000100AFDEEE77A8DF8274093E803000B0C26
:1023D0000890ADF8241008A88DF82630082117EED3
:1023E000903A11F0BDFA059BADF81040092B40F270
:1023F0000881FFEE007A00230793B4EEE78AF1EE3E
:1024000010FA07DDF7EE007AB4EEE78AF1EE10FA83
:1024100000F1FD8007AB08EE903A884E00214FF4A2
:10242000806206F1100011F0DDF9082306F1610168
:1024300086F8623006F1120313F8012F42F0080209
:1024400099421A70F8D196F8E233032443F020033E
:1024500086F8E233E20804F00701012306EBC2121A
:102460001C448B4092F862103D2C43EA010382F831
:102470006230EFD196F8933343F0200386F893331C
:102480006F4BA3F14F0113F8012D42F02002994246
:102490001A70F8D1F37C43F00803F374E20804F0F7
:1024A00007010123013C06EBC2128B40032CD17CB7
:1024B00043EA0103D374F1D196F88C3043F008035A
:1024C00086F88C305F4B03F1270113F8012F42F09F
:1024D000080299421A70F8D196F80C3443F02003A0
:1024E00086F80C34E20804F00701012306EBC2125F
:1024F0001C448B4092F88C103D2C43EA010382F877
:102500008C30EFD196F8E53343F0200386F8E533BD
:102510004D4BA3F1270113F8012D42F020029942FF
:102520001A70F8D196F8653043F0080386F86530E4
:10253000E20804F007030125013C06EBC21205FA8C
:1025400003F3032C92F8651043EA010382F8653027
:10255000EED100270AAE26234FF055094FF0270B86
:10256000069A0CA8ADF82E3034494FF01408374BBA
:10257000029501970096ADF82890ADF82A40ADF885
:102580002CB0FEF7EDFEADF828904FF02909524629
:102590000CA82F4B29490096ADF82A90ADF82CB025
:1025A000ADF82E80CDE90175FEF7DAFEADF82A9080
:1025B0004FF04D0918EE902A0CA8254B1F490096A4
:1025C000ADF82840ADF82E80ADF82C90CDE901751E
:1025D000FEF7C6FE082308AA0CA8ADF82A30174952
:1025E0001B4B0096ADF82840ADF82C90ADF82E802E
:1025F000CDE90175FEF7B4FE0FB0BDEC028BBDE86E
:10260000F08F0D4A0221504611F0AAF9F1E6DFEDF4
:10261000117A07A8084A042128EE278A08EE900AB2
:10262000FDEEC87A17EE903A11F09AF9F5E600BF80
:10263000A87F052470400108AC400108507B0524A8
:10264000337F0524B47B05245D7F05248C000024A2
:10265000840000240000C84284B070B584B00446F1
:102660004FF47A7609AD85E80E009DF8383029469A
:102670000025037102F0ACFCAE2303AA00968DF88E
:102680000D302046217902238DF80C5002F036FDE2
:10269000D52303AA0096204621798DF80D30022318
:1026A0008DF80C5002F02AFD802303AA00962046E4
:1026B00021798DF80D3002238DF80C5002F01EFDAB
:1026C000A82303AA0096204621798DF80D30022315
:1026D0008DF80C5002F012FD3F2303AA009620460D
:1026E00021798DF80D3002238DF80C5002F006FD93
:1026F000DA2303AA0096204621798DF80D300223B3
:102700008DF80C5002F0FAFC122303AA0096204622
:1027100021798DF80D3002238DF80C5002F0EEFC7B
:10272000D32303AA0096204621798DF80D30022389
:102730008DF80C5002F0E2FC03AA009602232179E6
:1027400020468DF80C508DF80D5002F0D7FC402338
:1027500003AA0096204621798DF80D3002238DF8CA
:102760000C5002F0CBFCA62303AA00962046217948
:102770008DF80D3002238DF80C5002F0BFFCA4231D
:1027800003AA0096204621798DF80D3002238DF89A
:102790000C5002F0B3FC8D2303AA00962046217949
:1027A0008DF80D3002238DF80C5002F0A7FC142395
:1027B00003AA0096204621798DF80D3002238DF86A
:1027C0000C5002F09BFCA12303AA0096204621791D
:1027D0008DF80D3002238DF80C5002F08FFCC823C9
:1027E00003AA0096204621798DF80D3002238DF83A
:1027F0000C5002F083FC812303AA00962046217925
:102800008DF80D3002238DF80C5002F077FC8F23E9
:1028100003AA0096204621798DF80D3002238DF809
:102820000C5002F06BFCD92303AA009620462179B4
:102830008DF80D3002238DF80C5002F05FFC25233B
:1028400003AA0096204621798DF80D3002238DF8D9
:102850000C5002F053FCDB2303AA0096204621799A
:102860008DF80D3002238DF80C5002F047FC342314
:1028700003AA0096204621798DF80D3002238DF8A9
:102880000C5002F03BFCAF21009603AA02238DF806
:102890000D10204621798DF80C5002F02FFC04B069
:1028A000BDE8704004B070472DE98048002195B024
:1028B0005F484FF0020800F0DDFA10215C48002567
:1028C00000F0FCF903215A48012400F0DBF95949D2
:1028D00057480EAE00F0D2F98DF814808DF81550DF
:1028E0004246059909A801F0CDFC0423012209A95B
:1028F000514801F0DBFC504801F0E6FE3C23102279
:1029000011958DF84C304D4B8DF848200E95DFF821
:102910004891CDE90F3414AB13E907008DE80700A7
:10292000474896E80E00A0F10807FFF795FE0C2334
:102930008DF818409FED430A22468DF819302B463A
:1029400006994148CDF8008001F038FC0B238DF842
:102950001C8022468DF81D302B469FED3A0A0799C0
:102960003A48CDF8008001F029FC0A218DF820803A
:102970002B468DF8211022469FED320A34480899E3
:10298000009401F01BFCFFF7CBFB99F80030002B03
:10299000F9D0304D4FF0B008FFF7FEFC4FF47A7BD2
:1029A0004FF0000A397B022332462548CDF800B0AB
:1029B000A5F180048DF838A08DF8398002F09EFBD7
:1029C000397B022332461E48CDF800B08DF838A07E
:1029D0008DF839A002F092FB4FF0100C397B0223E6
:1029E00032461748CDF800B08DF838A08DF839C0C0
:1029F00002F084FB4FF47A7A14F801CF4FF0400EC6
:102A0000397B022332460E48CDF800A08DF838E01D
:102A10008DF839C002F072FBA542EBD108F1010834
:102A200080355FFA88F8B8F1B80FB7D1ABE700BFCF
:102A3000607F0524FD0C0008787F0524010801094A
:102A4000587B052400000000D47F0524C47F0524A2
:102A5000B07F0524DF7B0524E57F052410B51148F0
:102A60000024114A1149046044610462C46310F0F7
:102A70006DFA0F4B0F480C4A03600F49846010F049
:102A800065FA0E49084A0E4810F060FA064A0B49EA
:102A90000C4810F05BFA044A08490B48BDE81040A6
:102AA00010F054BA607F052400000024DD0C0008FB
:102AB000B8400108507B0524F10C0008D90C00082F
:102AC000D47F0524C47F0524B07F052401292DE986
:102AD000F04380461C462DED068B83B06ED0002956
:102AE0000F4691464FEA4202B8BF4F1C0E46019274
:102AF0007F1003EBC7053946FFF7E8FF019A08EBA3
:102B000089002B463946FFF7E1FF012E51DD07EE24
:102B1000906A0026B8EEE7AA07EE906A9FED327A37
:102B2000D4ED009A0136B8EEE70ADFED307A94ED85
:102B3000019A60EE277A20EE070AC7EE8AAA80EE95
:102B40000A0A10F03BFBB0EE408AB0EE6A0A10F0C1
:102B500007FAF0EE408AB0EE6A0A10F009FC28EE9F
:102B6000000A68EE288AD5ED010AD5ED006A20EE4C
:102B7000C07A68EEA07AA8EEA67AE0EE267AF4EEA5
:102B8000477AF1EE10FA22D639EE876A083579EEE7
:102B9000276AB74239EEC77A04F1080479EE677AFA
:102BA00004ED026A44ED016A05ED027A45ED017A11
:102BB000B2DC03B0BDEC068BBDE8F08302680023F5
:102BC0002260636003B0BDEC068BBDE8F083F0EEDD
:102BD000401AB0EE681AB0EE660AFDF7A5FDB0EE39
:102BE000407AF0EE607ACFE700000080DB0FC9C0CA
:102BF000DFED1F7A38B580EE270A05460C462DED2D
:102C0000028B10F04DFBB2EE088AFAEE027AF0EE7B
:102C1000408AF0EE480AE0EE087AB0EE670A10F05B
:102C2000ADFCB9EE047AF8FE407AFDEEE76A30EECC
:102C3000670A104BA8EE887A0F4916EE902A002AF0
:102C4000B8BF5242C7EE087AA3FB0203DB0803EBCE
:102C50004303A2EB8303BDEC028B51F823302B60BE
:102C6000F8FE677AFDEEE77AC4ED007A38BD00BF62
:102C700013D08241ABAAAAAA04000024143001F0A8
:102C800069BA00BF38B500F1140504462DED028B7A
:102C9000284601F01BFA284601F014FA2846B0EE47
:102CA000408A01F0FDF9D0ED007AF8EE677A88EEFF
:102CB000277ABDEC028B84ED0E7A38BD38B500F171
:102CC000140504462DED028B284601F0EDF9284647
:102CD00001F0F8F92846B0EE408A01F0E1F9D0EDB4
:102CE000007AF8EE677A88EE277ABDEC028B84EDE5
:102CF0000E7A38BD253001F0EBBF00BF10B540F2B1
:102D000003338EB000244FF60B7240F20341ADF84E
:102D1000083009A80123ADF81020ADF82420224680
:102D2000ADF80C100094029907940C94CDE9054479
:102D3000CDE90A4401F0E6FD04A8012322460399E7
:102D4000009401F0DFFD09A801F0C2FE10B90120D6
:102D50000EB010BD04A801F0BBFEA0420CBF0220C3
:102D600020460EB010BD00BF2DE9F04103239AB0FC
:102D7000012700240646CDE914373B4BCDE910432B
:102D800040F20453CDE91647ADF84830FFF7B6FFDF
:102D9000B842054625D0022845D040F60132334BD3
:102DA0000DF12C081894ADF82C200B981997CDF83C
:102DB0004A3000F0E3F810A906F13C0002F0D0FE22
:102DC000302003224FF07E5341460D930E93CDE900
:102DD0000B02F26B06F1140001F02AF91AB0BDE8FB
:102DE000F0811023214A06A906908DF828300DF1B4
:102DF0002C081F4BCDF84A2007930294CDE9180404
:102E0000CDE9080402A802F0E3F80823029A03A916
:102E10004046ADF80C508DF80E40049505930B9488
:102E200000F0ECF8C7E700200121104B0DF12C0851
:102E30003A460094CDF84A304FF60B730C94ADF837
:102E40002C302346CDE9180140F601314046ADF85B
:102E500018100699CDE90D4401F054FD2146404675
:102E600001F042FEA7E700BF0402040404060403C5
:102E70000704010B2DE9F04704462DED028B82B0CB
:102E800000294DD0012140F2011200230091ADF83C
:102E900004208DF80630364A0127364B04F1040928
:102EA000354904F12908626040F20272A36040F6DD
:102EB0000663E16004F1250AA4F82520A4F829306E
:102EC000278284F8277084F82B7003F005FA0546F2
:102ED00003F068F86946064650BB4DB304F1300074
:102EE0008DF8067003F080F9072D3CD104F114052C
:102EF0002046FFF739FF284601F0E4F82846B0EEF7
:102F0000408A01F0CDF8D0ED007AF8EE677A88EECD
:102F1000277A84ED0E7A02B0BDEC028BBDE8F08713
:102F200040F2011300918DF80610ADF80430B2E7BD
:102F300004F1300003F058F9072D11D0494620461E
:102F400002F08EFA0EB9002DD0D1504601F0D6FD18
:102F5000404601F0D3FD04F1120000F079F9C5E715
:102F6000002EF2D1C2E74946204602F079FABDE7C9
:102F70000508050905070506050A060610B584B00B
:102F800003460124ADF8040003A8ADF80C30ADF8F9
:102F90000E4001F0B3FD214603A801F099FE204642
:102FA00002F0FEFF002103A801F092FE204602F08D
:102FB000F7FF214603A801F08BFE04B010BD00BF4F
:102FC00010B5C2F3002384B00C46017C8DF80D20AF
:102FD00043EA4402FA2402238DF80C2003AA009449
:102FE00002F08CF818B10124204604B010BD04464C
:102FF0000A2002F0D5FF204604B010BD034670B58C
:1030000043F8042B044684B007C983E80700A3797A
:1030100083B91A210B461E22FA2523742046ADF8E7
:103020000C20022303AA009502F068F828B10120C1
:1030300004B070BD1B210B46EDE70A2002F0B0FF83
:103040004FF4B85200950223ADF80C20204603AA95
:10305000217C02F053F80028E9D10A2002F0A0FFF9
:1030600041F2027200950223ADF80C20204603AA1B
:10307000217C02F043F80028D9D10A2002F090FF09
:10308000042200950223ADF80C20204603AA217CDF
:1030900002F034F80028CAD10A2002F081FF06228B
:1030A00000950223ADF80C20204603AA217C02F0F3
:1030B00025F80028BBD10A2002F072FF41F2082255
:1030C00000950223ADF80C20204603AA217C02F0D3
:1030D00015F80028ABD10A20064602F061FF0095E2
:1030E000022303AA217C2046ADF80C6002F006F80A
:1030F00000289CD1304602F053FF009522790C2322
:103100002046002A8DF80C3003AA4FF0020314BFAA
:10311000622142218DF80D10217C01F0EFFF002883
:1031200085D1304602F03CFF2279D4E902310B43CD
:10313000DBB20AB943F0400362790AB143F02003DD
:103140000E22FA258DF80D302046009502238DF8C9
:103150000C2003AA217C01F0D1FF00287FF467AF87
:103160000A2002F01DFF102200950223ADF80C206A
:10317000204603AA217C01F0C1FF00287FF457AF4D
:103180000A2002F00DFF122100950223ADF80C1069
:1031900003AA217C204601F0B1FF00287FF447AF4D
:1031A0000A2002F0FDFE012209212046FFF708FF58
:1031B000003818BF01203BE7F0B5102387B0234C3F
:1031C000012200250126002702A920460195CDE90C
:1031D00002234FF48052CDE9046709F035FE6420E4
:1031E00003F020FB02A94FF480522046CDE904678A
:1031F00002261027CDE9026709F026FE03221023DC
:1032000002A92046CDE9022300230422CDE90423AC
:103210004FF4805209F018FE40F23223042202A932
:10322000019310232046CDE90223019A0123059240
:103230004FF48052049309F007FE40F60601204641
:1032400009F022FE284607B0F0BD00BFF07F05243C
:103250001C4B00221C494FF0400C30B5054689B08C
:103260000220596007219A601A620124DA620A2258
:103270004FF4006EDC6006922022CDE900010420AC
:103280000821CDE9020103201021CDE90401082025
:103290006946C3E904024FF4C072181DC3E906C2AF
:1032A0004FF48052C3E909E209F0A4FD38B9284679
:1032B000FFF782FF003818BF012009B030BD20465B
:1032C00009B030BDEC7F052440410052614A002125
:1032D000D0B513688EB00A91002B40F0B9805E4BD8
:1032E00001214FF683700C2411600221D3F8D42001
:1032F0000026032742F48052C3F8D420D3F8D42008
:1033000002F480520092009AD3F8E02042F01002BA
:10331000C3F8E020D3F8E02002F010020192019AF5
:10332000D3F8E02042F04002C3F8E020D3F8E020D8
:1033300002F040020292029AD3F8E02042F0080222
:10334000C3F8E020D3F8E02002F008020392039AC9
:10335000D3F8E02042F48072C3F8E020D3F8E020F4
:1033600002F480720492049AD3F8E02042F08002C2
:10337000C3F8E020D3F8E02002F080020592059A1D
:10338000D3F8E02042F02002C3F8E020D3F8E02098
:1033900002F020020692069AD3F8E02042F00402DE
:1033A000C3F8E020D3F8E0300C9403F00403079353
:1033B0000323079A0B93CDE9080108A9274805F0D4
:1033C000B7F848F23712022308A925480C94CDE932
:1033D0000823CDE90A6705F0ABF84CF2037202232B
:1033E00008A920480C94CDE90823CDE90A6705F027
:1033F0009FF840F2FF62022308A91B480C94CDE914
:103400000823CDE90A6705F093F84FF60C72022302
:1034100008A916480C94CDE90823CDE90A6705F000
:1034200087F84FF63F02022308A911480C94CDE912
:103430000823CDE90A6705F07BF82022022308A9BA
:103440000A480C94CDE90A67CDE9082305F070F825
:103450000EB0D0BDE87F0524004402580010025889
:1034600000180258000C025800200258001C025894
:10347000001402582DE9F04FDFF8108406460D467F
:10348000144608F118002DED028B89B000AF02F050
:103490005FFCD8F8183073B3D8F81C30D8F8049013
:1034A000002B43690BBF4FF0080A4FF0100A4FF092
:1034B000020B4FF0040BB9F1000F2AD0A200EA462C
:1034C000012B02F1070222F00702ADEB020D684664
:1034D000ADEB020D694600F03F81022B00F0D68073
:1034E000002B6FD02246C847D5462437BD46BDECD9
:1034F000028BBDE8F08FD8F81C30002BF5D0D8F83F
:1035000004904FF0080A4FF0020B4369B9F1000F25
:10351000D4D1FB61D8F80030BB61002BE5D0D54891
:1035200002F088FC6B46BBF1020F786108EE103A9E
:10353000FB6900F083816A465146A2EBC4029546BE
:103540006200EA46B2FBFBF2AAEBC40085460AEB36
:103550008200EE46F861ADEB010DF8690EEB820CCE
:10356000C7F810C0EC46ADEB010D00EB8201CCF8C2
:103570000400CCF8081001EB82013869E946CCF868
:103580000C1000EB8201CCF800A001EB8202C9E92B
:1035900000E0C9E90212012B00F06483022B00F065
:1035A0006C82002B00F08081620849466046BB694E
:1035B000984718EE103A24379D46BD46BDEC028B65
:1035C000BDE8F08F002C8DD01A46D8ED0C6A9FED27
:1035D000B27A8446331D36F922E00CF1080C07EE6E
:1035E00090EA33F922E00232F8EEE77A944267EE8D
:1035F000877A67EEA67A4CED027A07EE90EAF8EE4B
:10360000E77A67EE877A67EEA67A4CED017AE2D820
:10361000F9612246C847984ED8ED0D6A0020F96935
:103620002B1D9FED9E7A9FED9E6ADFED9E5A22E054
:10363000F4EEC67AF1EE10FAC0F2C88447F6FE72D4
:10364000D1ED017A45F8202066EEA77AF4EEC77A2C
:10365000F1EE10FA40F2F080F4EEC67AF1EE10FAD4
:10366000C0F2D58447F6FE7243F8202002300831BC
:1036700084427FF639AFD1ED007A66EEA77AF4EE98
:10368000C77AF1EE10FAD3D83246D9E7002C3FF4CE
:1036900029AFD8ED0C6A84469FED787A0022331D5D
:1036A0008E4656F822100CF1080C07EE901A53F8CB
:1036B00022100232F8EEE77A944267EE877A67EEDC
:1036C000A67A4CED027A07EE901AF8EEE77A67EEEA
:1036D000877A67EEA67A4CED017AE2D871462246E7
:1036E000C7F81CE0C847664ED8ED0D6A0020F9699E
:1036F0002B1D9FED6A7A9FED6A6ADFF894C120E086
:10370000F4EEC67AF1EE10FAC0F279843246D1EDC9
:10371000017A45F8202066EEA77AF4EEC77AF1EE3A
:1037200010FA40F28780F4EEC67AF1EE10FAC0F299
:103730005E84324643F820200230083184427FF60E
:10374000D3AED1ED007A66EEA77AF4EEC77AF1EE49
:1037500010FAD5D86246DAE7002C3FF4C3AED8EDB4
:103760000C6A86469FED477A4FF0000C331D56F8E1
:103770002C200EF1080E82F40002A2F5000207EEE2
:10378000902A53F82C200CF1020CF8EEE77A82F420
:1037900000026445A2F5000267EE877A67EEA67A1A
:1037A0004EED027A07EE902AF8EEE77A67EE877A16
:1037B00067EEA67A4EED017AD9D8F9612246C8475C
:1037C000314ED8ED0D6A0020F9692B1D9FED337A3B
:1037D0009FED336ADFF8BCC01FE0F4EEC67AF1EE6D
:1037E00010FAC0F2FC833246D1ED017A45F8202070
:1037F00066EEA77AF4EEC77AF1EE10FA18D9F4EE75
:10380000C67AF1EE10FAC0F2DA83324643F820208D
:103810000230083184427FF667AED1ED007A66EE61
:10382000A77AF4EEC77AF1EE10FAD6D86246DBE753
:103830006246EBE762467DE7324615E7A100D646D1
:103840006208073121F00701ADEB010DEA46ADEB4F
:10385000010D6946ADEB0E0D0AEB8200EC46ADEBB7
:103860000E0D01EB8202F861E946CCE900A0C9E93E
:10387000001290E6408005240280FFFF0000003027
:103880000082FF7F0000003482FF7F002480052437
:10389000007E00807E0080FF0000003804FF7FBFB4
:1038A00004FF7F3F00FEFF46002C00F0C982BBF101
:1038B000020FD8F8242000F0FA827969C7F8049042
:1038C00002EB810E5FED0C5A8A00DCF808100EF155
:1038D00004007A611A46DCF80C303B61331DD7F8DE
:1038E00010903D61FD69C7E902CB8C46834636F9ED
:1038F0002210D8ED0C7A06EE101A33F9221006EEDB
:10390000901A3EF92210B8EEC66A07EE101AF8EEC9
:10391000E66A3BF92210B8EEC77A26EE256A66EE13
:10392000A56A27EE257A26EE276A66EEA76A27EEB5
:10393000277A07EE901A51080232F8EEE77A0AEB7E
:103940008100944280ED006A05EB810067EEA57A64
:10395000C0ED006A0CEB810009EB810180ED007A7B
:1039600098ED0C7A67EE877AC1ED007ABFD8D7F868
:1039700004903D69D7E902CB60466208BB694946BD
:103980009847D8F82C307A69D8ED0D6A1A441FEDA3
:103990003D7A1FED3D6A2B1D904602F1040A5FED52
:1039A0003F5A0022A84ED9E900EC51E0F4EEC67A65
:1039B000F1EE10FAC0F2C78247F6FE7045F8220019
:1039C0000CEB0100D0ED007A66EEA77AF4EEC77A30
:1039D000F1EE10FA4BD9F4EEC67AF1EE10FAC0F21D
:1039E000BA8247F6FE70BBF1020F43F822002BD0DB
:1039F000D9F808000844D0ED007A66EEA77AF4EE14
:103A0000C77AF1EE10FA36D9F4EEC67AF1EE10FA72
:103A1000C0F2CD8247F6FE7048F82200D9F80C00BB
:103A20000144D1ED007A66EEA77AF4EEC77AF1EEA2
:103A300010FA1ED9F4EEC67AF1EE10FAC0F2AF8297
:103A400047F6FE714AF82210023294427FF6B1AD79
:103A500051080EEB81008900D0ED007A66EEA77A5E
:103A6000F4EEC77AF1EE10FAA0D83046A6E7304659
:103A7000B9E73146E6E73046CEE7002C00F0E081BA
:103A8000BBF1020FD8F8243000F0E1817A69DCF84C
:103A9000081003EB820EC7F804909300DFED6B5A19
:103AA0000EF1040000227B61DCF80C303B61331D19
:103AB000D7F810903D61FD69C7E902CB8C4683467B
:103AC00056F82210D8ED0C7A07EE101A53F822108F
:103AD000B8EEC76A07EE101A5EF82210F8EEC76A51
:103AE00007EE101A26EE256A5BF82210B8EEC77AA8
:103AF00066EEA56A26EE276A27EE257A66EEA76AA5
:103B000027EE277A07EE901A51080232F8EEE77A8C
:103B10000AEB8100944280ED006A05EB810067EEBC
:103B2000A57AC0ED006A0CEB810009EB810180ED04
:103B3000007A98ED0C7A67EE877AC1ED007ABFD8EB
:103B4000D7F804903D69D7E902CB60466208BB69AB
:103B500049469847D8F82C307A69D8ED0D6A1A444E
:103B60009FED3E7A9FED3E6A131D9246DFF8E4C05A
:103B70000022FB612B1D364ED9E9008E4EE0F4EE9B
:103B8000C67AF1EE10FAC0F2FC81304645F8220008
:103B90000EEB0100D0ED007A66EEA77AF4EEC77A5C
:103BA000F1EE10FA49D9F4EEC67AF1EE10FAC0F24D
:103BB000EF813046BBF1020F43F822002AD0D9F83A
:103BC00008000844D0ED007A66EEA77AF4EEC77AD2
:103BD000F1EE10FA35D9F4EEC67AF1EE10FAC0F231
:103BE000C98130464AF82200D9F80C000144D1EDD1
:103BF000007A66EEA77AF4EEC77AF1EE10FA1ED9D3
:103C0000F4EEC67AF1EE10FAC0F2AD813146F869F1
:103C100040F82210023294427FF6CBAC510808EBF8
:103C200081008900D0ED007A66EEA77AF4EEC77ABB
:103C3000F1EE10FAA3D86046A8E76046BAE76146FD
:103C4000E5E76046CEE700BF0280FFFF00000030DE
:103C50000082FF7F007E00800000003404FF7FBFF1
:103C600004FF7F3F002C00F0EB807A690021D8F838
:103C70002430C7F8109003EB820ED7F81C90930005
:103C8000FD610EF104021FED0C6A7B61331D1546C8
:103C900056F821204808D8ED0C6ABBF1020F82F4D7
:103CA0000002A2F5000207EE902A53F8212082F4C8
:103CB0000002B8EEE77AA2F5000227EE067A07EED8
:103CC000902A0AEB8002F8EEE77A27EE267A67EE72
:103CD000867A82ED007A09EB80024FEA800067EE77
:103CE000A67AC2ED007A27D05EF8212082F4000285
:103CF000A2F5000207EE902A55F8212082F4000276
:103D0000B8EEE77AA2F5000227EE067A07EE902ACF
:103D1000DCF80820F8EEE77A024427EE267A67EE10
:103D2000867A82ED007A98ED0C7ADCF80C2067EE4A
:103D3000877A0244C2ED007A02318C42A8D8D7F8C3
:103D4000109060466208BB694946FD699847D8F8FB
:103D50002C307A69D8ED0D6A1A441FED407A1FEDB8
:103D6000406A131D9246DFF8C4C20022FB612B1D7E
:103D7000AB4ED9E9008E4EE0F4EEC67AF1EE10FAC1
:103D8000C0F2C580304645F822000EEB0100D0EDB0
:103D9000007A66EEA77AF4EEC77AF1EE10FA49D906
:103DA000F4EEC67AF1EE10FAC0F2BF803046BBF1F5
:103DB000020F43F822002AD0D9F808000844D0EDB9
:103DC000007A66EEA77AF4EEC77AF1EE10FA35D9EA
:103DD000F4EEC67AF1EE10FAC0F2AE8030464AF840
:103DE0002200D9F80C000144D1ED007A66EEA77AE2
:103DF000F4EEC77AF1EE10FA1ED9F4EEC67AF1EEBF
:103E000010FAC0F28B803146F86940F82210023275
:103E100094427FF6CEAB510808EB81008900D0EDCB
:103E2000007A66EEA77AF4EEC77AF1EE10FAA3D81C
:103E30006046A8E76046BAE76146E5E76046CEE738
:103E4000224649466046BB699847FFF7B2BBC7F8B0
:103E500010B0002298ED0C6A331DDFED726AD7F8BE
:103E60001CB0786956F8221007EE901A53F8221009
:103E7000B8EEE77A07EE901A51080232F8EEE77AC8
:103E800027EE267A0AEB810E94420BEB810167EE56
:103E9000A67A27EE067A67EE867A8EED007AC1ED75
:103EA000007ADFD88300D7F810B07B614DE61A4660
:103EB000C7F810B098ED0C6A331DDFED5B6AD7F8D8
:103EC0001CB0786936F9221007EE101A33F9221067
:103ED00007EE901AB8EEC77A51080232F8EEE77A88
:103EE00027EE267A0AEB810E94420BEB810167EEF6
:103EF000A67A27EE067A67EE867A8EED007AC1ED15
:103F0000007ADFD88300D7F810B07B6134E5F0EE9B
:103F1000675AFEEEE45A15EE900A34E7F0EE675A5F
:103F2000FEEEE45A15EE901A6EE7F0EE675AFEEEDA
:103F3000E45A15EE900A3AE7F0EE675AFEEEE45ABC
:103F400015EE900A4BE767EEA57AFDEEE77A17EEDD
:103F5000900A00B232E567EEA57AFDEEE77A17EE39
:103F6000900A00B23FE5F0EE675AFEEEE05A15EE19
:103F7000901A4CE6F0EE675AFEEEE05A15EE900A03
:103F800030E6F0EE675AFEEEE05A15EE900AFDE5D7
:103F9000F0EE675AFEEEE05A15EE900A0AE667EE7A
:103FA000A57AFDEEE77A17EE901A09B24AE567EEB8
:103FB000A57AFDEEE77A17EE900A00B22CE5F0EE56
:103FC000675AFEEEE45A15EE902A1FE467EEA57AD2
:103FD000FDEEE77A17EE902A12B2FFF731BBF0EE52
:103FE000675AFEEEE45A15EE902AFFF7FDBBF0EE9D
:103FF000675AFEEEE05A15EE902AFFF79BBBF0EEF3
:10400000675AFEEEE05A15EE902AFFF780BB67EE86
:10401000A57AFDEEE77A17EE902A12B2FFF724BBDD
:1040200082FF7F0000000030000000387E0080FF2B
:1040300030B5184C154685B0046004F1080EEC4606
:104040000FC98EE80F00D4ED047AF5EEC07A8CE843
:104050000F00F1EE10FA1ADDB7EE006A94ED057A62
:1040600027EE277AC6EE276A84ED0D7AC4ED0C6A36
:104070006DB1204640F8185F01F06AFE06490369F9
:104080000020064A2162A262E36005B030BD012033
:1040900005B030BD24800524002000300000003031
:1040A00000680830704700BFB1F5807F03680A469A
:1040B00028BF4FF48072B1F5807F9A6094BF0020D2
:1040C000012070470068183001F0A2BE70B5046886
:1040D0008AB0A369E160CBB104F11805284601F06C
:1040E00037FE8446EE46E668BCE80F00AEE80F00F7
:1040F000BCE80F00AEE80F009CE803008EE8030068
:1041000069462846049601F02BFDF8B9E069D8B15C
:1041100004F11C05284601F01BFE8446EE46E468C7
:10412000BCE80F00AEE80F00BCE80F00AEE80F00DF
:104130009CE803008EE8030069462846049401F0D9
:104140000FFD003818BF01200AB070BD01200AB071
:1041500070BD00BF30B5046883B00D46E3694BB154
:10416000A3680020E26A616A9B00009004F11C00D1
:1041700001F0F0FDA3680748A26A9B00216A009045
:1041800004F1180001F0E6FD0020C4E9005003B07E
:1041900030BD00BF7534000810B4074B4FF07E519E
:1041A00030240022032019619C60D8605DF8044B24
:1041B0005961C3E90622704724800524F0B51D46E5
:1041C00083B004461646A5F101059DF82070ADF8B0
:1041D000041001F0E3FEB5FA85F50023BDF80420D4
:1041E000012F4FEA551566712060E572E280237158
:1041F000A372237209D0022F0FD00123A01D637276
:1042000003B0BDE8F04000F079BC0223A01D63724A
:1042100003B0BDE8F04000F071BCA01D637203B0B4
:10422000BDE8F04000F06ABC38B5044601F0B6FEC7
:10423000002223682271834210D00122A57AE37AFA
:10424000954020602271A01D6DB243B900F032FD8F
:1042500040B22843C0B27F28A0720AD038BD00F017
:1042600029FDB0FA80F040092843C0B27F28A0722F
:10427000F4D101F093FE07EE900AF8EE677AC4EDF0
:10428000037A38BD00B583B04FF0000E4FF0030C39
:104290004274ADF80410BDF8043080F810E0A0F8C6
:1042A00002C0038003B05DF804FB00BF2DE9F04FAE
:1042B000DFF81C8300258DB0C04C037008F140036B
:1042C0004260074601920E46202229464046C4F825
:1042D0006831C4F86481CDE90255CDE90455CDE9D2
:1042E0000655CDE90855CDE90A550FF07BFA202295
:1042F000294604F5A170C4F83151C4F83551C4F809
:104300003951C4F83D510FF06DFA019B84F84852C1
:1043100084F830317A68002A6AD02B4604F5987107
:10432000454606F1100A9E46F01856F803B0E2180A
:104330000EF1010ED0F80CC0D0F80490D0F808802F
:1043400044F803B0C2F80CC04FF0000CC2F804905F
:10435000C2F80880008A25F802CB10821AF80320E0
:1043600001F8012F002A70D07A684FF00100123353
:10437000724584F84802D7D84FF4802290489DF8BF
:10438000043008214FF000084FF00009C4F88431D0
:104390000023C4E95B020122C4F8743184F880313F
:1043A000C4E95E2194F84812C4E96489A9B3C4F849
:1043B0009821002284F8813184F888313B78C4E95F
:1043C0006722002B38D0012200200121013B84F814
:1043D000A421C4E96C01082B30D8DFE813F0BD003C
:1043E000C200C700CC00D100D600DB00E100E8002D
:1043F0009DF804300121C4F87421C4F884314FF4CD
:10440000802384F880216E4AC4E95B2308230022BC
:10441000C4E95E130023C4E964230123002284F865
:104420008131002384F888310323C4F898313B7824
:10443000C4E96722002BC6D184F8A431614802F098
:1044400029FE034638B1FFBEFEE77A681233724593
:104450003FF66AAF90E702A95A48029302F078FF4C
:104460008246002876D1042240F2FF710A90CDE9FD
:10447000081294F83021002A00F0F3804FF006086B
:104480000AEBCA034FEACA0904EB43035B7C072B20
:1044900007D8DFE803F0595C5653504D4A04072310
:1044A00007930FFA8AF6D14406EBC60604EB4909D6
:1044B00004EB46077500384600F020FB99F81030F1
:1044C000042B00F3AA80022B00F3BD8000F0B9801A
:1044D00004EB0A03002283F8202114F81630002B85
:1044E00078D0022B00F08A80012B40F0B2807B78DC
:1044F000012B00F0B080002B334B18BF002305A91F
:104500003048CDE9053802F0F1F9002840F0AC80E0
:104510000AF1010A94F830315FFA8AFA534540F201
:10452000A0802A4B53F82A80AAE706230793B8E70E
:1045300005230793B5E704230793B2E70323079303
:10454000AFE702230793ACE700230793A9E7012312
:104550000793A6E7FFBEFEE703224023C4E96A23D0
:104560006CE707226023C4E96A2367E70F228023F0
:10457000C4E96A2362E71F22A023C4E96A235DE736
:104580003F22C023C4E96A2358E77F22E023C4E91D
:104590006A2353E7FF224FF48073C4E96A234DE78F
:1045A00040F2FF124FF49073C4E96A2346E740F2E9
:1045B000FF324FF4A073C4E96A233FE7608005240B
:1045C00000200240CC8105240002B0251C410108D6
:1045D000004000307B78062B37D0072B3DD0022BD4
:1045E0004AD0032B4AD0002B4CD0012B48D0042BAF
:1045F0004AD0052B254B18BF002380E77B78042B7E
:1046000025D0052B2BD08BB3012B31D0022B31D0F1
:10461000032B1F4B18BF002371E70323043504EB62
:104620000A0B4FF0000925448BF82031284609F188
:10463000010900F063FA9BF8203104354B45F5DCA5
:104640004BE70123EAE70223E8E7124B57E7124B57
:1046500055E7002353E7114B51E7114B4FE7114B3F
:104660004DE70DB0BDE8F08FFFBEFEE70E4B46E70D
:104670000E4B44E70E4B42E70E4B40E70E4B3EE736
:104680000E4B3CE70E4B3AE70E4B38E70000B84FB5
:10469000002090360800900C1000C0102000F0148C
:1046A0008000501D000180210004002A0008302EE7
:1046B000001060320040C03A0080F03E00005247D7
:1046C000000021430000844B38B5094C40F2FF72D2
:1046D0004FF0011104F5B675284602F0E7FD94F895
:1046E0003021D4F864112846BDE8384002F052BBAE
:1046F00060800524064B0F29D3F8643198BF03EB83
:1047000041031B8800EE103ABBEEC80A704700BF99
:1047100060800524214B02689A4200D07047204AED
:1047200000232048D2F8D81030B51F4C41F02001AA
:1047300083B0C4F8D001092004F5E875C4E9750315
:104740004FF48060C2F8D810D2F8D8204FF400613E
:10475000C4E9773094F8480202F02002C4F8E4116A
:104760004FF40051984201922846C4F8E811C4E978
:104770007C33019B14BF00234FF48073C4F8EC31E9
:1047800003F00CF808B1FFBEFEE704F5B673C4F8F9
:10479000B851C4F8083203B030BD00BF0020024059
:1047A000004402584000024060800524014803F0A4
:1047B0006DBB00BF3082052402682DE9F84F4B4BDA
:1047C0009A4201D0BDE8F88F494D95F84832002B48
:1047D000F8D095F83031002B77D0002405F10C0982
:1047E00005F5A17605F59877A04613E003F00101E1
:1047F00017F811BCA9F1080000F06AFABBF1010F2B
:1048000025D895F83031013409F112090236A2B2E7
:1048100093422BD917F8012F002AF4D0D5F8643130
:104820000021327833F81400D5F8683103EB041313
:1048300023F81200338801339BB233805FFA83FA86
:104840003A789A42D2D88A46A6F80080D0E7CAF3CE
:104850004001A9F1040000F03BFABBF1020FCAF3DA
:104860008001CED0484600F033FACAE7002395F81D
:104870004802204909229842C5F8D8314FF4806097
:10488000C5F8D011C5F8D4214FF400614FF400529F
:10489000C5F8DC3108BF4FF48073C5F8E821C5E9DD
:1048A000780100221448C5E97B32C5F8F42102F0F2
:1048B00075FF08B1FFBEFEE795F83021D5F8641109
:1048C0000E48BDE8F84F02F065BA0A4909224FF4D4
:1048D0008060C5F8D831C5E974124FF400614FF417
:1048E0000052C5E97730C5E97912DAE700200240C5
:1048F000608005244000024030820524CC810524DC
:10490000704700BF10B592B0ADF804100180C9B275
:10491000149C0B29C460C0E901233FD090F801C06A
:10492000BCF10F0F3AD8022A3FD0032A02D0012A45
:1049300000D000220E92012B02D0022B18BF0023C0
:10494000022C0F932CD0032C2AD0012C28D000232A
:104950000A29109327D85C4A02EB812202610A29B6
:1049600014D8DFE801F0A39587796B5D4F413325BB
:104970000600564BD3F8E01041F48061C3F8E01014
:10498000D3F8E03003F480630C930C9B01230DA952
:10499000104603FA0CF30D9303F0CAFD12B010BDDC
:1049A0000A291094D7D90022D8E711220E92C2E723
:1049B000464BD3F8E01041F40071C3F8E010D3F88F
:1049C000E03003F400730B930B9BDFE73F4BD3F80E
:1049D000E01041F48071C3F8E010D3F8E03003F444
:1049E00080730A930A9BD1E7384BD3F8E01041F06B
:1049F0008001C3F8E010D3F8E03003F0800309939E
:104A0000099BC3E7314BD3F8E01041F04001C3F8F4
:104A1000E010D3F8E03003F040030893089BB5E7BB
:104A20002A4BD3F8E01041F02001C3F8E010D3F88E
:104A3000E03003F020030793079BA7E7234BD3F84D
:104A4000E01041F01001C3F8E010D3F8E03003F0BB
:104A500010030693069B99E71C4BD3F8E01041F036
:104A60000801C3F8E010D3F8E03003F00803059321
:104A7000059B8BE7154BD3F8E01041F00401C3F818
:104A8000E010D3F8E03003F004030493049B7DE7C7
:104A90000E4BD3F8E01041F00201C3F8E010D3F858
:104AA000E03003F002030393039B6FE7074BD3F857
:104AB000E01041F00101C3F8E010D3F8E03003F05A
:104AC00001030293029B61E7000002580044025870
:104AD00008B5012143780069994089B203F030FF9D
:104AE000003818BF012008BD01230A46417800693B
:104AF00003FA01F189B203F029BF00BF8378022BCA
:104B000030B504468FB037D0032B33D0012B31D0D2
:104B100000230A93E378012B2AD0022B28D000230C
:104B20000B93002320460C9301F05AFD05462046C6
:104B300001F05EFD23780990082B13D8DFE803F01D
:104B40001F3245586B7E91A40500594BD3F8E020E5
:104B500042F48072C3F8E020D3F8E03003F48073AD
:104B60000893089B09A9284603F0E2FC0FB030BD6A
:104B70000B93D6E70A93CDE711230A93CAE74C4B70
:104B800009A92846D3F8E02042F00102C3F8E0204A
:104B9000D3F8E03003F001030093009B03F0C8FC5E
:104BA0000FB030BD424B09A92846D3F8E02042F0AF
:104BB0000202C3F8E020D3F8E03003F002030193CF
:104BC000019B03F0B5FC0FB030BD394B09A9284655
:104BD000D3F8E02042F00402C3F8E020D3F8E0303C
:104BE00003F004030293029B03F0A2FC0FB030BD5C
:104BF0002F4B09A92846D3F8E02042F00802C3F859
:104C0000E020D3F8E03003F008030393039B03F0A4
:104C10008FFC0FB030BD264B09A92846D3F8E02001
:104C200042F01002C3F8E020D3F8E03003F01003A4
:104C30000493049B03F07CFC0FB030BD1C4B09A90E
:104C40002846D3F8E02042F02002C3F8E020D3F851
:104C5000E03003F020030593059B03F069FC0FB0DF
:104C600030BD134B09A92846D3F8E02042F040029A
:104C7000C3F8E020D3F8E03003F040030693069B2E
:104C800003F056FC0FB030BD094B09A92846D3F8F4
:104C9000E02042F08002C3F8E020D3F8E03003F0D7
:104CA00080030793079B03F043FC0FB030BD00BFA8
:104CB0000044025838B5054601F092FC04462846E7
:104CC00001F096FC01462046BDE8384003F038BEAE
:104CD00070B506460D4601F083FC0446304601F0EF
:104CE00087FC2A1E0146204618BF0122BDE87040FD
:104CF00003F02CBE0023122270B586B0CDE902234A
:104D000004930368032B01D804230593061D841D17
:104D1000304601F065FC0546304601F069FC03466B
:104D200001A92846019303F003FC204601F058FC3A
:104D3000034620461C4601F05BFC01A903462046C1
:104D4000019303F0F5FB06B070BD00BF634A036832
:104D5000934210B58CB028D0614A934258D0614A32
:104D6000934200F09480604A934201D00CB010BD91
:104D70005E4C5F48D4F8E03043F00203C4F8E03002
:104D8000D4F8E03003F002030A930A9BFFF7B2FF66
:104D9000D4F8F43043F08003C4F8F430D4F8F4309D
:104DA00003F080030B930B9BE0E7504C5148D4F881
:104DB000E03043F00203C4F8E030D4F8E03003F010
:104DC00002030193019BFFF795FFD4F8E83000221E
:104DD0001F2043F400131146C4F8E830D4F8E8303B
:104DE00003F400130293029BD4F8D83043F001037C
:104DF000C4F8D830D4F8D83003F001030393039BF0
:104E000002F01AFB1F200CB0BDE8104002F052BBAC
:104E1000364C3948D4F8E03043F08003C4F8E03031
:104E2000D4F8E03003F080030493049BD4F8E0301E
:104E300043F00203C4F8E030D4F8E03003F002039A
:104E40000593059BFFF756FFD4F8E8300022212098
:104E500043F480031146C4F8E830D4F8E83003F492
:104E600080030693069BD4F8D83043F00103C4F8BE
:104E7000D830D4F8D83003F001030793079B02F031
:104E8000DBFA21200CB0BDE8104002F013BB1B4838
:104E9000FFF730FF154B00224820D3F8E8401146B9
:104EA00044F40004C3F8E840D3F8E84004F40004F4
:104EB0000894089CD3F8D84044F00104C3F8D840C3
:104EC000D3F8D83003F001030993099B02F0B4FA38
:104ED00048200CB0BDE8104002F0ECBA005400408D
:104EE00000580040005C0040001C0058004402587C
:104EF00038850524B0820524888305246084052430
:104F00002DE9F0431A4B87B000254FF010099E465B
:104F1000EC46184BFF22E04667461A700EF1180661
:104F20000EF13004CDE90055CDE90255ADF8009001
:104F3000BCE80F00CDE90455AEE80F009CE8030083
:104F40000095ADF800908EE80300B8E80F000FC69A
:104F50009CE803000095ADF8009086E803000FCFB1
:104F60000FC49CE8030084E8030007B0BDE8F083A9
:104F700034000024AC82052410B5EFF3108472B61F
:104F8000084B1A78120602D504B962B610BD1B7818
:104F9000D82205485BB202FB0300143002F076FF12
:104FA000F2E700BFAC820524B0820524014804F07A
:104FB00065BB00BF3C830524014804F05FBB00BF14
:104FC00014840524014804F059BB00BFEC84052477
:104FD0002DE9F0430F68D8243F4D85B007FB04F45A
:104FE000032F05EB0403036040DCCB680E46012B66
:104FF0003CD84DD04FF0D808B646DFF8FC9008FBFF
:105000000758BEE80F00C446ACE80F00DEF80030D9
:105010000DF1100ECCF80030D8F808C099E80F0058
:105020000EE90F000EEB8703BCF1010F53F8103CA3
:10503000C8F88C3031D0BCF1020F42D0BCF1000F67
:1050400035D0317C8C34D823002201202C4403FB42
:1050500007534900C3E92602C3F894102046C3E968
:105060002822C3E92A2204F0FBF818B1012005B078
:10507000BDE8F0830146204604F00CFB0028F5D182
:105080000146204604F030FB003818BF0120EEE74F
:105090000B7C103B672BADD9E8E701F01BF90F4BF8
:1050A00098420CBF0E4B0F4BC8F89030C9E701F087
:1050B00011F90A4B98420CBF0B4B0C4BC8F89030BF
:1050C000BFE701F007F9054B98420CBF084B094BAD
:1050D000C8F89030B5E700BFB0820524000E27075E
:1050E0002D0FB0303211D0205F4390608A62E030E3
:1050F000200BA0101A098010784001082DE9F0411A
:10510000D0F8008082B00D4617461E4608F18C0488
:10511000204604F0BBFA2028FAD1D8F80C3073B935
:105120006D002046089C33463A46A9B2009404F02C
:10513000EDF8003818BF012002B0BDE8F081089BEF
:1051400032463946204604F0B5F9F2E7044B102206
:105150001A7483F8E82083F8C02183F898227047F6
:10516000B082052430B5002395B04FF4807106223B
:1051700004460B9306921393CDE90C13CDE90E333D
:10518000CDE9113301F0A8F807282BD004F1100560
:1051900041F2883206A9284605F0B8F828B1012363
:1051A000184684F85C3015B030BD0222022306A9EF
:1051B0002846CDE9002310220123CDE90223002255
:1051C0004FF48003CDE9042305224FF0807306924B
:1051D0006A460F9341F2883305F004FA0028DED1C5
:1051E00015B030BD0323012084F85C3015B030BD0C
:1051F00070B50023A4B04FF080724FF48075044660
:10520000ADF806300D93CDE910320122CDE90E53F1
:10521000CDE91223CDE91433002943D0F02300F166
:10522000100508AEADF80630C02341F28832314691
:105230002846089305F06AF828B10123184684F837
:105240005C3024B070BD41F288320DF10601284671
:1052500005F0C6F803460028EFD105224FF480710F
:105260001E93284616924FF080721B9321931F9233
:1052700002AA9FED1F7BCDE91C13CDE922338DEDF2
:10528000027B9FED1D7B41F2883316A98DED047BD7
:105290009FED1B7B8DED067B05F0A4F90028CCD19A
:1052A00024B070BD00F1100508AE612341F28832D0
:1052B00031462846089305F029F80028BDD141F26F
:1052C00088320DF10601284605F008F90028B4D10E
:1052D000BDF80630204623F0780343F04003ADF8D4
:1052E0000630FFF73FFF00289ED0A6E7AFF300800F
:1052F000000000000100000010000000010000009C
:1053000000000000000040002DE9F04F00234FF4A2
:10531000807501264FF0807804462DED028BABB0EE
:105320008DF8073013932193299314950E96CDF899
:105330005C80CDE91533CDE91863CDE91A33CDE9A9
:105340002253CDE92433CDE9273306231C9300F003
:10535000C3FF072808D004F1100741F288321CA9C6
:10536000384604F0D3FF40B10123184684F85C307E
:105370002BB0BDEC028BBDE8F08F4FF0020A4FF06E
:10538000020B4FF0050941F2883308AA1CA93846E0
:10539000CDF89480CDF870909FED2D8BCDE908ABC2
:1053A0004FF0000A4FF4800B8DED0A8BCDE90CAB6A
:1053B00005F018F90028D7D141F2883238460EA9F5
:1053C00004F0A4FF0028CFD1402341F288320DF130
:1053D000070138468DF8073005F002F80028C3D1E0
:1053E00041F288330EA902AA3846CDF83890CDF89C
:1053F0005C809FED197B8DED048BCDE906AB8DEDC7
:10540000027B05F0EFF803460028ADD1CDF870908F
:105410004FF00109CDF894804FF00008219308AABD
:1054200029931CA938462295CDE92333CDE92733AA
:1054300041F288338DED0A8BCDE90CABCDE90889BB
:1054400005F0D0F8002893D0304684F85C608FE7F0
:1054500010000000010000004000000040000000BB
:105460002DE9F043624CA3B00D46046000F034FF18
:10547000072800F0A980286823466968AA6807C33E
:105480001E46AB8926F8043B3046257B677B04F03B
:105490001FFFE0B9574B012D4FF00108E061236178
:1054A00014BF4FF480134FF40003C4E9058893FA46
:1054B000A3F3B3FA83F34FF48079013BC4F824904B
:1054C000C4E90B003046236204F096FE38B1012295
:1054D000134684F85C20184623B0BDE8F0836623A9
:1054E0000B90139041F2883206A90693CDE90C90F7
:1054F000CDE90E00CDE91100304604F007FF002889
:10550000E5D1992341F2883206A93046069304F08A
:10551000FDFE0028DBD105231C9019906A461493E8
:105520004FF08073219014A91D9341F288339FEDB1
:105530002A7BCDE91A90CDE91F008DED007B9FED10
:10554000287B30468DED027B9FED277B8DED047B24
:1055500005F048F80028BAD129462046FFF748FE52
:105560000028B4D12046FFF7CFFE03460028AED175
:10557000002FB0D1189330460027002606AA14A9A0
:10558000CDF86890CDE91F33EB2314934FF44063BB
:105590001B934FF4005317934FF440431C93A023E5
:1055A0001693062319934FF0805321934FF04073C5
:1055B000CDE906671D9305F08DF8034600288AD0D3
:1055C000434684F85C8086E701230322184684F86A
:1055D0005C2023B0BDE8F083000000000100000063
:1055E000100000000100000000000000000040006A
:1055F00010860524005000522DE9F04F8FB0414B2A
:105600000024026800AF9A427C63C7E90944C7E9F5
:105610000B4403D03C37BD46BDE8F08F3A4B40F613
:1056200009213A48EB46D3F8D42007F11C0607F1CC
:10563000220A4FF0020942F480424FF00308C3F8F7
:10564000D420D3F8D42002F48042BA60BA68D3F8E8
:10565000E02042F04002C3F8E020D3F8E02002F05E
:105660004002FA60FA68D3F8E02042F02002C3F862
:10567000E020D3F8E02002F020023A613A69D3F842
:10568000E02042F01002C3F8E020D3F8E02002F05E
:1056900010027A617A69D3F8E02042F00202C3F87E
:1056A000E020D3F8E030F86103F002033984BB61F5
:1056B000174B7B60BB697B6853F8040F7B6000F07D
:1056C0008FFF7B680546186800F092FF16F8013BD3
:1056D000786207F124012846C7F830807B63C7E968
:1056E0000A9402F025FF5645E5D100225C201146C0
:1056F00001F0A2FE5C2001F0DDFE3C37DD46BD4638
:10570000BDE8F08F00500052004402580A0A09090F
:105710006C860524114B02689A4200D07047104AEB
:1057200070B5D2F8D4300F4C23F4804304F118063E
:10573000C2F8D43054F8040F00F052FF0546206838
:1057400000F056FF0146284603F032F8B442F1D18A
:105750005C20BDE8704001F0BBBE00BF00500052AD
:10576000004402586C860524014805F03FB800BF8C
:1057700020860524084B1A1D981D03F1080110B45A
:105780009C1C9A6603F10A02C3E91834C3E91B01A1
:105790005DF8044B5A6770471086052438B50368D6
:1057A00071B9026A00F1280500F5AC74012A0CBF3A
:1057B000002140218BBB1D4B5722C0F858310DE012
:1057C000426A00F1C00500F5E874012A0CBF00210F
:1057D0004021EBB1164B5A22C0F8D03100232046AD
:1057E000C4E901214FF480524FF480616362626129
:1057F0004FF48042C4E903314FF48073C4E90623B7
:105800004FF40033236201F0C9FF58B1FFBEFEE739
:10581000084B5822C0F8D031E0E7074B5922C0F8B6
:105820005831DBE7C5E92044A56338BD10000240CC
:105830007000024028000240580002402DE9F04369
:10584000821D05468BB0031D05F10A010830CDE924
:10585000052305F10C02AB69CDE907010992002B84
:105860003DD0EB69B3FA83F84FEA581801230222BE
:1058700005AE0AAF4FF006090393CDE9012356F8B0
:10588000044B2B792278934216D02B68F3B1012B6D
:1058900002D1F2B10A230493204600F0A9FE034688
:1058A0002046009300F09CFE694602F041FEBE4295
:1058B000E5D10BB0BDE8F083697963789942E4D112
:1058C000B8F1000FF3D02B68002BE0D1CDF8109089
:1058D000E2E76378022B14BF0A230823DBE74FF0CB
:1058E0000108C3E7534A0368934230B505468BB0BD
:1058F00055D02032934252D04F4A934204D02032A6
:10590000934201D00BB030BD4C4C4D48D4F8E03040
:1059100043F00103C4F8E030D4F8E03003F00103B1
:105920000593059BD4F8E03043F00803C4F8E03059
:10593000D4F8E03003F008030693069BD4F8E03077
:1059400043F04003C4F8E030D4F8E03003F0400303
:105950000793079BD4F8F03043F40003C4F8F03009
:10596000D4F8F03003F400030893089BFFF766FFB8
:10597000D4F8D830296843F001032F4A3048C4F8DE
:10598000D830891AD4F8D83018BF012103F00103A8
:105990000993099B0BB0BDE83040FFF7FFBE274CD1
:1059A0002848D4F8E03043F00103C4F8E030D4F8DC
:1059B000E03003F001030093009BD4F8E03043F0A3
:1059C0001003C4F8E030D4F8E03003F01003019382
:1059D000019BD4F8E03043F04003C4F8E030D4F841
:1059E000E03003F040030293029BD4F8F03043F41C
:1059F0008003C4F8F030D4F8F03003F4800303934C
:105A0000039BFFF71BFFD4F8D830296843F001034C
:105A1000084A0C48C4F8D830891AD4F8D83018BFCE
:105A2000012103F001030493049B0BB0BDE8304057
:105A3000FFF7B4BE04580140045C01400044025822
:105A4000E488052488860524014802F01FBA00BFB7
:105A5000E0870524014802F019BA00BF58880524E0
:105A6000014802F013BA00BF3C8A0524014802F045
:105A70000DBA00BFB48A05241A4A0368934210B4D1
:105A80000BD02032934208D0174A934216D02032CE
:105A9000934213D05DF8044B7047144B0022D3F8A7
:105AA0005442C3F85822002CF4D0D3F84802D3E96A
:105AB000931223465DF8044B520818470B4B002203
:105AC000D3F8B044C3F8B424002CE3D0D3F8AC240A
:105AD000D3F8A814D3F8A404520823465DF8044B65
:105AE000184700BF04580140045C01408886052423
:105AF000184A0368934210B40BD02032934208D066
:105B0000154A934217D02032934214D05DF8044BCB
:105B10007047124BD3E994245208C3F85822002C42
:105B2000F4D0D3E99201234601EB820100EB82001D
:105B30005DF8044B1847094BD3F8AC24D3F8B044B4
:105B40005208C3F8B424002CE0D0D3F8A814D3F83A
:105B5000A404E8E704580140045C01408886052459
:105B60002DE9F04F0C684FF41776754F87B004FBA2
:105B700006F6012C07EB060AC0F800A000F3A0808F
:105B80000D468E464FF00008D44669A3D3E90023A2
:105B900069A1D1E90001CDE9022306ABCAF8508220
:105BA00003EB8403CDE9040153F810BC53F8083C1F
:105BB000CAE992880193BEE80F00ACE80F00BEE886
:105BC0000F00ACE80F00019B9EE80300CAF828B064
:105BD000CAF8C0308CE803002B69042B0CD8DFE82E
:105BE00003F0737D879103004FF41773554A03FB4D
:105BF00004739A64C3F8E020AA692B6A002A43D090
:105C0000002B4FF4177308BF022203FB047318BF65
:105C10000322DA6201221A63EA696B6A002A40D120
:105C2000191E4FF4177318BF012103FB0473C3E956
:105C300031126B69022B05D8434A12F80380434A9C
:105C400052F823904FF4177306F128004246494654
:105C500003FB04740023384463646363E365C4F89E
:105C6000DC30C4F8CC30C4F8F430C4E90F33C4E9F4
:105C70001533C4E93533C4E93B33022306F058FE3B
:105C8000002849D0FFBEFEE7191E4FF4177318BF56
:105C9000012103FB0473C3E90B12EA696B6A002A52
:105CA000BED0002B4FF4177308BF022203FB04730E
:105CB00018BF0322C3F8C4200122C3F8C820B8E7E4
:105CC000012007B0BDE8F08F4FF417734FF4FA527C
:105CD00003FB04739A64C3F8E0208DE74FF4177355
:105CE0004FF47A5203FB04739A64C3F8E02083E70D
:105CF0004FF417734FF4FA4203FB04739A64C3F82A
:105D0000E02079E74FF417734BF6803203FB0473FE
:105D10009A64C3F8E0206FE706F1C0000223424610
:105D20004946384406F004FE0028CAD0FFBEFEE70C
:105D300004580140045C014024580140245C0140A7
:105D400088860524007701005C4101086041010854
:105D50000068704770B5046882B015460E46C4F8F6
:105D60005032C4E99212069AC4F85422A269012A58
:105D700026D0626A012A9AB211D0294604F1C000E5
:105D8000019206F091FE236A019A012B10D0294658
:105D900004F1280006F088FE002002B070BD04F176
:105DA000C000019206F012FF236A019A012BEED186
:105DB000314604F1280006F009FF002002B070BD52
:105DC000226A012A9AB211D0294604F128000192D0
:105DD00006F06AFE636A019A012B10D0294604F18D
:105DE000C00006F061FE002002B070BD04F1280082
:105DF000019206F0EBFE636A019A012BEED1314667
:105E000004F1C00006F0E2FE002002B070BD00BF49
:105E100003681B69042B05D8044A02EB830393ED46
:105E2000000A70479FED020A704700BF6C410108ED
:105E300000803B470368D3F858027047704700BFA3
:105E400008B500F0DDFCBDE8084001F0BDBB00BFB7
:105E5000064808B503680BB102F07CFD04480368EE
:105E60001BB1BDE8084003F06BBC08BD508F052492
:105E7000488B0524064808B503680BB102F06AFD9B
:105E8000044803681BB1BDE8084003F059BC08BDD5
:105E9000508F0524488B0524064808B503680BB1CC
:105EA00002F058FD044803681BB1BDE8084003F048
:105EB00047BC08BD508F0524488B0524364BDA6A51
:105EC000520062D59A6A9A6A9A6A9B6A180600D545
:105ED00000BE314B9B6A990600D500BE2E4B9B6AD3
:105EE000DA0600D500BE2C4B9B6A1B0700D500BE0E
:105EF000294B9B6A980700D500BE274B9B6AD907A0
:105F000000D500BE244B9B6A1A0400D500BE224B6C
:105F10009B6A9B0400D500BE1F4B9B6AD80400D52A
:105F200000BE1D4B9B6A190500D500BE1A4B9B6A2B
:105F30005A0500D500BE184B9B6A9B0500D500BED4
:105F4000154B9B6AD80500D500BE134B9B6A99017F
:105F500000D500BE104B9B6ADA0100D500BE0E4B87
:105F60009B6A1B0300D500BE0B4B9B6A580300D5F0
:105F700000BE094B9B6A990300D500BE064B9B6A85
:105F8000DA0306D400BE00BEFEE7DB6A9B07FAD543
:105F9000F8E700BEF6E700BF00ED00E000F03CBC13
:105FA00000F040BC0A4B9B6803F17843B3F5003F17
:105FB0000BD3084B986848B19868012806D09868B8
:105FC000022803D09B68032070470120704700BF60
:105FD00000ED00E0000080382DE9F041CEB004462D
:105FE0004C2200210AA80DF0FDFB2022002102A86E
:105FF0000DF0F8FBBC2200211EA80DF0F3FB0220DF
:1060000004F012F82368012B4FF0000354D0534AD8
:1060100002250193C820D16A514B21F00101D162C0
:10602000D26A02F0010201929A6942F440429A61F6
:106030009B6903F440430193019B494A93699B0484
:10604000FCD548490224002201268B6A04274FF020
:10605000080823F0030323438B62052316900AA844
:1060600018934FF480331096179419941597CDF820
:106070006880CDE91B222122CDE91344CDE90A2312
:1060800004F0BCFC00B1FEE73F220323294602A82E
:10609000CDE9022300220823CDE904234022402336
:1060A000CDE9062340234FF48062CDE9082304F0B4
:1060B000D3FF0346B8B1FEE7294A04250093F02038
:1060C0009169264B41F440419161926902F440424A
:1060D0000092DA6A42F00102DA62DB6A03F001033D
:1060E0000093009BA9E720224FF4805125934FF4A1
:1060F00040152B9280222D931EA830932691359126
:106100004FF48071249234920C223394439140F2E4
:10611000271120921022CDF884802A971F96CDE96E
:106120002E34CDE93B334FF48033CDE92246319311
:10613000002446930623CDE93E4527934FF4806320
:10614000094C2C931E94CDE9281205F0E1F900B119
:10615000FEE703F08FFF4EB0BDE8F0810004005869
:1061600000480258004402580F130F0370B584B062
:10617000012401F0D7F94FF480764FF04052194BCB
:1061800068460025ADF800400396CDE9012301F0F3
:10619000E7F919224FF0404368468DF80820019333
:1061A0008DF80F40ADF80D608DF801408DF80A5064
:1061B00001F0D6F902230B2268468DF80F508DF8B6
:1061C00001304FF062538DF808200193ADF80D4077
:1061D0008DF80A4001F0C4F9042001F0B1F904B0CF
:1061E00070BD00BF0E00010330B50D46044685B0FA
:1061F000D1E9000184E8030000F0D2FAAB79A3B33F
:106200000AF08EF8FEF77CFE08F0F4FC09F080FD41
:106210002B798BBB6B799BB1BFF34F8FBFF36F8F24
:106220002A4B0022C3F85022BFF34F8FBFF36F8F6A
:106230005A6942F400325A61BFF34F8FBFF36F8F38
:106240004FF0FF32002300240025694620480292C7
:106250008DF80C30CDE9004509F0ECF81C4809F048
:1062600051F908F0F7F805B030BD2046FFF7B4FE4D
:106270002046FFF77BFFC3E7144C0023C4F88430AB
:10628000BFF34F8FD4F8801043F6E07EC1F34E3C4D
:10629000C1F3C9014FEA4C1C0CEA0E000B4640EA60
:1062A0008372013BC4F860225A1CF8D1ACF1200C77
:1062B0001CF1200FF0D1BFF34F8F636943F480339B
:1062C0006361BFF34F8FBFF36F8FA3E700ED00E073
:1062D000408B052404F0F0BF1C4B9B6803F178420F
:1062E000B2F5003F25D3B3F5803F20D303F16042E0
:1062F000B2F5003F1FD303F15C42B2F5002F1CD36F
:1063000003F17042B2F5902F19D303F14842B2F570
:10631000803F16D303F18042B2F1806F13D303F1B3
:10632000E043B3F5000F2CBF082007207047012081
:1063300070470020704702207047032070470420F8
:106340007047052070470620704700BF00ED00E051
:1063500003480023034A044903600CF0F7BD00BF63
:10636000408B0524000000243D5E000810B4204C42
:106370000022204B83B0D4F888101F4841F47001EC
:10638000C4F8881019681D4C41F0010119601A61A8
:10639000196808401A4918609A61DA611A629A62AB
:1063A000DA621A635A639A63DA631A645A64186881
:1063B00020F4802018601A66D3F8DC2042F0604296
:1063C000C3F8DC20D3F8DC300193019B236819402B
:1063D000B1F1005F03D20B4B0122C3F80821044B3B
:1063E0004FF000629A6003B05DF8044B704700BF45
:1063F00000ED00E0004402587FEDF6EA0010005C7A
:106400000000FFFF0080005100F57171D0F8040416
:1064100007F008BCC1EBC10300EB8303D0F8040410
:10642000D3F8082207F02CBCC1EBC10300EB8303B7
:10643000D0F804049A6C07F061BC00BFD0F80404E3
:1064400007F000BDC16810B5044619B1022900D09B
:10645000FEE70121D4F8040407F0DEFCD4F80404BC
:10646000BDE8104007F0B0BC10B50446D0F80404F5
:1064700007F0D6FC2268D2F8003E43F00103C2F8D0
:10648000003E236A23B1034A136943F006031361F4
:1064900010BD00BF00ED00E0D0F8040407F0CABC56
:1064A000D0F8040407F0DEBCD0F8040407F0D8BC30
:1064B000D0F8040407F0D8BCD0F8040407F0D6BC28
:1064C0009446D0F898021A4608B5634603F09CFC3F
:1064D000032802D8024B185C08BD022008BD00BF8B
:1064E00090410108D0F8980208B503F01BFD03287D
:1064F00002D8024B185C08BD022008BD904101087B
:10650000D0F8980208B503F051FD032802D8024BD9
:10651000185C08BD022008BD904101080A06D0F8A9
:10652000983206D4C1EBC10103EB810191F8FE0161
:10653000704701F07F01C1EBC10103EB810191F8CC
:106540003E007047D0F8980208B503F047FC0328D6
:1065500002D8024B185C08BD022008BD904101081A
:10656000D0F8980208B503F0B5FC032802D8024B16
:10657000185C08BD022008BD90410108D0F89802BF
:1065800008B503F07FFC032802D8024B185C08BD55
:10659000022008BD90410108D0F8C00207F014BFE6
:1065A000D0F8C00207F028BFD0F8C00207F030BF13
:1065B000704700BFD0F8C00207F016BFD0F8C00285
:1065C00007F016BFD0F8D00308B502F083FD03280A
:1065D00002D8024B185C08BD022008BD9441010896
:1065E000024B027853F82200704700BFB8410108FF
:1065F000024B427833F81200704700BF98410108FF
:106600008CB00A2814D8DFE800F01523313F4D5B29
:106610006977859306004D4BD3F8E02042F4806201
:10662000C3F8E020D3F8E03003F480630B930B9BB6
:106630000CB07047454BD3F8E02042F00102C3F89C
:10664000E020D3F8E03003F001030193019BEFE772
:106650003E4BD3F8E02042F00202C3F8E020D3F82A
:10666000E03003F002030293029BE1E7374BD3F8DB
:10667000E02042F00402C3F8E020D3F8E03003F059
:1066800004030393039BD3E7304BD3F8E02042F09D
:106690000802C3F8E020D3F8E03003F008030493C5
:1066A000049BC5E7294BD3F8E02042F01002C3F861
:1066B000E020D3F8E03003F010030593059BB7E723
:1066C000224BD3F8E02042F02002C3F8E020D3F8B8
:1066D000E03003F020030693069BA9E71B4BD3F899
:1066E000E02042F04002C3F8E020D3F8E03003F0AD
:1066F00040030793079B9BE7144BD3F8E02042F03D
:106700008002C3F8E020D3F8E03003F08003089360
:10671000089B8DE70D4BD3F8E02042F48072C3F85C
:10672000E020D3F8E03003F480730993099B7FE7FE
:10673000064BD3F8E02042F40072C3F8E020D3F80F
:10674000E03003F400730A930A9B71E70044025897
:10675000704700BF0F4B1B780BB90120704710B575
:1067600004464FF47A700C4AB0FBF3F31068B0FBA8
:10677000F3F000F0C1FE0F2C00D808B1012010BDCD
:10678000002221464FF0FF3000F056FE034B002060
:106790001C6010BD940000247C000024980000249C
:1067A00038B50320124D00F035FE124C04F0B4FB56
:1067B000114A12499369C3F30323CB5C03F01F030F
:1067C00020FA03F30E202B60926902F00F028A5C1C
:1067D00002F01F02D3402360FFF7BCFF10B1012479
:1067E000204638BD0446FFF7B3FF204638BD00BF42
:1067F0007C000024800000240044025880410108ED
:10680000034A044B11681B780B441360704700BFA8
:106810001492052494000024014B1868704700BFAF
:106820001492052438B50446FFF7F6FF0546631CAD
:1068300002D0044B1B781C44FFF7EEFF431BA3421E
:10684000FAD338BD94000024014B1868000C70473F
:106850000010005C704700BF806B08B5FFF7FAFFBF
:1068600008BD00BF836B5A6D12F0500F5A6D10B502
:106870001DD1196842F400725A650A6812F0080FB7
:10688000CA681BD012F4406F0DD1CA6894040AD4B0
:106890005A6D22F480725A655A6DD10403D45A6D30
:1068A00042F001025A651846FDF786FF10BDD20678
:1068B0000AD4DB6CBDE81040DB6C18479007E7D0CA
:1068C0001846FDF779FFF1E71846FEF719F810BDF5
:1068D000806B08B5436D43F040034365836D43F01F
:1068E00004038365FEF70CF808BD00BFF0B5002275
:1068F00083B0019290F85020012A00F01C810346D9
:1069000001201A6883F850009468640700F18A80B7
:106910000C68C4F31305002D40F08F80C4F3846429
:10692000A0404D684FF01F0ED6694FEA951C3043CA
:106930000CF00C0CD06105F01F0002F13005844012
:106940000EFA00FE5CF8050020EA0E0004434CF845
:106950000540906840076ED4956815F0080547D14A
:106960000C68072002F11406B94F4FEAD45CC4F357
:1069700004540CF0040C00FA04FE886800FA04F4D5
:106980005CF8060020EA0E0020434CF80600386848
:1069900000F07040B0F1805F00F0C580D068D6682C
:1069A000C70600F1E880C6F382064869760000FA5F
:1069B00006F60F69042F00F0C18002F16004086838
:1069C00054F827C000F0F8400CF0004C40EA0C00EE
:1069D000304344F82700487E0E69012854F8260009
:1069E00008BF4FF0004520F00040054344F8265012
:1069F0009068C40714D4CE68086806F01807954C50
:106A0000D2F8C050FC40C0F31307044025EA070544
:106A10002C43C2F8C040904CA64246D0002816DB5A
:106A2000002003E05A6D42F020025A65002283F8EC
:106A3000502003B0F0BD9068DAE794FAA4F5B5FAF7
:106A400085F5C4F3846405F01F05A84069E7834910
:106A50008A4200F0B68001F580718A4200F0B18070
:106A60007F4D804CA968A46801F0E076E44304F00F
:106A70000104002C00F0B4807B4CA04200F0FC80AC
:106A80007A4CA04200F01A81794CA042C8D1490248
:106A9000C6D474498A42C3D1AA68002022F0E072A9
:106AA000324342F48002AA60C0E7002F6AD090FA15
:106AB000A0F4B4FA84F4013404F01F04092C00F2A9
:106AC000A48090FAA0F4B4FA84F490FAA0F5B5FA90
:106AD00085F5013401260135A40605F01F0504F0F3
:106AE000F84406FA05F52C4390FAA0F0B0FA80F0CD
:106AF000304400F01F0000EB400000052043C60DAD
:106B000002F11405C0F30450072406F0040604FA49
:106B100000F7745924EA07048F6807FA00F020434D
:106B2000705108687AE7D6684869C6F3820676002D
:106B300000FA06F63DE7022003B0F0BD106E0C68C7
:106B400000F0F840A506B0EB846F30D0506E00F036
:106B5000F840854226D0906E00F0F84085422BD058
:106B6000D06E00F0F84085427FF442AFD06E20F046
:106B70000040D0663CE77608486906F0080600FA4F
:106B800006F616E7800E441C04F01F06092E2DD8C9
:106B9000A406012004F0F844B040044306EB46008C
:106BA0000005ABE7506E20F000405066D3E7106E52
:106BB00020F000401066C9E7906E20F0004090661B
:106BC000CEE7264C2B4D04F58074A96854F8F86C78
:106BD000A468344301F0E076E44304F0010448E79C
:106BE0005A6D012042F020025A651FE706EB46006D
:106BF000A50601241E3805F0F84504FA06F600053E
:106C0000354340F00070284379E790FAA0F5B5FAD3
:106C100085F590FAA0F4B4FA84F401350126013424
:106C2000AD0604F01F0405F0F84506FA04F4254308
:106C300090FAA0F4B4FA84F4344404F01F0404EB92
:106C40004404A4F11E00000540F00070DBE700BF23
:106C50000010005CFFFF0F000000FF470020024013
:106C60000063025800600258000084CB000052C745
:106C70000000B8CF0023024008023FF5D1AE17490B
:106C80008A427FF4CDAE164AA9681268154821F0F1
:106C9000E07192093143A0FB020241F40001920924
:106CA000A96052000192019A002A3FF4B9AE019AFC
:106CB000013A0192019A002AF9D1B1E611F08070EF
:106CC0007FF4AEAE05498A427FF4AAAEAA6822F0EC
:106CD000E072324342F08072AA60A7E60060025878
:106CE0007C000024632D3E0503689A68D20701D515
:106CF000002070479968214A114270B5044608D0B7
:106D0000636D012043F010036365A36D0343A36526
:106D100070BD99681A4A0A4042F001029A60FFF772
:106D20007BFD2368174A054693421ED002F5807208
:106D300093421AD0144A9268114E0AE09A6832407F
:106D400042F001029A60FFF767FD401B0228D7D886
:106D500023681A68D2070FD49A68D107EED5FFF7D7
:106D60005BFD401B0228F3D9CAE7084A9268D006A7
:106D7000E2D0074A9342DFD1002070BD3F0000807F
:106D8000C0FFFF7F00200240006302580023024042
:106D9000002102402DE9F0413A4D044600680F46BB
:106DA0001646A84219D0384B984216D0374DAB68DA
:106DB0008068420716D494F85020012A12D003F0BC
:106DC0001F080122B8F1090F84F850200DD90023C3
:106DD000012084F85030BDE8F0812D4DAB6880680B
:106DE0004207E8D50220BDE8F08140F2212323FAD2
:106DF00008F3DB4313EA0205E9D12046FFF774FFED
:106E0000002839D1626D234B2168134043F480730D
:106E10006365B8F1000F02D01B4B994203D0636D3C
:106E200023F480136365636D13F4805328D0A36D3E
:106E300023F00603A365E06C3346174D3A46403114
:106E4000C563164D0564164DC5641C2541F8405CAC
:106E5000002584F8505051F83C5C45F0100541F88D
:106E60003C5C00F059FE22680E4B91680B4043F0E9
:106E700004039360BDE8F08184F85050BDE8F081D0
:106E8000A365D8E7002002400021024000630258B9
:106E900000230240FEF0FFFF656800085968000803
:106EA000D1680008C0FFFF7F38B503689A68910772
:106EB00002D59B68002038BD9A68D20723D59A680E
:106EC000044602F00D02012A08D0636D012043F050
:106ED00010036365A36D0343A36538BD9868032160
:106EE0000A4A024042F002029A601960FFF794FCDD
:106EF000054604E0FFF790FC401B0228E5D8236814
:106F00009B68DB07F6D4002038BD00BFC0FFFF7FC1
:106F100038B5574A04460368934226D002F580727A
:106F2000934222D0534B9B6813F4403F22D004F08D
:106F3000ADF963680546B3F5003F00F08880B3F50E
:106F4000403F70D0B3F5803F00F08180FFF77CFCBC
:106F500041F2030398422DD8474B9D425DD92268E8
:106F6000936843F48073936038BD444B9B6813F47B
:106F7000403FDCD14FF4002005F054FA6368054629
:106F8000B3F5101F6DD008D8B3F5E01F55D01AD94E
:106F9000B3F5001FDAD14509D8E7B3F5201F4AD071
:106FA000B3F5301FD2D1FFF74FFC41F203039842F3
:106FB00033D92D0A324B9D421DD82268936823F4A1
:106FC0004073936038BDB3F5801F06D00AD9B3F57E
:106FD000A01F02D0B3F5C01FB8D19B0C5B00B5FB5E
:106FE000F3F5B3E7B3F5002FF7D023F40022B2F5A1
:106FF000802FF2D0AAE7234B234A2B4493421ED979
:10700000224B234A2B449342226893682BD823F4C3
:10701000407343F40073936038BD2268936823F48F
:107020008073936038BD8508FFF70EFC41F20303BF
:107030009842BFD890E7C50988E7050986E7226826
:10704000936823F4407343F48073936038BD1B0C42
:10705000B5FBF3F5FFF7F8FB41F203039842A9D81B
:107060007AE7850972E743F44073936038BD00BF47
:107070000020024000630258002D3101002302402D
:10708000105E5F00EFA1A0FF0F5E5F00DF4341FFD6
:107090001FBCBE0030B5002383B00193002800F070
:1070A000D080456D0446002D00F0BA8022689368B8
:1070B0009B0003D59168714B0B4093609368DD0092
:1070C00015D46F4B90686F491B6801406E489B094F
:1070D00041F08051A0FB030391609B090193019B48
:1070E0002BB1019B013B0193019B002BF9D19368CC
:1070F000D80024D4636D012543F010036365A36DAC
:107100002B43A365936813F0040F636D1DD1D9065B
:107110001BD4636D23F4817343F0020363659368AA
:10712000DB0728D4594B9A4217D003F580739A4253
:1071300013D0574B9B68D9071DD4564A15E0936866
:10714000002513F0040F636DE1D0636D012543F05A
:1071500010032846636503B030BD4C4A4E4B92681D
:107160009B681343D80706D44C4A9368616823F49C
:107170007C130B439360FFF767FB41F20303A168A5
:107180009842237F52D894F815C01A04206B42EA23
:107190004C3202430A43012B03D1236A013B42EAEA
:1071A0004342636A23B103F47873A16A0B431A4321
:1071B00023683B49D86801400A43DA609A6812F0B4
:1071C000040F9A681CD112071AD4D868354A217D59
:1071D000024042EA8132E16A0A43DA6094F83820D8
:1071E000012A3AD01A6922F001021A611A6920466E
:1071F000616B22F070420A431A61FFF789FE23682F
:10720000E268012A21D01A6B22F00F021A63636D23
:10721000284623F0030343F00103636503B030BD48
:10722000FDF778FAA56584F850503FE71029AAD1F8
:10723000617D1A0442EA4132216B0A4342F01C028A
:10724000A9E70125284603B030BD196BA26921F0DA
:107250000F01013A0A431A63D9E7D4E910211869EA
:107260000A43114901400A43A16C0A43E16B42EA17
:10727000014242F001021A61B8E700BFC0FFFF5FA0
:107280007C000024C0FFFF6F632D3E0500200240FC
:1072900000600258006302580021024000230240AF
:1072A00003C0F0FFFCBFFFFF1EF800FCF0B5002399
:1072B00083B0019390F85030012B40D00123044655
:1072C0000E46154680F85030FFF7EEFDE8B9676DC1
:1072D00005F080421B4B06F480311B4D3B401B4F99
:1072E00043F00203636523689E68354015430D43F0
:1072F00045F000459D609A68002A0FDB636D23F01E
:10730000030343F00103636503E0636D43F010037F
:107310006365002384F8503003B0F0BD019A013258
:107320000192019ABA42E6D9636D0022012023F04E
:10733000120384F8502043F010036365ECE7022049
:1073400003B0F0BDFDEEFFFFC0FFFE3FFF955A55B5
:10735000F0B490F850200E68012A49D00346294A1B
:1073600001201C6883F85000944208D05A6D002117
:1073700042F0200283F850105A65F0BC7047224D4D
:10738000AA6852070AD5A2685A6D012042F020026D
:107390005A65002283F85020F0BC7047A06810F0B6
:1073A0000400F1D1C6B1DFF868C04F68DCF80820EE
:1073B00022F440423A43CCF80820A468AA68224349
:1073C000D40713D48A68DCF8081016430F4A0A4021
:1073D0001643CCF80860DCE70D498A6822F4404285
:1073E0008A60A068AA680243D00704D50020D0E7CD
:1073F0000220F0BC70478C683046044A22408A6004
:10740000C7E700BF0020024000210240E0F0FFFF7C
:107410000023024006494FF6FF0C0002054BCA68E4
:1074200000F4E06002EA0C0210430343CB607047B3
:1074300000ED00E00000FA051B4BDB68C3F30223FC
:1074400000B5C3F1070E03F1040CBEF1040F28BF11
:107450004FF0040EBCF1060F1AD9033B4FF0FF3C6E
:107460000CFA03FC22EA0C024FF0FF3C00280CFA55
:107470000EFC21EA0C0101FA03F141EA02010ADBE8
:1074800009010A4BC9B2034483F800135DF804FBF9
:1074900000221346E8E700F00F000901044BC9B2CF
:1074A000034419765DF804FB00ED00E000E100E024
:1074B000FCEC00E0002807DB00F01F01012340097D
:1074C000024A8B4042F82030704700BF00E100E0E4
:1074D00000280DDB4309012200F01F00054920337D
:1074E00002FA00F041F82300BFF34F8FBFF36F8F14
:1074F000704700BF00E100E0431EB3F1807F0CD273
:107500004FF0E022002006494FF0F00C53610723B2
:1075100081F823C09061136170470120704700BF5C
:1075200000ED00E0BFF35F8F044B00215A6A22F4A4
:1075300080325A62C3F89410704700BF00ED00E03B
:10754000064B40F00100C3F894005A6A42F48032BE
:107550005A62BFF34F8FBFF36F8F704700ED00E0AB
:10756000174A4378C2F89830017821B3436800B5D0
:10757000C2F89C30C37A90F80CC01B0690F80FE05C
:1075800043EA0C7390F80AC00B43817B43EACC4377
:1075900090F80DC043EA8C4390F809C043EA414398
:1075A000017A43EA0E4343EA0C2343EA4103C2F85B
:1075B000A0305DF804FBC2F89C10C2F8A010704720
:1075C00000ED00E0704700BF08B5FFF7FBFF08BD06
:1075D0000268344B344930B4344D354CAA4218BF9C
:1075E0009A420CBF012300238A4208BF43F00103E3
:1075F0003031A24208BF43F0010330348A4208BF51
:1076000043F001033031A24208BF43F0010330349C
:107610008A4208BF43F0010301F55C71A24208BF32
:1076200043F0010304F55C748A4208BF43F0010390
:107630003031A24208BF43F0010330348A4208BF10
:1076400043F001033031A24208BF43F0010330345C
:107650008A4208BF43F001033031A24208BF43F021
:1076600001038A4208BF43F0010313B9114B9A4248
:1076700013D1D3B21049114C103BA1FB03515F2B26
:107680000F4BC1F3021103EA0203615C88BF0433AC
:10769000C1658365184630BC704722F0FF038365DF
:1076A000F8E700BF100002404000024028000240FE
:1076B00058000240B8040240ABAAAAAA906201088E
:1076C00000FCFFFF0368294A294930B4294D2A4CA0
:1076D000AB4218BF93420CBF012200228B4208BF6D
:1076E00042F001022831A34208BF42F001022834CF
:1076F0008B4208BF42F001022831A34208BF42F08A
:1077000001028B4208BF42F0010212B91B4A9342A8
:1077100013D1DBB21A4C1B4A0121083B1A4DA4FBC2
:107720000343456602EB1312C3F30413920001FAFC
:1077300003F30266836630BC7047DAB21349144C17
:107740001944103AA829A4FB02234FEA131300D8C6
:107750000833104A03F01F0501210F4C1A44A940B9
:107760004466920081660266E5E700BF085402584D
:10777000305402581C54025844540258945402582D
:10778000CDCCCCCC0096001680580258F0FBFDBF43
:10779000ABAAAAAA008200108008024070B5044675
:1077A000FFF73AF8002C00F0C68023680546954A9A
:1077B000934248D01832934245D0303292498B429E
:1077C00018BF934201F130010CBF012200228B420D
:1077D00008BF42F0010218318B4208BF42F001029B
:1077E00018318B4208BF42F0010218318B4208BFAA
:1077F00042F0010201F556718B4208BF42F00102CE
:1078000018318B4208BF42F0010218318B4208BF89
:1078100042F0010218318B4208BF42F001021831D8
:107820008B4208BF42F0010218318B4208BF42F080
:10783000010218318B4208BF42F001021AB9734AA3
:10784000934240F0F5800222002184F8352084F82C
:1078500034101A6822F001021A6005E0FEF7DCFF1E
:10786000431B052B40D823681A68D107F6D4D4E906
:10787000022521692A43A0691D680A4361690A43F8
:10788000E16902430A4362492940256A2A430A43BF
:10789000616A04292FD01A605A6922F00702114345
:1078A00059612046FFF794FEE26D3F2302F01F026C
:1078B000934083602046FFF705FFA368802B3CD0F0
:1078C0006368A06EDAB2013BD4E91851072B2A6035
:1078D000486026D90023C4E91B33636700200123D5
:1078E000606584F8353070BD202203230120626575
:1078F00084F8353070BDD4E90B5129430A431A602E
:107900005969A26A21F00701114341F00401002DD9
:10791000C6D000284FD1012A6ED032F00202BFD16A
:1079200051E0501E072810D9626FD4E91B310020A6
:1079300018604A60D2E7012070BD0023A16ED4E92F
:107940001802636003605160C4E72168314B324D17
:10795000A94218BF994205F114050CBF0123002369
:10796000A94208BF43F001031435A94208BF43F000
:1079700001031435A94208BF43F001031435A9429D
:1079800008BF43F001031435A94208BF43F00103C7
:107990003BB9224B994204D0214B224913449B000E
:1079A00003E0214B214913449B0001228240C4E99A
:1079B0001B316267BBE7B0F5005F0ED0022A05D924
:1079C000032A7FF46DAFEA017FF56AAF01234022FD
:1079D0001846626584F8353070BD032A3FF660AF03
:1079E00001A050F822F000BFCD790008C779000847
:1079F000CD790008F9790008B5F1C07F7FF450AF68
:107A0000E4E700BF1000024040000240B80402401A
:107A10003F8010FE085402581C54025894540258D7
:107A20003F820010400902403F960016405902581C
:107A3000324A33483349834218BF934200F1280049
:107A40000CBF012200228B4208BF42F00102283104
:107A5000834208BF42F0010228308B4208BF42F047
:107A600001022831834208BF42F001028B4208BF65
:107A700042F0010212B9244A934238D10222002175
:107A8000224D84F8341084F835201A681540A26815
:107A9000402A2AD0802A0CBF4FF480400846266A2C
:107AA000D4E90312D20842EAD102616942EAD10262
:107AB000A16942EAD102E16942EAD102144942EAEB
:107AC000161219442A4302431248A0FB0101204622
:107AD0001A600B099B00E365FFF77AFDE26D012355
:107AE00002F01F0293404360E4E61020D7E74022F3
:107AF00003230120626584F8353070BD08540258B4
:107B00001C54025830540258945402580F00FEFF7F
:107B1000F8ABFDA7CDCCCCCC002800F0BC808446CF
:107B200090F83400012800F0B88001202DE9F041E0
:107B30009CF835408CF83400844208D000224FF481
:107B400000638CF83420CCF85430BDE8F08102207A
:107B5000DCF800507A4C8CF835000020794ECCF8D7
:107B600054007948854218BFA54200F118000CBFA7
:107B700001240024854208BF44F0010418308542E6
:107B800008BF44F001041830854208BF44F00104E6
:107B90001830854208BF44F0010400F55670854254
:107BA00008BF44F001041830854208BF44F00104C6
:107BB0001830854208BF44F001041830854208BFE0
:107BC00044F001041830854208BF44F00104183025
:107BD000854208BF44F001041830854208BF44F0D4
:107BE00001041830854208BF44F00104A0F59560F7
:107BF000B54218BF8542DCF86C600CBF0120002044
:107C000054EA0008286820F001002860DCF86400CD
:107C1000DCF86840DCF85870446040D016B1DCE90C
:107C20001C044460DCF85C004FF03F0E00F01F00C5
:107C30000EFA00F0B860286820F4802028606B609D
:107C4000DCF80830402B23D0A960EA602B6823F0D1
:107C50001E0343F016032B60DCF840301BB12B6889
:107C600043F008032B60DCF860301A68D20303D5B8
:107C70001A6842F480721A601EB1336843F480734C
:107C800033602B68002043F001032B60BDE8F081D6
:107C9000AA60E960DAE7012070470220704716B158
:107CA000DCE91C0444602948DFF8A8E0754518BFEA
:107CB00085420EF1140E0CBF01200020754508BF4F
:107CC00040F001000EF1140E754508BF40F00100B0
:107CD0000EF1140E754508BF40F001000EF1140EB0
:107CE000754508BF40F001000EF1140E754508BF40
:107CF00040F0010010B9164885420ED1DCF85C0056
:107D000000F01F0E012000FA0EF078606B60DCF8C6
:107D10000830402B10D0A960EA602B6823F00E03D6
:107D200043F00A032B60DCF84030002B9BD02B681B
:107D300043F004032B6096E7AA60E960EDE700BF1B
:107D400040000240280002405800024008540258F7
:107D5000945402581C54025800285FD038B590F84B
:107D600035200346022A55D10168444A914248D041
:107D70001832914245D03032414C4248A14218BF9E
:107D8000914204F148040CBF01220022814208BF45
:107D900042F001023030A14208BF42F0010230340B
:107DA000814208BF42F0010200F55C70A14208BFA9
:107DB00042F0010204F55C74814208BF42F0010206
:107DC0003030A14208BF42F001023034814208BF86
:107DD00042F001023030A14208BF42F001023034CB
:107DE000814208BF42F001023030A14208BF42F098
:107DF0000102814208BF42F0010212B9224A9142B7
:107E00000ED10422002083F835200B6823F00103F3
:107E10000B6038BD802201205A6538BD01207047B3
:107E20000A681C6E22F00E02D86D9D6D0A6000F08B
:107E30001F000A6822F001020A60012221688240C4
:107E400021F4807121606A60DA6ED3E9191048600C
:107E500032B11168D3E91C0421F4807111604460CF
:107E6000002401211A6D83F8344083F835101AB1CB
:107E700018469047204638BD104638BD10000240D5
:107E80004000024070000240B80402402DE9F04377
:107E900000229C4B83B09C4E1D6881460192036872
:107EA0009A4A846D934218BFB342276808BF0126DF
:107EB000216818BF002645D018329548834218BF64
:107EC000934200F118000CBF01220022834208BF38
:107ED00042F001021830834208BF42F0010218301C
:107EE000834208BF42F001021830834208BF42F0CB
:107EF000010200F55670834208BF42F001021830BB
:107F0000834208BF42F001021830834208BF42F0AA
:107F100001021830834208BF42F001021830834248
:107F200008BF42F001021830834208BF42F001024C
:107F30001830834208BF42F001021AB9754A9342D1
:107F400040F05082D9F85C10082201F01F0C02FAB0
:107F50000CF2174240F0888127FA0CF2D2070CD5B8
:107F60005A69100609D5012202FA0CF2A260D9F86A
:107F7000542042F00202C9F854204FF0040E0EFAC9
:107F80000CF038425BD0002E4FD1634ADFF880817D
:107F9000434518BF934208F118080CBF0122002284
:107FA000434508BF42F0010208F11808434508BFE5
:107FB00042F0010208F11808434508BF42F00102EF
:107FC00008F11808434508BF42F0010208F5567849
:107FD000434508BF42F0010208F11808434508BFB5
:107FE00042F0010208F11808434508BF42F00102BF
:107FF00008F11808434508BF42F0010208F11808CB
:10800000434508BF42F0010208F11808434508BF84
:1080100042F0010208F11808434508BF42F001028E
:108020001AB93C4A934240F019821A68920706D561
:10803000A060D9F8542042F00402C9F8542010225C
:1080400002FA0CFC1CEA070F6CD0002E45D1324A14
:108050002F4EB34218BF934206F118060CBF0122FF
:108060000022B34208BF42F001021836B34208BFF3
:1080700042F001021836B34208BF42F0010218363E
:10808000B34208BF42F0010206F55676B34208BF7C
:1080900042F001021836B34208BF42F0010218361E
:1080A000B34208BF42F001021836B34208BF42F0A3
:1080B00001021836B34208BF42F001021836B3423B
:1080C00008BF42F001021836B34208BF42F0010275
:1080D0001AB9104A934240F0C9811A68100721D595
:1080E000C4F808C01A68560300F14C811A68D2051A
:1080F00003D41A6822F008021A60D9F840308BB114
:108100000CE000BF7C000024100002402800024068
:1081100058000240B80402404000024048469847D8
:10812000D9F85C1001F01F0120268E403E4268D035
:10813000D9F80020A54BA64FBA4218BF9A4207F1C2
:1081400018070CBF01230023BA4208BF43F0010304
:108150001837BA4208BF43F001031837BA4208BFC4
:1081600043F001031837BA4208BF43F00103183740
:10817000BA4208BF43F001031837BA4208BF43F0C0
:10818000010307F55677BA4208BF43F001031837D9
:10819000BA4208BF43F001031837BA4208BF43F0A0
:1081A00001031837BA4208BF43F001031837BA4237
:1081B00008BF43F001031837BA4208BF43F0010378
:1081C0001837BA4208BF43F001031BB9814B9A42EA
:1081D00040F062811368DB0613D5A66099F835304C
:1081E000042B136800F0AE8013F4802F136800F0A6
:1081F000D3801C0340F1DE80D9F83C300BB14846F7
:108200009847D9F85430002B00F0B980D9F8543091
:10821000D8071FD5D9F80020042189F83510136834
:1082200023F0010313606C4BA3FB0535AD0A02E09C
:108230001368D90704D5019B0133AB420193F7D9E9
:10824000002389F834301368DB074CBF0323012374
:1082500089F83530D9F84C30002B00F09080484632
:1082600003B0BDE8F0431847186840070AD51868FE
:1082700020F004001860A260D9F8542042F00102F6
:10828000C9F8542027FA0CF2D2077FF576AE534A8C
:108290005348834218BF934200F130000CBF0122C3
:1082A0000022834208BF42F001021830834208BF17
:1082B00042F001021830834208BF42F00102183038
:1082C000834208BF42F0010200F55670834208BFA6
:1082D00042F001021830834208BF42F00102183018
:1082E000834208BF42F001021830834208BF42F0C7
:1082F00001021830834208BF42F001021830834265
:1083000008BF42F001021830834208BF42F0010268
:108310001830834208BF42F00102002A7FF420AEE9
:10832000002E7FF41DAE1A68042202FA0CF23A42C3
:1083300040F09480102202FA0CFC17EA0C0F3FF474
:10834000F1AE84E623F016031360536923F0800333
:108350005361D9F840309BB3136823F008031360CE
:108360003F230025012203FA01F1D9F85030A16022
:1083700089F8345089F83520002B7FF470AF03B0B2
:10838000BDE8F0831B6818037FF5B7AED9F8483015
:10839000002B7FF4C3AEC5E613F480737FF42CAFDB
:1083A000116821F010011160012289F8343089F838
:1083B000352021E7D9F84430002B7FF420AF20E7A7
:1083C000D9F84830002BC7D1CAE700BF10000240DF
:1083D00028000240B8040240B5814E1B58000240FC
:1083E000400002404E4A4F4DAB4218BF934205F148
:1083F00014050CBF01220022AB4208BF42F001026B
:108400001435AB4208BF42F001021435AB4208BF3D
:1084100042F001021435AB4208BF42F001021435AC
:10842000AB4208BF42F0010212B93F4A9342A6D1C3
:10843000D9F85C5004261A6805F01F05AE400E42BC
:1084400019D0570717D5100466604BD5D1034FD408
:10845000D9F84830002B7FF402AF90E71A68102259
:1084600002FA0CFC17EA0C0F3FF45CAE1A685207D4
:108470007FF558AE34E60226AE400E4211D0970783
:108480000FD56660140439D5D00343D4D9F84430ED
:10849000002B7FF4E4AE72E713689F077FF5B1AE5F
:1084A0009BE60826AE400E423FF469AF11077FF508
:1084B00066AF1A68002122F00E021A600123D9F873
:1084C0004C2003FA05F56560C9F8543089F834107A
:1084D00089F83530002A3FF452AF484603B0BDE872
:1084E000F0431047920603D41A6822F004021A607F
:1084F000D9F84030002B7FF4B2AE40E712F02002F2
:1085000008D11968012421F00A01196089F8342082
:1085100089F83540D9F83C30002B7FF4A0AE2EE727
:10852000085402581C54025894540258406D704725
:108530002DE9F04F0D6883B0002D00F0D5800023A9
:10854000DFF8688201229A4012EA050C00F0C78029
:108550004E6826F01009B9F1020F40F0C88003F010
:1085600007044FEAD30E4FF00F0A4FEA840900EBDD
:108570008E0E0AFA09FADEF8204024EA0A0A0C698B
:1085800004FA09F406F0030944EA0A04CEF820408C
:108590004FEA430E0324D0F800A009FA0EF904FABA
:1085A0000EF42AEA040AE44349EA0A09C0F80090F2
:1085B000D0F808A0CF6804EA0A0A07FA0EF949EAD7
:1085C0000A09C0F80890C6F30019D0F804A009FA07
:1085D00003F92AEA020249EA02024260C268F7008D
:1085E00004EA02048A6802FA0EF242EA0402C26055
:1085F00075D5644C23F0030E03F00309D4F8F4207E
:10860000C6444FEA890942F00202C4F8F420D4F8C3
:10861000F42002F002020192019A0F22DEF80840D3
:1086200002FA09F224EA0202574CA04225D004F5CE
:108630008064A0427BD0554CA0427ED0544CA042D6
:108640006FD0544CA04200F08480534CA04200F004
:108650008680524CA04276D0514CA04200F08580DA
:10866000504CA04200F087804F4CA0420CBF092420
:108670000A2404FA09F942EA0902CEF808204FF068
:10868000B0426FEA0C0EF403D2F880204FF0B044F1
:1086900054BF0EEA02024CEA0202C4F88020B20380
:1086A000D4F884404FF0B04254BF0EEA04044CEAC0
:1086B0000404F702C2F8844014684FF0B04254BF7B
:1086C0000EEA04044CEA04041460B40252684FF049
:1086D000B04454BF0EEA02024CEA02026260013367
:1086E00035FA03F27FF42EAF03B0BDE8F08F4FEA06
:1086F000430E0324D0F800B006F0030A04FA0EF487
:1087000009F1FF390AFA0EFA2BEA040BB9F1010F4D
:108710006FEA04044AEA0B0AC0F800A03FF65EAF15
:1087200046E7032404FA09F942EA0902A5E701240D
:1087300004FA09F942EA09029FE7022404FA09F956
:1087400042EA090299E7062404FA09F942EA090211
:1087500093E7042404FA09F942EA09028DE70524A3
:1087600004FA09F942EA090287E7072404FA09F939
:1087700042EA090281E7082404FA09F942EA0902F7
:108780007BE700BF0044025800000258000802586E
:10879000000C025800100258001402580018025829
:1087A000001C0258002002580024025800040058FF
:1087B000002900F0A88000232DE9F04FDFF8689130
:1087C00083B0DFF86881DFF868A1DFF868B14FF0A7
:1087D000010E0EFA03F212EA010C6FD023F003052A
:1087E00003F003040F2640454D444FEAC404AF682C
:1087F00006FA04F607EA0607019721D0504566D02D
:10880000584567D0434FB8426ED0434FB84270D0FE
:10881000424FB84263D0424FB84256D0414FB8425F
:1088200072D0DFF814E1704568D0DFF810E17045D0
:1088300014BF4FF00A0E4FF0090E0EFA04F400E0D8
:108840000024019FA74219D1AC6824EA06064FF024
:10885000B044AE60D4F8805025EA0C05C4F88050CE
:10886000D4F8845025EA0C05C4F88450256825EA1C
:108870000C052560656825EA0C05656003255C002C
:1088800003F007070F2605FA04F40568BF00254327
:1088900006FA07F70560DD0800EB85052E6A26EA73
:1088A00007062E62856825EA04058560456825EA85
:1088B00002024260C26822EA0404C460013331FA51
:1088C00003F284D103B0BDE8F08F4FF0060E0EFA2C
:1088D00004F4B6E74FF0020E0EFA04F4B1E74FF0DD
:1088E000050E0EFA04F4ACE74FF0030E0EFA04F492
:1088F000A7E74FF0040E0EFA04F4A2E74FF0080EBB
:108900000EFA04F49DE770474FF0070E0EFA04F4D8
:1089100097E700BF000C02580010025800140258DC
:1089200000180258001C02580004005800000258A9
:10893000000402580008025800200258002402587F
:108940000369194214BF01200020704702B90904CD
:10895000816170472DE9F04F056885B004462846CF
:1089600004F006FF012802D005B0BDE8F08F2068B2
:1089700004F0AEFE0028F7D0206804F0A9FE10F441
:10898000001F206802D04FF40013436104F0A0FEE2
:1089900010F4801F206802D04FF48013436104F06C
:1089A00097FE10F0806F206802D04FF08063436123
:1089B00004F08EFE10F0020F20682FD104F088FE24
:1089C000870000F11381206804F082FEC60100F1E7
:1089D000CF80206804F07CFE000700F1BE80206894
:1089E00004F076FE10F0007F20681AD104F070FECB
:1089F000C306B9D52568AB6923F01003AB612E6AB5
:108A0000C6F34341C6F30A17022902D1002F40F0F2
:108A1000C681AB6943F01003AB61A5E70223436154
:108A2000CCE704F013FFD4F808E080462068BEF1DC
:108A3000000F00F0998005F5A06500264FF0280B87
:108A40004FF0020A4AE000F5A0694A0109EB41171C
:108A5000BB685B075DD50423BB60FB6843F0020382
:108A6000FB60BB68980500F1FD80BB68DB0740F147
:108A7000CF80236953B101EB81003B6904EBC00057
:108A8000C3F3120C836CA3EB0C03C3648B004FF095
:108A9000010C4FF0000E581804EBC000C0F858E06D
:108AA00080F85DC0C7F808C090F83FE01EF0FD0FE9
:108AB00000F06481BEF1030F00F040820B4404EB30
:108AC000C30393F8502082F0010283F85020D4F8B9
:108AD00008E0206801362035764545D206F00F03C0
:108AE00028FA03F3D907F5D52B68F1B21A04AAD4F2
:108AF00000F5A0624FEA411C02EB4117BB6813F07E
:108B000004090DD00423BB60FB6843F00203FB6043
:108B1000E0E7BB689B0640F1B3802023BB60A0E781
:108B2000BB6813F0200300F0CA8001EB8103202210
:108B300004EBC303BA6093F83D20012ACAD183F83D
:108B40003D9083F85CA0FB6843F00203FB6004F0F7
:108B500081FED4F808E02068BCE72046FDF71CFD44
:108B60002068082343613BE74FF0007343613DE712
:108B70002668D6F840340293D6F840340393039B1A
:108B800023F02E030393029B980707D5029BD90776
:108B900000F16381039B43F002030393029B1A07D6
:108BA00018D5039B43F008030393029B5B0740F136
:108BB0005C81A169022900F09A81E368012B03D14D
:108BC0004EF66022C6F804242046FDF7F3FC20464A
:108BD000FDF7E6FC2068029B9F0603D5039B43F04C
:108BE00020030393039BC6F84034F3E6D5F84034E2
:108BF000204623F02E03C5F84034FDF7D5FC0121B3
:108C0000206804F001FE20684FF000534361DBE66A
:108C1000BB68980740F18E80FB6801EB810C23F064
:108C2000020304EBCC0CFB608B009CF85D00012878
:108C300000F0B280052800F0AF80062800F0A38184
:108C4000082800F0A081032800F0DC819CF85C007B
:108C50000246C7F808A02046FDF7AAFCD4F808E0B1
:108C6000206837E7FB68206843F00203FB6004F0EC
:108C7000F1FD4FF400732068BB60D4F808E029E7E9
:108C8000BB681B0700F1BB80BB685B057FF5E9AEE5
:108C9000FB68019243F002030091FB6004F0DAFDEF
:108CA00000991020019A01EB8103B860082004EBC1
:108CB000C30383F85D004FF48063BB60D1E6D7F84F
:108CC000089019F0400F40F0B180BB6813F40073B6
:108CD00040F02F81D7F8089019F0010F40F03F8144
:108CE000BB6813F0080340F06881D7F8089019F0CA
:108CF000100F00F0C98001EB810204EBC202936502
:108D0000032382F85D3092F83D303BB90BFB014301
:108D100093F83C2012B9012283F83D20FB6843F010
:108D20000203FB6004F096FD10232068BB60D4F8BA
:108D300008E0CFE6BB6813F0800340F0E380BA6838
:108D4000D20640F1D08001EB810004EBC00090F826
:108D50003F20032A00F04B8112F0FD02E4D1236989
:108D60008265002BE0D10BFB0143032283F85D20D9
:108D7000FB68206843F00203FB60D3E7FA682068D1
:108D800042F0020201930091FA6004F063FD1022A8
:108D9000DDE90013BA6091E68CF85C0058E706F054
:108DA0000F0606EB860804EBC808D8F84410002923
:108DB0003FF42FAE284605F5A0653A4604F006FCC0
:108DC000D8F8443005EB46123B441169D8F84C20E2
:108DD000C8F8443073013A44C8F84C20BC4A0A40F1
:108DE0005AB1EA5822F0804242F00042EA5098F824
:108DF000503083F0010388F85030256809E6FB689D
:108E00004FF0050C019243F002030091FB6001EB6F
:108E1000810304EBC30383F85DC01023BB60082308
:108E2000BB6004F017FDDDE900121AE601EB8102D8
:108E300004EBC2029365042382F85D30012382F8BB
:108E40003D30FB6843F00203FB6004F003FD402368
:108E50002068BB60D4F808E03CE6B369204623F004
:108E60000053B361FDF79CFB94E62046FDF7A6FB9B
:108E7000D6F84034206823F02E03C6F840348369C6
:108E800043F000538361A6E6BB681B0600F1C8806F
:108E9000BB685B0500F1D780BB689B077FF51AAE06
:108EA000FB680BFB014023F00203FB6090F85D3090
:108EB000012B00F0E180032B00F0DB80042B00F09D
:108EC000D880052B00F0FC80062B00F0E480082BF6
:108ED00000F0E1800BFB01432046C7F808A093F89F
:108EE0005C20FDF765FBD4F808E02068F2E5029B02
:108EF000206803F4C023B3F5802F18BF012104F0CC
:108F000083FC61E6FB6801EB810243F0020304EBA2
:108F1000C202FB60936D01339365062382F85D30D6
:108F2000206804F097FC80232068BB60D4F808E038
:108F3000D0E5FB6843F00203FB6098E652F8097045
:108F4000019347F00057009142F80970624680F89B
:108F50005CC02046FDF72CFBDDE90013AEE5FA68A6
:108F600001EB810942F0020204EBC909C9F858304B
:108F7000FA6004F06FFC0123BB6089F85D30D4F81F
:108F800008E02068A6E503EB010C04EBCC0CDCF850
:108F900058000130032825D8CCF8580002200B4493
:108FA00004EBC30383F85C0052F8093023F08043DC
:108FB00043F0004342F809304AE608230091BB60C1
:108FC000FB6843F00203FB6004F044FC00990522B7
:108FD00001EB810104EBC10383F85D20D4F808E0C4
:108FE000206877E50020CCF858000420D7E7FA681D
:108FF0000BFB014042F0020283652068FA6004F036
:1090000029FC91E60BFB0143022083F85CA052F897
:10901000093023F0804343F0004342F8093017E65B
:10902000FB68009143F00203FB6004F013FC00991D
:1090300006230BFB014181F85D3080232068BB6073
:10904000D4F808E046E5FB68009143F00203FB60BA
:1090500004F000FC10230099BB604FF480630BFB0D
:109060000141BB60082381F85D30D4F808E0206836
:1090700030E580F85CA02DE780F85C3090F83F3058
:10908000023B012B3FF626AF90F8513083F00103ED
:1090900080F851301EE70BFB0140836D0133032B39
:1090A00011D8836502230BFB014080F85C3052F835
:1090B0000C3023F0804343F0004342F80C3009E7C2
:1090C00080F85C3006E7002383650423EBE700BFEC
:1090D0000000F81F90F8B832012B0CD0012310B516
:1090E0000446006884F8B83204F014FC00231846E3
:1090F00084F8B83210BD0220704700BFF8B50546AD
:109100000E461746701C2C682CD1A369990727D4EA
:10911000A369DA06F9D5A3699A06FCD520231022A3
:10912000E261E361A3699F0701D50023A362A369FC
:10913000DE0703D4A36943F00103A361636800223F
:109140001B4820210340012063606B6C85F84020A0
:1091500043F004036B6485F8411085F84220F8BDA4
:109160000020F8BDA3699B07FAD4A369D9061BD4D4
:10917000FDF752FBC01BB04201D8002EC2D16B6C70
:109180002021002201200B4385F840206B6485F8E4
:10919000411085F84220F8BDFDF73EFBC01B86421A
:1091A000EDD3002EEBD02C68A3699B06F4D5B5E770
:1091B00000E800FEF8B505460E4617462C68A36980
:1091C0009B0649D4A369DA0626D5731C38D1A36956
:1091D0009E06FCD520231022E261E361A369990772
:1091E00001D50023A362A369DA0703D4A36943F07E
:1091F0000103A36163680022184820210340012075
:1092000063606B6C85F8402043F004036B6485F861
:10921000411085F84220F8BDFDF7FEFAC01BB042B0
:1092200001D8002ECAD16B6C2021002201200B43F3
:1092300085F840206B6485F8411085F84220F8BD20
:10924000A3699806C6D4FDF7E7FAC01B8642EAD3A5
:10925000002EE8D02C68B8E70020F8BD00E800FE3A
:1092600000284ED010B590F84130044603F0FF02BC
:10927000002B41D023682421626884F841101968CA
:1092800022F07062E06821F00101012819601A6182
:109290009A6822F400429A60A26829D042F40442FB
:1092A00002289A6002D14FF400625A6058684FF069
:1092B000200C1549226901435960D96821F4004105
:1092C000D960D4E90501024342EA0122D4E907103A
:1092D000DA600022014310461960196841F001016B
:1092E0001960626484F841C0226384F8422010BD92
:1092F00042F400429A60D9E780F84020FBF726FD4F
:10930000B8E70120704700BF008000022DE9F04758
:10931000984690F84130089E202B40F0878090F8C6
:1093200040300446012B00F0818001238946174616
:1093300080F84030FDF770FA054604E0FDF76CFA5E
:10934000401B192875D82368986910F40040F5D19E
:10935000212267626063C9F3090784F84120102263
:1093600084F842206064A4F82A80628D92B2FF2AB9
:109370006DD8628D494892B2D1B222855A680240B6
:109380003A4342EA0142464911435960DFF81C81E1
:109390004FF0FF0ADFF81891638D2A4631462046C8
:1093A0009BB2002B30D0FFF7A9FE002873D1606A72
:1093B000216810F8012B238D8A62628D013B606267
:1093C000013A9BB292B223856285628D92B2002BE4
:1093D000E2D1002AE0D0701C43D18B691A06FCD57B
:1093E000638D9BB2FF2B48D94B682A46A4F828A06E
:1093F000204603EA08033B4343EA09034B60314636
:10940000638D9BB2002BCED1FFF7D4FE002842D152
:1094100023682021234DD9615A682A405A6084F874
:10942000411084F8400084F8420000E00220BDE8CA
:10943000F087636C2021002201200B4384F8402038
:10944000636484F8411084F84220BDE8F0875A68CC
:1094500012490A4014493A431143FF2222855960B8
:1094600094E78B691B06BBD4FDF7D6F9401B8642F7
:10947000DFD3002EDDD02168ADE7638D9BB2DAB279
:1094800023854B6803EA080343EA02433B4343F066
:1094900000734B6080E70120BDE8F087009800FC76
:1094A0000020008200E800FE0020FF81009C00FCFC
:1094B0000000FF012DE9F0471F4690F84130202BB6
:1094C00040F08E8004460D46002900F08380B2FAF9
:1094D00082F916464FEA5919002A7BD05FFA83FABF
:1094E00090F84030012B7BD0012380F84030FDF70D
:1094F00093F9212365628046256884F8413084F819
:1095000042A0C4F8449066856B68C4F8349023F494
:1095100000436B607B1C66D1AE693607FCD508231F
:10952000EB61E368022B06D0AE69F60328D4AE697E
:10953000F603F9D524E0AB691907FCD50823EB61E4
:109540007B1CF1D0AB69DD031AD4FDF765F9A0EB04
:109550000800874253D3002F51D02568F0E74246D8
:1095600039462046FFF7CAFD00285BD1636A2268AE
:1095700013F8011B9162658D6362013DADB2658593
:10958000638D9BB2002BEAD1424639462046FFF755
:1095900011FE00284DD02268536843F40043536005
:1095A000636C042B54D1002363642023D361781CA3
:1095B00041D193691904FCD451680023202041F45F
:1095C0000041516084F84100184684F8423084F824
:1095D000403003E04FF4007301206364BDE8F0877E
:1095E0000220BDE8F087AB69180733D4FDF714F902
:1095F000A0EB0800874202D30FB125688AE7636CAD
:10960000202000212268034384F84010636484F81A
:109610004100012084F84210536843F40043536032
:10962000BDE8F08722680120536843F4004353608B
:10963000D4E72268B9E793691B04BDD5FDF7ECF8C0
:10964000A0EB08008742DAD3002FD8D02268AEE71B
:109650000120C3E70823EB61E368022B7FF470AFBE
:1096600008E0FDF7D9F8A0EB08008742C7D3002F28
:10967000C5D02568AB691A07F3D55FE70268436B6D
:109680009169126803B11847704700BF90F8410014
:10969000704700BF90F84120202A23D15FFA82FC56
:1096A00090F840200346012A1CD00268242000B50F
:1096B00083F841004FF0000E106820F001001060A8
:1096C000106820F4805010601068014370461160EB
:1096D000116841F00101116083F841C083F840E056
:1096E0005DF804FB0220704790F84120202A22D127
:1096F000034600B55FFA82FE90F84020012A1CD094
:10970000026824204FF0000C83F84100106820F01C
:1097100001001060106820F4706040EA012160468A
:109720001160116841F00101116083F841E083F894
:1097300040C05DF804FB0220704702205DF804FB86
:109740002DE9F04F076889B00446384604F010F858
:1097500010B109B0BDE8F08F8246206803F0B8FF71
:109760000028F6D0206803F0B3FF10F0020F206845
:1097700003D0436903F00203436103F0A9FF10F42F
:10978000002B206840F0508103F0A2FF10F4802FDE
:10979000206840F0EB8003F09BFF002874DB20681A
:1097A00003F096FF000564D4206803F091FF0201E6
:1097B00014D52268536903F00063536194F8F433BD
:1097C000002B40F095810121204684F8F413536D5D
:1097D000C3F38303C4F8F83300F024FC206803F0DB
:1097E00077FFC3047BD4206803F072FF10F4005F9E
:1097F00020685DD103F06CFF10F0100F206812D0CC
:10980000836923F0100383613D6AC5F3434305F088
:109810000F06022B00F03182062B00F07F81836956
:1098200043F01003836103F053FF070700F15781F2
:10983000206803F04DFFC60200F14681206803F066
:1098400047FF850200F13581206803F041FF4000A9
:1098500000F12681206803F03BFF41077FF579AFD7
:1098600023685D686A0700F129825A682A435A60B2
:109870006FE7D7F80838D90700F11C8220684369E0
:1098800003F40063436190E7D7F8043823F0010341
:10989000C7F8043894F8F433012B00F038812046DF
:1098A000FCF7FAFD2068436903F00043436177E762
:1098B00003F062FF206803F047FC2568E06001F0D8
:1098C000E5FC227B0146284603F0A2FB2046FCF77C
:1098D000B9FD2068436903F4005343618AE7D7F870
:1098E00004381021206807F5006523F001036B6040
:1098F00003F010FC6068B0B107F510634FF67F31DC
:1099000099600AF1010A1A682033824522F4001294
:1099100043F8202CC3F8E811D3F8E02122F4001218
:10992000C3F8E021ECD1EB6943F00113EB61236B49
:10993000002B40F0E1806A6942F22B0313436B6114
:109940002B6943F00B032B61D7F8003804F57172D3
:10995000217C23F4FE632068C7F8003803F028FF59
:109960002068436903F4805343613DE703F0C8FE78
:1099700080462068B8F1000F00F0E580264607F524
:1099800010694FF0000BCDE9037A09E05FEA58084F
:109990000BF1010B06F11C0609F1200900F0D5803E
:1099A00018F0010FF2D05FFA8BF7394603F0C4FECE
:1099B000C30705461FD50BF00F03039901229A40F8
:1099C000D1F8343823EA0203C1F834380123C9F846
:1099D00008302369012B03D1D6E911231344B36462
:1099E00039462046FCF720FD2369012B03D1BBF14A
:1099F000000F00F0AC81280702D50823C9F8083011
:109A0000E90602D51023C9F808306A0602D54023BA
:109A1000C9F80830AB0702D50223C9F808302D0673
:109A200000F1C6802068B1E703F05CFE05462068BF
:109A3000002D00F0868007F53066A1464FF0000B40
:109A4000049707E06D080BF1010B06F1200609F100
:109A50001C097DD0EB07F5D55FFA8BF1039103F07C
:109A60005DFE10F0010F8046039973D118F0080FC6
:109A700040F0F280206818F0100F01D01023B3607E
:109A800018F0200F05D02169012900F05A81202308
:109A9000B36018F4005FD5D04FF40053B360D1E742
:109AA0002046FCF705FD2068436903F080434361CD
:109AB000D1E620465FFA8BF1FCF7F2FC206843699F
:109AC00003F400134361C0E620465FFA8BF1FCF714
:109AD000EBFC2068436903F480134361AFE6204642
:109AE000FCF7ACFC2068436903F008034361A0E67F
:109AF0002046FCF7B9FC71E6D5F8843043F00B033F
:109B0000C5F884306B6C43F00B036B641CE70021D9
:109B1000204684F8F41300F085FAC3E6C6EBC606C7
:109B2000082204F57171384603F050FDC5F30A139D
:109B300004EB86022068D2F814120B44C2F81432E7
:109B40006DE6AB4620E6C34625E6DDE9037A22E66C
:109B5000049F19E6206801232769B36000F530638C
:109B6000012FD0F840E003EB4B139A6800F0C5805A
:109B7000984FBE4540F0BD80170440F1B6804FF4C9
:109B8000004218F0080F9A603FF475AF026C9868B5
:109B900090498A4200F0978020460392FCF734FCFB
:109BA0008D4B039A9A4200F296800823B36061E7D6
:109BB000D6E91453D4F800A0AB4250463FF6E6AEC7
:109BC0000AF51062716CCDF81CA002EB4B120592E5
:109BD000EA1A8A4228BF0A4605998969033289B27E
:109BE000B1EB920FC0F0A980CDF81890C146A04605
:109BF000059C1AE0736C3A46B16C50469D4228BFF2
:109C00001D4698F810300093ABB203F0C9FCB36C5A
:109C1000A1692B4489B2B364736D2B440335B1EB56
:109C2000950F7365C0F08180356D9D42A5EB0305EE
:109C3000E0D84446C846DDF81890D4F800A0079B49
:109C40000122504603F500610BF00F039A404B6B65
:109C500023EA02034B6399E62268216902F5306327
:109C6000126C012903EB4B13986891D15A498A422F
:109C700029D82046FCF7C8FB97E747F6F0731D424A
:109C80003FF4CDADC6EBC606C5F30A12384604EB69
:109C900086061546D6F8081203F098FCD6F8083266
:109CA00020682B44C6F80832D6F814322B44C6F884
:109CB0001432B4E52046FCF7D7FBDFE52046FCF77D
:109CC000FBFB2368D1E5020402D54FF400429A6001
:109CD0002046FCF799FB216901297FF466AF04F562
:109CE0007172206803F064FD5FE7900601D52022C1
:109CF0009A602046FCF78EFBB8E6170732D5364946
:109D00008E4504D9120402D54FF400429A602046D1
:109D10000393FCF779FB04F571720121206803F0CD
:109D200047FD0822039B9A60A0E64446356DC8466D
:109D3000DDF81890D4F800A050469D423FF626AEBC
:109D40007DE704F5717203F033FD20689FE6236D13
:109D5000002B7FF450AE04F571720121206803F0EE
:109D600027FD48E6970608D520229A6018F0080FCC
:109D70003FF481AE026C986878E712F0280FF5D1B5
:109D8000154FBE4505D9120403D54FF400429A6021
:109D9000ECE71B692046D9F80422C3F31203D31A57
:109DA000C9F81432D9F808321344C9F80832FCF75C
:109DB00031FBBBF1000F7FF459AED4F81032002B09
:109DC0007FF454AE04F571720121206803F0F0FCB9
:109DD0004CE600BF0A31544F0A30544F90F8BC2370
:109DE000012A0ED0012210B50446006884F838100C
:109DF00084F8BC2303F05AFC0023184684F8BC33D3
:109E000010BD0220704700BF10B501F00F0E09060B
:109E1000044627D44FF01C0C0CFB0E0C0CF5FE7105
:109E2000CEEBCE0C00EB8C0C00208CF8FD018A6090
:109E30004A7881F800E0CB700AB1A1F806E0022B65
:109E400001D100230B7194F8BC33012B18D00123EE
:109E5000206884F8BC3303F089F90023184684F89D
:109E6000BC3310BD1C204FF0010C00FB0E4000F174
:109E70003C01CEEBCE0004EB800080F83DC0D6E77D
:109E8000022010BD10B501F00F041C21C4EBC40C5E
:109E900001FB040100EB8C0C01F5FE71CCF81032D3
:109EA0000023CCF808228CF8FC41CCF814328CF852
:109EB000FD3103690068012B08BFCCF80C22DAB22F
:109EC0001CB903F0B3FA002010BD03F097F900208D
:109ED00010BD00BF10B501F00F041C21C4EBC40C71
:109EE00001FB040100EB8C0C3C31CCF8503000231A
:109EF000CCF84820CCF8543001238CF83C408CF846
:109F00003D3003690068012B08BFCCF84C20DAB261
:109F10001CB903F08BFA002010BD03F06FF900208C
:109F200010BD00BF38B5436801F00F059D4234D81D
:109F30000B0604461DD41C22C1EBC10302FB010128
:109F400000EB8303002201F5FE7183F8FD2101235C
:109F50000D708B7094F8BC239A421CD0206884F852
:109F6000BC3303F043FBD5B10023184684F8BC335F
:109F700038BD1C21C5EBC503012201FB050100EB27
:109F800083033C3183F83D2001230D708B7094F8DE
:109F9000BC239A42E2D1022038BD012038BD04F52D
:109FA0007172217C206803F003FCDDE7426838B55C
:109FB00001F00F03934232D811F0800F04464FF0A6
:109FC0001C01C3EBC30219D101FB0341002004EBC8
:109FD0008202002501F5FE7182F8FD010B708D7083
:109FE00094F8BC33012B18D00123206884F8BC33CB
:109FF00003F030FB284684F8BC5338BD01FB034115
:10A00000012004EB820200253C3182F83D000B70F8
:10A010008D7094F8BC33012BE6D1022038BD0120AD
:10A0200038BD00BF704700BF38B5114BDA68520722
:10A0300004D4DB6803F00703834214D10C4CE368BB
:10A0400023F007031843E060FCF7E6FB054605E054
:10A05000FCF7E2FB401BB0F57A7F06D863689B04EF
:10A06000F6D5002038BD012038BD032038BD00BF23
:10A0700000480258024AD36843F08073D3607047A7
:10A080000048025870B44D6A15B1B2F1406F3AD130
:10A090008B691BB30C6A002C4CD08E680068C661BB
:10A0A000CE69002E69D02B4313432343CC6A33433C
:10A0B00023430C6B23434C6B23430C692343CC6831
:10A0C00023430C6823434C69B2F1406F43EA844355
:10A0D000436165D04B6870BC836170470B6ABBB14C
:10A0E00000682B438C68CE69C461002E6BD013438B
:10A0F000CC6A334323430C6B23434C6B23430C69DF
:10A100002343CC68DEE78B6A0468013B2361BFE729
:10A11000CB69002B66D1002D42D0CB6A0C6B2B4350
:10A12000006813434A6923434C6B234343EA824349
:10A13000436135E0CC6945EA030C002C32D003685A
:10A140004CEA0200B2F1406F40EA0400CC6A40EAF7
:10A1500004000C6B40EA04004C6B40EA0400CC683D
:10A1600040EA04000C6840EA04004C6940EA84407C
:10A17000586115D04A689A6112E045EA030C0D69EE
:10A180004CEA0203CA6A23431343D1E90C42234336
:10A190000C6813434A692B43234343EA82434361D8
:10A1A00070BC7047CC6A4CEA020300682343D1E9D3
:10A1B0000C4223430C6813434A69234343EA824316
:10A1C00070BC43617047CC6A13432343D1E90C420E
:10A1D00023431343D1E90442234343EA824370BC3F
:10A1E000436170472B43CD6A0C6B134300682B43CC
:10A1F00023434C6B84E700BF70B50446FCF70CFBAF
:10A20000002C54D094F84030012B52D00123064644
:10A2100084F8403094F8413003F0FF02002B34D032
:10A22000A56C2268A1681368013923F4706343EABE
:10A230000123136001E06B1C31D1936813F02003FC
:10A24000F9D1E069E16815680143206A014360685B
:10A2500041EA00611C482840014360691160A1691E
:10A2600055680143206941EA00411848284001250A
:10A27000014318465160116829431160636484F8F2
:10A280004150002384F8403070BD204684F84020BF
:10A29000FBF7B2F941F288331D46A364C1E7FCF72E
:10A2A000BBFA801BA84206D82DB12268C5E7012061
:10A2B00070BD022070BD0423012084F84130636C1E
:10A2C00003436364DDE700BF2FFFFF00FEF8E0FFFC
:10A2D000C8B110B590F840300446012B11D0026887
:10A2E000012380F84030136823F001031360FBF76B
:10A2F00011FA00236364184684F8413084F8403032
:10A3000010BD022010BD0120704700BF2DE9F041B3
:10A3100004460E461546FCF77FFA94F84030012BB0
:10A320003AD0012384F8403094F84130012BDFB259
:10A3300006D002270023384684F84030BDE8F0817B
:10A34000002380466364022384F84130681C23683C
:10A350000ED19A6812F02002FBD131462046FFF759
:10A3600091FE736AE3B10123002784F84130E1E7ED
:10A370009A6812F020021ED0FCF74EFAA0EB0800FB
:10A38000854201D3002DE1D1042384F84130636C70
:10A3900043F001036364CDE702273846BDE8F0814E
:10A3A000226893689B07FCD5022101230027D16016
:10A3B00084F84130BEE731462046FFF763FE736AFA
:10A3C00043B1D0E7FCF728FAA0EB08008542DBD3C5
:10A3D000002DD9D0226893689907F3D5E4E700BF30
:10A3E0002DE9F843044689461546FCF715FA94F81A
:10A3F00040302768012B67D0012384F8403094F85F
:10A400004130012B5FFA83F807D04FF00208002398
:10A41000404684F84030BDE8F88300236364B9F116
:10A42000000F56D01223064684F841303B690133B1
:10A43000E3623B69C4F824900133A3627B6923F093
:10A4400040637B61E36A002B31D06A1C394611D12D
:10A450008B685B07FCD5636A1B7887F82030E26A5B
:10A46000636A013A0133E262E26A6362F2B16A1C32
:10A470002168EDD08B685807EDD4FCF7CDF9801B2F
:10A48000854201D3002DF2D1042384F84130636C5E
:10A4900043F00103636413E0BB689B070CD4FCF733
:10A4A000BBF9801B8542EFD3002DEDD02768691CD6
:10A4B000F2D1BB689A07FCD502234FF00008FB607D
:10A4C000012384F84130A2E74FF002084046BDE87E
:10A4D000F883636C43F00803636498E72DE9F8435D
:10A4E000044615468946FCF797F92768BA6994F837
:10A4F0004030012B6CD0012384F8403094F8413077
:10A50000012B5FFA83F807D04FF002080023404682
:10A5100084F84030BDE8F88300236364B9F1000F8C
:10A520005BD02223064684F841303B690133A363A4
:10A530003B69C4F83090013363637B6923F0406367
:10A5400043F080637B61BA61A36B002B33D0681C3E
:10A55000394612D18B6813F0060FFBD097F82020F4
:10A56000236B1A70A26B236B013A0133A263A26BB7
:10A570002363FAB1681C2168ECD08B6813F0060FD6
:10A58000ECD1FCF749F9801B854201D3002DF1D1B4
:10A59000042384F84130636C43F00103636413E0E7
:10A5A000BB689B070CD4FCF737F9801B8542EFD3BF
:10A5B000002DEDD02768691CF2D1BB689A07FCD545
:10A5C00002234FF00008FB60012384F841309DE72F
:10A5D0004FF002084046BDE8F883636C43F008037F
:10A5E000636493E72DE9F84F04461F468946904679
:10A5F000FCF712F994F84030012B52D0012384F873
:10A60000403094F84130012B5FFA83FB07D04FF0C4
:10A61000020B0023584684F84030BDE8F88F002331
:10A6200082466364422384F841307A1C26682CD128
:10A63000B568AB06FCD4D8F8003049462046B36272
:10A64000D8F804307362D8F80830F3623268D8F86A
:10A65000103022F440021343D8F80C2043F4800356
:10A660003360C9F828204FF00062FFF70BFD781C1B
:10A6700022681BD193681907FCD5082101234FF0EC
:10A68000000BD16084F84130C3E7B3689D06D2D592
:10A69000FCF7C2F8A0EB0A00874212D3002FC4D106
:10A6A0000FE04FF0020B5846BDE8F88F93681B0788
:10A6B000E3D4FCF7B1F8A0EB0A00874201D3002FE6
:10A6C000D5D1042384F84130636C43F00103636403
:10A6D0009FE700BF2DE9F04704460F461646FCF7FA
:10A6E0009BF894F84030012B45D0012384F840308A
:10A6F00094F84130012B5FFA83F907D04FF002093B
:10A700000023484684F84030BDE8F08700238046A7
:10A71000D4F848A06364822384F84130BAF1FF3F43
:10A72000256814D1AB689A06FCD42B68726823F0B4
:10A730000803082A43EA02032B6021D04FF040624D
:10A74000394620464FF00009FFF79CFCD8E7AB687C
:10A750009B06EAD5FCF760F8A0EB0800824502D31F
:10A76000BAF1000FDAD1042384F84130636C43F06E
:10A7700001036364C4E74FF002094846BDE8F0876F
:10A78000326810232A63EB602B6843F480132B603C
:10A79000D4E700BF704700BF08B5006C0023836397
:10A7A000C36290F84130082B0BD103680222DA60B3
:10A7B0001A6842F400321A601A6842F002021A6003
:10A7C00008BD012380F84130FFF7E4FF08BD00BF5A
:10A7D000704700BF704700BF704700BF704700BFA1
:10A7E000704700BF704700BF704700BF38B50368AF
:10A7F00004469A68196855070ED548030CD594F895
:10A800004120122A75D094F84120222A00F0A1801C
:10A810002046FFF7E5FF38BD950726D5880324D5E8
:10A820000222DA601A6822F4E0221A6094F84120C9
:10A83000122A7AD094F84120222A00F0A98094F8B4
:10A840004120022A00F0D08094F84120082AE2D169
:10A850005A690121204622F040625A6184F8411071
:10A86000636C3BBBFFF7B4FF38BD150725D4D50794
:10A8700035D5C80333D50125DD601A6822F470226E
:10A880001A60626C42F0020262641A68520779D55B
:10A890001A68E06B22F004021A60574B836505F0DA
:10A8A000D5FD0028B7D0636C204643F004036364F1
:10A8B00084F84150FFF76EFF38BD0803D7D5082252
:10A8C000DA601A68520206D51A68012122F41022B1
:10A8D0001A6084F841102046FFF784FF38BDD00687
:10A8E00099D5CA0297D510222046DA60FFF77CFF7F
:10A8F00038BD9A6850078BD518460EE0626A127808
:10A9000083F82020E16A20680139626AE16201323D
:10A91000816862624D077FF57BAFE26A002AEDD164
:10A92000036823F48023036072E71A68510709D58E
:10A930001A68E16B22F0040209681A60CB6823F000
:10A940000103CB600123204684F84130FFF746FF26
:10A9500038BD9A6852077FF55BAF18460EE093F852
:10A960002010226B1170A16B20680139226BA1634A
:10A9700001328168226349077FF54AAFA26B002A42
:10A98000EDD1CDE7204684F84150FFF703FF38BDF5
:10A990001A6852071DD49A6812F47C5F0FD111E037
:10A9A00093F82010226B1170A16B20680139226B83
:10A9B000A16301328168226311F47C5F02D0A26B33
:10A9C000002AEDD10123204684F84130FFF704FF2F
:10A9D00038BD1A68E16B22F0040209681A60CB687E
:10A9E00023F00103CB60EDE70123204684F84130DA
:10A9F000FFF7F0FE38BD00BF99A70008002800F05F
:10AA0000DE81F8B503680446D80730D59F490A6946
:10AA1000896A02F03802102A00F00081182A00F03A
:10AA2000F8806368B3F5803F00F02081002B00F0D0
:10AA30005E81B3F5A02F954B1A6800F02F8222F4A7
:10AA400080321A601A6822F480221A60FBF7E4FE52
:10AA50008E4E41F28837054605E0FBF7DDFE401BD0
:10AA6000B84200F2428133689A03F6D523689D0705
:10AA700000F18580D9062FD5844A1369926A03F0C4
:10AA80003803082B00F0DA80182B00F0D280E3693D
:10AA90007E4D002B00F065812B6843F080032B6016
:10AAA000FBF7BAFE064605E0FBF7B6FE801B022860
:10AAB00000F21B812B68DB05F6D5FBF7C5FE41F2E2
:10AAC0000303984200F20B826B68226A23F0F8437A
:10AAD00043EA82636B6023681D0716D563696B4D7B
:10AAE000002B00F01C816B6F43F001036B67FBF7D9
:10AAF00093FE064605E0FBF78FFE801B022800F25E
:10AB0000F4806B6F9807F6D523689A0616D5A3696B
:10AB10005E4D002B00F014812B6843F480532B60B2
:10AB2000FBF77AFE064605E0FBF776FE801B02285F
:10AB300000F2DB802B689F04F6D52368590700F1EB
:10AB40009B80636ACBB1514D2A6902F03802182A02
:10AB50006DD0022B2B6823F080732B6000F03981BD
:10AB6000FBF75AFE044605E0FBF756FE001B0228E1
:10AB700000F2BB802B689B01F6D40020F8BD434A4D
:10AB80001369926A13F0380329D1404BE2681B68BD
:10AB9000590701D5002A4AD03C4D2B6823F01903F0
:10ABA00013432B60FBF738FE064605E0FBF734FE47
:10ABB000801B022800F299802B685B07F6D5FBF713
:10ABC00043FE41F20303226998426B6800F2F08071
:10ABD00023F47C3343EA02336B6023684AE7182B83
:10ABE00000F0E280294DE2682B68002A00F0CB805B
:10ABF00023F0190313432B60FBF70EFE064604E017
:10AC0000FBF70AFE801B02286FD82B685F07F7D579
:10AC1000D5E701F0030102297FF403AF1B4A126854
:10AC200091037FF524AF6268002A7FF420AF0120F2
:10AC3000F8BD02F00302012A7FF429AF134B1B6811
:10AC4000DA0502D5E369802BF1D1FBF7FDFD41F276
:10AC500003030E4A9842216A00F2B380536823F03E
:10AC6000F84343EA81635360236835E7074A136872
:10AC700043F480331360E9E6054D2B6843F4807399
:10AC80002B60FBF7C9FD064609E000BF00440258EF
:10AC900000480258FBF7C0FD801B642825D82B68AC
:10ACA000DA05F7D5A368012B00F02281002B00F014
:10ACB000FD80052B954B1A6F00F0208122F00102D8
:10ACC0001A671A6F22F004021A67FBF7A5FD8F4E70
:10ACD00041F28837054604E0FBF79EFD401BB84271
:10ACE00003D8336F9B07F7D52BE70320F8BD874DBB
:10ACF00041F288372B6823F480332B602B6823F4D0
:10AD000080232B60FBF788FD064604E0FBF784FDFB
:10AD1000801BB842E9D82B689B03F7D4A6E66B6F7B
:10AD200023F001036B67FBF777FD064604E0FBF7B2
:10AD300073FD801B0228D8D86B6F9907F7D4E3E620
:10AD40002B6823F480532B60FBF766FD064604E076
:10AD5000FBF762FD801B0228C7D82B689804F7D444
:10AD6000EBE62B6823F080032B60FBF755FD0646CE
:10AD700004E0FBF751FD801B0228B6D82B68DF05E5
:10AD8000F7D42368A8E623F001032B60FBF744FD0A
:10AD9000064604E0FBF740FD801B0228A5D82B687F
:10ADA0005807F7D4236865E690077FF41BAFECE6FD
:10ADB00023F0FE4343EA02636B6023685AE60120F6
:10ADC0007047D36823F07C5343EA0163D360236860
:10ADD00082E6FBF721FD064604E0FBF71DFD801B24
:10ADE000022882D82B689901F7D4A96A484BA26A35
:10ADF0000B404849454E1343E26A43EA0213AB62F3
:10AE0000D4E90D32013B013A5B0212049BB202F419
:10AE1000FE021343226B013AC2F308021343E26BB2
:10AE2000013A120602F0FE4213432B63EB6A23F051
:10AE30000103EB626A6BA36C114041EAC3016963D1
:10AE4000EB6A226C23F00C031343EB62EB6A626C37
:10AE500023F002031343EB62EB6A43F48033EB62AB
:10AE6000EB6A43F40033EB62EB6A43F48023EB625A
:10AE7000EB6A43F00103EB622B6843F080732B60B5
:10AE8000FBF7CAFC044605E0FBF7C6FC001B0228E2
:10AE90003FF62BAF33689A01F6D56EE642F4802276
:10AEA0001A601A6842F480321A60CFE5174D41F2F9
:10AEB00088372B6F23F001032B672B6F23F00403DC
:10AEC0002B67FBF7A9FC064605E0FBF7A5FC801BFA
:10AED000B8423FF60AAF2B6F9807F6D431E6EB681D
:10AEE000226A23F07C5343EA0263EB602368F3E5B4
:10AEF000064A136F43F001031367E6E642F00402CB
:10AF00001A671A6F42F001021A67DEE6004402581F
:10AF10000CFCFFFF0700FFFF474A136903F03803EB
:10AF2000102B04D0182B0DD01BB144487047444857
:10AF30007047136899064AD513684248C3F3C103A2
:10AF4000D8407047936A30B4946AD56A14F47C7F11
:10AF5000516BC4F3051038D0C1F3CC0105F00105E5
:10AF600003F0030305FB01F1012B07EE901AB8EE85
:10AF7000E77A02D0022B2CD093B307EE900A9FED14
:10AF8000325AF8EEE77A136BC5EE276ADFED2F5AD7
:10AF9000C3F3080307EE903AB7EE006AF8EEE77ADB
:10AFA000E7EE257A77EE867A66EEA76A224B1B6B70
:10AFB000C3F34623013307EE903AB8EEE77AC6EEC4
:10AFC000877AFCEEE77A17EE900A30BC70471D488E
:10AFD000704707EE900A9FED1E5AF8EEE77AD2E727
:10AFE00013689B0620D5146807EE900A1549F7EE02
:10AFF000005A136BC4F3C104F8EEE77A9FED135ABD
:10B00000C3F30803E14006EE903A06EE101AF8EE9C
:10B01000E66AB8EEC66AE7EE056A86EE277A76EE4D
:10B02000A56A66EE876AC1E707EE900A9FED095AA6
:10B03000F8EEE77AA7E700BF0044025800093D0098
:10B040000024F4000090D0030024744A000000396A
:10B050000024744B0024744C002800F00281874ABD
:10B06000136803F00F038B422DE9F04104460D46AF
:10B070000CD2136823F00F030B431360136803F023
:10B080000F038B4202D00120BDE8F08123685F07E7
:10B090000BD57B4920698A6902F07002904204D97D
:10B0A0008A6922F0700202438A611E070BD5744937
:10B0B0006069CA6902F07002904204D9CA6922F03C
:10B0C00070020243CA61D8060BD56D49A069CA69EE
:10B0D00002F4E062904204D9CA6922F4E0620243B9
:10B0E000CA6199060BD56649E0690A6A02F07002E6
:10B0F000904204D90A6A22F0700202430A629A0757
:10B1000040F1A1805E48E168826902F00F0291423D
:10B1100004D9826922F00F020A438261D80730D530
:10B12000574AA168936923F470630B439361616884
:10B130001368022900F09780032900F08E8001290E
:10B1400000F0978058079ED54D4E41F288383369FC
:10B1500023F007030B433361FBF75EFB074605E073
:10B16000FBF75AFBC01B404500F2818033696268DF
:10B1700003F03803B3EBC20FF2D12368990706D569
:10B18000E1683F48826902F00F028A425FD83B497A
:10B190000A6802F00F02AA420AD90A6822F00F02D6
:10B1A0002A430A600A6802F00F02AA427FF46BAFDA
:10B1B0005A070BD5324920698A6902F07002904221
:10B1C00004D28A6922F0700202438A611F070BD5FC
:10B1D0002B496069CA6902F07002904204D2CA69C0
:10B1E00022F070020243CA61DE060BD52449A06931
:10B1F000CA6902F4E062904204D2CA6922F4E062B1
:10B200000243CA619D060BD51D4AE169136A03F02A
:10B210007003994204D2136A23F070030B43136244
:10B22000FFF77AFE164A0346164892691649C2F39A
:10B230000322825C0E2002F01F02D340BDE8F041E1
:10B240000B60FBF787BADA073FF56AAF9FE78269C1
:10B2500022F00F021143816199E79F013FF574AF1E
:10B2600011E7012070479B033FF56EAF0BE703200A
:10B270000AE7DE053FF568AF05E700BF0020005292
:10B2800000440258804101087C00002408B501F008
:10B2900095F9064B06499B69064A03F00F03CB5C00
:10B2A00003F01F03D840106008BD00BF00440258DF
:10B2B000804101088000002410B501F07FF90949A0
:10B2C000094A8B69094C03F00F03D35C03F01F0399
:10B2D000D8402060CB69C3F30213D35C03F01F0393
:10B2E000D84010BD0044025880410108800000246D
:10B2F00010B501F063F90949094A8B69094C03F05B
:10B300000F03D35C03F01F03D8402060CB69C3F365
:10B310000223D35C03F01F03D84010BD0044025841
:10B320008041010880000024F8B53A4CA36A03F07C
:10B330000303032B67D0236806460F4623F0806380
:10B340002360FBF769FA054604E0FBF765FA431B47
:10B35000022B56D823681A01F7D4A36A326823F463
:10B360007C3343EA0233A362D6E90232013B013A5D
:10B370005B0212049BB202F4FE0213437268013AAC
:10B38000C2F3080213433269013A120602F0FE4288
:10B390001343A363E36A726923F0C0031343E362B8
:10B3A000E26AB36922F020021A431B4BE262E26AAE
:10B3B00022F01002E262E16BF2690B4043EAC20341
:10B3C000E363E36A43F01003E362E36AEFB1012F42
:10B3D0000CBF43F4801343F40013E3620D4C236865
:10B3E00043F080632360FBF717FA054604E0FBF7A0
:10B3F00013FA401B022804D823681B01F7D500204C
:10B40000F8BD0320F8BD0120F8BD43F40023E3623A
:10B41000E4E700BF004402580700FFFFF8B53A4CCC
:10B42000A36A03F00303032B67D0236806460F4685
:10B4300023F080532360FBF7EFF9054604E0FBF7A8
:10B44000EBF9431B022B56D823689A00F7D4A36A62
:10B45000326823F07C7343EA0253A362D6E90232D6
:10B46000013B013A5B0212049BB202F4FE02134359
:10B470007268013AC2F3080213433269013A1206B4
:10B4800002F0FE4213432364E36A726923F44063CB
:10B490001343E362E26AB36922F400721A431B4B5E
:10B4A000E262E26A22F48072E262616CF2690B404D
:10B4B00043EAC2036364E36A43F48073E362E36ACA
:10B4C000EFB1012F0CBF43F4000343F08073E3623C
:10B4D0000D4C236843F080532360FBF79DF905462C
:10B4E00004E0FBF799F9401B022804D823689B006D
:10B4F000F7D50020F8BD0320F8BD0120F8BD43F4C6
:10B500008003E362E4E700BF004402580700FFFF46
:10B510002DE9F8430368044613F0006622D0426E1A
:10B52000B2F5001F00F0CE8411D8002A00F0F88494
:10B53000B2F5801F40F0F18402210430FFF7F4FEE1
:10B540000646002E40F08684626E236803E0B2F562
:10B55000401F40F0E284A8480026016D21F440110C
:10B560000A430265DD050AD5626D042A06D8DFE8C4
:10B5700012F0A20493049A04DF02DF02012635468A
:10B5800098051BD5A26D802A00F05B8400F2EC8048
:10B59000002A00F08B83402A40F0ED800021201D1E
:10B5A000FFF7C2FE23680546002D40F067839249ED
:10B5B000A06D0A6D22F4E07202430A6559051FD599
:10B5C000D4F8A420B2F5800F00F0478400F2D680B2
:10B5D000002A00F07183B2F5001F40F0D7800021EF
:10B5E000201DFFF7A1FE23680546002D40F044838F
:10B5F0008149D4F8A4008A6D22F4600202438A656E
:10B600001A051FD5D4F8A820B2F1007F00F02E84CF
:10B6100000F2BF80002A00F05583B2F1807F40F035
:10B62000C0800021201DFFF77FFE23680546002D06
:10B6300040F02A837049D4F8A8008A6D22F0E062B5
:10B6400002438A659F0118D5A26C202A00F0DA8394
:10B6500000F2AA803AB1102A40F0A9806649CA6A6D
:10B6600042F40032CA62002D40F059836249A06C56
:10B67000CA6C22F030020243CA64D8041DD5E26DC0
:10B68000B2F5005F00F0FB8300F29480002A00F026
:10B690001F83B2F5805F40F095800021201DFFF7E9
:10B6A00043FE23680546002D40F0EC825249E06DD0
:10B6B0000A6D22F4E04202430A6599041AD5226E0B
:10B6C000B2F5003F00F074837FD84AB1B2F5803FF5
:10B6D00040F083800121201DFFF726FE23680546E8
:10B6E000002D40F01E834449206E0A6D22F4E022B2
:10B6F00002430A655A041BD5D4F8AC20B2F1005FAE
:10B7000000F060836CD842B1B2F1805F70D101214A
:10B71000201DFFF709FE23680546002D40F0038336
:10B720003549D4F8AC008A6D22F0E04202438A65C4
:10B730001F040DD5E26EB2F1805F00F03183B2F1EB
:10B74000005F00F00182002A00F0048201263546E5
:10B75000D8015DD5626C032A00F20A84DFE812F09A
:10B76000540017034E005400C02A3FF41DAFB2F539
:10B77000807F3FF419AF012635461FE7B2F5C00FB1
:10B780003FF433AFB2F5000F3FF42FAF012635463B
:10B7900036E7B2F1407F3FF44AAFB2F1806F3FF439
:10B7A00046AF012635464DE7302A3FF45CAF01260F
:10B7B000354662E7B2F5405F3FF475AFB2F5804FB2
:10B7C0003FF471AF0126354677E722F48031B1F5B9
:10B7D000802F85D0B2F5403F82D00126354689E7DB
:10B7E00022F08051B1F1804F97D0B2F1405F94D0F8
:10B7F000012635469CE700BF004402580221201D67
:10B80000FFF792FD23680546002D00F06B822E465F
:10B81000590200F1F081DF072FD5A26F282A2AD81C
:10B82000DFE812F0D30129002900290029002900AE
:10B83000290029006D032900290029002900290079
:10B8400029002900CC01290029002900290029000C
:10B8500029002900D30129002900290029002900F5
:10B8600029002900D30129002900290029002900E5
:10B8700029002900D30101263546980716D5626FA5
:10B88000052A00F27883DFE812F00D00300306008D
:10B890000D000D000D00012104F12400FFF7BEFD95
:10B8A00023680546002D00F025822E46590717D53E
:10B8B000D4F89020052A00F26183DFE812F00D0031
:10B8C0000C0306000D000D000D00012104F1240001
:10B8D000FFF7A4FD23680546002D00F013822E46D5
:10B8E0009A061DD5D4F88C20B2F1005F00F0458295
:10B8F00000F2DC804AB1B2F1805F40F0E1800021CB
:10B90000201DFFF711FD23680546002D40F005823C
:10B91000A949D4F88C004A6D22F0E04202434A65FE
:10B920005F061DD5D4F89820B2F5006F00F0548260
:10B9300000F2C9804AB1B2F5806F40F0CE8000219C
:10B94000201DFFF7F1FC23680546002D40F0C8815B
:10B950009949D4F898008A6D22F4E05202438A652E
:10B9600018061DD5D4F89C20B2F5804F00F03F8218
:10B9700000F2B6804AB1B2F5005F40F0BB80002112
:10B98000201DFFF7D1FC23680546002D40F0A6815D
:10B990008949D4F89C008A6D22F4604202438A658A
:10B9A00019070BD5D4F88010B1F5805F00F03E8206
:10B9B0008148426D22F440520A434265DA060BD5B3
:10B9C000D4F89410B1F5807F00F025827A48826D1A
:10B9D00022F440720A4382651F030ED5D4F8A010EA
:10B9E000B1F5803F00F0D480B1F5003F00F0D78082
:10B9F000002900F0BA810126354658030FD5D4F846
:10BA00008420B2F5001F00F0B080B2F5401F00F0B6
:10BA1000B380B2F5801F00F0A08101263546D9031E
:10BA200009D5E26C002A00F08681B2F5803F00F073
:10BA30002D81012635469A0000F1D2809F035CD407
:10BA4000301E18BF0120DE0206D55B49256F0A6D46
:10BA500022F000422A430A65DD0007D55649D4F892
:10BA6000B4500A6922F480422A430A61990206D539
:10BA70005149A56E0A6D22F080722A430A655A0068
:10BA800009D54D4A116921F4004111611169D4F8B9
:10BA9000B85029431161002B06DA474A216DD36C57
:10BAA00023F040530B43D364BDE8F88322F0805168
:10BAB000B1F1804F3FF429AFB2F1405F3FF425AFC1
:10BAC000012635462CE722F48061B1F5805F3FF412
:10BAD0003CAFB2F5406F3FF438AF012635463FE743
:10BAE00022F40051B1F5004F3FF44FAFB2F5C04F13
:10BAF0003FF44BAF0126354652E7E26FB2F5807F47
:10BB000000F0228106D922F48071B1F5007F03D0C4
:10BB1000012098E7002AFBD1002DF9D1264D301ED7
:10BB2000696D18BF012021F440710A436A658AE7F4
:10BB30003546002D40F0A4801F49606D0A6D22F04B
:10BB4000070202430A651BE50121201DFFF7ECFBFC
:10BB500023680546002D40F0DE801749E06E0A6D2F
:10BB600022F0405202430A65F2E5012104F124006B
:10BB7000FFF754FC23680546002D40F0DA800E499B
:10BB8000D4F884004A6D22F4401202434A6546E725
:10BB9000022104F12400FFF741FC23680546002D33
:10BBA00040F0C5800449D4F8A0008A6D22F44032E8
:10BBB00002438A6521E700BF00440258012104F1D5
:10BBC0002400FFF72BFC23680546002D40F0AD80D4
:10BBD000AF49A06F4A6D22F0380202434A654CE635
:10BBE000022104F12400FFF719FC236800283FF428
:10BBF00025AF012622E7A74F3B6843F480733B60E3
:10BC0000FAF70AFE804606E0FAF706FEA0EB080007
:10BC1000642800F27E813B68DA05F5D5002D40F0FE
:10BC2000A4819B4AD4F8B030116F594011F4407F81
:10BC30000BD0116F106F21F4407140F48030106709
:10BC4000106F20F4803010671167B3F5807F00F02B
:10BC50006E8103F44072B2F5407F00F07C818C4924
:10BC60000A6922F47C520A61894AC3F30B03116FFB
:10BC70000B4313672368CEE52E46C1E42E469DE4B0
:10BC80002E467DE42E4618E52E46DBE40221201DDB
:10BC9000FFF74AFB05462368002D53D17C49E06C31
:10BCA000CA6C22F480320243CA64C4E67849CA6A84
:10BCB00042F40032CA6277E47549CA6A42F400323B
:10BCC000CA6292E47249CA6A42F40032CA62AEE4BD
:10BCD0006F49CA6A42F40032CA62E4E42E465FE663
:10BCE0002E463DE66A49606CCA6C22F003020243AC
:10BCF000CA648DE56649606F4A6D22F0070202430F
:10BD00004A65D3E56249D4F890008A6D22F00702B3
:10BD100002438A65E4E52E461AE52E4600E62E46E5
:10BD2000ABE42E46E6E42E4602E52E46A5E52E4679
:10BD300063E62E4673E65649CA6A42F40032CA6286
:10BD4000002DABD02E4676E65148C16A41F4003151
:10BD5000C162002D7FF4DCAEE0E64D49CA6A42F4D0
:10BD60000032CA62002DE4D109E7201DFFF7DCFA9A
:10BD700005462368002DDAD114E7022104F12400DE
:10BD8000FFF74CFB05462368002DC6D1C0E54049AE
:10BD9000CA6A42F40032CA62002D7FF438ADA1E7CE
:10BDA0003B49CA6A42F40032CA62002DB3D1D4E6DC
:10BDB000012104F12400FFF731FB05462368002D23
:10BDC000AFD190E4012104F12400FFF727FB0546E1
:10BDD0002368002DA7D1A3E4022104F12400FFF77A
:10BDE0001DFB05462368002D7FF47AAFB0E50221E4
:10BDF00004F12400FFF712FB05462368002D7FF4B1
:10BE00006DAFC5E50221201DFFF78EFA05462368B8
:10BE1000002D84D12AE4022104F12400FFF7FEFA68
:10BE2000236800283FF4D8AD0126D5E5022104F1AE
:10BE30002400FFF7F3FA236800283FF4BFAD012682
:10BE4000BCE5002104F12400FFF7E8FA2368054669
:10BE5000FFF7AABB2368FFF785BB002104F124008C
:10BE6000FFF7DCFA23680546FFF7BFBB002104F1AA
:10BE70002400FFF7D3FA23680546FFF7D8BB00215B
:10BE800004F12400FFF7CAFA236805460BE400BF5B
:10BE900000440258004802580021201DFFF744FAD0
:10BEA0002368054645E6002104F12400FFF7B6FAB1
:10BEB000236805463DE633493546CA6A42F40032F6
:10BEC000CA6236E602212430FFF7A8FA0646002EA1
:10BED0003FF43AABBEE70121201DFFF725FA0546E6
:10BEE0002368002D7FF4FBAC0CE70121201DFFF738
:10BEF0001BFA05462368002D7FF4D7ACFAE6012132
:10BF0000201DFFF711FA05462368002D7FF40DAFC1
:10BF10005EE60326236835467DE40126FFF722BB53
:10BF20001848C16A41F40031C162FFF714BBFAF747
:10BF300073FCDFF85080074641F2883904E0FAF7D5
:10BF40006BFCC01B4845E4D8D8F870309B07F6D589
:10BF5000D4F8B0307DE60B480B4A016902EA1312AF
:10BF600021F47C510A4302617EE623682E4652E4A6
:10BF7000012635464CE40126354697E40126354630
:10BF8000AEE400BF00440258CFFFFF0008B5FFF742
:10BF90007DF9054B054A1B6AC3F30213D35C03F01A
:10BFA0001F03D84008BD00BF00440258804101086B
:10BFB000584B70B4996A9D6ADE6A15F47C3FC5F3EC
:10BFC0000532DC6B5CD0C4F3CC0406F0100601F043
:10BFD000030106FB04F4012907EE904AB8EEE77A64
:10BFE00003D0022975D000294FD007EE902ADFED4B
:10BFF0004A6AF8EEE77A9B6B86EEA76A9FED475A8E
:10C00000C3F3080306EE903AF7EE005AF8EEE66A3C
:10C01000E7EE056A76EEA56A66EE266A3D4AB7EE59
:10C02000006A936BC3F3462307EE103AB8EEC77A63
:10C0300070BC37EE067AC6EE877AFCEEE77AC0ED82
:10C04000007A936BC3F3064307EE103AB8EEC77A53
:10C0500037EE067AC6EE877AFCEEE77AC0ED017A13
:10C06000936BC3F3066307EE903AF8EEE77A77EE48
:10C07000867A86EEA77ABCEEC77A80ED027A7047A0
:10C0800070BCC0E90022826070471968890627D514
:10C090001C6807EE902A2249F7EE005A9B6BC4F306
:10C0A000C102F8EEE77A9FED1D5AC3F30803D140B1
:10C0B00006EE903A06EE101AF8EEE66AB8EEC66A98
:10C0C000E7EE056A86EE277A76EEA56A66EE876A5F
:10C0D000A4E707EE902ADFED136AF8EEE77A8AE725
:10C0E00007EE902A9FED105A9B6BB7EE006AF8EEB0
:10C0F000E77ADFED0A5AC3F30803C5EE276A07EEB5
:10C10000903AF8EEE77AE7EE257A77EE867A66EEF1
:10C11000A76A83E7004402580024744A00000039EB
:10C120000090D0030024744B0024744C584B70B41E
:10C13000996A9D6ADE6A15F07C7FC5F305525C6CD6
:10C140005CD0C4F3CC0406F4807601F0030106FB56
:10C1500004F4012907EE904AB8EEE77A03D00229E9
:10C1600075D000294FD007EE902ADFED4A6AF8EE2D
:10C17000E77A1B6C86EEA76A9FED475AC3F3080364
:10C1800006EE903AF7EE005AF8EEE66AE7EE056A38
:10C1900076EEA56A66EE266A3D4AB7EE006A136C33
:10C1A000C3F3462307EE103AB8EEC77A70BC37EEF9
:10C1B000067AC6EE877AFCEEE77AC0ED007A136C59
:10C1C000C3F3064307EE103AB8EEC77A37EE067AA5
:10C1D000C6EE877AFCEEE77AC0ED017A136CC3F302
:10C1E000066307EE903AF8EEE77A77EE867A86EE07
:10C1F000A77ABCEEC77A80ED027A704770BCC0E9BE
:10C200000022826070471968890627D51C6807EEEE
:10C21000902A2249F7EE005A1B6CC4F3C102F8EED3
:10C22000E77A9FED1D5AC3F30803D14006EE903A1A
:10C2300006EE101AF8EEE66AB8EEC66AE7EE056A90
:10C2400086EE277A76EEA56A66EE876AA4E707EEA1
:10C25000902ADFED136AF8EEE77A8AE707EE902A74
:10C260009FED105A1B6CB7EE006AF8EEE77ADFED2F
:10C270000A5AC3F30803C5EE276A07EE903AF8EEB0
:10C28000E77AE7EE257A77EE867A66EEA76A83E7A5
:10C29000004402580024744A000000390090D00382
:10C2A0000024744B0024744C584B70B4996A9D6AF6
:10C2B000DE6A15F47C7FC5F305125C6B5CD0C4F3B9
:10C2C000CC0406F0010601F0030106FB04F4012989
:10C2D00007EE904AB8EEE77A03D0022975D000291C
:10C2E0004FD007EE902ADFED4A6AF8EEE77A1B6B33
:10C2F00086EEA76A9FED475AC3F3080306EE903A0D
:10C30000F7EE005AF8EEE66AE7EE056A76EEA56A01
:10C3100066EE266A3D4AB7EE006A136BC3F3462306
:10C3200007EE103AB8EEC77A70BC37EE067AC6EE62
:10C33000877AFCEEE77AC0ED007A136BC3F306430D
:10C3400007EE103AB8EEC77A37EE067AC6EE877A6D
:10C35000FCEEE77AC0ED017A136BC3F3066307EED8
:10C36000903AF8EEE77A77EE867A86EEA77ABCEE18
:10C37000C77A80ED027A704770BCC0E90022826003
:10C3800070471968890627D51C6807EE902A22494C
:10C39000F7EE005A1B6BC4F3C102F8EEE77A9FED8B
:10C3A0001D5AC3F30803D14006EE903A06EE101A68
:10C3B000F8EEE66AB8EEC66AE7EE056A86EE277A18
:10C3C00076EEA56A66EE876AA4E707EE902ADFEDAF
:10C3D000136AF8EEE77A8AE707EE902A9FED105A83
:10C3E0001B6BB7EE006AF8EEE77ADFED0A5AC3F38B
:10C3F0000803C5EE276A07EE903AF8EEE77AE7EE13
:10C40000257A77EE867A66EEA76A83E700440258BB
:10C410000024744A000000390090D0030024744BBB
:10C420000024744CB0F5807F00B585B048D0B0F5DD
:10C43000007F11D0B0F5806F00F08280B0F5006F02
:10C4400052D0B0F5805F2CD0B0F5002F00F0968070
:10C45000002005B05DF804FB534A136D03F4E0734C
:10C46000802B59D012D9C02B26D0B3F5807FEFD1C5
:10C47000D36C13F040535BD0B3F1805F00F08D803C
:10C48000B3F1005F494818BF0020E2E7002B3CD021
:10C49000402BDDD101A8FFF78BFD019805B05DF8B9
:10C4A00004FB414A136D03F4E043B3F5005F33D05E
:10C4B00029D9B3F5405F58D13D4805B05DF804FB7C
:10C4C000394B1B6D03F00703042BC1D801A252F8AE
:10C4D00023F000BF0BC5000895C4000819C500086B
:10C4E000B9C4000827C500082F4A936D03F0E06324
:10C4F000B3F1007F10D01DD9B3F1407FDCD0B3F190
:10C50000806FB5D0A4E7002B34D101A8FFF7CCFE93
:10C51000029805B05DF804FB01A8FFF707FE01983B
:10C5200005B05DF804FB204BDB6C13F04053A3D146
:10C5300020488EE7002BE8D0B3F1807FAAD087E7B0
:10C54000194A936D03F46003B3F5800FE4D005D866
:10C55000002BDAD0B3F5001F9CD079E7B3F5C00FFC
:10C56000AAD0B3F5000F83D072E7B3F5804F3FF444
:10C570007FAF6DE7B3F5805F8CD069E70A4A936DB2
:10C5800003F44033B3F5803F09D0B3F5003F3FF4E7
:10C590006FAF002B7FF45CAF7CE7074859E701A839
:10C5A000FFF7C4FD039854E7004402580024F40048
:10C5B0000080BB000090D00300093D0008B5FEF7E5
:10C5C000ABFC064B06499B69064AC3F30323CB5CCD
:10C5D00003F01F03D840106008BD00BF004402589C
:10C5E000804101087C000024F8B501680546AC4B89
:10C5F00099421FD0203399421CD003F57873994299
:10C6000058D02033994255D003F57873994200F001
:10C610001E812033994200F01A8195F89130A14E85
:10C6200003F0FF026BB9284685F89020F9F75AF914
:10C63000296806E09C4E95F8913003F0FF02002B2C
:10C64000F1D09A4B9A4A1B68A2FB03230A681B0B82
:10C6500022F480329B000A6023B30C68013B14F47F
:10C660008034F9D1022385F89130EB68012B00F07A
:10C670001081022B15BF032023200227222715BF7C
:10C680004FF0010C4FF0210C00222022AB68013B3F
:10C69000042B00F24B81DFE813F0CF001000D6002E
:10C6A0000F00D200D5F89430012043F04003C5F8C4
:10C6B0009430F8BD7F4EBEE73A464FF400672B6AD0
:10C6C0003260002B44D0764B994200F01E817A48AC
:10C6D000081AB0FA80F04009002840F01681774B24
:10C6E000994200F00C812033994200F00881744B8C
:10C6F000994200F0FE802033994200F0FA80714B9D
:10C70000994200F00881704B994200F00A81AB69B0
:10C7100000EB8000B3F5002F4FEA400300F0E28009
:10C72000AA6A296AB2F1806F0CBF0222012201FBC2
:10C7300002F21202B3FBF2F3644AA2FB0312D20824
:10C7400002EB8201A3EB4103092B08BF01326A62AD
:10C750006B6833F002032B6D40F09680012B14BF01
:10C760004FF400740024FAF76FF8696CB0F5005FBD
:10C77000D5E9003242EA0102A96C42EA0102E96C01
:10C7800042EA0102E96A42EA0102696942EA0102F7
:10C7900072D3A96918680A43A96A0A434C4901403F
:10C7A000196029690A4319680A43696A42EA015211
:10C7B00048493A4322431A605A68286B1140EA6993
:10C7C0000243686B5960024359680A4342495A6000
:10C7D0009A6811406A6E9960E96D98680A43296EFB
:10C7E0000A43696D01390A43A96D013942EA012200
:10C7F00002434FF220009A60D968AA6E0140D960C6
:10C80000E96ED8680A43696F42EA0142296F01392B
:10C8100042EA0122224902438B42DA6019D0294AB6
:10C82000934216D000230122C5F89430184685F8AB
:10C83000903085F89120F8BD4FF480673FE70246BD
:10C840004FF400673BE762464FF4006737E7234E3B
:10C85000F1E6736C23F00103736495F83830012B13
:10C86000E0D1D5E90F23013A43EA02137364736CF4
:10C8700043F001037364D5E7A96918680A431849AE
:10C8800001401960A96A8DE7012B08BF4FF40074BD
:10C8900069E7132012274FF0110C1022F6E600BFB3
:10C8A0000458014000540058005801407C00002406
:10C8B0001BECCB95005C014024580140045C014016
:10C8C000046001400454005824540058CDCCCCCC12
:10C8D00010C005F0F01FFFFF0080F8FF006001406E
:10C8E00010C005F82A6A696D01FB02F2B3FBF2F38E
:10C8F00022E74FF40070FFF795FD2968FFE64FF43B
:10C900000070FFF78FFD2968F1E64FF48070FFF7A4
:10C9100089FD2968E3E64FF48060FFF783FD29680D
:10C92000F1E64FF40060FFF77DFDF0E60027C6E674
:10C93000022938B5044635D9C81E012830D8002050
:10C9400023676064E064E065A0664FF6FF7060678F
:10C95000606830F002000CBF0125002504294FF467
:10C96000003125650CBF01200D2021664FF4802188
:10C97000A0656166032A13D8DFE802F0474E5436FB
:10C980002368484A934205D002F1C052A2F5823290
:10C99000934205D16368012B02D1636C002B2FD029
:10C9A000012038BD002023676064E064A0666068F1
:10C9B00030F0020014BF0120002020654FF48030C9
:10C9C000E0654FF6FF70606713F00100E8D14D1E7F
:10C9D000012D29D860664FF400302066032ADFD885
:10C9E000DFE802F05546362CE0215B018022A1648D
:10C9F0006365E266F9F728FF94F83830012BBFD061
:10CA00002046BDE83840FFF7EFBD80211B014022E2
:10CA1000A1646365E266EDE780225B01A264636561
:10CA2000E266E7E7C021E0E720664FF48020606619
:10CA3000032AB5D8DFE802F02B1C0C025B08E020CB
:10CA400080219A01A0645B01E166C4E91523D1E766
:10CA50005B08C022802502294FEA8310A2644FEAB6
:10CA60004313E5666065A365C4D10823A366C1E7E7
:10CA70005B08802202294FEA8310A2644FEA431325
:10CA8000E266C4E91503B5D11023A366B2E75B08DB
:10CA9000802040215A01A0641B01E166C4E91523EE
:10CAA000A8E700BF045801402DE9F8430F460446AB
:10CAB0001546F9F7B1FE002F61D0B5FA85F84FEAB7
:10CAC0005818002D5BD094F89130012B5FFA83F950
:10CAD00050D194F89030012B4CD04346C4F8948048
:10CAE0000646D4F8800065F30F03226884F890901E
:10CAF000394665F31F43A7671C32E3672B461225AF
:10CB000084F891502E4DC0F8508005642D4DC563BA
:10CB10002D4DC564FBF700F800283ED1636C082B4F
:10CB2000636831D005216122023B012B98BF114679
:10CB3000226813690B431361136843F400331360D5
:10CB400006E0F9F769FE831BB3F57A7F2AD82268DD
:10CB5000556915F4E025F4D01368DB0303D413689A
:10CB600043F4803313600023994684F8903048469C
:10CB7000BDE8F8834FF002094846BDE8F8834FF05E
:10CB800001094846BDE8F88323F00202012A0BBFE1
:10CB90001521052171226122C6E7484684F890805C
:10CBA000BDE8F883D4F894304FF0030984F890502E
:10CBB00043F040034846C4F89430BDE8F88300BF12
:10CBC00009CD0008A1CC000889CD0008F8B50029DE
:10CBD0004ED0B2FA82F513466D09002A48D090F87B
:10CBE00091200446012AD6B23FD190F89020012A24
:10CBF0003BD081670A462946222780F8906063F37C
:10CC00000F01C0F8945063F31F41C167D0F884004E
:10CC100084F891701E4F216807641E4F1C31056512
:10CC2000C7631D4FC764FAF777FF20BB23681A68F4
:10CC3000D20303D41A6842F480321A60626C082A64
:10CC400062681CD005216120023A012A98BF014682
:10CC50001A6900200A4306461A611A6842F4003233
:10CC60001A6084F890003046F8BD02263046F8BDC0
:10CC700001263046F8BD304684F89050F8BD22F0C9
:10CC8000020101290BBF1521052171206120DBE77D
:10CC900079CD000815CD000889CD0008704700BF88
:10CCA00008B5C369806BB3F5807F1BD003684FF074
:10CCB000000C416C1A680829A0F87EC022F40032EA
:10CCC0001A60426811D06FF0610C6FF00501023AF2
:10CCD000012A98BF61461A694FF0010C0A401A6197
:10CCE00080F891C0FFF7DAFF08BD22F002010129A8
:10CCF0000BBF6FF0710C6FF0610C6FF015016FF0EE
:10CD00000501E4E7704700BF806B08B5FFF7FAFF45
:10CD100008BD00BF08B5C369806BB3F5807F1BD029
:10CD200003684FF0000C416C1A68082922F40032A5
:10CD30001A604268A0F87EC011D06FF0610C6FF0ED
:10CD40000501023A012A98BF61461A694FF0010CA9
:10CD50000A401A6180F891C0F8F7CAFE08BD22F0B7
:10CD6000020101290BBF6FF0710C6FF0610C6FF0C5
:10CD700015016FF00501E4E7806B08B5F8F77CFE5C
:10CD800008BD00BF704700BF10B5846BFBF7CEFB3A
:10CD9000022823D0D4F89420216842F08002134B5B
:10CDA0001348C4F894201B680A68A0FB030322F40C
:10CDB00000321B0B0A600A689B0022F480320A6072
:10CDC0006BB10A68013BD203FAD40122002320464A
:10CDD00084F89120A4F87E30FFF7D4FF10BDD4F87A
:10CDE000943043F04003C4F89430EEE77C00002414
:10CDF0001BECCB9518B338B590F82C3004460D4693
:10CE000003F0FF02B3B12146022384F82C3051F81D
:10CE1000040B00F051F862682946206800F08AF897
:10CE2000084A01210020136843F00043136084F88E
:10CE30002C1038BD80F82D20F6F748FAE3E70120E2
:10CE4000704700BF0040005270B590F82C30044687
:10CE5000022BD8B204D000F0FB06012E01D0012035
:10CE600070BD02230D46206884F82C3000F0AEF827
:10CE70002B68022B03D0002084F82C6070BD0523A2
:10CE8000002084F82C3070BD38B590F82C30044662
:10CE9000022BD8B205D094F82C30012BDDB201D092
:10CEA000012038BD0223206884F82C3000F0A2F85D
:10CEB000002084F82C5038BD0B6810B4D3B9046836
:10CEC000A3F500434A6823401343D1E902422343B8
:10CED0001343D1E9044223431343D1E906422343D8
:10CEE0001343D1E9084223435DF8044B1343036025
:10CEF000002070470268D1E9074322F4F842224338
:10CF00004C6A1A430A4B2243026042681340D1E93B
:10CF1000014223431343D1E9034223431343D1E99D
:10CF2000054223435DF8044B1343436000207047E0
:10CF30000080FFFF30B40ABB8368D1E9002403F00E
:10CF40007043013C013A43EA04131343D1E902243C
:10CF5000013A013C43EA022343EA0432D1E90434B2
:10CF60008969013B013C013942EA034343EA045326
:10CF700043EA016330BC8360002070478268CC685C
:10CF8000114B013C13404A6943EA0433541E43EAFF
:10CF90000454D1E900258460C3686C1E013A03F093
:10CFA000704343EA04130C691A438B68013C896996
:10CFB000013B013942EA032343EA044343EA0163A4
:10CFC00030BCC36000207047FF0F0FFF0246D1E95D
:10CFD000003010B403431469D1E9021023435DF813
:10CFE000044B013943EA4023002043EA4113136113
:10CFF000704700BF0246054B002010B4546923401F
:10D000005DF8044B43EA41015161704701C0FFFFE5
:10D01000022A82B0844613D009230193DCF80C3035
:10D02000002023F47053CCF80C30019BDCF80C206A
:10D030009B0203F470531343CCF80C3002B07047DA
:10D04000224B234A0B44934207D9224B224A0B44DA
:10D05000934205D80E230193E0E70F230193DDE708
:10D060001E4B1F4A0B44934207D91E4B1E4A0B44CA
:10D07000934205D20C230193D0E70D230193CDE712
:10D080001A4B1B4A0B44934202D80B230193C5E76A
:10D09000184B194A0B44934202D20A230193BDE76D
:10D0A000164B174A0B449342B6D3164B164A0B4401
:10D0B000934202D208230193B0E7144B144A0B4465
:10D0C000934234BF072306230193A7E7405327FF6A
:10D0D000FF340C00401E1BFF3F420F0000DC0BFF23
:10D0E0007F4F1200808CF9FE20D6130060B6E5FE5B
:10D0F0005FE3160000D3CEFE40771B00C05BB3FE9B
:10D10000C091210000CA91FE20753800E05459FEFC
:10D11000E09C4100890182B000230A4A41F02001CD
:10D120000193016103E0036913F0200307D0019B21
:10D13000013393420193F6D9032002B07047184699
:10D1400002B07047400D0300D0F8083882B003F0F9
:10D1500006030193019838B10198022804D0019B7D
:10D16000062B0CBF02200F2002B0704730B44B7862
:10D170000A78012B20D002F00F0C4FF48033D0F846
:10D180001C4800EB421203FA0CF32343C0F81C388E
:10D19000D2F8003B1B040CD48B68D2F8004BC3F3CD
:10D1A0000A03C8781449234343EA80431943C2F869
:10D1B000001B002030BC704700F5006402F00F0532
:10D1C00000EB4210AB40E5692B43E361D0F8003936
:10D1D0001C04EED48B68D0F80059C3F30A03CC7852
:10D1E00005492B4343EA844343EA8252114330BC4E
:10D1F000C0F8001900207047008000102DE9F041B0
:10D200004B7891F800C0012B51D000EB4C1C844CA2
:10D21000DCF8105B0CF530632C401C61814C1D69FF
:10D220002C401C614C6984B38D68012A7E4E2C44CD
:10D2300004F1FF34B4FBF5F406EAC44EA4B205FBD6
:10D2400004F41D694EEA0505C4F312041D611D694D
:10D2500044EA05041C6125D0CB78012B0CD1D0F811
:10D26000083813F4807FDCF8003B0CBF43F0005318
:10D2700043F08053CCF8003BDCF8003B43F0044320
:10D28000CCF8003B0020BDE8F0818C68012A1D69C4
:10D29000C4F3120444EA05041C611C6944F400242C
:10D2A0001C61D9D1CA68002AD6D05A61D4E74D6929
:10D2B000002D3DD000EB4C14594ED1F808E0D4F8C5
:10D2C0001089584F08EA0606C4F8106905EB0E06E7
:10D2D000013EB6FBFEFED4F810693740524EC4F84A
:10D2E000107906EACE46D4F810793E43C4F81069A6
:10D2F000C5F31206D4F810793E43C4F8106904F55A
:10D30000106691F803E0BEF1010F57D0012A72D0E8
:10D31000D4F800290CF00F0C42F0044203FA0CF38D
:10D32000C4F80029D0F834281343C0F83438A9E7EA
:10D3300000EB4C133B4E3A4C012AD3F8107906EA25
:10D340000706C3F81069D3F8106946F40026C3F83D
:10D350001069D3F8106904EA060403F51066C3F8EF
:10D36000104991F803E03AD0D3F80049BEF1010F1B
:10D3700044F00444C3F8004984D1D0F8083813F4C9
:10D38000807F33680CBF43F0005343F08053336019
:10D39000002A7FF477AFADB20335AD083FF472AF2A
:10D3A000CB6800EB0C3C03EB85010CF5805C53F87B
:10D3B000042B8B42CCF80020F9D163E73369012AB2
:10D3C00023F0C0433361336943F00053336117D016
:10D3D000D4F8003943F00443C4F80039CDE70B69B1
:10D3E00063B9BEF1010F0ED03368002043F004434F
:10D3F0003360BDE8F0810B69002BF5D07361F0E775
:10D400000B69002BFAD1D0F8083813F4807F336809
:10D410000CBF43F0005343F080533360E4E700BF98
:10D420000000F8FFFFFF07E00000F81FF0B54C78A0
:10D430000B78012C26D000EB4310574CD0F8105B32
:10D4400000F530632C401C61544C1D692C401C615C
:10D450004C69A4B98C681D69C4F31204012A45F40F
:10D4600000251D611D6944EA05041C6149D0D0F8FE
:10D47000003B43F00443C0F8003B0020F0BD8C6843
:10D480004C61E8E74C69002C40D000EB4315424F5B
:10D49000D1F808E0D5F810C9404E74450CEA0707EA
:10D4A00005F5106CC5F81079D5F8107906EA07066D
:10D4B000C5F8106958D9DCF81040012AC1F814E009
:10D4C00044F40024CCF81040CEF31204DCF81060D1
:10D4D00044EA0604CCF810403AD0D5F8002942F0CE
:10D4E0000442C5F80029BEF1000FC6D003F00F01B9
:10D4F0000123D0F834288B401343C0F8343800207F
:10D50000F0BDCA68002AB2D05A61B0E700EB431000
:10D51000224B012AD0F8104900F5106C03EA0403ED
:10D52000CCF81030DCF8103043F40023CCF8103085
:10D53000194BDCF8104003EA0403CCF8103007D094
:10D54000D0F8003943F00443C0F800390020F0BDA2
:10D550000B690BB1CCF81430DCF80030002043F03C
:10D560000443CCF80030F0BDDCF81060C4F31204C2
:10D57000012A46F40026CCF81060DCF8106044EA7A
:10D580000604CCF81040E3D0D5F8002942F004425C
:10D59000C5F80029AAE700BF0000F8FFFFFF07E079
:10D5A00010B49DF8044064B903339B0809D00132DC
:10D5B00001EB830300EB023051F8042B8B42026035
:10D5C000FAD100205DF8044B704700BF0332920887
:10D5D0000AD000F5805C01EB8200DCF8003041F8F5
:10D5E000043B8842F9D17047084670474A780B7867
:10D5F000012A00EB43100CD0D0F8002B0BB1002A0D
:10D6000014DAD0F8003B43F40013C0F8003B0020CC
:10D610007047D0F80029002A00DB73B9D0F8003930
:10D6200043F40013C0F8003900207047D0F8003BE5
:10D6300023F08043C0F8003BE3E7D0F8003923F043
:10D640008043C0F80039D0F8003943F40013C0F823
:10D650000039E9E74A780B78012A00EB431013D030
:10D66000D0F8003B23F40013C0F8003BCB78023B1A
:10D67000012B01D900207047D0F8003B43F08053C4
:10D68000C0F8003B00207047D0F8003923F40013A5
:10D69000C0F80039CB78023B012BEBD8D0F8003929
:10D6A00043F08053C0F80039002070470346090159
:10D6B0000020D3F8002801F4FE6122F4FE62C3F8D2
:10D6C0000028D3F800281143C3F80018704700BFA2
:10D6D00082B0436901938269019B134001930198D1
:10D6E00002B0704782B0D0F818380193D0F81C28E7
:10D6F000019B134001930198000C02B0704700BFDA
:10D7000082B0D0F818380193D0F81C28019B134040
:10D710000193019880B202B0704700BF00EB411145
:10D7200082B0D1F8083B0193D0F81428019B134034
:10D730000193019802B0704784B0D0F8103801F01E
:10D740000F0C00EB41110293D0F834380393039B84
:10D75000029A23FA0CF3DB01DBB213430293D1F8F4
:10D760000839029A13400193019804B0704700BF32
:10D77000406900F001007047D0F8001900F500631F
:10D780000A4A0A40C0F800299A6802F00602042AF0
:10D7900005D1D0F8002942F00302C0F800295A68E8
:10D7A000002042F480725A60704700BF00F8FFFF0B
:10D7B000144B10B4046C9C421AD800F5306000235E
:10D7C00001290361036943F400230361036943F002
:10D7D00018030361036943F0C043036104D142614C
:10D7E000036843F08023036000205DF8044B70471A
:10D7F000D0F8003B00F53060002BE0DA00205DF847
:10D80000044B70470A30544FD0F8002401F0030352
:10D81000012900F5806C22F00302C0F80024D0F842
:10D82000002443EA0203C0F8003409D0022901D0E1
:10D830000020704741F270730020CCF8043070472C
:10D840004BF680330020CCF804307047D0F8140435
:10D8500080B2704700EB4111002382B001F5A06255
:10D860000193D1F8003513F4802FD1F8003543F03F
:10D870008043C1F8003522D1C36A13F47F0FD1F879
:10D88000003523D123F00043C1F80035D1F800352D
:10D8900043F00043C1F80035D1F8003523F40043CC
:10D8A000C1F8003502E01368002B13DA019B013345
:10D8B000B3F57A7F0193F6D9002002B07047D0F813
:10D8C000103413F47F0FD1F8003506D043F0004335
:10D8D000C1F80035002002B0704723F00043C1F8C2
:10D8E0000035D1F8003543F00043C1F80035D1F8D8
:10D8F000003523F40043C1F8003502E01368002B23
:10D90000E8DA019B0133B3F57A7F0193F6D9002061
:10D9100002B0704730B4002484B04FF48465AA4A42
:10D9200000940146836823F001038360039405613A
:10D9300002E00B69980604D5039B013393420393DD
:10D94000F7D900201023A04A02900B6102E00B6976
:10D95000DB0604D5029B013393420293F7D9D1F839
:10D96000003501F5A06201F5E0600193019B43F0F1
:10D9700080430193019B23F000430193019B23F417
:10D9800000430193019BC1F80035D1F82035019384
:10D99000019B43F080430193019B23F000430193DB
:10D9A000019B23F400430193019BC1F82035D1F87A
:10D9B00040350193019B43F080430193019B23F089
:10D9C00000430193019B23F400430193019BC1F8A1
:10D9D0004035D1F860350193019B43F080430193BA
:10D9E000019B23F000430193019B23F40043019327
:10D9F000019BC1F86035D1F880350193019B43F05C
:10DA000080430193019B23F000430193019B23F486
:10DA100000430193019BC1F88035D1F8A0350193F3
:10DA2000019B43F080430193019B23F0004301934A
:10DA3000019B23F400430193019BC1F8A035D1F869
:10DA4000C0350193019B43F080430193019B23F078
:10DA500000430193019B23F400430193019BC1F810
:10DA6000C035D1F8E0350193019B43F08043019329
:10DA7000019B23F000430193019B23F40043019396
:10DA8000019BC1F8E035D1F800360193019B43F0CA
:10DA900080430193019B23F000430193019B23F4F6
:10DAA00000430193019BC1F80036D1F82036019361
:10DAB000019B43F080430193019B23F000430193BA
:10DAC000019B23F400430193019BC1F82036D1F858
:10DAD00040360193019B43F080430193019B23F067
:10DAE00000430193019B23F400430193019BC1F880
:10DAF0004036D1F860360193019B43F08043019397
:10DB0000019B23F000430193019B23F40043019305
:10DB1000019BC1F86036D1F880360193019B43F038
:10DB200080430193019B23F000430193019B23F465
:10DB300000430193019BC1F88036D1F8A0360193D0
:10DB4000019B43F080430193019B23F00043019329
:10DB5000019B23F400430193019BC1F8A036D1F847
:10DB6000C0360193019B43F080430193019B23F056
:10DB700000430193019B23F400430193019BC1F8EF
:10DB8000C036D1F8E0360193019B43F08043019306
:10DB9000019B23F000430193019B23F40043019375
:10DBA000019BC1F8E03613680193019B43F0804369
:10DBB0000193019B43F000430193019B23F4004335
:10DBC0000193019B136004E0400D03001368002BD8
:10DBD00005DA009B0133B3F57A7F0093F6D9203242
:10DBE0008242E0D14FF0FF330020C1F814344B6182
:10DBF0008B6843F001038B6004B030BC704700BFFA
:10DC000008B5D0F88C321BB11B68984700B908BD25
:10DC1000022008BD08B5D0F88C325B689847002018
:10DC200008BD00BF38B500F520750446284600F051
:10DC30007DFB0122B4F8863294F88012C4E99B235C
:10DC400001F01F03934209D0022B13D063B101F0FE
:10DC500080012046F8F746FC002038BD29462046C2
:10DC600000F092FA002038BD2946204600F00AF95B
:10DC7000002038BD2946204600F0BAFA002038BD01
:10DC800038B5054669B91346D0F86C22032A15D079
:10DC9000052A0C460ED1C5F86C12F8F723FC204675
:10DCA00038BDD0F88C329B6933B190F87422032AC6
:10DCB00002D19847002038BD022038BDD0E9531268
:10DCC00091420CD9891A8A42C0F84C1188BF8AB295
:10DCD000194698BF92B200F055FB002038BDD0F82D
:10DCE0008C321B691BB190F87422032A04D0284699
:10DCF00000F052FB002038BD9847F8E770B50446A5
:10DD000061B9D0F86C32022B15D033F0040337D050
:10DD100094F87832012B2ED0002070BDD0F88C32D0
:10DD20005B6933B190F87422032A02D1984700202E
:10DD300070BD022070BDD0E908630D469E4223D815
:10DD4000C669B6FBF3F203FB12620AB9B34228D9E3
:10DD5000D4F88C32DB681BB194F87422032A30D0DB
:10DD600080212046F8F7BEFB204600F021FB94F806
:10DD70007832012BD0D10023184684F8783270BD58
:10DD80008021F8F7AFFBC3E7F31A114603629AB29A
:10DD900000F0EEFA2B462A4629462046F8F7EEFB1D
:10DDA000B6E7D0F870329E42D2D20A4600F0E0FACE
:10DDB0002B462A4629462046C4F87052F8F7DEFB67
:10DDC000A6E720469847CBE770B5002240260446D8
:10DDD000012511463346F8F773FB334680210022B4
:10DDE0002046C4F84451C4F85061F8F769FB00219B
:10DDF000D4F89032A561666284F87452C4F86C124B
:10DE00006160C4F87C1223B1D4F88C3220465B6880
:10DE10009847002070BD00BF03460020197470476A
:10DE200003460421002093F8742283F8741283F8C7
:10DE3000752270470346002093F8752283F87422F8
:10DE4000704700BF90F87422032A01D00020704769
:10DE500008B5D0F88C32DB6903B19847002008BDC3
:10DE6000002070470020704700207047D0F88C22B7
:10DE7000012108B580F87412017953689847002091
:10DE800008BD00BF30B50B7883B00D46044603F0E3
:10DE90006003202B0DD0402B0BD09BB1802120465E
:10DEA000F8F720FB00212046F8F71CFB002003B008
:10DEB00030BDD4F88C32294620469B689847002014
:10DEC00003B030BD4B78092BE8D801A252F823F0FB
:10DED0002BDF000857DF00089DDE000875DF000813
:10DEE0009DDE00087DDF0008B5DF00089DDE00082C
:10DEF000E5DF0008F9DE00088978A24D01292970C4
:10DF0000CCD890F87432022B00F01281032B00F071
:10DF100000818021F8F7E6FA00212046F8F7E2FABE
:10DF200029782046FFF776FEC0E790F87432013B6F
:10DF3000022BB3D8CB88022BB0D10122D0F87C328F
:10DF4000C2600BB10323C360022204F10C0120461E
:10DF500000F000FAAAE790F87432013B022B9DD83A
:10DF60004B88012BA2D100232046C4F87C3200F05C
:10DF700013FA9BE74B88012B98D1F5E78B88002B90
:10DF80008CD1CB88002B89D14D887F2D86D890F8F5
:10DF90007432032B82D0E9B280F87612F8F7D2FA05
:10DFA000204600F0F9F9002D00F0E080022384F80B
:10DFB00074327BE74A88130A013B062B3FF66EAFAB
:10DFC00001A151F823F000BF79E0000861E00008EA
:10DFD0004FE000089DDE00089DDE000839E00008E3
:10DFE0000BE00008CA88012A7FF458AF90F8743219
:10DFF000022B00F28780002B3FF450AF0146002334
:10E0000041F8083F00F0A6F950E7037C002B7FF4AD
:10E0100045AFD0F88C320DF106001B6B98470723F3
:10E020004370BDF80620002A67D0EB88002B5BD137
:10E03000204600F0B1F939E7037C002B7FF42EAFC6
:10E04000D0F88C320DF106005B6B9847E9E7D1B24E
:10E05000052900F28F80DFE801F0271F17372F3FD7
:10E06000037C002B72D1D0F88C320DF106009B6A34
:10E07000984702234370D4E7D0F888320DF10601A7
:10E08000007C1B689847CCE7D0F888320DF1060178
:10E09000007CDB689847C4E7D0F888320DF10601B0
:10E0A000007C9B689847BCE7D0F888320DF10601E8
:10E0B000007C5B689847B4E7D0F888320DF1060120
:10E0C000007C5B699847ACE7D0F888320DF1060117
:10E0D000007C1B699847A4E7D0F888320DF106014F
:10E0E000007C9B6998479CE79A420146204628BFDE
:10E0F0001A46ADF8062000F02DF9EB88002B7FF4CE
:10E10000D5AE95E7032B7FF4C9AE011D00F022F9CF
:10E11000CCE621B3416801298AD0C9B2FFF77AFD64
:10E12000297820466160FFF76BFD022880D1B5E6B3
:10E1300000293FF47DAF01210323416080F8743250
:10E14000FFF75EFD02287FF473AFA7E6D0F88C32AC
:10E150000DF10600DB6A98470223437061E7022352
:10E16000416080F87432FFF755FD61E7012384F8C0
:10E1700074329BE6D0F88C320DF106029B6B984707
:10E180004FE700BF1892052438B50B780D460446BA
:10E1900003F06002402A0AD05B0608D58021F8F718
:10E1A000A1F900212046F8F79DF9002038BD94F828
:10E1B0007432013B022B11D82B79012B0ED8D4F8E5
:10E1C0008C32294620469B689847EB88002BECD17F
:10E1D0000028EAD1204600F0DFF8E6E7802120465B
:10E1E000F8F780F900212046F8F77CF9002038BDC7
:10E1F00038B50B78044603F06003202B0CD0402B7D
:10E200000AD083B180212046F8F76CF9002120461E
:10E21000F8F768F9002038BDD4F88C3220469B68A6
:10E220009847002038BD4B788A88012B5FFA82FC22
:10E2300037D0032B23D0002BE4D190F87432022B7B
:10E240004AD0032BDED10CF00F03120603EB83033D
:10E2500000EB830351D4D3F84431002BD2D00CF01F
:10E260007F03142505FB030505F5A075002B4FD191
:10E270002B6002222946204600F06CF8CAE790F88D
:10E280007432022B1DD0032BBCD14B882BB91CF050
:10E290007F0F02D0CB88002B43D0204600F07CF8C3
:10E2A000B8E790F87432022B0BD0032BAAD14B881D
:10E2B000002BAFD11CF07F0FEFD06146F8F720F9AB
:10E2C000EBE71CF07F0F9DD06146F8F70BF980213A
:10E2D0002046F8F707F99DE71CF07F0F92D1110651
:10E2E0004FF000034FF002024CBF00F1140100F5A3
:10E2F000A0710B6000F02EF88CE79B69002B81D099
:10E300000CF07F035D1C05EB850500EB8505ADE793
:10E3100061462046F8F702F908B10123A8E7286012
:10E32000A7E76146F8F7DEF8B7E700BF0B780370A0
:10E330004B784370CA788B7803EB022343804A7989
:10E340000B7903EB02238380CA798B7903EB0223D9
:10E35000C380704710B5134602240A460021C0F856
:10E360006C42C0E90733F8F7FBF8002010BD00BF8E
:10E370008C46002108B513466246F8F7F1F80020F4
:10E3800008BD00BF8C46002108B513466246F8F769
:10E39000F5F8002008BD00BF08B504210023C0F82F
:10E3A0006C121A461946F8F7DBF8002008BD00BFCA
:10E3B00008B505210023C0F86C121A461946F8F773
:10E3C000DDF8002008BD00BFD0F8C4230132C0F83A
:10E3D000C42302780B2A00D07047D0F87C33002B7E
:10E3E000FAD09B69184700BF012380F82333704798
:10E3F000002380F823337047034600220121104692
:10E4000083F8201383F8212383F82223704700BF69
:10E4100038B501230025044680F8213380F82353C2
:10E4200080F82053F8F7CEF82179204600F006F85E
:10E430006179204600F002F8284638BD0A2907D83D
:10E4400000EB8100D0F88433C3F30E03C0F88433AB
:10E45000002070470C4A82B00C4BD2F8DC1041F01F
:10E460004001C2F8DC10D2F8DC2002F04002019238
:10E47000019A1A6822F020021A601A6842F0040217
:10E480001A6002B0704700BF0044025800180248EA
:10E4900070B5002304464FF4806204214FF44035E8
:10E4A0003448C4F83821C4F8D410C4F83431C4F85E
:10E4B0004C113149C4F8B000C4F82811C4E92F3216
:10E4C000C4E93133C4E93335C4E93733C4E94F33E0
:10E4D000C4E95135C4E95533A2680323C4F8D830E0
:10E4E000C4F85031042A0AD8DFE802F01F262D3480
:10E4F000030055225623C4F8B420C4F82C3100225E
:10E50000402304F1B005C4F8B8202846C4F83031DF
:10E51000F9F744F908B1FFBEFEE704F594763046FA
:10E52000F9F73CF9E8B1FFBEFEE725222623C4F83F
:10E53000B420C4F82C31E2E727222823C4F8B42001
:10E54000C4F82C31DBE73D223E23C4F8B420C4F8E4
:10E550002C31D4E753225423C4F8B420C4F82C310E
:10E56000CDE704F12803C4E92865C4F8E830C4F80D
:10E57000603170BD40040240580402402DE9F04F64
:10E58000814683B00E4617461D4600F128042046FA
:10E5900002F006FD01288246F9D14846FFF778FFD0
:10E5A0008046002835D1EFF31083019372B6DFF86F
:10E5B00088B00C9B99F90820DFF880A0DFF88090E4
:10E5C000CBF800300D9B89F80020CAF800300DB15F
:10E5D0001846A847BAB23146204602F057F830B97B
:10E5E000019B03B962B6404603B0BDE8F08F00233B
:10E5F000CBF80030CAF80030FF2389F800300C9BBC
:10E600008BB101210D9888469847019B002BEAD1D8
:10E61000E8E70C9B53B1D0460D98514698474046C9
:10E6200003B0BDE8F08F4FF00108D9E7D04640466F
:10E6300003B0BDE8F08F00BF3C9C0524449C05243A
:10E64000409C05242DE9F04F814683B00E461746C5
:10E650001D4600F12804204602F0A2FC0128824653
:10E66000F9D14846FFF714FF8046002835D1EFF373
:10E670001083019372B6DFF888B00C9B99F90820DB
:10E68000DFF880A0DFF88090CBF800300D9B89F890
:10E690000020CAF800300DB11846A847BAB231467A
:10E6A000204602F0B7F930B9019B03B962B6404683
:10E6B00003B0BDE8F08F0023CBF80030CAF800307B
:10E6C000FF2389F800300C9B8BB101210D988846FF
:10E6D0009847019B002BEAD1E8E70C9B53B1D04649
:10E6E0000D9851469847404603B0BDE8F08F4FF073
:10E6F0000108D9E7D046404603B0BDE8F08F00BF1F
:10E700003C9C0524449C0524409C05242DE9F04FA5
:10E71000814683B00F461646984600F128042046ED
:10E7200002F03EFC0128FAD182464846FFF7B0FECF
:10E730000546002838D1EFF31083019372B699F99A
:10E740000830DFF88890DFF888B089F800300D9B3A
:10E75000DFF880A0CBF800300E9BCAF800300C9B8D
:10E760000BB10E9898471FFA88F33A463146204677
:10E7700002F044F830B9019B03B962B6284603B0F1
:10E78000BDE8F08F0023CBF80030CAF80030FF233B
:10E7900089F800300D9B8BB101210E980D469847EA
:10E7A000019B002BEAD1E8E70D9B4BB155460E9833
:10E7B00051469847284603B0BDE8F08F0125DAE7B7
:10E7C0005546284603B0BDE8F08F00BF409C0524A5
:10E7D0003C9C0524449C05242DE9F043002387B08C
:10E7E0000222044605690493CDE90223D0E902120E
:10E7F0008E00FAB1022D7AD02178B5FA85F54FF066
:10E800000108276A0B294FEA551521D1A2780B2A56
:10E8100002D0B8F1000F38D123790B2B01D0002D95
:10E820006CD1A37917B10B2B40F09980002007B071
:10E83000BDE8F08335F002032178276A0CBF4FF062
:10E8400001084FF00008023D18BF01250B29DDD05B
:10E850007D4B94F801C053F8262010780B2802D085
:10E86000884200F0AD80D378D01C994202D10B2BA6
:10E8700040F0BD809379901D8B4202D10B2B40F06C
:10E88000BC80012007B0BDE8F083711C6E4BE078BE
:10E8900053F8213019780B2902D08A4200F0B58054
:10E8A000D97803F1030C0B2902D08A4200F0BB8017
:10E8B000997903F1060C0B29E3D08A42E1D1DB7987
:10E8C0008342DED1634604F102099B7848460593F2
:10E8D000F7F786FE80464846F7F78AFE01A90190C1
:10E8E0004046F9F725FE23790B2B98D199E701785B
:10E8F000076A0B2940F0868001258DE7B11C524A3A
:10E90000607952F8212011780B2902D08B4200F057
:10E910008180D178D51C0B2902D08B4200F08D80EC
:10E920009179951D8B42ACD10B29AAD0D379834222
:10E93000A7D12A46251D937828460593F7F750FE60
:10E94000034628461D46F7F753FE01A901902846C5
:10E95000F9F7EEFDA379002F7FF465AF66E7F11CB0
:10E96000394AE07952F8212011780B2901D08B42E5
:10E970005FD0D178D51C0B2901D08B424FD0917933
:10E98000951D8B427FF47DAF0B293FF47AAFD3798D
:10E9900083427FF476AF2A46A51D937828460593D7
:10E9A000F7F71EFE04462846F7F722FE034601A9A4
:10E9B00020460193F9F7BCFD002007B0BDE8F083C5
:10E9C000537863457FF44FAF937820460593F7F76C
:10E9D00007FE81462046F7F70BFE01A90190484645
:10E9E000F9F7A6FDA2780B2A7FF413AF14E7137989
:10E9F00063457FF43FAF0246E6E7D37963457FF492
:10EA000040AFF8E79846012522E7597881427FF424
:10EA100047AF58E7517881427FF47BAF8AE711799D
:10EA20008142ACD1B7E7197981427FF441AF6346A7
:10EA300049E7517881429CD1AEE7117981427FF458
:10EA40006FAF2A4676E700BF9C620108654A0368FB
:10EA5000934200F0B980A2F57842934200F0B6806C
:10EA600002F58062934200F0B38002F5784293424F
:10EA700000F0B08002F5E052934200F0AD805A4AB7
:10EA8000934240F0AB8005234FF4D071574A01FB0D
:10EA900003F310B5D418D05C86B0F7F7B1FDA078B9
:10EAA000F7F7AEFD2079F7F7ABFDA079F7F7A8FDF2
:10EAB000A368052B11D8DFE803F0192F455B71031C
:10EAC0004B4BD3F8F42042F02002C3F8F420D3F8E3
:10EAD000F43003F020030593059B2046FFF77CFEEE
:10EAE000012801D006B010BDFFBEFEE7404B00225A
:10EAF0002320D3F8F01041F48051C3F8F0101146F0
:10EB0000D3F8F03003F480530093009BF8F794FCA3
:10EB10002320F8F7CFFCE0E7354B00222420D3F880
:10EB2000E81041F48041C3F8E8101146D3F8E8300A
:10EB300003F480430193019BF8F77EFC2420F8F74F
:10EB4000B9FCCAE72A4B00223320D3F8E81041F47D
:10EB50000041C3F8E8101146D3F8E83003F400434D
:10EB60000293029BF8F768FC3320F8F7A3FCB4E7A4
:10EB70001F4B00225420D3F8F01041F40051C3F889
:10EB8000F0101146D3F8F03003F400530393039BC5
:10EB9000F8F752FC5420F8F78DFC9EE7144B002246
:10EBA0005520D3F8F01041F48011C3F8F01011464D
:10EBB000D3F8F03003F480130493049BF8F73CFC83
:10EBC0005520F8F777FC88E700235DE701235BE732
:10EBD000022359E7032357E7042355E700231B7853
:10EBE000FFDE00BF00300140001400581C920524D5
:10EBF000004402582DE9F043002289B01B4B01214B
:10EC00000DF1040C9E461A4B0791E146E04667461B
:10EC10000EF11C060EF138050EF15404CDE9012267
:10EC2000CDE90322CDE90522FF221A70BCE80F00CE
:10EC3000AEE80F009CE807008EE80700B9E80F0077
:10EC40000FC69CE8070086E80700B8E80F000FC56C
:10EC50009CE8070085E807000FCF0FC49CE8070079
:10EC600084E8070009B0BDE8F08300BF5C01002420
:10EC7000409C0524014802F067B800BF4492052477
:10EC8000014802F061B800BFE4930524014802F096
:10EC90005BB800BF84950524014802F055B800BF59
:10ECA00024970524014802F04FB800BFC4980524FA
:10ECB00010B5EFF3108472B6084B1A78120602D51D
:10ECC00004B962B610BD1B784FF4D07204485BB231
:10ECD00002FB0300B030F9F7D9F8F1E7409C0524B6
:10ECE0001C92052410B5EFF3108472B6094B1A7804
:10ECF000120602D504B962B610BD1B784FF4D0726B
:10ED000005485BB202FB030000F59470F9F7BEF80A
:10ED1000F0E700BF409C05241C9205242DE9F0413A
:10ED200084B0EFF3108772B6284AFF21284C13688D
:10ED3000217023B100211160264A1068984723787A
:10ED40001B061CD5DFF894800025234E444621681D
:10ED500079B162686AB1A369012B22D0A3B9636952
:10ED60003046019323690093E3682289FFF76AFC28
:10ED700018B301351C3406F5D076042DE7D107B958
:10ED800062B604B0BDE8F081D4E90430CDE90130C9
:10ED9000E068238900903046FFF7B8FC0028E8D1EE
:10EDA0000BE0D4E904301146CDE900303046E36889
:10EDB0002289FFF7E3FB0028DBD1C5EBC50508EB93
:10EDC000850348F825005860D9E700BF3C9C05241E
:10EDD000409C0524449C05241C9205245C010024CD
:10EDE0002DE9F04184B0EFF3108772B6284AFF2175
:10EDF000284C1368217023B100211160264A106845
:10EE0000984723781B061CD5DFF894800025234EF5
:10EE10004446216879B162686AB1A369012B22D0A6
:10EE2000A3B963693046019323690093E36822899B
:10EE3000FFF708FC18B301351C3406F5D076042D15
:10EE4000E7D107B962B604B0BDE8F081D4E9043077
:10EE5000CDE90130E068238900903046FFF756FC89
:10EE60000028E8D10BE0D4E904301146CDE90030A8
:10EE70003046E3682289FFF781FB0028DBD1C5EB30
:10EE8000C50508EB850348F825005860D9E700BFA1
:10EE90003C9C0524409C0524449C05241C9205248C
:10EEA0005C0100242DE9F04184B0EFF3108772B6C5
:10EEB000284AFF21284C1368217023B100211160DA
:10EEC000264A1068984723781B061CD5DFF89480E3
:10EED0000025234E4446216879B162686AB1A3696E
:10EEE000012B22D0A3B963693046019323690093B3
:10EEF000E3682289FFF7A6FB18B301351C3406F539
:10EF0000D076042DE7D107B962B604B0BDE8F08130
:10EF1000D4E90430CDE90130E0682389009030461F
:10EF2000FFF7F4FB0028E8D10BE0D4E904301146E8
:10EF3000CDE900303046E3682289FFF71FFB002847
:10EF4000DBD1C5EBC50508EB850348F82500586003
:10EF5000D9E700BF3C9C0524409C0524449C052423
:10EF60001C9205245C0100242DE9F04184B0EFF3EC
:10EF7000108772B601F0DCFA284A294CFF21136889
:10EF800021702BB1002111600121264A1068984799
:10EF900023781B061CD5DFF894800025224E4446BA
:10EFA000216879B162686AB1A369012B22D0A3B943
:10EFB00063693046019323690093E3682289FFF770
:10EFC00041FB18B301351C3406F5D076042DE7D18A
:10EFD00007B962B604B0BDE8F081D4E90430CDE9E8
:10EFE0000130E068238900903046FFF78FFB00284E
:10EFF000E8D10BE0D4E904301146CDE900303046C9
:10F00000E3682289FFF7BAFA0028DBD1C5EBC50512
:10F0100008EB850348F825005860D9E73C9C052497
:10F02000409C0524449C05241C9205245C0100247A
:10F0300030B4544B002108220220534CD96158624D
:10F04000C3F8BC11C3F8C401C3F85C13C3F864036C
:10F05000C3F8F424C3F8F814C3F8FC14C3F8040587
:10F06000C3F89426C3F89816C3F89C16C3F8A406F0
:10F07000C3F83428C3F83818C3F83C18C3F8440858
:10F08000424D4348C3E90521C3E96D21C3E9D521B8
:10F090002288A3783F49EA80CA800B723E492B72CE
:10F0A000CA800B722168A0F803204371C2800372EA
:10F0B0003A4C3B48E2802372A0F80320394C43715C
:10F0C000C28003723848E2802372A0F80320374CD4
:10F0D0004371C2800372080C2180A070A4F8032041
:10F0E0006371E2802372324C324D2180A070A4F80B
:10F0F00003206371E28023722F4CEA8021802B72FF
:10F10000A070A4F803206371E28023722B4C21804D
:10F11000A070A4F803206371E2802372284C218040
:10F12000A070A4F803206371E2802372254C218033
:10F13000A070A4F803206371E2802372224C218026
:10F14000A070A4F803206371E28023721F4C218019
:10F150001F49A070A4F803201E486371E280237247
:10F16000A1F803201C4C4B71CA800B721B49E28032
:10F170002372C2800372A1F803204B71CA800B7204
:10F1800030BC70471C92052498620108E4000024FA
:10F1900008010024D80000249C000024F000002472
:10F1A0002C01002414010024B40000240C9C05242C
:10F1B000F49B052420010024009C0524DC9B0524ED
:10F1C000309C0524189C0524249C0524E89B0524D8
:10F1D000500100244401002438010024C000002410
:10F1E000714A036811698B4200B587B04BD0916EAC
:10F1F0008B4200F0B680D2F8C0108B4200F0B38092
:10F20000D2F818118B4200F0B080B3F1804F1ED0BD
:10F21000664A93420DD0664A934200F0A880654A40
:10F22000934200F0B280644A93421ED007B05DF86A
:10F2300004FB624BD3F8E82042F00202C3F8E82056
:10F24000D3F8E83003F002030293029BEEE75B4B36
:10F25000D3F8E82042F00102C3F8E820D3F8E83000
:10F2600003F001030193019BE0E7544BD3F8E8203E
:10F2700042F01002C3F8E820D3F8E83003F010039E
:10F280000593059BD2E700205821B3F1804F01FB85
:10F290000022127B1ED045498B4235D044498B4217
:10F2A00048D044498B42BED1444BD3F8E81041F0DA
:10F2B0000801C3F8E810D3F8E83003F0080304931A
:10F2C000049B002AB2D0322000220F21F8F7B4F8B4
:10F2D000322014E0394BD3F8E81041F00101C3F8B3
:10F2E000E810D3F8E83003F001030193019B002AF2
:10F2F0009CD01C2000220F21F8F79EF81C2007B09C
:10F300005DF804EBF8F7D6B82C4BD3F8E81041F0D1
:10F310000201C3F8E810D3F8E83003F002030293C7
:10F32000029B002A82D01D2000220F21F8F784F8CA
:10F330001D20E4E7214BD3F8E81041F00401C3F8A5
:10F34000E810D3F8E83003F004030393039B002A8A
:10F350003FF46CAF1E2000220F21F8F76DF81E203D
:10F36000CDE7012090E702208EE703208CE7134BC6
:10F37000D3F8E82042F00402C3F8E820D3F8E830DC
:10F3800003F004030393039B50E70C4BD3F8E820EE
:10F3900042F00802C3F8E820D3F8E83003F008038D
:10F3A0000493049B42E700BF489C052400040040EE
:10F3B00000080040000C00400010004000440258CB
:10F3C0000F4B026819698A420BD0996E8A4211D09C
:10F3D000D3F8C0108A420FD0D3F818118A420DD04A
:10F3E00070470021582202FB01331A6D002AF7D022
:10F3F000586D10470121F5E70221F3E70321F1E7FA
:10F40000489C0524014801F065BF00BF589C0524B5
:10F41000014801F05FBF00BFB09C0524014801F026
:10F4200059BF00BF089D0524014801F053BF00BF2C
:10F43000609D0524F0B54FF0580C0F682E4D8DB02F
:10F440000CFB07FC032F05EB0C06066047DC0B46A4
:10F450000868344649689A6807C41B7B237004AC6B
:10F460007268264B002A4FF00002726118BF10220A
:10F47000B2610FCB84E80F000CAB03EB870353F8AA
:10F48000203CB3F1804F336124D01D4A934221D0F8
:10F4900030890CF1100458230021802203FB07530C
:10F4A0002C44C3E907019A62204601F07DFD034622
:10F4B00000B1FEE74FF4805208A92046099301935A
:10F4C0000892CDE90A33CDE9023301F03DFE03464F
:10F4D00040B1FEE7582303FB07539868D9E70120A2
:10F4E0000DB0F0BD01A920460193039301F0AAFFDE
:10F4F0000028F5D0FEE700BF489C0524884001089D
:10F50000000C0040006808B5037B10302BB101F0FF
:10F5100005FE003818BF012008BD01F0E5FD0038E8
:10F5200018BF012008BD00BF0C4B00224FF0FF3177
:10F530001A739960196683F86420C3F8B81083F8C9
:10F54000BC20C3F8101183F81421C3E90022C3E9D9
:10F550001622C3E92C22C3E942227047489C0524A5
:10F560001F4BC1680268F0B5D3F88C5083B00369B3
:10F57000ADB24D1BA2B1AB4212D00446866811D287
:10F58000F018E91ACDE9001000F04AFF0023DDE988
:10F590000010D4E90062B047E3682561AB421BD09C
:10F5A00003B0F0BDF018C91ACDE9000100F038FF32
:10F5B0000023DDE90001D4E90072B847304629464E
:10F5C00000F02EFF00233046626829462668B047C7
:10F5D000E3682561AB42E3D10023236103B0F0BDB2
:10F5E000000002402DE9F84F04460F4690461E46A3
:10F5F00000F13405284602F073F92028FAD14FF4BF
:10F6000080630020C4F8D030C4F848314FF4403350
:10F61000C4F8CC00C4F8E030C4F858314E4BC4F8FC
:10F62000DC00C4F8C03003F57A73C4F8E400C4F811
:10F6300038314023C4F8C800C4F84031E369C4F845
:10F640004401C4F85401C4F85C01C4E93500C4E9BC
:10F650005300072B0BD8DFE803F061535A373E45C0
:10F660004C045123C4F8C4305223C4F83C3104F58F
:10F670009C794846F8F792F808B1FFBEFEE7C4F857
:10F68000A890C4F87051EFF3108972B6DFF8D0B0CB
:10F6900094F91C30DFF8CCA08BF800300A9B2F4C7B
:10F6A000CAF800300B9B23600EB11846B0471FFA12
:10F6B00088F23946284601F0FDFEB0BBB9F1000FD3
:10F6C00000D162B6BDE8F88F3F23C4F8C4304023B0
:10F6D000C4F83C31CBE74123C4F8C4304223C4F81A
:10F6E0003C31C4E74723C4F8C4304823C4F83C3154
:10F6F000BDE74F23C4F8C4305023C4F83C31B6E70B
:10F700002B23C4F8C4302C23C4F83C31AFE72D239D
:10F71000C4F8C4302E23C4F83C31A8E72923C4F828
:10F72000C4302A23C4F83C31A1E7FF238BF8003012
:10F730000023CAF8003023600A9B3BB10B980121DB
:10F7400098470120B9F1000FBCD1BAE70120B9F107
:10F75000000FB7D1B5E700BF88000240E0AC052438
:10F76000DCAC0524D8AC05242DE9F84F04460F463F
:10F7700090461E4600F13405284602F0B1F82028D4
:10F78000FAD14FF480630020C4F8D030C4F8483177
:10F790004FF44033C4F8CC00C4F8E030C4F858311A
:10F7A0004E4BC4F8DC00C4F8C03003F57A73C4F8DB
:10F7B000E400C4F838314023C4F8C800C4F840312C
:10F7C000E369C4F84401C4F85401C4F85C01C4E915
:10F7D0003500C4E95300072B0BD8DFE803F0615371
:10F7E0005A373E454C045123C4F8C4305223C4F860
:10F7F0003C3104F1C0094846F7F7D0FF08B1FFBE1D
:10F80000FEE7C4F8AC90C4F8F850EFF3108972B674
:10F81000DFF8D0B094F91C30DFF8CCA08BF80030C2
:10F820000A9B2F4CCAF800300B9B23600EB1184680
:10F83000B0471FFA88F23946284601F08DFEB0BB6A
:10F84000B9F1000F00D162B6BDE8F88F3F23C4F8CC
:10F85000C4304023C4F83C31CBE74123C4F8C43062
:10F860004223C4F83C31C4E74723C4F8C4304823DA
:10F87000C4F83C31BDE74F23C4F8C4305023C4F86A
:10F880003C31B6E72B23C4F8C4302C23C4F83C31F8
:10F89000AFE72D23C4F8C4302E23C4F83C31A8E7C9
:10F8A0002923C4F8C4302A23C4F83C31A1E7FF233C
:10F8B0008BF800300023CAF8003023600A9B3BB16C
:10F8C0000B98012198470120B9F1000FBCD1BAE78C
:10F8D0000120B9F1000FB7D1B5E700BF88000240A1
:10F8E000E0AC0524DCAC0524D8AC05242DE9F041BE
:10F8F0000D4682B0EFF3108772B6002948D1FF237E
:10F90000254A264C237013682BB10020294610602D
:10F91000234A1068984723781B0625D5DFF888808E
:10F920000025204E444605E001351C3406F5D87606
:10F93000092D19D0A369012B1BD0002BF4D121680C
:10F9400030460029F0D06369019323690093E3688E
:10F950002289FFF709FF0028E6D1C5EBC50508EBB2
:10F96000850348F82500586007B962B602B0BDE8C3
:10F97000F08161680029D7D063693046019323691B
:10F980000093E3682289FFF72DFE0028CCD1E4E73D
:10F9900003F0A2FAB3E700BFD8AC0524DCAC052421
:10F9A000E0AC0524A89D0524CC010024F0B500237B
:10F9B00087B0022204460493CDE90223027EC36984
:10F9C0000B2A4FEA430523D1A27E0B2A02D1002045
:10F9D00007B0F0BD48496B1C484851F823304578C2
:10F9E00001781878E67E884269D0824277D0D8784C
:10F9F00003F1030C81426ED0824278D0987903F1F2
:10FA0000060C88426FD0824233D0012007B0F0BD8F
:10FA1000394B3A4853F8253001784678187894F8ED
:10FA200019C081423DD0824241D0D87803F1030E03
:10FA3000814240D082424AD0987903F1060E884232
:10FA400041D08242E1D1DB796345DED1734604F1D6
:10FA500018069B7830460593F6F7C2FD03463046FC
:10FA60001E46F6F7C5FD01A901903046F8F760FD86
:10FA7000AAE7DB79B342C8D163461A349B782046A3
:10FA80000593F6F7ADFD034620461C46F6F7B0FD9C
:10FA9000034601A920460193F8F74AFD002007B06C
:10FAA000F0BD93F801E0B645BFD08242BDD1587891
:10FAB0006045BAD1CBE71F79B742BBD1BCE75F78CD
:10FAC000AF4292D193E7D979B142BAD19DE7187983
:10FAD0006045B1D1BAE71F79AF428DD18EE7587832
:10FAE000B04284D1C9E7D979A9428CD18DE7187980
:10FAF000B04283D1C0E700BFE4020024E00200244A
:10FB00007E4A03689342F0B58FB000F0E380A2F51F
:10FB10004C42934200F0E08002F58062934200F094
:10FB2000DD8002F58062934200F0DA8002F58062A7
:10FB3000934200F0D98002F54442934200F0D28013
:10FB4000A2F51C42934200F0D18002F580629342FC
:10FB500000F0CE806A4A934240F0CC800826694D7E
:10FB60004FF4D87404FB0654A07EF6F749FD207EBE
:10FB7000F6F746FDE369082B13D8DFE803F03B49AD
:10FB8000576573818F9D05005F4BD3F8F42042F0D9
:10FB90000802C3F8F420D3F8F43003F00803089304
:10FBA000089B2046FFF702FF012801D1FFBEFEE7B8
:10FBB0004FF4D8740EAA554F0DF1240C04FB0654D3
:10FBC000E36902EB43050FCFACE80F003B6800226E
:10FBD000ACF80030114635F9140CF7F72DFCE36949
:10FBE0000EAA02EB430333F9140C0FB0BDE8F0404A
:10FBF000F7F760BC444BD3F8F02042F01002C3F892
:10FC0000F020D3F8F03003F010030093009BC8E716
:10FC10003D4BD3F8E82042F40032C3F8E820D3F893
:10FC2000E83003F400330193019BBAE7364BD3F875
:10FC3000E82042F48022C3F8E820D3F8E83003F447
:10FC400080230293029BACE72F4BD3F8E82042F4C9
:10FC50000022C3F8E820D3F8E83003F4002303932C
:10FC6000039B9EE7284BD3F8E82042F48012C3F8A8
:10FC7000E820D3F8E83003F480130493049B90E762
:10FC8000214BD3F8F02042F02002C3F8F020D3F843
:10FC9000F03003F020030593059B82E71A4BD3F85D
:10FCA000E82042F08042C3F8E820D3F8E83003F0BF
:10FCB00080430693069B74E7134BD3F8E82042F089
:10FCC0000042C3F8E820D3F8E83003F0004307937C
:10FCD000079B66E7002642E7012640E702263EE74B
:10FCE00003263CE705263AE7042638E7062636E7EA
:10FCF000072634E700239B7EFFDE00BF0010014093
:10FD0000000C0058A89D05240044025898400108A2
:10FD10002DE9F04F91B0002301223F490DF1240A53
:10FD200009938B4601F11C09CAF8143001F1380817
:10FD3000CDF800A001F15407CDF804A001F1700640
:10FD4000CDF808A001F18C05CDF80CA001F1A804B4
:10FD5000CDF810A001F1C40ECDF814A001F1E00C13
:10FD6000CAE90133CAE903330F92FF222B4BCDE9D5
:10FD700006AA1A70BAE80F00ABE80F009AE807006D
:10FD8000009B8BE807009B46BBE80F00A9E80F002B
:10FD90009AE80700019B89E807009946B9E80F0037
:10FDA000A8E80F009AE80700029B88E80700984639
:10FDB000B8E80F000FC79AE80700039B87E8070021
:10FDC0001F460FCF0FC69AE80700049B86E807007E
:10FDD0001E460FCE0FC59AE80700059B85E8070071
:10FDE0001D460FCD0FC49AE80700069B84E8070064
:10FDF0001C460FCCAEE80F00079B9AE807001C4694
:10FE00008EE807000FCCACE80F009AE807008CE8FA
:10FE1000070011B0BDE8F08FCC010024DCAC052454
:10FE200010B5094C04F1340001F068FC237D1BB1CE
:10FE3000636BDB69DB0600D410BD2046FFF790FB47
:10FE4000636B10221A6210BDA89D052410B50B4CDF
:10FE500004F5F27001F052FC94F8C43123B1D4F8E7
:10FE6000E431DB69DB0600D410BD04F5D870FFF780
:10FE700077FBD4F8E43110221A6210BDA89D052446
:10FE800010B50B4C04F5657001F038FC94F8743330
:10FE900023B1D4F89433DB69DB0600D410BD04F53C
:10FEA0005870FFF75DFBD4F8943310221A6210BD2E
:10FEB000A89D052410B50B4C04F2445001F01EFC23
:10FEC00094F8243523B1D4F84435DB69DB0600D43B
:10FED00010BD04F5A260FFF743FBD4F844351022AF
:10FEE0001A6210BDA89D052410B50B4C04F2F460F5
:10FEF00001F004FC94F8D43623B1D4F8F436DB696D
:10FF0000DB0600D410BD04F5D860FFF729FBD4F858
:10FF1000F43610221A6210BDA89D052410B50B4CB2
:10FF200004F6A40001F0EAFB94F8843823B1D4F875
:10FF3000A438DB69DB0600D410BD04F50760FFF7C9
:10FF40000FFBD4F8A43810221A6210BDA89D052416
:10FF500010B50B4C04F6542001F0D0FB94F8343A61
:10FF600023B1D4F8543ADB69DB0600D410BD04F5A4
:10FF70002260FFF7F5FAD4F8543A10221A6210BD45
:10FF8000A89D052410B50B4C04F6044001F0B6FB07
:10FF900094F8E43B23B1D4F8043CDB69DB0600D4DD
:10FFA00010BD04F53D60FFF7DBFAD4F8043C1022E5
:10FFB0001A6210BDA89D052410B50B4C04F6B45070
:10FFC00001F09CFB94F8943D23B1D4F8B43DDB6977
:10FFD000DB0600D410BD04F55860FFF7C1FAD4F871
:10FFE000B43D10221A6210BDA89D052410B5EFF390
:10FFF000108472B6084B1A78120602D504B962B69C
:020000040801F1
:1000000010BD1B784FF4D87204485BB202FB0300AA
:10001000C030F7F73BFFF1E7DCAC0524A89D0524D1
:1000200010B5EFF3108472B6094B1A78120602D598
:1000300004B962B610BD1B784FF4D87205485BB2A4
:1000400002FB030000F59C70F7F720FFF0E700BF0C
:10005000DCAC0524A89D05240021FFF747BC00BFA8
:10006000214A036893422BD0A2F54C42934229D0F7
:1000700002F58062934227D002F58062934225D038
:1000800002F58062934223D002F54442934221D08C
:10009000A2F51C4293421FD002F5806293421DD00C
:1000A000124A93421CD108224FF4D871104B01FB25
:1000B0000233197D11B11846FFF752BAFFF716BC8B
:1000C0000022F1E70122EFE70222EDE70322EBE74E
:1000D0000422E9E70522E7E70622E5E70722E3E74E
:1000E00000231B7DFFDE00BF00100140000C005804
:1000F000A89D0524204A0368934229D0A2F54C42CA
:10010000934227D002F58062934225D002F58062A7
:10011000934223D002F58062934221D002F54442FB
:1001200093421FD0A2F51C4293421DD002F580627B
:1001300093421BD0114A93421AD1082310484FF41E
:10014000D87202FB0300037D03B97047FFF708BABA
:100150000023F3E70123F1E70223EFE70323EDE7B1
:100160000423EBE70523E9E70623E7E70723E5E7B1
:1001700000231B7DFFDE00BF00100140000C005873
:10018000A89D05240121FFF7B1BB00BF534B0122FD
:10019000002047F6122130B4C3E97420C3E9772167
:1001A000C3E9E020C3E9E3211A62DA625862196305
:1001B000C3F83025C3F83405C3F83C25C3F840150F
:1001C000C3F8E026C3F8E406C3F8EC26C3F8F0163B
:1001D000C3F89028C3F89408C3F89C28C3F8A01863
:1001E000C3F8402AC3F8440AC3F84C2AC3F8501A8B
:1001F000C3F8F02BC3F8F40BC3F8FC2BC3F8001CB6
:10020000C3F8A40D3648C3F8A02DC3F8AC2DC3F82D
:10021000B01D0288837833490068334CCA804FEAA6
:10022000104C0B723149E2802372A1F80320A4F82C
:10023000032063714B712E4CCA800B722D492E4DD9
:10024000E2802372A1F80320A4F8032063714B71AC
:100250002A4CCA800B722A49EA8008802B7281F8E6
:1002600002C0E2802372A1F803204B71CA800B7296
:100270002449A1F803204B71CA800B722249A1F8CE
:1002800003204B71CA800B722049088081F802C09C
:10029000A1F803204B71CA800B721D49088081F8B8
:1002A00002C0A1F803204B71CA800B721949088063
:1002B00081F802C01848A1F803204B71CA800B7264
:1002C0001649A0F803204371C2800372A1F80320ED
:1002D0004B71CA800B7230BC704700BFA89D0524CB
:1002E000E0020024680300248C030024800300241F
:1002F000A403002498030024740300245003002462
:1003000008AD0524B00300245C030024E4AC0524FC
:10031000FCAC0524F0AC0524D4020024C80200245F
:100320003E4B00220B20114610B5D3F8D84082B0C6
:1003300044F00104C3F8D840D3F8D84004F00104D5
:100340000094009CD3F8D84044F00204C3F8D8408D
:10035000D3F8D83003F002030193019BF7F76CF850
:100360000B20F7F7A7F800220C201146F7F764F8E6
:100370000C20F7F79FF800220D201146F7F75CF8E4
:100380000D20F7F797F800220E201146F7F754F8E2
:100390000E20F7F78FF800220F201146F7F74CF8E0
:1003A0000F20F7F787F8002210201146F7F744F8DE
:1003B0001020F7F77FF800223C201146F7F73CF8B1
:1003C0003C20F7F777F8002211201146F7F734F8B0
:1003D0001120F7F76FF8002238201146F7F72CF8B4
:1003E0003820F7F767F8002239201146F7F724F88C
:1003F0003920F7F75FF800223A201146F7F71CF88A
:100400003A20F7F757F800223B201146F7F714F887
:100410003B2002B0BDE81040F7F74CB8004402584A
:1004200020F01F002031BFF34F8F002907DD064A5F
:100430000144C2F85C0220300B1A002BF9DCBFF338
:100440004F8FBFF36F8F704700ED00E0034688B118
:1004500090F83D20022A03D0802201209A6670473E
:1004600002680421002083F83D10D36823F00103C3
:10047000D36070470120704703682C495A6910B453
:100480009C6944F008049C619C6944F010049C61E0
:100490001C6824F001041C601C69214019619968E2
:1004A00021F44041996090F88110042901D091060F
:1004B00030D490F88110032901D054061FD491053F
:1004C00009D5D0F8841041F00101C0F88410996971
:1004D00041F400719961D20509D5D0F8842042F029
:1004E0000802C0F884209A6942F480729A6100235D
:1004F0005DF8044BA0F86230A0F86A307047D0F87D
:10050000841041F00401C0F88410996941F0400161
:100510009961D4E7D0F8841041F08001C0F88410CC
:10052000996941F020019961C3E700BF90FCFFFF8A
:10053000002800F0A48002680021F8B5514B044661
:1005400081629A4216D0A3F578439A4212D003F5FD
:100550008063C0689A4200F08A800F2808D8E16B57
:1005600000F108034D09DB0805FB0333082B15D9FF
:100570000120F8BDE068E16B00F10803414E4D0930
:10058000DB0805FB0333404DAA4218BFB24203D03B
:1005900005F58065AA4201D1102BE9D894F8813085
:1005A00003F0FF05002B58D0002702236568A66BD7
:1005B00084F88130136823F001031360A369B3F159
:1005C000806F3ED03943676B3B43676A3B43276983
:1005D0003B4367693B43276A3B43E76C3B43A76860
:1005E0003B43A76C3B43A76D3B432B433343E66937
:1005F000314308439060D360B5B9936823F4C05386
:1006000043F400639360936823F4C06343F480630E
:100610009360136D23F00103136500200123C4F8D8
:10062000840084F88130F8BD136D23F00103136555
:100630006B02F2D5D368616D23F000430B43D360A6
:10064000EBE7B5F5800FBDD1002EBBD1D2F800C0CD
:100650004CF4805CC2F800C0B4E7204684F88050B7
:10066000FEF7F4F92268A76AE16BE0689DE7E16BA9
:1006700000F108034D09DB0805FB03338CE701207B
:10068000704700BF0030014000380040F8B590F8D6
:100690008030012B00F08C8090F8813015460122CB
:1006A0000446DEB2934280F880206AD1002963D0EC
:1006B000B5FA85F35B09002D5ED003224366A0F8EE
:1006C000683080F88120C0F88430A0F86250A0F82B
:1006D0006A30C165A0F86050C0E91C338368B3F587
:1006E000C02F04D10268136843F400631360E36809
:1006F000A06F0F2B4BD98369B3F5804F3CD1226893
:100700003A4B3B4F2032036452F8183CC763394FD1
:1007100023F40043C7640027076542F8183CB4F887
:1007200062309BB2F7F7F8F9002844D1A36F324A40
:10073000DB69B3F5807F2368596802EA010218BFBC
:100740002A435A609A68616842F40042B1F5800F0A
:100750009A601A6942F448721A611A6842F00102FA
:100760001A6003D11A6842F400721A6000231E4610
:1007700084F880303046F8BD002384F8803030465D
:10078000F8BD0023022680F880303046F8BD072BE4
:1007900083691AD8B3F5005F20D0B3F5804FAED18E
:1007A000B4F862309BB203339B08A4F86230A6E72A
:1007B00002263046F8BDD4F88430012243F01003FD
:1007C000C4F8843084F88120D9E7B3F5804F05D090
:1007D000B3F5005FD0D1B3F5804F90D1B4F862305B
:1007E0009BB201335B08A4F8623088E7450C01082E
:1007F000C90B0108710C01080000FFFF70B51D4610
:1008000090F88030012B00F0B9800123044680F875
:10081000803090F881304068DBB2B0F5800F7DD039
:10082000012B40F08580002D18BF002A71D00029CF
:100830006FD094F88130042B02D0052384F88130E6
:100840000023E1652168C4F88430A4F86250A4F85C
:100850006A50A4F860506266A4F86850C4E91C337A
:100860008B6823F440438B60E3680F2B65D9E06FFE
:100870008369B3F5804F4CD194F88130042B00F09C
:100880008A805E4B03645E4BC3635E4E3031B4F8C6
:100890006A30C66400269BB20665F7F73DF900286A
:1008A0006ED12268A16F9368203243F4804342F8EE
:1008B000183CB4F86230C1E90F00C1E913009BB2E3
:1008C0000846E16DF7F728F9002859D1A36FDB69D5
:1008D000B3F5807F236863D059684B4A0A402A43A6
:1008E0005A609A68616842F40042B1F5800F9A60DC
:1008F0001A6942F458721A611A6842F001021A60C9
:1009000003D11A6842F400721A60002384F8803020
:1009100070BD0023012084F8803070BDA0680028DD
:100920007FF47EAF042B3FF47EAF012B3FF47BAF0F
:100930000023022084F8803070BD072B35D8A36FC8
:100940009B69B3F5005F50D0B3F5804F06D1B4F882
:1009500062309BB203339B08A4F86230E06F836976
:10096000B3F5005F39D0B3F5804F85D1B4F86A3064
:100970009BB203339B08A4F86A307DE7022070BD68
:10098000D4F88430012243F010031046C4F88430B8
:1009900084F8812070BD1D4B03641D4BC36374E755
:1009A0005968194A0A405A609BE7E06F8369B3F5BA
:1009B000005F02D0B3F5804FABD1A66FB669B6F534
:1009C000804F06D1B4F86260B6B201367608A4F85A
:1009D0006260B3F5804F7FF44FAFB4F86A309BB2DA
:1009E00001335B08A4F86A3046E7B4F862309BB282
:1009F00001335B08A4F86230B0E700BF650C010862
:100A0000190C0108710C01080000FFFF550C0108CA
:100A1000F10B01082DE9F0411546826804460E46A7
:100A200022B94368B3F5800F00F0958094F88030C8
:100A3000012B00F09980012384F8803094F88130F4
:100A4000012BDFB269D1002E61D0B5FA85F35B09C5
:100A5000002D5CD00421B2F5C02F666684F88110A9
:100A6000A4F86850C4F88430A4F86030A4F86A5040
:100A7000A4F86230C4E91C3304D12268136823F45B
:100A800000631360E3680F2B4ED9E06F8369B3F501
:100A9000804F3CD121688B6823F480438B603246C1
:100AA000454EB4F86A3030310664444E9BB2C6639A
:100AB000434EC66400260665F7F72EF8002857D186
:100AC000E36F404ADB69B3F5807F2368596802EA27
:100AD000010218BF2A435A609A68616842F4804252
:100AE000B1F5800F9A601A6942F450721A611A685F
:100AF00042F001021A6003D11A6842F400721A60CF
:100B000000231F4684F880303846BDE8F08100237A
:100B100084F880303846BDE8F0810023022784F84D
:100B200080303846BDE8F081072B2BD82168E06F74
:100B30008B6823F480438B608369B3F5005F32D008
:100B4000B3F5804FABD1B4F86A309BB203339B0846
:100B5000A4F86A30A3E72B4604250A4680F88150A2
:100B6000BDE8F041FFF74ABE02273846BDE8F081F4
:100B7000D4F88430012243F01003C4F8843084F8A0
:100B80008120C7E7E06F8269B2F5804F02D0B2F5ED
:100B9000005FBCD12168B2F5804F8B6823F480439D
:100BA0008B607FF47CAFB4F86A309BB201335B0892
:100BB000A4F86A3073E700BF550C0108F10B010877
:100BC000710C01080000FFFF806B08B590F88130C0
:100BD000072B09D0836FDB69B3F5807F05D00268EE
:100BE000136943F00803136108BDFEF797F808BDC9
:100BF000806B08B590F88130072B09D0C36FDB6993
:100C0000B3F5807F05D00268136943F008031361D0
:100C100008BDFEF7E5F808BD806B08B590F8813097
:100C2000072B09D0836FDB69B3F5807F05D002689D
:100C3000136943F00803136108BDFEF733F908BDDB
:100C4000704700BF806B08B5FFF7FAFF08BD00BF13
:100C5000704700BF806B08B5FFF7FAFF08BD00BF03
:100C6000704700BF806B08B5FFF7FAFF08BD00BFF3
:100C700010B5846BF7F75AFC022800D110BD236829
:100C800030495A69986940F008009861986940F0C5
:100C900010009861186820F0010018601869014080
:100CA0001961996821F44041996094F881100429F0
:100CB00001D091063AD494F88110032901D050064E
:100CC00029D4910509D5D4F8841041F00101C4F864
:100CD0008410996941F400719961D20509D5D4F85D
:100CE000842042F00802C4F884209A6942F4807299
:100CF0009A61002301222046A4F86230A4F86A30E9
:100D0000D4F8843043F01003C4F8843084F8812090
:100D1000FEF72AF910BDD4F8841041F00401C4F89C
:100D20008410996941F040019961CAE7D4F88410B0
:100D300041F08001C4F88410996941F02001996163
:100D4000B9E700BF90FCFFFF036819695A692DE9F4
:100D5000F04101EA02059F68044690F8816005F0C1
:100D6000640CBCF1040F2FD005F04500012834D0ED
:100D700005F02600022800F0DF80280770D59A6968
:100D800017F4404FF6B242F008029A619A6942F0B5
:100D900010029A619A6942F400629A611A6922F01B
:100DA00008021A6123D0042E00F0DE80A26FD269FF
:100DB000EAB1032E50D0E26FD269C2B1052E14D130
:100DC0002046FEF76FF810E0436F9847236F2046E8
:100DD000984705F04503012B02D1236F2046984721
:100DE00005F02605022D00F0A780BDE8F0819A6885
:100DF00012F4404F1FD1B4F86A2092B2DAB1626E99
:100E00000EE01B6B42F8043B6266B4F86A30013BAB
:100E10009BB2A4F86A30B4F86A309BB25BB1236825
:100E2000E1680F29EDD8072940F292801B8E22F845
:100E3000023B6266E9E72046FFF71EFB012384F8C8
:100E40008130D4F88430002B7FD1052EB8D0042E09
:100E500000F08F80032EC8D12046FDF75FFFC4E766
:100E6000100501D50A077AD415F4587FBDD06E0657
:100E700009D5D4F8842042F00402C4F884209A6989
:100E800042F040029A61A80509D5D4F8842042F0C6
:100E90000102C4F884209A6942F400729A61E9055B
:100EA00009D5D4F8842042F00802C4F884209A6955
:100EB00042F480729A61AA0609D5D4F8842042F0DF
:100EC0008002C4F884209A6942F020029A61D4F822
:100ED0008420002A89D0196807F44047274A21F066
:100EE0000101B7F5404F1960196902EA01021A6160
:100EF00027D19A68E06F22F440429A6050B1204BAB
:100F00000365F6F729FF28B1D4F8843043F0400395
:100F1000C4F88430A06F00283FF467AF184B036516
:100F2000F6F71AFF00283FF460AFD4F8843043F09E
:100F30004003C4F8843058E7636F2046BDE8F041B1
:100F400018470123204684F88130FEF70DF84CE75E
:100F500093F830301370626E0132626655E79A6919
:100F600042F400629A6140E7E26FD269002A3FF4DE
:100F70003EAF2046FDF734FF37E700BF94FCFFFF8C
:100F8000850F010808B5806B00230122A0F86A30A4
:100F9000A0F8623080F88120FDF7E6FF08BD00BFB1
:100FA00090F88100704700BF002800F08F8038B5AE
:100FB00090F83D30044603F0FF02002B60D0226819
:100FC00002234349B2F1804F84F83D30A2EB010186
:100FD0001368B1FA81F14FEA511127D031BB3D4876
:100FE0003D4D824251D000F5806082424DD0551B6C
:100FF00000F58060B5FA85F582424FEA55154DD06F
:10100000002D4BD1354836498A4218BF82424FD015
:1010100001F580618A424BD0A06923F08003E1682A
:10102000034313606368D162936223E02A4D23F087
:101030007003A068551B0343B5FA85F56D09206957
:1010400023F440730343A06923F080030343136038
:10105000E368D3626368936251B94DB91F49204B6D
:101060009A4218BF8A4203D003F580639A4201D1A5
:101070006369136301230020536184F83D3038BD58
:1010800080F83C20FEF7ACF899E7551B23F070037D
:10109000A068B5FA85F503436D09D0E7A06823F091
:1010A000700303430F488242C9D0002DC7D1A9E77E
:1010B000206923F44073A1690343E06823F08003AF
:1010C0000B4361681360D0629162C7E701207047EB
:1010D00000000140000400400004014000400140C5
:1010E00000440140000C00404FF0020C01680A4A25
:1010F000034680F83DC088680240062A06D0B2F553
:10110000803F03D00A6842F001020A6001220020F9
:1011100083F83D20704700BF070001000368094ABB
:10112000D96841F00101D96099680A40062A06D0C1
:10113000B2F5803F03D01A6842F001021A60002025
:10114000704700BF0700010090F83C30012B7DD0B4
:1011500002460223006830B4012482F83D3082F850
:101160003C40544C83681C400B68602B84606FD0FB
:101170001DD9B3F5005F59D042D94F498B4206D0F3
:1011800038D94E498B4202D010318B4206D1846847
:101190004B4921400B4343F00703836000230121A7
:1011A000184682F83D1082F83C3030BC7047402B26
:1011B00067D019D9502BF1D1036A4C68CD6823F060
:1011C0000A03016A1C433E4B21F00101016281695F
:1011D00021F0F00141EA05118161046281680B4050
:1011E00043F057038360D9E7202BD0D01AD9302B96
:1011F000D4D1CCE723F01001B1F5801FCED1C6E7E2
:10120000702BCBD18468D1E901532B43CD6824F4F2
:101210007F4143EA05230B438360836843F07703F0
:101220008360BBE733F01001B8D1B0E7D1E90153D7
:1012300084682B43CD6824F47F4143EA05230B43A4
:101240008360836843F480438360A7E7022070478C
:10125000046A4D6824F01004C9680462836923F4A9
:10126000704343EA0133016A21F0A0018361144B0A
:1012700041EA0511016281680B4043F06703836016
:101280008CE7036A4C68CD6823F00A03016A1C43AB
:101290000B4B21F001010162816921F0F00141EA6B
:1012A00005118161046281680B4043F0470383604C
:1012B00074E700BF8800CEFF20001000300010004F
:1012C0008FFFCFFF704700BF704700BF704700BF60
:1012D000704700BF03681A69910710B5044602D52C
:1012E000DA68920768D41A69520702D5DA6850079B
:1012F0004FD41A69110702D5DA68120737D41A6970
:10130000D00602D5DA68D1061ED41A69D20702D5F2
:10131000DA68D00769D41A69110602D5DA681206AC
:101320006BD41A69D00502D5DA6811066DD41A6932
:10133000520602D5DA6850066FD41A69910602D5B2
:10134000DA68920649D410BD6FF0100108222046D9
:1013500019612277DB6913F4407F6FD1FFF7B2FF89
:101360002046FFF7B3FF002223682277CDE76FF016
:1013700008010422204619612277DB699B075AD1B4
:10138000FFF7A0FF2046FFF7A1FF00222368227786
:10139000B5E76FF0040102222046196122779B69AC
:1013A00013F4407F44D1FFF78DFF2046FFF78EFFF7
:1013B0000022236822779CE76FF002010122196165
:1013C00002779B69990730D1FFF77CFF2046FFF732
:1013D0007DFF00222368227785E76FF020022046F8
:1013E0001A61BDE8104000F05FB86FF001022046BE
:1013F0001A61FDF7E5FF23688DE76FF08002204654
:101400001A6100F053F823688BE76FF4807220466E
:101410001A6100F04DF8236889E76FF0400220461A
:101420001A61FFF755FF236887E7FFF74DFFD0E705
:10143000FFF74AFFBCE7FFF747FFA6E7FFF744FFC8
:1014400091E700BF90F83C20012A28D003460068AD
:10145000022230B4134D83F83D20A84242688468CC
:1014600018D005F58065A84214D024F0800C22F035
:1014700070020C688968224300244CEA01014FF095
:10148000010C42608160204683F83DC083F83C40F7
:1014900030BC704722F470024D682A43E5E7022011
:1014A000704700BF00000140704700BF704700BF99
:1014B000704700BFF8B5D0F88070202F44D10029C4
:1014C00040D0B2FA82F67609002A3BD0044690F862
:1014D0007C00012838D001252123606FA4F8562014
:1014E0002165C4F88860A4F8542084F87C50C4F8BE
:1014F0008030D8B1DFF854C013462268C0F83CC031
:10150000DFF84CC028320665C0F840C0DFF844C0A0
:10151000C0F84CC0F6F700FB40B11023284684F811
:101520007C60C4F88830C4F88070F8BD236800225D
:1015300040211046196284F87C209A6842F08002AB
:101540009A60F8BD0120F8BD0220F8BD051601081B
:101550003516010885160108F8B5D0F88470202FDB
:1015600048D1002944D0B2FA82F67609002A3FD049
:1015700090F87C300446012B3CD001252223C0F892
:1015800088608165A0F85C2080F87C50C0F88430C9
:10159000806FE0B1DFF860C013460A462168C0F8EA
:1015A0003CC0DFF858C024310665C0F840C0DFF801
:1015B00050C0C0F84CC0F6F7AFFA40B1102328462F
:1015C00084F87C60C4F88830C4F88070F8BD236863
:1015D000002084F87C001A6842F480721A609A68CD
:1015E00042F001029A609A6842F040029A60F8BDA7
:1015F0000120F8BD0220F8BD411601087916010846
:101600008516010808B5C369806BB3F5807F0CD0DF
:1016100003680022A0F856209A6822F080029A609F
:101620001A6842F040021A6008BDFEF715FD08BDB9
:10163000704700BF806B08B5FFF7FAFF08BD00BF19
:1016400008B5C369806BB3F5807F12D003680022B0
:101650002021A0F85E201A6822F480721A609A682D
:1016600022F001029A609A6822F040029A60C0F863
:101670008410FEF7F5FC08BD806B08B5FEF73AFD57
:1016800008BD00BF806B38B50368D0F88040D0F843
:1016900084109A68150601D5212C1DD09A6852062F
:1016A00001D5222908D0D0F8883043F01003C0F8C3
:1016B0008830FEF767FD38BD00240F4A2025A0F8CA
:1016C0005E40196821F49071196099680A409A6027
:1016D000C0F88450C466E6E700222024A0F8562013
:1016E0001A6822F0C0021A609A6822F400029A6016
:1016F000C0F88040D2E700BFFEFFFFEF0268D36969
:1017000070B51E0715680446916800F084806C4827
:1017100005F4907C08405CEA00061DD1D80202D591
:101720004E0200F19D80180606D501F4000105F077
:101730008000014340F08C805E0602D5680600F10F
:101740009B80190202D56A0000F1A380DB0102D55B
:10175000002DC0F2AA8070BDDE0709D5EE0507D5C1
:1017600001261662D4F8886046F00106C4F8886045
:101770009E0760D5CE0709D502261662D4F8886088
:1017800046F00406C4F888605E0758D41E070CD5DE
:1017900005F0200C5CEA000007D008201062D4F8A5
:1017A000880040F00800C4F88800D4F888000028B9
:1017B000D1D09E0606D505F0200501F0805155EAEE
:1017C00001036BD1D4F88850936805F0080503F045
:1017D00040031D436ED0116820203A4B21F49071D4
:1017E000116091680B4000219360C4F884009368F5
:1017F000E1665D063CD59368A06F23F040039360DB
:10180000002835D0304B0365F6F7A6FA0028A2D0A1
:10181000A06F036D0CE09E0680D505F0200C01F052
:10182000805E5CEA0E063FF479AFC36E002B92D067
:10183000BDE8704018475E07A8D5CE07A6D5042698
:101840001662D4F8886046F00206C4F888609DE706
:10185000236F002B3FF47FAF2046BDE87040184750
:101860004FF4801320461362BDE8704001F068BB5E
:101870002046FEF787FC70BD13682020002123F06E
:1018800040031360C4F8800020462167FEF7E4FBA4
:1018900070BD2046BDE8704001F056BBE36E002BE2
:1018A00090D02046984722688CE72046BDE87040DB
:1018B00001F048BB2046FEF765FCC4F8885070BDB7
:1018C00001000010FEFFFFEFCD18010808B5806B86
:1018D0000023A0F85E30A0F85630FEF753FC08BD98
:1018E000D0F88020D0F8840010437047F0B58268AB
:1018F000044687B02368D0E904101D680A43616E6E
:101900000243E06902430A43A8492940A84D0A431B
:10191000E168AB421A605A6822F4405242EA01027E
:10192000A1695A6000F09D80226A9D681143A14A16
:10193000666A2A4011439960DA6A22F00F02324344
:10194000DA629D4A934224D09C4A934255D09C4AE5
:10195000934200F02F829B4A934200F09B829A4A66
:10196000934200F0E980994A934200F09D82984AA0
:10197000934200F0D885974A934200F0D682012521
:1019800000234FF0011228462367C4E91A2307B049
:10199000F0BD914B5B6D03F03803282BEFD88F4AD5
:1019A000D55CB0F5004F33D0202D00F2D981202D29
:1019B00000F2B680DFE815F0A8017B01B400B400A6
:1019C0007201B400B400B4004901B400B400B40022
:1019D000B400B400B400B4001C01B400B400B400FE
:1019E000B400B400B400B400B400B400B400B40057
:1019F000B400B400B400B400CA00774B5B6D03F0D0
:101A00000703052BBBD8764AB0F5004FD55CCBD188
:101A1000202D00F21482202D00F20082DFE815F064
:101A20008A035804FE01FE012804FE01FE01FE01A6
:101A30008604FE01FE01FE01FE01FE01FE01FE0123
:101A4000F203FE01FE01FE01FE01FE01FE01FE01A8
:101A5000FE01FE01FE01FE01FE01FE01FE01FE018E
:101A6000B7039868534A02405B480A439A60DA6AAF
:101A7000616A22F00F020A43DA62836D03F0070302
:101A8000052B3FF67CAF574AD65C202E00F29C8196
:101A9000012E7FF674AFB31E1E2B3FF670AF01A26E
:101AA00052F823F05B2001087F1901080520010886
:101AB0007F1901087F1901087F190108CF2001084B
:101AC0007F1901087F1901087F1901087F19010892
:101AD0007F1901087F1901087F1901086F2001088B
:101AE0007F1901087F1901087F1901087F19010872
:101AF0007F1901087F1901087F1901087F19010862
:101B00007F1901087F1901087F1901087F19010851
:101B10007F1901087F1901087F190108E5200108D4
:101B200001250023A3F110014FF6EF7291423FF619
:101B300026AF2268D36023E7274B5B6D03F00703D2
:101B4000052B3FF61CAF284AD55C2AE7002E00F093
:101B5000B581012E00F09E85022E00F0B185032E86
:101B600000F0D885042E00F0F485052E00F0848660
:101B7000062E00F0BE86072E00F0FD86082E00F02F
:101B80005087092E00F07B870A2E00F0DC8743F691
:101B90000953164A0B2E18BF13466268002503EB43
:101BA0005203B3FBF2F39BB2BCE700BFF369FFCF74
:101BB000000C0058FFF4FF110010014000440040E9
:101BC00000480040004C004000500040001401401C
:101BD00000780040007C004000440258FC6201088C
:101BE00028630108306301082863010800093D00EB
:101BF000B34B1A68920640F16F811A68B14BC2F379
:101C0000C102D340002EC8D0012E00F0EF81022E79
:101C100000F0C584032E00F0BF84042E00F02B8555
:101C2000052E00F09D86062E00F0DC86072E00F0C3
:101C30001C86082E00F04E86092E00F08E860A2E95
:101C400000F0E3860B2EA8D126E003A8FAF76EFA7F
:101C5000626A049B002AA0D0012A00F0C781022AF0
:101C600000F09D84032A00F09784042A00F0038585
:101C7000052A00F0FD84062A00F07E85072A00F080
:101C8000F485082A00F02686092A00F066860A2ACA
:101C900000F0BB860B2A80D11B0A7EE76846FAF764
:101CA00087F9626A019B002A3FF477AFD4E7F9F71E
:101CB0001FFB636A03B3012B00F0F384022B00F0D7
:101CC000CE84032B00F0C884042B00F01785052B6D
:101CD00000F01185062B00F00686072B00F04886E1
:101CE000082B00F09B86092B00F0E1860A2B00F000
:101CF0003B870B2B08BF000A6268002500EB5203EC
:101D0000B3FBF2F39BB20DE7F9F7D6FA636A03B3BC
:101D1000012B00F0C984022B00F0A784032B00F0F4
:101D2000A184042B00F0E484052B00F0DE84062B54
:101D300000F0E685072B00F03686082B00F087863A
:101D4000092B00F0B1860A2B00F0FA860B2B08BF96
:101D5000000A626800EB5203B3FBF2F39BB2E1E6C8
:101D6000402D7FF40CAE002E00F0DC80012E00F040
:101D70009484022E00F0A784032E00F0C784042E62
:101D800000F0EC84052E00F07A85062E00F0B48574
:101D9000072E00F0FE85082E00F04986092E00F07F
:101DA0008B860A2E00F029870B2E0CBF80234FF460
:101DB0000043F2E6424B5B6D03F00703052B3FF651
:101DC000DEAD414AD55CECE5402E7FF4D8AD00296C
:101DD00000F0B580012900F06E84022900F08284B1
:101DE000032900F0AF84042900F03B85052900F0A9
:101DF0006985062900F0AD85072900F0EF850829DF
:101E000000F03686092900F05B860A2900F0F98681
:101E10000B290CBF80254FF4004592E001250023DB
:101E2000A3F110014FF6EF7291423FF6A8AD23F0F7
:101E30000F02C3F3420313432268D360A0E5402D91
:101E40007FF49DAD002E00F0D380012E00F0D280F3
:101E5000022E00F06D84032E00F0F484042E00F0B6
:101E60002585052E00F06885062E00F0C285072E18
:101E700000F01086082E00F04886092E00F05986E2
:101E80000A2E00F0EC860B2E0CBF4FF480704FF43E
:101E90008030AFE00A4B5B6D03F00703052B3FF684
:101EA0006EAD0A4AD55C7CE5054B5B6D03F03803EB
:101EB000282B3FF664AD064AD55C72E5054B6CE60F
:101EC000004402580090D0032863010828630108E9
:101ED000FC62010800093D00002E00F0BA83012ECB
:101EE00000F0FD83022E00F02A84032E00F0B68459
:101EF000042E00F0E484052E00F02885062E00F064
:101F00008785072EDAD0082E00F0C483092E00F052
:101F1000D7830A2E00F01D84B44BB54A0B2E18BF90
:101F200013463AE64FF4004337E6B24B5B6D03F0DD
:101F30000703052B3FF623ADAF4AD55C31E54FF4DF
:101F40000045676807EB4703AB423FF618ADB5EBBA
:101F5000073F3FF614AD202E00F2F082012E7FF6EF
:101F60000EAD023E1E2E3FF60AAD01A353F826F039
:101F7000AD2401087F190108832401087F19010895
:101F80007F1901087F190108212401087F19010820
:101F90007F1901087F1901087F1901087F190108BD
:101FA0007F1901087F190108B52301087F1901086D
:101FB0007F1901087F1901087F1901087F1901089D
:101FC0007F1901087F1901087F1901087F1901088D
:101FD0007F1901087F1901087F1901087F1901087D
:101FE0007F1901087F1901083D2301085B08D4E52A
:101FF0004FF480306268002500EB5203B3FBF2F32C
:102000009BB20DE76846F9F7D3FF636A019D03B3FE
:10201000012B00F0CF82022B00F0C782032B00F0CF
:10202000C182042B00F02F83052B00F02983062B9F
:1020300000F09883072B00F02684082B00F04D84D5
:10204000092B00F09B840A2B00F0FB840B2B00F083
:102050006582002D3FF494AC73E7F9F797FF636A4C
:102060000546002BD4D1002D3FF48AAC69E7614BC3
:102070001A68950640F1A5821B685D4DC3F3C10344
:10208000DD4000293FF45DAF012900F04D830229B6
:1020900000F04683032900F04083042900F04584C2
:1020A000052900F08384062900F0D484072900F074
:1020B0002085082900F04F85092900F0F9850A29B3
:1020C00000F0FD850B297FF43CAF2D0A39E703A80A
:1020D000FAF72CF8636A049D002B99D1002D3FF488
:1020E0004FAC2EE7002900F06A82012900F0DF8260
:1020F000022900F0F282032900F02883042900F06D
:10210000AA83052900F0D883062900F02E84072928
:1021100000F06184082900F0AF84092900F0EF8401
:102120000A2900F0148543F60955344B0B2918BFD2
:102130001D4606E7F9F7C0F8636A03B3012B00F008
:10214000CA82022B00F0F782032B00F07F83042B5E
:1021500000F0B083052B00F0EB83062B00F05084D9
:10216000072B00F09E84082B00F0B984092B00F0A7
:10217000E4840A2B00F070850B2B08BF000A61680D
:102180004A0802EB4003B3FBF1F39BB248E6002E92
:1021900000F03A82012E00F09A82022E00F0C682F0
:1021A000032E00F04D83042E00F07E83052E00F0F8
:1021B000BA83062E00F02184072E00F06F84082ECB
:1021C00000F08284092E00F0CC840A2E00F06C8589
:1021D00047F612230A4A0B2E18BF134662680025E1
:1021E00003EB5203B3FBF2F39BB219E690D003006A
:1021F0000090D003004402582863010800093D0004
:1022000000127A00A44B1A68910640F1FF811A6807
:10221000A24BC2F3C10223FA02F206B3012E00F070
:10222000B182022E00F03783032E00F06F83042E5C
:1022300000F0C683052E00F00084062E00F06F84A7
:10224000072E00F07184082E00F00385092E00F09F
:102250003C850A2E00F036850B2E08BF120A6168F5
:1022600000254B0803EB4203B3FBF1F39BB2D7E528
:102270006846F9F79DFE626A019902B3012A00F0EF
:102280000782022A00F01A82032A00F03A82042A06
:1022900000F06282052A00F0EB82062A00F0168325
:1022A000072A00F07483082A00F0A183092A00F0AD
:1022B00001840A2A00F05B840B2A08BF090A6268BD
:1022C0000025530803EB4103B3FBF2F39BB2A7E5F0
:1022D000F9F70EF8636A03B3012B00F0FA81022BC1
:1022E00000F02B82032B00F08382042B00F0DA82B3
:1022F000052B00F02583062B00F06983072B00F0E7
:10230000C283082B00F0EE83092B00F07E840A2B99
:1023100000F08D840B2B08BF000A616800254A0875
:1023200002EB4003B3FBF1F39BB279E503A8F9F7A5
:10233000FDFE626A0499002AC1D09FE7616A002904
:1023400000F05482012900F01F83022900F08B83E2
:10235000032900F0BF83042900F00084052900F060
:10236000AA84062900F08E84072900F087840829B2
:1023700000F0E584092900F0DE840A2900F0A88431
:102380004748484B0B2918BF184600217B083A469E
:1023900018184FF0000341F10001EEF7ADF9A0F578
:1023A0004073414A93423FF6EAAA23680025D86069
:1023B000FFF7E6BA384A116811F0200100F0E78112
:1023C000136800213548C3F3C103D840636A0BB3D7
:1023D000012B00F04B83022B00F07F83032B00F0D6
:1023E0000584042B00F05D84052B00F02C84062B63
:1023F00000F0A984072B00F0B484082B00F0AD8412
:10240000092B00F094840A2B00F08D840B2B01D152
:10241000000A00210902030241EA10617808B6E7C8
:1024200003A8F9F783FE0498636A002102460BB300
:10243000012B00F03582022B00F08682032B00F086
:10244000C182042B00F02183052B00F04D83062B65
:1024500000F09083072B00F02184082B00F00B8400
:10246000092B00F004840A2B00F052840B2B01D1BD
:10247000100A002162680902030241EA1061500853
:1024800086E76846F9F794FD0198636A00210246E1
:10249000002BEFD0CCE700BF004402580090D003DF
:1024A00000093D000000093DFFFC0F00F9F76EFD3B
:1024B000626A002103460AB3012A00F06E82022AF2
:1024C00000F0B982032A00F02483042A00F09383E9
:1024D000052A00F0A683062A00F0DA83072A00F016
:1024E000D583082A00F01C84092A00F015840A2AE2
:1024F00000F02F840B2A01D1030A0021626809022F
:10250000180241EA13615308C0184FF0000341F16B
:102510000001EEF7F1F8A0F5407342E72D0A002D17
:102520003FF42EAA0DE5B54B5B6D03F00703052BB9
:102530003FF625AAB24AD55CFFF733BA402E7FF4A6
:102540001EAA616A002900F04E81012900F027824D
:10255000022900F08482032900F0CE82042900F0D1
:102560005783052900F05983062900F0688307295D
:1025700000F06083082900F0B783092900F0AF83D9
:102580000A2900F0C0830B294FF000010CBF4FF463
:1025900000404FF40000F9E69A4AA2FB03239B088F
:1025A000FFF7FBBA974BA3FB0535AD08002D3FF4B1
:1025B000E7A9C6E46D08002D3FF4E2A9C1E4924DFD
:1025C000BFE400295AD0012900F0AC80022900F0B4
:1025D000DB80032900F06181042900F0A181052935
:1025E00000F0EB81062900F016820729E7D00829C0
:1025F0005DD0092971D00A2900F02D81834D844BCB
:102600000B2918BF1D469CE4824BE7E5002E50D0F5
:10261000012E00F0AF80022E00F03B81032E00F06F
:102620007A81042E00F0C781052E00F0FD81062E70
:1026300000F04D82072EE7D0082E48D0092E75D025
:102640000A2E00F03181744B744A0B2E18BF1346CA
:10265000C4E56F4BFFF7A1BA6A4BA3FB00308008BB
:10266000FFF74ABB674BA3FB00308008FFF771BB45
:102670006B4AA2FB0323DB08FFF78FBA644D60E4CB
:10268000674BA3FB0535ED08002D3FF479A958E40D
:10269000490814E6634BFFF780BA4FF48043FFF715
:1026A0007CBA4008FFF728BB4008FFF752BB5D4DDE
:1026B00047E45A4B92E54FF4804542E48908FEE531
:1026C000594BFFF76ABA4FF40053FFF766BA4E4B07
:1026D00084E5400821E6400851E5534D31E4534B71
:1026E000FFF75BBA4FF400552BE44D4BA3FB0030D2
:1026F000C008FFF72EBB4A4BA3FB0030C008FFF712
:10270000FBBA404BA3FB01239908D8E541F255538E
:10271000FFF743BA464BFFF740BA3A4BA3FB0535E8
:10272000AD080EE4414D0CE46D080AE43D4B55E55F
:102730004FF480405EE4800821E58008EDE53D4BE4
:10274000FFF72BBA41F25555FFF7FBBB384DFFF7AA
:10275000F8BB314BFFF721BAC908B0E54FF48053FD
:10276000FFF71BBA0C23B5FBF3F5002D3FF408A9C6
:10277000FFF7E7BB264B31E5224AA2FB0323DB0828
:10278000FFF70BBA52086AE52A4DFFF7DABB626A17
:10279000002A00F0C280012A00F07981022A00F0AC
:1027A000B281032A00F0C381042A00F05E82052A68
:1027B00000F05982062A00F09E82072A00F09982D2
:1027C000082A00F09D82092A00F097820A2A00F068
:1027D00083820B2A184A0E4B0EBF00210321134699
:1027E00078083A4690E64FF40000CFE51348CDE56F
:1027F000044BA3FB002398088FE500BF0044025858
:1028000028630108ABAAAAAA00093D0090D00300E2
:102810000090D00300127A0020A107000020A10739
:10282000CDCCCCCC80841E0040420F000048E80193
:102830002A2C0A000024F400000090D00000093D7A
:10284000CF4BCBE442F6AA20FFF7D4BBCD4BA3FB82
:102850000023980893E4CC4DFFF773BBCB4BFFF7F5
:102860009CB94FF48055FFF76CBB1B09FFF795B976
:102870000A23B1FBF3F122E5C54BFFF78EB940F611
:10288000CC43FFF78AB92D09002D3FF479A8FFF753
:1028900058BBC04BA2E49208E1E4BC4DFFF751BB2A
:1028A0004008E7E5C00838E5BB4B97E44FF400501B
:1028B000FFF7A0BBC00862E4B54DFFF742BBB74BC2
:1028C000FFF76BB940F6CC45FFF73BBB0C23B1FBE0
:1028D000F3F1F4E45B09FFF760B96D09002D3FF4F3
:1028E0004FA8FFF72EBBA74BA3FB0030C008FFF794
:1028F00003BAAB4BFFF751B940F6AA23FFF74DB926
:10290000A04BA3FB0030C008FFF723BA9D4BA3FBED
:1029100002239A08A3E4A34B60E4A34B03215FE7DF
:102920009E4DFFF70EBBA14B58E4ED08FFF709BB26
:102930000A23B0FBF3F022E441F69810FFF75ABBEC
:102940000A23B0FBF3F0E8E4800893E5984BFFF727
:1029500024B940F6AA25FFF7F4BA9B09FFF71DB981
:102960000A22B3FBF2F3FFF718B98D4DFFF7E9BA6E
:102970000009FFF7C1B98F4BFFF70FB9AD09002D63
:102980003EF4FEAFFFF7DDBA8B480021FEE40909F3
:1029900095E44FF40063FFF700B94308AEE54FF448
:1029A00080000021F2E40009FFF7D3B90A23B5FB48
:1029B000F3F5FFF7C6BA814B10E47D4DFFF7C1BABE
:1029C000D2084CE406220023EDF796FE52E50C23D4
:1029D000B0FBF3F0A1E4774DFFF7B3BA4FF4006515
:1029E000FFF7AFBA0C22B3FBF2F3FFF7D6B84909F1
:1029F00065E441F25450FFF7FDBA714BFFF7EEBBAF
:102A00000C23B0FBF3F0FFF7BABBDB09FFF7C5B847
:102A10006C4BFFF7C2B86B4DFFF793BA4009FFF755
:102A20006BB9694BFFF7B9B8684BFFF7D7BB4FF4E9
:102A30008063FFF7B2B8830860E50A23B2FBF3F2C4
:102A40000DE4ED09002D3EF49BAFFFF77ABA400983
:102A5000FFF77FB90C23B5FBF3F5FFF772BA4FF41C
:102A60000010002192E45A4800218FE44008D1E48C
:102A70004FF48065FFF765BA534DFFF762BA4FF226
:102A80002443FFF78AB8000947E4C008F2E4514B39
:102A90001146A5E64FF48050FFF7ACBA3A4BFFF76A
:102AA0009DBB0009FFF76BBB8009FFF752B9800996
:102AB000FFF722B9890902E44FF40073FFF76DB8FC
:102AC0004FF40075FFF73DBA3A4BFFF787BB2F4B2A
:102AD000FFF784BB4048002158E480089AE440098D
:102AE000FFF74DBB400918E40A220023EDF704FE6E
:102AF000C0E42D09FFF725BA3848002146E44FF21B
:102B00002445FFF71EBA364B6AE64FF40060FFF724
:102B100071BA00230622EDF7EFFD0346EEE40C2325
:102B2000B2FBF3F2FFF79BBB1209FFF798BB2D4BEB
:102B300056E64FF48060FFF75DBA8009FFF71FBBD0
:102B4000C009FFF706B947F61223FFF726B847F684
:102B50001225FFF7F6B96D09FFF7F3B922480021F6
:102B600014E4194BFFF73ABBC009FFF7C5B8C90910
:102B7000FFF7A5BB0C220023EDF7BEFD7AE400BFF2
:102B800054581400ABAAAAAA20A10700AAC2A20006
:102B9000801A06000048E80140420F0000127A0047
:102BA0001516050054854501000090D000350C0035
:102BB00000A8610090D003000080841E0024F4006F
:102BC0002A2C0A005561510048E801000050C3005A
:102BD0000040420F000048E8002A2C0A005515006A
:102BE000000024F400AAC2A20020A10706220023AC
:102BF000EDF782FD0EE4C30880E44FF48073FEF726
:102C0000CCBF4FF48075FFF79CB98009FFF785BBF7
:102C10004FF480100021FFF7B9BB53480021FFF7A4
:102C2000B5BB00230A22EDF767FD034666E4C00941
:102C3000FFF773BB4FF400200021FFF7A7BB4B4801
:102C40000021FFF7A3BB0A220023EDF755FDFFF794
:102C5000E1BB5209FFF703BBC009FFF790BA4FF47D
:102C60000070FFF7C7B9424BBAE5424BB8E590098F
:102C70000021FFF7FFBB4009FFF7FCBB3E480021E6
:102C8000FFF784BB3D480021FFF780BB030935E413
:102C900000230C22EDF730FD03462FE40009FFF777
:102CA000E9BBC008FFF7B6BB4FF22443FFF796BA63
:102CB000AD09FFF746B932480021FFF767BBED09C0
:102CC000FFF73FB9D209FFF7CABA9209FFF7C7BAAF
:102CD0002C480021FFF75ABB2B4B002180E54FF415
:102CE00000300021FFF752BB4FF480200021FFF796
:102CF0004DBB264B74E5264B72E5264B00216FE554
:102D0000254B00216CE54FF480300021FFF73EBBDE
:102D1000D0090021FFF7AEBB83090021FFF7EEBB0E
:102D20004309FFF7EBBBC0090021FFF773BB800924
:102D30000021FFF76FBB19480021FFF727BB184898
:102D40000021FFF723BB0C220023EDF7D5FCFFF792
:102D500061BBC3090021FFF7D1BB40090021FFF788
:102D600059BB0009FFF756BB00CC0C0000AA0A00B3
:102D70000000A8610000127A0090D003001516052B
:102D800000801A0600127A000020A1070000093D09
:102D9000005561510040420F0080841E0024F40061
:102DA0000048E801836ADA0710B406D50168C46AEE
:102DB0004A6822F4003222434A609C0706D5016823
:102DC000046B4A6822F4803222434A60590706D5D0
:102DD0000168446B4A6822F4802222434A601A0741
:102DE00006D50168846B4A6822F4004222434A6097
:102DF000DC0606D50168C46B8A6822F4805222433F
:102E00008A60990606D50168046C8A6822F400522B
:102E100022438A605A060AD50168446C4A68B4F5B0
:102E2000801F22F4801242EA04024A600BD01B0683
:102E300006D50268C16C536823F400230B4353602A
:102E40005DF8044B70474A68846C22F4C002224348
:102E50004A60ECE7002370B50446C0F88830F3F709
:102E6000DBFC054623681A6811070CD41A68520760
:102E700025D420220023C4F880201846C4F88420DA
:102E800084F87C3070BDDE6916F40016EED1F3F7DD
:102E9000C3FC431BB3F1007F2368F4D31A682021DD
:102EA000032022F4D0721A609A6822F001029A601C
:102EB000C4F8801084F87C60C4F8841070BDDE69AA
:102EC00016F48006D5D1F3F7A7FC431BB3F1007FBE
:102ED0002368F4D3E2E700BF80B3D0F8803010B5A8
:102EE000044633B3226824232046C4F88030136894
:102EF00023F001031360FEF7F9FC012817D0A36A41
:102F00008BB9236820465A6822F490425A609A6826
:102F100022F02A029A601A6842F00102BDE81040CD
:102F20001A60FFF797BF2046FFF73CFFE9E7012053
:102F300010BD80F87C30FCF7E3FDD3E7012070473B
:102F4000704700BF704700BF704700BF0B46014687
:102F5000184600F0F9BB00F000B800F02DBC0000EE
:102F600038B510EE104AC4F30A53B3F57D7FB7EEBF
:102F7000C07A1ED227EE077BB3F5667F6FD327EEAC
:102F8000071B634B93ED142B93ED125B93ED0E3BFC
:102F9000A7EE025B93ED0C0B93ED104BA7EE030B2A
:102FA00027EE017BA1EE040BA5EE070BB7EEC00BDD
:102FB00038BD40F22E42934254D8554991ED086BEA
:102FC00027EE066BFDEEC66B91ED0A5B16EE903AAE
:102FD00003F500031B1613F0020F06EE903A01F101
:102FE000700208BF0A46D807B8EEE66BA6EE457B2E
:102FF00027EE076B1AD503F0030301EBC30393ED30
:10300000002B92ED1A4B92ED185B92ED163BA6EE5B
:10301000045B27EE027B27EE064B26EE046BA4EE44
:10302000037BA5EE067BB7EEC70B38BD92ED142BE4
:1030300092ED127B92ED0E3B92ED0C0B92ED104B4C
:1030400026EE065BA6EE027BA6EE030B26EE056BD4
:10305000A5EE040BA7EE060BB7EEC00B38BDB7EE1E
:10306000000A38BDB3F5FF6F3DD22A4BC4F383622B
:1030700003EB820153F822200D69C4F31603C4F355
:10308000C25043F400038340086A03FB02F2A3FB2F
:103090000010E3FB050202F100518D0F01F04041E9
:1030A000511AEDF7FBFA1C4B9FED177B05EBD4741F
:1030B00041EC160B14F0020FA3F1700208BF134687
:1030C000E90726EE077B27EE076B10D504F0030413
:1030D00002EBC40494ED002B93ED1A4B93ED185BB7
:1030E00093ED163B93E7BDE8384000F057B893EDF9
:1030F000142B93ED127B93ED0E3B93ED0C0B93EDA4
:10310000104B9DE7AFF30080182D4454FB21193C70
:1031100000660108A06501087066010810B582B05C
:103120008DED010A044600F01DFB9DED010A0460CF
:1031300002B010BD30B1F1EE407A27EE800A2220B5
:10314000FFF7ECBFF0EE407A27EE800A2220FFF76F
:10315000E5BF00BF9FED010AFFF7ECBF00000010C4
:103160009FED010AFFF7E6BF0000201A9FED010A5C
:10317000FFF7E0BF000000709FED070AFFEE007A46
:10318000B7EE007A00284FF0220047FE277A87EE3C
:10319000800AFFF7C3BF00BF0000000070EE407A56
:1031A000B4EE400A87EEA77AF1EE10FAB0EE470AC5
:1031B00002D62120FFF7B2BF704700BF10EE103AD1
:1031C00040F22A41C3F30A528A42B7EEC03A32D8DB
:1031D000B7EE000B2D4B93ED4A2B93ED481BB0EE51
:1031E000417BA2EE037B17EE100A37EE417B00F025
:1031F0001F0203EBC20130B492EE037B93ED4C4B04
:1032000053F832404D6893ED4E6B93ED505BA4EE56
:10321000076B27EE074B00210A1905EBC033A5EE1B
:10322000070B43EC172BA6EE040B30BC20EE070B6C
:10323000B7EEC00B704713F5000F20D0B2F5FF6F4B
:103240001AD2DFED137AB4EEE70AF1EE10FA10DCD1
:10325000DFED107AB4EEE70AF1EE10FA12D4DFEDEA
:103260000E7AB4EEE70AF1EE10FAB1D50020FFF7BE
:1032700077BF0020FFF77ABF30EE000A70479FED5E
:10328000070A70470020FFF765BF00BF38630108D9
:103290001772B142B4F1CFC2CF8ECEC2000000008F
:1032A00010EE103AB3F17E5F3ED0A3F50001B1F10C
:1032B000FE4F10EE102A3AD2BFEE002B02F140432F
:1032C000284903F54D03C3F3C34001EB001091ED12
:1032D000424B91ED447B91ED406B91ED465BD90DF6
:1032E000C9052DED028B90ED021B90ED008B521A5B
:1032F000DB1500EE103A03EE902AB8EEC00BB7EEE5
:10330000E33A30EE010BA8EE032BBDEC028B22EE6C
:10331000023BA4EE027BA5EE020BA6EE037BA3EE1E
:10332000070BB7EEC00B70479FED0F0A70475900AF
:1033300014D0B3F1FF4F14D0002B0BDBB1F17F4F52
:1033400008D2DFED0A7A60EE277A17EE903AA3F101
:103350003862B1E700EE103AFFF720BF0120FFF717
:103360000BBF704780640108000000000000004BA4
:1033700030B510EE104AC4F30A53B3F57D7FB7EEB3
:10338000C06A83B01BD226EE065BB3F5667F70D3AE
:1033900026EE052B25EE021B754B93ED1A3B93EDA4
:1033A000187B93ED164BA5EE037BA2EE046BB0EEFB
:1033B000460BA7EE010BB7EEC00B03B030BD40F2D9
:1033C0002E42934260D86A4991ED087B26EE077B36
:1033D000FDEEC77B91ED0A5B17EE903A03F5000313
:1033E0001B1613F0020F07EE903A01F1700208BFAE
:1033F0000A46D807B8EEE77BA7EE456BB0EE460B62
:1034000026EE067B1BD403F0030301EBC30392ED0E
:103410001A5B93ED003B92ED186B20EE030B92EDDF
:10342000164BA7EE056B20EE075B27EE057BA5EE9E
:10343000040BA6EE070BB7EEC00B03B030BD92ED48
:10344000142B27EE075B92ED126B92ED0E3BA7EE6D
:10345000026B92ED0C0B92ED104BA7EE030B27EED7
:10346000057BA5EE040BA6EE070BB7EEC00B03B071
:1034700030BD220D12F4FF6FDFD1B7EEC55B00EE59
:10348000104A8DED015AD8E7B3F5FF6F4BD2394B97
:10349000C4F3836203EB820153F822200D69C4F365
:1034A0001603C4F3C25043F400038340086A03FBCD
:1034B00002F2A3FB0010E3FB050202F100518D0FA5
:1034C00001F04041511AEDF7E9F82B4B9FED267BB7
:1034D00005EBD47441EC160B14F0020FA3F170024B
:1034E00008BF1346E90726EE077B27EE076B1FD4BC
:1034F00004F0030402EBC40493ED1A4B94ED002B8B
:1035000093ED185B27EE027B93ED163BA6EE045B72
:1035100027EE064B26EE046BA4EE037BA5EE067B9E
:10352000B7EEC70B89E703B0BDE83040FFF736BE02
:1035300093ED142B26EE065B93ED127B93ED0E3B81
:10354000A6EE027B93ED0C0B93ED104BA6EE030B56
:1035500026EE056BA5EE040BA7EE060BB7EEC00B2F
:103560006BE700BFAFF30080182D4454FB21193CDA
:1035700000660108A06501087066010808B52DED18
:10358000028BF0EE408AB0EE608A00F049F80E4BF4
:1035900093F9003001330BD0F4EE488AF1EE10FAC3
:1035A00006D6DFED0A8AB4EE688AF1EE10FA02D090
:1035B000BDEC028B08BD00F0D5F888EEA80ABDEC82
:1035C000028B2123036008BDB90300240000000022
:1035D00008B52DED028BB0EE408A00F0B1F80E4B2D
:1035E00093F9003001330BD0B4EE488AF1EE10FAB3
:1035F00006D6DFED0A8AB4EEE88AF1EE10FA02D4BC
:10360000BDEC028B08BD00F0ADF888EEA80ABDEC59
:10361000028B2123036008BDB903002400000000D1
:1036200030B583B0CDED010A019D35F0004041D0A9
:1036300010EE10EA2EF00043B3F1FF4F3ADAB0F18A
:10364000FF4F37DC83423BDB0EF000443AD01EF0E4
:10365000FF4F56D1190200296FF07D0204DD4900A9
:10366000002902F1FF32FADC15F0FF4F57D10102B9
:103670006FF07D0C03D449000CF1FF3CFBD512F137
:103680007E0F47DBCEF3160343F400031CF17E0FDD
:103690003ADBC5F3160040F40000B2EB0C0204D193
:1036A00017E00FD04B00013A13D0191A0029F8DAAD
:1036B0005B00F8E7DDED017A60EE277A87EEA70A76
:1036C00003B030BD1D4B03EB547393ED000A03B000
:1036D00030BD181A58BF03461BB9F3E75B000CF165
:1036E000FF3CB3F5000FF9DB1CF17E0F1CDBA3F5EB
:1036F00000030CF17F0C234343EACC5300EE103A55
:10370000DEE7DA157F3AAFE76FF07D01A1EB0C0140
:103710008840C2E76FF07D01891A8B40B6E74FEA17
:10372000E05CACF17F0CAAE76FF07D02A2EB0C0C21
:1037300043FA0CF3234300EE103AC1E7E0660108B8
:10374000B1EEC00A704700BF10B5054C13462CB14E
:103750000A4601460220AFF3008010BD2046FCE778
:1037600000000000014B1868704700BFBC03002434
:1037700070B50D4D0D4C641BA4100026A64209D156
:103780000B4D0C4C02F0FAFF641BA4100026A6425D
:1037900005D170BD55F8043B98470136EEE755F862
:1037A000043B98470136F2E79C6701089C670108D3
:1037B0009C670108C0670108024B0146186800F0C9
:1037C00019B800BFBC0300240A44914200F1FF3342
:1037D00000D1704710B511F8014B03F8014F914229
:1037E000F9D110BD02440346934200D1704703F85B
:1037F000011BF9E737B5002944D051F8043C01908A
:10380000002BA1F10404B8BFE41800F0DFF81E4A51
:103810000198136833B96360146003B0BDE83040A9
:1038200000F0DAB8A34208D9256861198B4201BFBC
:1038300019685B6849192160EDE71A465B680BB1AE
:10384000A342FAD911685518A5420BD12468214426
:103850005418A3421160E0D11C685B685360214496
:103860001160DAE702D90C230360D6E725686119F5
:103870008B4204BF19685B68636004BF491921600B
:103880005460CAE703B030BD14AD0524F8B5CD1CB3
:1038900025F0030508350C2D38BF0C25002D0646F4
:1038A00001DBA94203D90C2333600020F8BD00F0EE
:1038B0008DF821490A6814469CB9204F3B6823B90A
:1038C0002146304600F03CF838602946304600F08A
:1038D00037F8431C23D10C233360304600F07CF8CA
:1038E000E3E723685B1B17D40B2B03D923601C442D
:1038F000256004E06368A2420CBF0B605360304651
:1039000000F06AF804F10B00231D20F00700C21A32
:10391000CCD01B1AA350C9E722466468CCE7C41C6C
:1039200024F00304A042E3D0211A304600F008F846
:103930000130DDD1CFE700BF14AD052418AD05245B
:1039400038B5064D0023044608462B6000F082FB84
:10395000431C02D12B6803B1236038BD20AD052480
:103960000CB430B5174B0C1E1D689DB008DA8B23C4
:103970002B604FF0FF301DB0BDE8304002B0704703
:103980004FF40273ADF8143014BF04F1FF33234633
:10399000049307934FF6FF7302900690ADF816302C
:1039A000209A21AB02A92846019300F077F8431C26
:1039B000BCBF8B232B60002CDDD0029B00221A7031
:1039C000D9E700BFBC030024704770470148FFF7E8
:1039D000FBBF00BF1CAD05240148FFF7F6BF00BFC9
:1039E0001CAD05242DE9F0478E689E4282460C46A8
:1039F00090461F4638D88A8912F4906F32D02568D5
:103A00000969A5EB0109656905EB450505EBD57568
:103A100001334B446D109D4238BF1D46530531D5CF
:103A20002946FFF733FF064650B90C23CAF8003089
:103A3000A38943F04003A3814FF0FF30BDE8F08736
:103A400021694A46FFF7C0FEA38923F4906343F03F
:103A50008003A381266165614E44A5EB09052660BC
:103A6000A5603E46BE4200D93E46206832464146E9
:103A700000F0A8FAA3689B1BA3602368334423606B
:103A80000020DBE72A4600F0B7FA06460028E1D11D
:103A900021695046FFF7AEFEC7E700002DE9F04F61
:103AA00098468B891B069DB007460D4614460ED5D9
:103AB0000B6963B94021FFF7E9FE2860286120B94E
:103AC0000C233B604FF0FF30D1E040236B610023BB
:103AD000099320238DF82930CDF80C803023DFF8AE
:103AE000A8818DF82A304FF0010923469A4613F831
:103AF000012B0AB1252AF9D1BAEB040B0BD05B4696
:103B0000224629463846FFF76DFF013000F0AA80B3
:103B1000099A5A4409929AF80030002B00F0A280CA
:103B200000234FF0FF32CDE905230AF1010A049387
:103B300007938DF853301A935446052214F8011B4D
:103B40005148ECF7CDFB049AD8B9D00644BF2023E6
:103B50008DF85330110744BF2B238DF853309AF85A
:103B600000302A2B15D0079A544600204FF00A0C3B
:103B7000214611F8013B303B092B4ED9B0B10792D9
:103B800014E0A0EB080309FA03F313430493A246DD
:103B9000D2E7039B191D1B680391002BBBBF5B423F
:103BA00042F0020207930793B8BF049223782E2BAA
:103BB0000CD163782A2B35D1039B1A1D1B68039205
:103BC000002BB8BF4FF0FF3302340593DFF8C8A0D5
:103BD000217803225046ECF783FB40B14023A0EB51
:103BE0000A0003FA00F0049B03430134049314F821
:103BF000011B26488DF828100622ECF771FB0028DF
:103C000038D0234B1BBB039B073323F00703083338
:103C10000393099B3344099367E70CFB02320C467C
:103C20000120A5E700230134059319464FF00A0C43
:103C3000204610F8012B303A092A03D9002BC5D0B1
:103C40000591C3E70CFB012104460123F0E703AB18
:103C500000932A460F4B04A93846AFF30080421C5C
:103C60000646D6D1AB895B063FF52CAF09981DB04F
:103C7000BDE8F08F03AB00932A46064B04A93846F3
:103C800000F07AF8EBE700BF4867010852670108C7
:103C900000000000E53901084E6701082DE9F047F2
:103CA000164699468A680B69DDF820809342B8BFB2
:103CB0001346336091F8432007460C460AB101339E
:103CC00033602368990642BF336802333360256846
:103CD00015F0060506D104F1190AE36832689B1A4B
:103CE000AB4226DC94F84320131E226818BF012340
:103CF00092062BD404F1430249463846C0470130AE
:103D00001ED02368E568326803F00603042B08BF61
:103D1000AD1AA36822690CBF25EAE5750025934218
:103D2000C4BF9B1AED1800261A34B5421AD10020E0
:103D300008E00123524649463846C047013003D1C6
:103D40004FF0FF30BDE8F0870135C6E7E1185A1C97
:103D5000302081F84300224494F8451082F8431043
:103D60000233C7E70123224649463846C04701309F
:103D7000E6D00136D9E700002DE9FF470F7E0C9D04
:103D8000782F914680460C469A4601F1430207D8A7
:103D9000622F0AD8002F00F0D880582F00F0A3809F
:103DA00004F1420584F842703AE0A7F16303152B51
:103DB000F6D801A151F823F0113E0108253E010873
:103DC000A13D0108A13D0108A13D0108A13D010857
:103DD000253E0108A13D0108A13D0108A13D0108C2
:103DE000A13D0108313F0108553E0108133F01087C
:103DF000A13D0108A13D0108533F0108A13D010873
:103E0000553E0108A13D0108A13D01081B3F0108E5
:103E10002B681A1D1B682A6004F1420584F84230A1
:103E20000123A3E020682968060601F104030AD5EE
:103E30000E682B60002E03DA2D23764284F843307F
:103E40005E480A2319E00E682B6010F0400F18BF7F
:103E500036B2EFE72B682068191D2960010601D5ED
:103E60001E6802E04606FBD51E8854486F2F0CBF23
:103E700008230A23002184F843106568A560002DFB
:103E8000A2BF216821F0040121600EB9002D4DD0A0
:103E90001546B6FBF3F103FB1167C75D05F8017D1D
:103EA0003746BB420E46F4D9082B0BD12368DE07F8
:103EB00008D5236961689942DEBF302305F8013CCB
:103EC00005F1FF35521B2261CDF800A04B4603AA35
:103ED00021464046FFF7E2FE01304CD14FF0FF3063
:103EE00004B0BDE8F087354881F84570296823683B
:103EF00051F8046B29601D0614D5DF0744BF43F059
:103F0000200323601EB9236823F0200323601023BD
:103F1000B0E7236843F0200323607823284884F81F
:103F20004530E3E7590648BFB6B2E6E71546BBE7BA
:103F30002B6826686169181D286035061B6801D545
:103F4000196002E07006FBD5198000232361154635
:103F5000BAE72B681A1D2A601D686268002128468E
:103F6000ECF7BEF908B1401B606063682361002371
:103F700084F84330A8E723692A4649464046D0479B
:103F80000130ABD023689B0713D4E068039B9842B1
:103F9000B8BF1846A4E70123324649464046D047F9
:103FA00001309BD00135E36803995B1AAB42F2DC28
:103FB000EBE7002504F11906F5E700BF5967010892
:103FC0006A670108884210B501EB020402D98442F5
:103FD000234607D8431EA14208D011F8012B03F84D
:103FE000012FF8E7024401468A4200D110BD13F8C0
:103FF000014D02F8014DF7E7F8B5074614460E46A5
:1040000021B9BDE8F8401146FFF740BC22B9FFF7DF
:10401000F1FB25462846F8BD00F014F8A0420FD267
:1040200021463846FFF732FC05460028F2D03146DB
:104030002246FFF7C9FB31463846FFF7DBFBE9E7CD
:104040003546E7E751F8043C181F002BBCBF0B585E
:10405000C0187047044A05491368002B08BF0B4677
:10406000184410601846704724AD052428AD052477
:10407000667265712D2D000000540040005800400C
:10408000005C0040001C005800000040000400409C
:1040900000080040000C00402500260027003400E6
:1040A00035004700520053008E00000025640000D8
:1040B0000000000000000000F10C0008450F00089F
:1040C000F50C0008F90C0008E10C00085117000875
:1040D00095170008091D000891180008C111000873
:1040E0000110000861130008550F0008410000008E
:1040F0004123000042000000430000004323000071
:104100004400000044230000450000004600000079
:10411000462300004700000047230000060000007F
:104120000C00000012000000180000000001000058
:10413000060100000C01000012010000180100003F
:1041400000020000060200000C0200001202000043
:104150001802000000030000060300000002030034
:104160000000000001000000000000000000FA450F
:1041700000007A460000FA4600803B470080BB47BB
:1041800000000000010203040102030406070809FD
:104190000002010200020102010002000400080006
:1041A0001000200040008000000100020004000810
:1041B0000010002000400080000002580004025857
:1041C00000080258000C025800100258001402584F
:1041D00000180258001C02580020025800240258FF
:1041E000002802580000000000000000000000004D
:1041F00000000000000000000000000000000000BF
:104200000000000000000000000000000000000CA2
:10421000000C000C000C000C000C000C000C000C3E
:10422000000C000C0000000C000C0000000000005E
:104230000000001B001B001B001B001B00000000F7
:10424000000000000000000000000000000000006E
:104250000000000000008019801980198019C07FBB
:10426000C07F80190033C07FC07F0033003300332C
:1042700000330000000000000000001E003F8075B9
:1042800080650074003C001E000780058065806525
:104290008075003F001E0004000400000000007054
:1042A00000D840D8C0D880D900730006000C801B0D
:1042B000C036C066C046C006800300000000000093
:1042C0000000001E003F003300330033001E000CCE
:1042D000C03CC066806380618063C03E801C00007B
:1042E000000000000000000C000C000C000C000C92
:1042F00000000000000000000000000000000000BE
:104300000000000000000000800000010003000623
:1043100000060004000C000C000C000C000C000C4B
:1043200000040006000600030001800000200010C9
:104330000018000C000C0004000600060006000631
:10434000000600060004000C000C001800100020FD
:104350000000000C002D003F001E00330000000094
:10436000000000000000000000000000000000004D
:1043700000000000000000000000000C000C000C19
:10438000000CC0FFC0FF000C000C000C000C000073
:10439000000000000000000000000000000000001D
:1043A000000000000000000000000000000000000D
:1043B0000000000C000C00040004000800000000D5
:1043C0000000000000000000000000000000001ECF
:1043D000001E0000000000000000000000000000BF
:1043E00000000000000000000000000000000000CD
:1043F00000000000000000000000000C000C0000A5
:104400000000000000000003000300030006000697
:1044100000060006000C000C000C000C0018001830
:1044200000180000000000000000001E003F0033E4
:10443000806180618061806D806D8061806180615C
:104440000033003F001E00000000000000000006D6
:10445000000E001E003600260006000600060006BC
:10446000000600060006000600060000000000002E
:104470000000001E003F80738061806180010003A6
:104480000006000C001800300060807F807F000074
:10449000000000000000001C003E006300630003F9
:1044A000000E000E00038001800180618073003FD8
:1044B000001E00000000000000000006000E000EBC
:1044C000001E001E0016003600360066807F807FCA
:1044D0000006000600060000000000000000007F4B
:1044E000007F006000600060006E007F80638001DC
:1044F000800180618073003F001E0000000000000A
:104500000000001E003F803380610060006E007F6D
:1045100080738061806180618033003F001E0000F5
:10452000000000000000807F807F80010003000306
:1045300000060006000C000C000C00080018001813
:1045400000180000000000000000001E003F806313
:10455000806180610021001E003F80618061806178
:104560008061003F001E0000000000000000001EEF
:10457000003F00738061806180618073803F801D97
:10458000800180610073003F001E000000000000F9
:1045900000000000000000000000000C000C000003
:1045A00000000000000000000000000C000C0000F3
:1045B00000000000000000000000000000000000FB
:1045C000000C000C00000000000000000000000CC7
:1045D000000C0004000400080000000000000000BF
:1045E00080008003000E003800600038000E800359
:1045F000800000000000000000000000000000003B
:10460000000000000000807F807F00000000807FAD
:10461000807F00000000000000000000000000009B
:10462000000000000000000000400070001C0007B7
:1046300080010007001C0070004000000000000026
:10464000000000000000001F803FC071C060C0007B
:10465000C00180030007000E000C000C0000000CDD
:10466000000C0000000000000000001E003F803130
:1046700080718063806F806D806D806F8067006067
:104680000032003E001C0000000000000000000E90
:10469000000E001B001B001B001B80318031803F7F
:1046A000803F8031C060C060C0600000000000003A
:1046B0000000007C007E0063006300630063007EF6
:1046C000007E0063806180618063007F007E000067
:1046D000000000000000001E003F8031806100608B
:1046E0000060006000600060006080618031003F19
:1046F000001E0000000000000000007C007F00633E
:10470000806380618061806180618061806100631D
:104710000063007E007C0000000000000000807F3D
:10472000807F0060006000600060007F007F0060AC
:10473000006000600060807F807F0000000000005B
:104740000000807F807F0060006000600060007F6C
:10475000007F00600060006000600060006000009A
:10476000000000000000001E003F803180610060FA
:104770000060006080638063806180618031803F81
:10478000001E000000000000000080618061806168
:10479000806180618061807F807F806180618061D5
:1047A0008061806180610000000000000000003F27
:1047B000003F000C000C000C000C000C000C000C66
:1047C000000C000C000C003F003F00000000000047
:1047D0000000800180018001800180018001800152
:1047E00080018001806180618073003F001E0000B5
:1047F000000000000000C060806100630066006689
:10480000006C0078007C0066006600638061806157
:10481000C060000000000000000000600060006058
:104820000060006000600060006000600060006088
:104830000060807F807F0000000000000000C071E9
:10484000C071C07BC07AC06AC06AC06EC064C060FC
:10485000C060C060C060C060C060000000000000B8
:10486000000080718071807980798079806D806DA1
:10487000806D8065806780678067806380630000EB
:10488000000000000000001E003F003380618061D6
:104890008061806180618061806180610033003F60
:1048A000001E0000000000000000007E007F80630A
:1048B0008061806180618063007F007E00600060B5
:1048C0000060006000600000000000000000001EAA
:1048D000003F003380618061806180618061806120
:1048E000806580670033803F401E000000000000AC
:1048F0000000007E007F8063806180618063007FB4
:10490000007E00660063006380618061C06000001B
:10491000000000000000000E001F803180310030D8
:104920000038001E00078003806180618031003FF5
:10493000001E0000000000000000C0FFC0FF000CCF
:10494000000C000C000C000C000C000C000C000C07
:10495000000C000C000C0000000000000000806152
:10496000806180618061806180618061806180613F
:10497000806180618073003F001E00000000000025
:104980000000C060C060C060803180318031001B99
:10499000001B001B001B000E000E000E0004000098
:1049A000000000000000C0C0C0C0C0C0C0C0C0C087
:1049B000C0CC804C804C805E80528052807380617D
:1049C00080610000000000000000C0C080608061C5
:1049D0000033003B001E000C000C001E001F003BBB
:1049E00080718061C0C00000000000000000C0C0F5
:1049F0008061806100330033001E001E000C000C3B
:104A0000000C000C000C000C000C0000000000006A
:104A10000000803F803F8001000300030006000C7F
:104A2000000C0018001800300060807F807F0000BC
:104A300000000000000F000F000C000C000C000C28
:104A4000000C000C000C000C000C000C000C000C06
:104A5000000C000C000F000F0000001800180018D8
:104A6000000C000C000C000C0006000600060006FE
:104A7000000300030003000000000000001E001EF1
:104A800000060006000600060006000600060006F6
:104A9000000600060006000600060006001E001EB6
:104AA0000000000C000C001E001200330033806177
:104AB0008061000000000000000000000000000015
:104AC00000000000000000000000000000000000E6
:104AD00000000000000000000000000000000000D6
:104AE00000000000E0FF0000000000380018000C8B
:104AF00000000000000000000000000000000000B6
:104B000000000000000000000000000000000000A5
:104B1000000000000000001F803F80618001801FB6
:104B2000803F80618063807FC0380000000000000B
:104B300000000060006000600060006E007F807315
:104B400080618061806180618073007F006E000001
:104B50000000000000000000000000000000001E37
:104B6000003F807380610060006080618073003F5F
:104B7000001E000000000000000080018001800194
:104B80008001801D803F80738061806180618061D1
:104B90008073803F801D00000000000000000000C6
:104BA000000000000000001E003F00738061807F55
:104BB000807F00608071003F001E00000000000048
:104BC0000000C007C00F000C000C807F807F000C2D
:104BD000000C000C000C000C000C000C000C000081
:104BE000000000000000000000000000801D803F69
:104BF000807380618061806180618073803F801DEF
:104C000080018063007F003E000000600060006063
:104C10000060006F807F8071806180618061806151
:104C200080618061806100000000000000000006DB
:104C3000000600000000003E003E000600060006E0
:104C40000006000600060006000600000000000046
:104C50000006000600000000003E003E00060006C0
:104C600000060006000600060006000600060046D4
:104C7000007E003C00000060006000600060806119
:104C800000630066006C007C007600630063806156
:104C9000C0600000000000000000003E003E000672
:104CA00000060006000600060006000600060006D4
:104CB00000060006000600000000000000000000E2
:104CC00000000000000080DDC0FFC0CEC0CCC0CC22
:104CD000C0CCC0CCC0CCC0CCC0CC00000000000018
:104CE00000000000000000000000006F807F807165
:104CF000806180618061806180618061806100008D
:104D00000000000000000000000000000000001E85
:104D1000003F807380618061806180618073003FAB
:104D2000001E000000000000000000000000000065
:104D3000006E007F8073806180618061806180731C
:104D4000007F006E006000600060006000000000F6
:104D500000000000801D803F807380618061806161
:104D600080618073803F801D80018001800180010F
:104D7000000000000000000000000067803F0039D4
:104D800000300030003000300030003000300000D3
:104D90000000000000000000000000000000001EF5
:104DA000803F80610060007F803F80018061007FE4
:104DB000001E0000000000000000000000080018B5
:104DC0000018007F007F0018001800180018001855
:104DD0000018801F800F000000000000000000008D
:104DE000000000000000806180618061806180615E
:104DF000806180618063807F803D00000000000052
:104E000000000000000000000000C0608031803120
:104E10008031001B001B001B000E000E000600006E
:104E2000000000000000000000000000000080DD25
:104E300080DD80DD005500550055007700770022A9
:104E40000022000000000000000000000000000040
:104E50000000806100330033001E000C000C001EB7
:104E600000330033806100000000000000000000FB
:104E70000000000080618061803100330033001B3E
:104E8000001B001B000E000E000E001C007C0070BA
:104E900000000000000000000000C07FC07F800113
:104EA00000030006000C00180030C07FC07F000027
:104EB00000000000800380070006000600060006D0
:104EC0000006000E001C001C000E00060006000676
:104ED00000060006800780030006000600060006A4
:104EE0000006000600060006000600060006000692
:104EF0000006000600060006000600060038003C1A
:104F0000000C000C000C000C000C000E0007000749
:104F1000000E000C000C000C000C000C003C0038D3
:104F200000000000000000000000000000008038C9
:104F3000807F00470000000000000000000000002B
:104F40000000000000000000000000000000000061
:104F50000000000000000000000000000000000051
:104F60000000000000000000000000000000000041
:104F70000000000000000000E003E003E003E003A5
:104F8000E003E003E003E003C003C003C001C0018D
:104F9000C001C001C001000000000000E003E00308
:104FA000E003000000000000000000003C1E3C1E6A
:104FB0003C1E3C1E3C1E3C1E3C1E0000000000002F
:104FC00000000000000000000000000000000000E1
:104FD00000000000000000000000000000000000D1
:104FE000CE01CE03DE039E039C039C07FF3FFF7FA1
:104FF0003807380F780F780F780EFFFFFFFFF01E8D
:10500000F01CE01CE03CE03DE03900000000000046
:1050100000000000FC03FE0FEE1FE01EE01EE01E7D
:10502000E01EE01FE00FE007F003FC01FE01FE01BF
:10503000FE01FE01FE01FE01FE3DFC3FF00FE0011E
:10504000E001000000000000033E07F78FE78EE755
:105050009EE3BCE3B8E7F8E7F0F7E03FC001FF03E9
:10506000FF07F307F30FF31EF33CF338F3787FF0F9
:105070003FE000000000000000000000E007F80F23
:10508000780F781F781F781F780FF00FE00F801FC0
:10509000C37FC3FBE7F3F7F1F7F0FFF07FF03EF8D3
:1050A0007F7CFF3FEF1F00000000000000000000B9
:1050B000E003E003E003E003E003C003C0010000FD
:1050C00000000000000000000000000000000000E0
:1050D00000000000000000000000000000000000D0
:1050E000000000003F007C00F001E001C003C007A9
:1050F00080078007800F000F000F000F000F000FC8
:10510000000F800F80078007C007C003E001F00197
:105110007C003F000F000000007E001FC007C0039E
:10512000E001F001F000F000F8007800780078006D
:10513000780078007800F800F000F000F001E0015D
:10514000C003C007001F007E00780000E003C0031A
:10515000C001CE39FF3F7F3F20037003F807780F6F
:105160003C1F3806000000000000000000000000A6
:10517000000000000000000000000000000000002F
:10518000000000000000000000000000C001C0019D
:10519000C001C001C001C001C001FFFFFFFFC0018D
:1051A000C001C001C001C001C0010000000000003A
:1051B00000000000000000000000000000000000EF
:1051C00000000000000000000000000000000000DF
:1051D000000000000000E003E003E003E003E00162
:1051E000E001E001C00180030000000000000000B9
:1051F0000000000000000000000000000000FE3F72
:10520000FE3F000000000000000000000000000061
:10521000000000000000000000000000000000008E
:10522000000000000000000000000000000000007E
:105230000000000000000000000000000000E0038B
:10524000E003E003E00300000000000000000000B5
:105250000F000F001E001E003C003C00780078008C
:10526000F000F000E001E001C003C0038007800708
:10527000000F000F001E001E003C003C007800786C
:1052800000F00000F007F80F7C1F3E3E1E3C1F7C24
:105290001F7C0F780F780F780F780F780F780F78C2
:1052A0001F7C1F7C1E3C3E3E7C1FF80FF007000059
:1052B0000000000000000000F000F007F03FF03FA9
:1052C000F001F001F001F001F001F001F001F00156
:1052D000F001F001F001F001F001F001F001FF3FF9
:1052E000FF3F00000000000000000000E00FF83F5A
:1052F0007C3C3C003E003E003E003C003C007C000C
:10530000F800F001E003C0078007000F001E003E18
:10531000003CFE3FFE3F00000000000000000000D7
:10532000F00FF81F7C1C3E003E003E003C003C009D
:10533000F800F00FF80F7C003E001E001E001E005B
:105340001E003E007C1CF81FE01F00000000000053
:10535000000000007800F800F800F801F803F807F2
:10536000F807780F781E781E783C78787878FFFFF9
:10537000FFFF78007800780078007800780000005F
:105380000000000000000000FC1FFC1FFC1F001EAE
:10539000001E001E001E001EE01FF81FFC007C0007
:1053A0003E003E001E003E003E003C007C1CF81FFC
:1053B000E01F00000000000000000000FC01FE07EC
:1053C0008E0F001F001E003E003C003CF83DFC3FDD
:1053D0003E7F1F7E0F3C0F3C0F3C0F3C0F3E1F1EBD
:1053E0003E1FFC0FF0030000000000000000000062
:1053F000FF3FFF3FFF3F0F001E001E003C00380034
:105400007800F000F000E001E001C003C003800775
:10541000800F800F000F001F001F00000000000021
:1054200000000000F807FC0F3E1F1E1E1E3E1E3E21
:105430001E1E3C1FF80FF007F80FFC1E3E3E1F3CDF
:105440001F7C0F7C0F7C1F3C3E3FFC1FF0070000C1
:105450000000000000000000F007F80F7C1E3E3C3A
:105460001E3C1F7C1F7C1F7C1F7C1F3C3F3EFF1F80
:10547000EF071F001E001E003E003C00F838F03F02
:10548000E01F00000000000000000000000000001D
:105490000000000000000000E003E003E003E00380
:1054A0000000000000000000000000000000E00319
:1054B000E003E003E0030000000000000000000043
:1054C000000000000000000000000000E003E00316
:1054D000E003E00300000000000000000000000006
:1054E0000000E003E003E003E003E001E001E0018D
:1054F000C003800300000000000000000000000066
:1055000003000F003F00FC00F003C00F003F00FE4F
:10551000003FC00FF003FC003F000F00030000003D
:10552000000000000000000000000000000000007B
:10553000000000000000000000000000FFFFFFFF6F
:10554000000000000000FFFFFFFF0000000000005F
:10555000000000000000000000000000000000004B
:10556000000000000000000000E000F8007E801F46
:10557000E007F8017E001F007E00F801E007801FB1
:10558000007E00F800E000000000000000000000C5
:10559000F01FFC3F3E381F381F381E001E003C0025
:1055A0007800F000E001C003C003C007C00700009E
:1055B00000000000C007C007C00700000000000096
:1055C00000000000F803FE0F1E1F0F3E7F3CFF7817
:1055D000EF79C773C7F38FF38FF38FF39FF39FF3C5
:1055E000FF73FF7BF779003C1C1FFC0FF8030000E2
:1055F0000000000000000000000000000000E003C8
:10560000E003F007F007F007780F780F7C0E3C1EE0
:105610003C1E3E3CFE3FFF3F1F780F780FF007F027
:1056200007F0000000000000000000000000000083
:105630000000F83FFC3F3E3C1E3C1E3C1E3C3E3CF6
:105640007C3CF03FF83F7E3C1F3C1F3C0F3C0F3C36
:105650001F3CFE3FF83F000000000000000000007B
:10566000000000000000FF01FF07871F003E003C14
:10567000007C00780078007800780078007C007C5E
:10568000003E003F831FFF07FF01000000000000F5
:1056900000000000000000000000F07FFC7F7E782A
:1056A0001F781F780F780F780F780F780F780F78A2
:1056B0000F780F781F781E787E78F87FE07F0000E3
:1056C0000000000000000000000000000000FF3F9C
:1056D000FF3F003E003E003E003E003E003EFE3FDB
:1056E000FE3F003E003E003E003E003E003EFF3FCB
:1056F000FF3F00000000000000000000000000006C
:105700000000FF1FFF1F001E001E001E001E001EC7
:10571000001EFF1FFF1F001E001E001E001E001E99
:10572000001E001E001E000000000000000000001F
:10573000000000000000FE03FF0F871F003E007CFA
:10574000007C007800F800F87FF87FF80F780F7C75
:105750000F7C0F3E8F1FFF0FFE03000000000000B4
:10576000000000000000000000001F7C1F7C1F7C68
:105770001F7C1F7C1F7C1F7C1F7CFF7FFF7F1F7C8B
:105780001F7C1F7C1F7C1F7C1F7C1F7C1F7C0000DC
:105790000000000000000000000000000000FF3FCB
:1057A000FF3FE003E003E003E003E003E003E00386
:1057B000E003E003E003E003E003E003E003FF3F76
:1057C000FF3F00000000000000000000000000009B
:1057D0000000FC1FFC1F7C007C007C007C007C0027
:1057E0007C007C007C007C007C007C0078007800E1
:1057F000F838F03FC03F000000000000000000004B
:105800000000000000001F3C1E3C3C3C783CF03C8B
:10581000E03DE03FC03F803FC03FE03FF03DF03C17
:10582000783C7C3C3E3C1F3C0F3C000000000000EC
:1058300000000000000000000000003E003E003EAE
:10584000003E003E003E003E003E003E003E003E68
:10585000003E003E003E003E003EFF3FFF3F000096
:1058600000000000000000000000000000001FF821
:105870001FFC1FFC3FFE3FFE3FFE7FFF77FF77FFD1
:10588000F7F7E7F7E7F3E7F3C7F307F007F007F0F9
:1058900007F0000000000000000000000000000011
:1058A00000000F7C0F7C0F7E0F7F0F7F8F7F8F7F1D
:1058B000CF7FEF7BEF79FF79FF78FF787F783F78B4
:1058C0003F781F781F7800000000000000000000F3
:1058D000000000000000F007FC1F3E3E1F7C0F7818
:1058E0000F780FF80FF80FF80FF80FF80FF80F7880
:1058F0000F781F7C3E3EFC1FF007000000000000F8
:1059000000000000000000000000FC3FFF3F1F3EC1
:105910000F3E0F3E0F3E0F3E1F3E3F3EFC3FF03F0F
:10592000003E003E003E003E003E003E003E0000C5
:105930000000000000000000000000000000F00770
:10594000FC1F3E3E1F7C0F780F780FF80FF80FF802
:105950000FF80FF80FF80F780F781F7C3E3EFC1FF2
:10596000F8077C003F000F0003000000000000006B
:105970000000F03FFC3F7E3C3E3C1E3C1E3C3E3C5B
:105980003C3CFC3CF03FE03FF03DF83C7C3C3E3C86
:105990001E3C1F3C0F3C0000000000000000000007
:1059A000000000000000FC07FE1F0E3E003C003C13
:1059B000003C003EC01FF80FFE037F001F000F00D9
:1059C0000F001F203E3CFC3FF01F000000000000C5
:1059D00000000000000000000000FFFFFFFFE003E8
:1059E000E003E003E003E003E003E003E003E0039F
:1059F000E003E003E003E003E003E003E003000072
:105A000000000000000000000000000000000F7C0B
:105A10000F7C0F7C0F7C0F7C0F7C0F7C0F7C0F7C2E
:105A20000F7C0F7C0F7C0F7C1E3C1E3C3E3EFC1FFF
:105A3000F00700000000000000000000000000006F
:105A4000000007F007F007F80F780F7C1E3C1E3CA3
:105A50001E3E3C1E3C1F781F780FF80FF007F00722
:105A6000F007E003E0030000000000000000000079
:105A700000000000000003E003F003F007F0E7F38C
:105A8000E7F3E7F3E773F77BF77FFF7F7F7F7F7FA6
:105A90007E7F7E3F3E3E3E3E3E3E000000000000D8
:105AA0000000000000000000000007F80F7C1E3E10
:105AB0003E3E3C1FF80FF007E007E003E003F0076D
:105AC000F80F7C0F7C1E3E3C1F780F780FF0000013
:105AD000000000000000000000000000000007F8C7
:105AE00007780F7C1E3C1E3E3C1F780FF80FF00716
:105AF000E003E003E003E003E003E003E003E0038E
:105B0000E0030000000000000000000000000000B2
:105B10000000FF7FFF7F0F001F003E007C00F800A9
:105B2000F000E001E003C007800F000F001E003E00
:105B3000007CFF7FFF7F00000000000000000000ED
:105B4000FF0780078007800780078007800780079E
:105B5000800780078007800780078007800780070D
:105B60008007800780078007800780078007FF077E
:105B7000FF07000000780078003C003C001E001E7B
:105B8000000F000F80078007C003C003E001E001A1
:105B9000F000F000780078003C003C001E001E0081
:105BA0000F000F0007000000F07FF000F000F00091
:105BB000F000F000F000F000F000F000F000F00065
:105BC000F000F000F000F000F000F000F000F00055
:105BD000F000F000F000F07FF07F0000C000C00196
:105BE000C001E003E003F007F0077807780F380FF3
:105BF0003C1E3C1E1E3C1E3C0F380F7807780000F0
:105C00000000000000000000000000000000000094
:105C10000000000000000000000000000000000084
:105C20000000000000000000000000000000000074
:105C300000000000000000000000FFFFFFFF000068
:105C400000000000F0000000000000000000000064
:105C50000000000000000000000000000000000044
:105C60000000000000000000000000000000000034
:105C70000000000000000000000000000000000024
:105C800000000000F80FFC3F7C3C3E003E003E0060
:105C9000FE07FE1F3E3E3E7C3E783E7C7E7CFF3F04
:105CA000CF1F00000000000000000000003C003C8E
:105CB000003C003C003C003CF83DFE3F3E3F1F3EA8
:105CC0000F3C0F3C0F3C0F3C0F3C0F3C1F3C1E3C5D
:105CD0003E3FFC3FF03B00000000000000000000E1
:105CE000000000000000000000000000FE03FF0FA5
:105CF000871F003E003E003C007C007C007C003C96
:105D0000003E003E871FFF0FFE0300000000000062
:105D1000000000001F001F001F001F001F001F00C9
:105D2000FF07FF1F3F3E1F3C1F7C1F7C1F7C1F780F
:105D30001F781F7C1F7C3F3C7F3EFF1FDF0F000052
:105D40000000000000000000000000000000000053
:105D500000000000F803FC0F3E1F1E3E1F3C1F7C8E
:105D6000FF7FFF7F007C007C003C003E071FFF0F91
:105D7000FE0300000000000000000000FF01E1033E
:105D8000C003C007C007C007FF7FFF7FC007C00771
:105D9000C007C007C007C007C007C007C007C007CB
:105DA000C007C007C007000000000000000000009E
:105DB000000000000000000000000000EF07FF1FCF
:105DC0007F3E1F3C1F7C1F7C1F781F781F781F7C25
:105DD0001F7C3F3C7F3EFF1FDF0F1E001E001E008A
:105DE0007C38F83F003C003C003C003C003C003C60
:105DF000FC3DFE3F9E3F1F3F1F3E1F3C1F3C1F3C84
:105E00001F3C1F3C1F3C1F3C1F3C1F3C1F3C000015
:105E10000000000000000000F001F00100000000A0
:105E200000000000E07FE07FE001E001E001E00130
:105E3000E001E001E001E001E001E001E001E0015A
:105E4000E00100000000000000000000F800F80081
:105E50000000000000000000F83FF83FF800F800E4
:105E6000F800F800F800F800F800F800F800F80072
:105E7000F800F800F800F800F800F000F071E07F9A
:105E8000003C003C003C003C003C003C1F3C3E3CD5
:105E90007C3CF83CF03DE03DC03FC03FE03FF03D82
:105EA000F83C7C3C3E3C1F3C1F3C000000000000D6
:105EB00000000000F07FF001F001F001F001F001BE
:105EC000F001F001F001F001F001F001F001F0014A
:105ED000F001F001F001F001F001F001F00100002B
:105EE00000000000000000000000000000000000B2
:105EF000000000009EF7FFFFFFFFFFFFE7FBE7F951
:105F0000C7F1C7F1C7F1C7F1C7F1C7F1C7F1C7F1D1
:105F1000C7F10000000000000000000000000000C9
:105F20000000000000000000FC3DFE3F9E3F1F3FC0
:105F30001F3E1F3C1F3C1F3C1F3C1F3C1F3C1F3C87
:105F40001F3C1F3C1F3C0000000000000000000040
:105F5000000000000000000000000000F007FC1F2F
:105F60003E3E1F3C1F7C0F780F780F780F780F781C
:105F70001F7C1F3C3E3EFC1FF0070000000000009D
:105F80000000000000000000000000000000000011
:105F9000F83DFE3F3E3F1F3E0F3C0F3C0F3C0F3C89
:105FA0000F3C0F3C1F3C1E3E3E3FFC3FF83F003C79
:105FB000003C003C003C003C0000000000000000F1
:105FC00000000000EE07FE1F7E3E1E3C1E7C1E7879
:105FD0001E781E781E781E781E7C3E7C7E3EFE1F3C
:105FE000DE0F1E001E001E001E001E00000000002E
:105FF00000000000000000007F1FFF1FE71FC71FF9
:10600000871F001F001F001F001F001F001F001F11
:10601000001F001F001F0000000000000000000023
:10602000000000000000000000000000FC07FE1F50
:106030000E1E003E003E003FE01FFC07FE003E003B
:106040001E001E003E3CFC3FF01F00000000000050
:1060500000000000000000000000800780078007AB
:10606000FF7FFF7F8007800780078007800780070A
:106070008007800780078007C007FF03FF0100003B
:106080000000000000000000000000000000000010
:10609000000000001E3C1E3C1E3C1E3C1E3C1E3CE4
:1060A0001E3C1E3C1E3C1E3C3E3C7E3CFE3EFE1FFB
:1060B000DE0F0000000000000000000000000000F3
:1060C000000000000000000007F00F780F781E3C71
:1060D0001E3C1E3E3C1E3C1E780F780FF00FF00752
:1060E000F007E003E00300000000000000000000F3
:1060F00000000000000000000000000003F0E3F1D9
:10610000E3F3E7F3F7F3F7F3F77F777F7F7F7F7FA3
:106110007F7F3E3E3E3E3E3E3E3E00000000000091
:10612000000000000000000000000000000000006F
:106130000F7C1E3E3C3E3C1FF80FF007F007E003CB
:10614000F007F807F80F7C1E3E3E1F3C1F7800004A
:10615000000000000000000000000000000000003F
:106160000000000007F80F780F7C1E3C1E3C3C1E10
:106170003C1E3C1F780FF80FF007F007E003E00328
:10618000C003C003C0038007800F007F0000000031
:106190000000000000000000FF3FFF3F1F003E0026
:1061A0007C00F800F001E003C007800F001F001E14
:1061B000003CFF7FFF7F00000000000000000000A7
:1061C000FE01E003C003C003C003C003E001E0011F
:1061D000E001C001C003803F803FC003C001E00177
:1061E000E001E001C003C003C003C003E003FE01FF
:1061F0007E000000C001C001C001C001C001C0019B
:10620000C001C001C001C001C001C001C001C00186
:10621000C001C001C001C001C001C001C001C00176
:10622000C001C001C0010000C03FE003E001E00187
:10623000E001E001C001C003C003C001E001FE00B5
:10624000FE00E001C001C003C003C001E001E001A5
:10625000E001E001E003C03F003F0000000000005B
:10626000000000000000000000000000000000002E
:106270000000073FC77FE773FFF17EF000000000DA
:10628000000000000000000000000000000000000E
:1062900000061016000610160B00FF00E400002494
:1062A000CC000024D80000249C0000240801002415
:1062B000F0000024FC000024A80000242C0100248D
:1062C0001401002420010024B40000240C9C0524A7
:1062D000F49B0524009C0524DC9B0524309C0524AC
:1062E000189C0524249C0524E89B052450010024C7
:1062F0003801002444010024C00000240180808073
:106300008080808004808080808080800880808081
:10631000808080801080808080808080208080804D
:1063200080808080400000000004081020400000B1
:106330000204081020400000000000000000F03FB0
:10634000748515D3B0D9EF3F0F89F96C58B5EF3F7D
:10635000515B12D00193EF3F7B517D3CB872EF3F10
:10636000AAB968318754EF3F3862756E7A38EF3FCB
:10637000E1DE1FF59D1EEF3F15B7310AFE06EF3F28
:10638000CBA93A37A7F1EE3F2234124CA6DEEE3FFE
:106390002D89616008CEEE3F272A36D5DABFEE3F61
:1063A000824F9D562BB4EE3F295448DD07ABEE3F9C
:1063B00085553AB07EA4EE3FCD3B7F669EA0EE3F72
:1063C000745FECE8759FEE3F8701EB7314A1EE3F1D
:1063D00013CE4C9989A5EE3FDBA02A42E5ACEE3FF7
:1063E000E5C5CDB037B7EE3F90F0A38291C4EE3F44
:1063F0005D253EB203D5EE3FADD35A999FE8EE3FFF
:10640000475EFBF276FFEE3F9C5285DD9B19EF3F26
:106410006990EFDC2037EF3F87A4FBDC1858EF3F93
:106420005F9B7B33977CEF3FDA90A4A2AFA4EF3F52
:1064300040456E5B76D0EF3F000000000000E84270
:106440009423914BF86AAC3FF3C4FA50CEBFCE3FD1
:10645000D6520CFF422EE63F0000000000003843F9
:10646000FE822B65471547409423914BF86ABC3E4A
:10647000F3C4FA50CEBF2E3FD6520CFF422E963FA9
:10648000BEF3F879EC61F63F1930965BC6FEDEBFCD
:106490003D88AF4AED71F53FA4FCD432680BDBBFF9
:1064A000B010F0F03995F43F7BB71F0A8B41D7BF8E
:1064B0008503B8B095C9F33F7BCF6D1AE99DD3BF73
:1064C000A564880C190DF33F31B6F2F39B1DD0BFC4
:1064D000A08E0B7B225EF23FF07A3B1B1D7CC9BF76
:1064E0003F341A4A4ABBF13F9F3CAF93E3F9C2BF26
:1064F000BAE58AF05823F13F5C8D78BFCB60B9BF15
:10650000A70099413F95F03FCE5F47B69D6FAABF68
:10651000000000000000F03F00000000000000004C
:10652000AC479AFD8C60EE3F3DF5249FCA38B33FDF
:10653000A06A021FB3A4EC3FBA913854A976C43FB5
:10654000E6FC6A573620EB3FD2E4C44A0B84CE3FC8
:106550002DAAA163D1C2E93F1C65C6F04506D43F10
:10656000ED417803E686E83FF89F1B2C9C8ED83FD0
:10657000624853F5DC67E73FCC7BB14EA4E0DC3FDB
:106580004D7E0AF7B612D7BFE0326849BFCADE3F78
:10659000DEE3FA9F4715E7BFB8C8355F4715F73FF9
:1065A000A2000000F9A2000083F9A2006E83F9A204
:1065B0004E6E83F9444E6E8315444E6E2915444E3B
:1065C000FC29154427FC29155727FC29D15727FCFE
:1065D000F5D1572734F5D157DD34F5D1C0DD34F589
:1065E000DBC0DD3462DBC0DD9562DBC0999562DB28
:1065F0003C999562433C999590433C994190433C2A
:10660000000000000000F03F000000000000F0BFAC
:10661000000000000000F0BF000000000000F03F9C
:1066200083C8C96D305F6441182D4454FB21F93F84
:10663000000000000000F03F1C620CFDFFFFDFBF08
:10664000198F06E15355A53F9D359AE887C056BF7F
:10665000C3F87B024393F93E03A695595455C5BF31
:10666000C40B23057610813F24CF7437EB9429BFE8
:10667000000000000000F03F000000000000F0BF3C
:10668000000000000000F0BF000000000000F03F2C
:1066900083C8C96D305F6441182D4454FB21F93F14
:1066A000000000000000F0BF1C620CFDFFFFDF3F98
:1066B000198F06E15355A5BF9D359AE887C0563F0F
:1066C000C3F87B024393F9BE03A695595455C5BF41
:1066D000C40B23057610813F24CF7437EB9429BF78
:1066E000000000000000008000000000000000002A
:1066F000000000000000000000000000000000009A
:106700000000000000000000000000000000000089
:106710000000000000000000000000000000000079
:106720000000000000000000000000000000000069
:106730000000000000000000000000000000000059
:106740000000000000000000232D302B2000686CAA
:106750004C00656667454647003031323334353684
:1067600037383941424344454600303132333435BD
:10677000363738396162636465660000F8B500BF7A
:10678000F8BC08BC9E467047F8B500BFF8BC08BC12
:046790009E4670476A
:0867940028A2FE7F01000000B5
:10679C00C50200085D2A0008994100084D51000807
:1067AC00755700085163000831F0000829F50008FE
:0467BC008D01010842
:0467C000A10200082A
:1067C40000000000EC400108F0400108F44001081A
:1067D400F8400108FC400108004101080441010897
:1067E400084101080C410108104101081441010845
:1067F4001841010810000000000000000000000023
:106804000000000000000000000000001000000074
:106814000000000000000000000000000000000074
:106824000000000010000000000000000000000054
:106834000000000000000000000000000090D003F1
:106844000090D0030B120000E8410108101A000068
:10685400444F01080100000010000000060A050072
:106864000405000000000000010C050104070109F3
:106874000500000000040600000000000000000005
:1068840000040800000000000000000001040500EE
:1068940006050609050000000105050007050000BE
:1068A40000000000060B05000505000000000000C4
:1068B400010E0502020500000000000002010501AE
:1068C4000F0502030500000003030500000000009B
:1068D40000000000020B0601040600000000000096
:1068E400020C06010507000000000000020A060071
:1068F4000000000000000000010408000608000079
:106904000000000001050800070800000000000066
:106914000005080000000000000000000000000066
:106924000000000000000000000000000000000063
:106934000000000001000000000000000000000052
:106944000000000000000000000000000000000043
:106954000100000000000000000000000000000032
:106964000000000000000000000000000100000022
:106974000000000000000000000000000000000013
:106984000000000000000000010000000000000002
:1069940000000000000000000000000000000000F3
:1069A40000000000010000000000000000000000E2
:1069B40000000000000000000000000000000000D3
:1069C40001000000000000000000000000000000C2
:1069D40000000000000000000000000001000000B2
:1069E40000000000000000000000000000000000A3
:1069F4000000000000000000010000000000000092
:106A04000000000000000000000000000000000082
:106A14000000000001000000000000000000000071
:106A24000000000000000000000000000000000062
:106A34000100000000000000000000000000000051
:106A44000000000000000000000000000100000041
:106A54000000000000000000000000000000000032
:106A64000000000000000000010000000000000021
:106A74000000000000000000000000000000000012
:106A840000000000010000000107080000000000F1
:106A940000000000010608000000000000000000E3
:106AA4000B00FF0074030024680300248C030024FB
:106AB40080030024A4030024980300243803002442
:106AC4002C030024500300244403002408AD0524AF
:106AD400B00300245C030024E4AC0524FCAC0524CE
:106AE400F0AC0524D4020024C802002401080802E2
:106AF4000B08000108000000010908020A08000050
:106B040008000000010C0E03020801050E0000003D
:106B1400020C0801060E00000000000001040B0036
:106B24000000000000000000010707010F0400003E
:106B340000000000010607010E0400000000000030
:106B4400000307000000000000000000000207002E
:106B54000000000000000000020B0700000000001D
:106B640000000000020A070000000000000000000E
:106B7400060907000000000000FF0000C003002415
:106B8400000000000867010828670108E86601089A
:106B940000000000000000000000000000000000F1
:106BA40000000000000000000000000000000000E1
:106BB40000000000000000000000000000000000D1
:106BC40000000000000000000000000000000000C1
:106BD40000000000000000000000000000000000B1
:0400000508000C954E
:00000001FF
