ARM GAS  C:\Users\FINNDY~1\AppData\Local\Temp\ccAKb7Rb.s 			page 1


   1              		.cpu cortex-m7
   2              		.eabi_attribute 28, 1
   3              		.eabi_attribute 20, 1
   4              		.eabi_attribute 21, 1
   5              		.eabi_attribute 23, 3
   6              		.eabi_attribute 24, 1
   7              		.eabi_attribute 25, 1
   8              		.eabi_attribute 26, 1
   9              		.eabi_attribute 30, 2
  10              		.eabi_attribute 34, 1
  11              		.eabi_attribute 18, 4
  12              		.file	"main.cpp"
  13              		.text
  14              	.Ltext0:
  15              		.cfi_sections	.debug_frame
  16              		.section	.text._ZN5daisy11TimerHandleD2Ev,"axG",%progbits,_ZN5daisy11TimerHandleD5Ev,comdat
  17              		.align	1
  18              		.p2align 2,,3
  19              		.weak	_ZN5daisy11TimerHandleD2Ev
  20              		.arch armv7e-m
  21              		.syntax unified
  22              		.thumb
  23              		.thumb_func
  24              		.fpu fpv5-d16
  26              	_ZN5daisy11TimerHandleD2Ev:
  27              	.LVL0:
  28              	.LFB1257:
  29              		.file 1 "../../libDaisy/src/per/tim.h"
   1:../../libDaisy/src/per/tim.h **** #pragma once
   2:../../libDaisy/src/per/tim.h **** #ifndef DSY_TIM_H
   3:../../libDaisy/src/per/tim.h **** #define DSY_TIM_H
   4:../../libDaisy/src/per/tim.h **** 
   5:../../libDaisy/src/per/tim.h **** #include <cstdint>
   6:../../libDaisy/src/per/tim.h **** 
   7:../../libDaisy/src/per/tim.h **** namespace daisy
   8:../../libDaisy/src/per/tim.h **** {
   9:../../libDaisy/src/per/tim.h **** /** @brief Hardare timer peripheral support.
  10:../../libDaisy/src/per/tim.h ****  ** 
  11:../../libDaisy/src/per/tim.h ****  ** Supports general-function TIM peripherals:
  12:../../libDaisy/src/per/tim.h ****  ** - TIM2, TIM3, TIM4, TIM5
  13:../../libDaisy/src/per/tim.h ****  **
  14:../../libDaisy/src/per/tim.h ****  ** DaisySeed, and many internal peripherals utilize TIM2 for timing/delay purposes.
  15:../../libDaisy/src/per/tim.h ****  ** It is configured to be at the maximum frequency: typically 200MHz or 240MHz (boost) 
  16:../../libDaisy/src/per/tim.h ****  ** for measuring/delaying for very short periods. 
  17:../../libDaisy/src/per/tim.h ****  **
  18:../../libDaisy/src/per/tim.h ****  ** The GetUs/GetMs functions are available for convenience (and backwards compatibility),
  19:../../libDaisy/src/per/tim.h ****  ** but to avoid wrapping errors on math when doing time-delta calculations, using ticks is 
  20:../../libDaisy/src/per/tim.h ****  ** recommended. The data can be converted to the final time-base after getting the difference in t
  21:../../libDaisy/src/per/tim.h ****  ** (Using GetFreq() can be used for these time-base calculations).
  22:../../libDaisy/src/per/tim.h ****  **
  23:../../libDaisy/src/per/tim.h ****  ** User callbacks can be set, and changed at any point during operation. However,
  24:../../libDaisy/src/per/tim.h ****  ** the Config::enable_irq must be set to true when initializing for the interrupts
  25:../../libDaisy/src/per/tim.h ****  ** to turn on and function.
  26:../../libDaisy/src/per/tim.h ****  **
  27:../../libDaisy/src/per/tim.h ****  ** @todo Fix issues with realtime getters, and wrapping of the timer(s).
  28:../../libDaisy/src/per/tim.h ****  **     - This very noticeable with default settings for the 16-bit counters.
  29:../../libDaisy/src/per/tim.h ****  ** @todo Other General purpose timers
ARM GAS  C:\Users\FINNDY~1\AppData\Local\Temp\ccAKb7Rb.s 			page 2


  30:../../libDaisy/src/per/tim.h ****  ** @todo Non-internal clock sources
  31:../../libDaisy/src/per/tim.h ****  ** @todo Use of the four-tim channels per tim
  32:../../libDaisy/src/per/tim.h ****  **     - PWM, etc.
  33:../../libDaisy/src/per/tim.h ****  **     - InputCapture/OutputCompare, etc.
  34:../../libDaisy/src/per/tim.h ****  ** @todo HRTIM
  35:../../libDaisy/src/per/tim.h ****  ** @todo Advanced timers (TIM1/TIM8)
  36:../../libDaisy/src/per/tim.h ****  ** */
  37:../../libDaisy/src/per/tim.h **** class TimerHandle
  38:../../libDaisy/src/per/tim.h **** {
  39:../../libDaisy/src/per/tim.h ****   public:
  40:../../libDaisy/src/per/tim.h ****     /** @brief Configuration struct for the Peripheral
  41:../../libDaisy/src/per/tim.h ****      *  @note These settings are used during initialization
  42:../../libDaisy/src/per/tim.h ****      *   and changing them afterwards may not have the desired effect.
  43:../../libDaisy/src/per/tim.h ****      */
  44:../../libDaisy/src/per/tim.h ****     struct Config
  45:../../libDaisy/src/per/tim.h ****     {
  46:../../libDaisy/src/per/tim.h ****         /** @brief Hardware Timer to configure, and use. */
  47:../../libDaisy/src/per/tim.h ****         enum class Peripheral
  48:../../libDaisy/src/per/tim.h ****         {
  49:../../libDaisy/src/per/tim.h ****             TIM_2 = 0, /**< 32-bit counter */
  50:../../libDaisy/src/per/tim.h ****             TIM_3,     /**< 16-bit counter */
  51:../../libDaisy/src/per/tim.h ****             TIM_4,     /**< 16-bit counter */
  52:../../libDaisy/src/per/tim.h ****             TIM_5,     /**< 32-bit counter*/
  53:../../libDaisy/src/per/tim.h ****         };
  54:../../libDaisy/src/per/tim.h **** 
  55:../../libDaisy/src/per/tim.h ****         /** @brief Direction of the auto-reload counter. 
  56:../../libDaisy/src/per/tim.h ****          ** @todo Add support for the various  
  57:../../libDaisy/src/per/tim.h ****          ** versions of Up/Down counters.
  58:../../libDaisy/src/per/tim.h ****          ** */
  59:../../libDaisy/src/per/tim.h ****         enum class CounterDir
  60:../../libDaisy/src/per/tim.h ****         {
  61:../../libDaisy/src/per/tim.h ****             UP = 0,
  62:../../libDaisy/src/per/tim.h ****             DOWN,
  63:../../libDaisy/src/per/tim.h ****         };
  64:../../libDaisy/src/per/tim.h **** 
  65:../../libDaisy/src/per/tim.h ****         Peripheral periph; /**< Hardware Peripheral */
  66:../../libDaisy/src/per/tim.h ****         CounterDir dir;    /**< Counter direction */
  67:../../libDaisy/src/per/tim.h **** 
  68:../../libDaisy/src/per/tim.h ****         /** @brief period in ticks at TIM frequency that counter will reset based on dir
  69:../../libDaisy/src/per/tim.h ****          *  @note TIM3 and TIM4 are both 16-bit timers. So the period maximum is 0xffff.
  70:../../libDaisy/src/per/tim.h ****         */
  71:../../libDaisy/src/per/tim.h ****         uint32_t period;
  72:../../libDaisy/src/per/tim.h ****         bool     enable_irq; /**< Enable interrupt for user based callback */
  73:../../libDaisy/src/per/tim.h **** 
  74:../../libDaisy/src/per/tim.h ****         /* @brief Constructor for default states */
  75:../../libDaisy/src/per/tim.h ****         Config()
  76:../../libDaisy/src/per/tim.h ****         : periph(Peripheral::TIM_2),
  77:../../libDaisy/src/per/tim.h ****           dir(CounterDir::UP),
  78:../../libDaisy/src/per/tim.h ****           period(0xffffffff),
  79:../../libDaisy/src/per/tim.h ****           enable_irq(false)
  80:../../libDaisy/src/per/tim.h ****         {
  81:../../libDaisy/src/per/tim.h ****         }
  82:../../libDaisy/src/per/tim.h ****     };
  83:../../libDaisy/src/per/tim.h **** 
  84:../../libDaisy/src/per/tim.h ****     /** @brief Return values for TIM funcitons. */
  85:../../libDaisy/src/per/tim.h ****     enum class Result
  86:../../libDaisy/src/per/tim.h ****     {
ARM GAS  C:\Users\FINNDY~1\AppData\Local\Temp\ccAKb7Rb.s 			page 3


  87:../../libDaisy/src/per/tim.h ****         OK,
  88:../../libDaisy/src/per/tim.h ****         ERR,
  89:../../libDaisy/src/per/tim.h ****     };
  90:../../libDaisy/src/per/tim.h **** 
  91:../../libDaisy/src/per/tim.h ****     /** @brief User Callback type that will fire at the end of each timer 
  92:../../libDaisy/src/per/tim.h ****      *   period. This requires that Config::enable_irq is true before Init
  93:../../libDaisy/src/per/tim.h ****      *  @param data pointer to arbitrary user-provided data
  94:../../libDaisy/src/per/tim.h ****     */
  95:../../libDaisy/src/per/tim.h ****     typedef void (*PeriodElapsedCallback)(void* data);
  96:../../libDaisy/src/per/tim.h **** 
  97:../../libDaisy/src/per/tim.h ****     TimerHandle() : pimpl_(nullptr) {}
  98:../../libDaisy/src/per/tim.h ****     TimerHandle(const TimerHandle& other) = default;
  99:../../libDaisy/src/per/tim.h ****     TimerHandle& operator=(const TimerHandle& other) = default;
 100:../../libDaisy/src/per/tim.h ****     ~TimerHandle() {}
  30              		.loc 1 100 5 view -0
  31              		.cfi_startproc
  32              		@ args = 0, pretend = 0, frame = 0
  33              		@ frame_needed = 0, uses_anonymous_args = 0
  34              		@ link register save eliminated.
  35              		.loc 1 100 21 is_stmt 0 view .LVU1
  36 0000 7047     		bx	lr
  37              		.cfi_endproc
  38              	.LFE1257:
  40              		.weak	_ZN5daisy11TimerHandleD1Ev
  41              		.thumb_set _ZN5daisy11TimerHandleD1Ev,_ZN5daisy11TimerHandleD2Ev
  42 0002 00BF     		.section	.text._ZN5daisy6SwitchD2Ev,"axG",%progbits,_ZN5daisy6SwitchD5Ev,comdat
  43              		.align	1
  44              		.p2align 2,,3
  45              		.weak	_ZN5daisy6SwitchD2Ev
  46              		.syntax unified
  47              		.thumb
  48              		.thumb_func
  49              		.fpu fpv5-d16
  51              	_ZN5daisy6SwitchD2Ev:
  52              	.LVL1:
  53              	.LFB3359:
  54              		.file 2 "../../libDaisy/src/hid/switch.h"
   1:../../libDaisy/src/hid/switch.h **** #pragma once
   2:../../libDaisy/src/hid/switch.h **** #ifndef DSY_SWITCH_H
   3:../../libDaisy/src/hid/switch.h **** #define DSY_SWITCH_H
   4:../../libDaisy/src/hid/switch.h **** #include "daisy_core.h"
   5:../../libDaisy/src/hid/switch.h **** #include "per/gpio.h"
   6:../../libDaisy/src/hid/switch.h **** #include "sys/system.h"
   7:../../libDaisy/src/hid/switch.h **** 
   8:../../libDaisy/src/hid/switch.h **** namespace daisy
   9:../../libDaisy/src/hid/switch.h **** {
  10:../../libDaisy/src/hid/switch.h **** /** 
  11:../../libDaisy/src/hid/switch.h ****     Generic Class for handling momentary/latching switches \n 
  12:../../libDaisy/src/hid/switch.h ****     Inspired/influenced by Mutable Instruments (pichenettes) Switch classes
  13:../../libDaisy/src/hid/switch.h ****     @author Stephen Hensley
  14:../../libDaisy/src/hid/switch.h ****     @date December 2019
  15:../../libDaisy/src/hid/switch.h ****     @ingroup controls
  16:../../libDaisy/src/hid/switch.h **** */
  17:../../libDaisy/src/hid/switch.h **** class Switch
  18:../../libDaisy/src/hid/switch.h **** {
  19:../../libDaisy/src/hid/switch.h ****   public:
  20:../../libDaisy/src/hid/switch.h ****     /** Specifies the expected behavior of the switch */
ARM GAS  C:\Users\FINNDY~1\AppData\Local\Temp\ccAKb7Rb.s 			page 4


  21:../../libDaisy/src/hid/switch.h ****     enum Type
  22:../../libDaisy/src/hid/switch.h ****     {
  23:../../libDaisy/src/hid/switch.h ****         TYPE_TOGGLE,    /**< & */
  24:../../libDaisy/src/hid/switch.h ****         TYPE_MOMENTARY, /**< & */
  25:../../libDaisy/src/hid/switch.h ****     };
  26:../../libDaisy/src/hid/switch.h ****     /** Specifies whether the pressed is HIGH or LOW. */
  27:../../libDaisy/src/hid/switch.h ****     enum Polarity
  28:../../libDaisy/src/hid/switch.h ****     {
  29:../../libDaisy/src/hid/switch.h ****         POLARITY_NORMAL,   /**< & */
  30:../../libDaisy/src/hid/switch.h ****         POLARITY_INVERTED, /**< & */
  31:../../libDaisy/src/hid/switch.h ****     };
  32:../../libDaisy/src/hid/switch.h **** 
  33:../../libDaisy/src/hid/switch.h ****     /** Specifies whether to use built-in Pull Up/Down resistors to hold button at a given state wh
  34:../../libDaisy/src/hid/switch.h ****     enum Pull
  35:../../libDaisy/src/hid/switch.h ****     {
  36:../../libDaisy/src/hid/switch.h ****         PULL_UP,   /**< & */
  37:../../libDaisy/src/hid/switch.h ****         PULL_DOWN, /**< & */
  38:../../libDaisy/src/hid/switch.h ****         PULL_NONE, /**< & */
  39:../../libDaisy/src/hid/switch.h ****     };
  40:../../libDaisy/src/hid/switch.h **** 
  41:../../libDaisy/src/hid/switch.h ****     Switch() {}
  42:../../libDaisy/src/hid/switch.h ****     ~Switch() {}
  55              		.loc 2 42 5 is_stmt 1 view -0
  56              		.cfi_startproc
  57              		@ args = 0, pretend = 0, frame = 0
  58              		@ frame_needed = 0, uses_anonymous_args = 0
  59              		@ link register save eliminated.
  60              		.loc 2 42 16 is_stmt 0 view .LVU3
  61 0000 7047     		bx	lr
  62              		.cfi_endproc
  63              	.LFE3359:
  65              		.weak	_ZN5daisy6SwitchD1Ev
  66              		.thumb_set _ZN5daisy6SwitchD1Ev,_ZN5daisy6SwitchD2Ev
  67              		.section	.text._ZN5daisy7EncoderD2Ev,"axG",%progbits,_ZN5daisy7EncoderD5Ev,comdat
  68              		.align	1
  69              		.p2align 2,,3
  70              		.weak	_ZN5daisy7EncoderD2Ev
  71              		.syntax unified
  72              		.thumb
  73              		.thumb_func
  74              		.fpu fpv5-d16
  76              	_ZN5daisy7EncoderD2Ev:
  77              	.LVL2:
  78              	.LFB3371:
  79              		.file 3 "../../libDaisy/src/hid/encoder.h"
   1:../../libDaisy/src/hid/encoder.h **** #pragma once
   2:../../libDaisy/src/hid/encoder.h **** #ifndef DSY_ENCODER_H
   3:../../libDaisy/src/hid/encoder.h **** #define DSY_ENCODER_H
   4:../../libDaisy/src/hid/encoder.h **** #include "daisy_core.h"
   5:../../libDaisy/src/hid/encoder.h **** #include "per/gpio.h"
   6:../../libDaisy/src/hid/encoder.h **** #include "hid/switch.h"
   7:../../libDaisy/src/hid/encoder.h **** 
   8:../../libDaisy/src/hid/encoder.h **** namespace daisy
   9:../../libDaisy/src/hid/encoder.h **** {
  10:../../libDaisy/src/hid/encoder.h **** /** 
  11:../../libDaisy/src/hid/encoder.h ****     @brief Generic Class for handling Quadrature Encoders \n 
  12:../../libDaisy/src/hid/encoder.h ****     Inspired/influenced by Mutable Instruments (pichenettes) Encoder classes
ARM GAS  C:\Users\FINNDY~1\AppData\Local\Temp\ccAKb7Rb.s 			page 5


  13:../../libDaisy/src/hid/encoder.h ****     @author Stephen Hensley
  14:../../libDaisy/src/hid/encoder.h ****     @date December 2019
  15:../../libDaisy/src/hid/encoder.h ****     @ingroup controls
  16:../../libDaisy/src/hid/encoder.h **** */
  17:../../libDaisy/src/hid/encoder.h **** class Encoder
  18:../../libDaisy/src/hid/encoder.h **** {
  19:../../libDaisy/src/hid/encoder.h ****   public:
  20:../../libDaisy/src/hid/encoder.h ****     Encoder() {}
  21:../../libDaisy/src/hid/encoder.h ****     ~Encoder() {}
  80              		.loc 3 21 5 is_stmt 1 view -0
  81              		.cfi_startproc
  82              		@ args = 0, pretend = 0, frame = 0
  83              		@ frame_needed = 0, uses_anonymous_args = 0
  84              		@ link register save eliminated.
  85              	.LBB385:
  86              	.LBI385:
  87              		.loc 2 42 5 view .LVU5
  88              		.loc 2 42 5 is_stmt 0 view .LVU6
  89              	.LBE385:
  90              		.loc 3 21 17 view .LVU7
  91 0000 7047     		bx	lr
  92              		.cfi_endproc
  93              	.LFE3371:
  95              		.weak	_ZN5daisy7EncoderD1Ev
  96              		.thumb_set _ZN5daisy7EncoderD1Ev,_ZN5daisy7EncoderD2Ev
  97 0002 00BF     		.section	.text._ZN5daisy6RgbLedD2Ev,"axG",%progbits,_ZN5daisy6RgbLedD5Ev,comdat
  98              		.align	1
  99              		.p2align 2,,3
 100              		.weak	_ZN5daisy6RgbLedD2Ev
 101              		.syntax unified
 102              		.thumb
 103              		.thumb_func
 104              		.fpu fpv5-d16
 106              	_ZN5daisy6RgbLedD2Ev:
 107              	.LVL3:
 108              	.LFB3584:
 109              		.file 4 "../../libDaisy/src/hid/rgb_led.h"
   1:../../libDaisy/src/hid/rgb_led.h **** #pragma once
   2:../../libDaisy/src/hid/rgb_led.h **** #ifndef DSY_RGB_LED_H
   3:../../libDaisy/src/hid/rgb_led.h **** #define DSY_RGB_LED_H
   4:../../libDaisy/src/hid/rgb_led.h **** #include "hid/led.h"
   5:../../libDaisy/src/hid/rgb_led.h **** #include "util/color.h"
   6:../../libDaisy/src/hid/rgb_led.h **** 
   7:../../libDaisy/src/hid/rgb_led.h **** namespace daisy
   8:../../libDaisy/src/hid/rgb_led.h **** {
   9:../../libDaisy/src/hid/rgb_led.h **** /** @addtogroup feedback
  10:../../libDaisy/src/hid/rgb_led.h ****     @{
  11:../../libDaisy/src/hid/rgb_led.h **** */
  12:../../libDaisy/src/hid/rgb_led.h **** 
  13:../../libDaisy/src/hid/rgb_led.h **** /** 3x LEDs configured as an RGB for ease of use. */
  14:../../libDaisy/src/hid/rgb_led.h **** class RgbLed
  15:../../libDaisy/src/hid/rgb_led.h **** {
  16:../../libDaisy/src/hid/rgb_led.h ****   public:
  17:../../libDaisy/src/hid/rgb_led.h ****     RgbLed() {}
  18:../../libDaisy/src/hid/rgb_led.h ****     ~RgbLed() {}
 110              		.loc 4 18 5 is_stmt 1 view -0
 111              		.cfi_startproc
ARM GAS  C:\Users\FINNDY~1\AppData\Local\Temp\ccAKb7Rb.s 			page 6


 112              		@ args = 0, pretend = 0, frame = 0
 113              		@ frame_needed = 0, uses_anonymous_args = 0
 114              		@ link register save eliminated.
 115              	.LBB386:
 116              	.LBI386:
 117              		.file 5 "../../libDaisy/src/hid/led.h"
   1:../../libDaisy/src/hid/led.h **** 
   2:../../libDaisy/src/hid/led.h **** #pragma once
   3:../../libDaisy/src/hid/led.h **** #ifndef DSY_LED_H
   4:../../libDaisy/src/hid/led.h **** #define DSY_LED_H
   5:../../libDaisy/src/hid/led.h **** #include "daisy_core.h"
   6:../../libDaisy/src/hid/led.h **** #include "per/gpio.h"
   7:../../libDaisy/src/hid/led.h **** 
   8:../../libDaisy/src/hid/led.h **** /* TODO - Get this set up to work with the dev_leddriver stuff as well
   9:../../libDaisy/src/hid/led.h **** - Setup Hardware PWM for pins that have it
  10:../../libDaisy/src/hid/led.h **** */
  11:../../libDaisy/src/hid/led.h **** 
  12:../../libDaisy/src/hid/led.h **** namespace daisy
  13:../../libDaisy/src/hid/led.h **** {
  14:../../libDaisy/src/hid/led.h **** /**
  15:../../libDaisy/src/hid/led.h ****     @brief LED Class providing simple Software PWM ability, etc \n 
  16:../../libDaisy/src/hid/led.h ****     Eventually this will work with hardware PWM, and external LED Driver devices as well.
  17:../../libDaisy/src/hid/led.h ****     @author shensley
  18:../../libDaisy/src/hid/led.h ****     @date March 2020
  19:../../libDaisy/src/hid/led.h ****     @ingroup feedback
  20:../../libDaisy/src/hid/led.h **** */
  21:../../libDaisy/src/hid/led.h **** class Led
  22:../../libDaisy/src/hid/led.h **** {
  23:../../libDaisy/src/hid/led.h ****   public:
  24:../../libDaisy/src/hid/led.h ****     Led() {}
  25:../../libDaisy/src/hid/led.h ****     ~Led() {}
 118              		.loc 5 25 5 view .LVU9
 119              		.loc 5 25 5 is_stmt 0 view .LVU10
 120              	.LBE386:
 121              	.LBB387:
 122              	.LBI387:
 123              		.loc 5 25 5 is_stmt 1 view .LVU11
 124              		.loc 5 25 5 is_stmt 0 view .LVU12
 125              	.LBE387:
 126              	.LBB388:
 127              	.LBI388:
 128              		.loc 5 25 5 is_stmt 1 view .LVU13
 129              		.loc 5 25 5 is_stmt 0 view .LVU14
 130              	.LBE388:
 131              		.loc 4 18 16 view .LVU15
 132 0000 7047     		bx	lr
 133              		.cfi_endproc
 134              	.LFE3584:
 136              		.weak	_ZN5daisy6RgbLedD1Ev
 137              		.thumb_set _ZN5daisy6RgbLedD1Ev,_ZN5daisy6RgbLedD2Ev
 138 0002 00BF     		.section	.text._ZN5daisy11OledDisplayINS_13SSD130xDriverILj128ELj64ENS_19SSD130xI2CTransportEEEE4F
 139              		.align	1
 140              		.p2align 2,,3
 141              		.weak	_ZN5daisy11OledDisplayINS_13SSD130xDriverILj128ELj64ENS_19SSD130xI2CTransportEEEE4FillEb
 142              		.syntax unified
 143              		.thumb
 144              		.thumb_func
ARM GAS  C:\Users\FINNDY~1\AppData\Local\Temp\ccAKb7Rb.s 			page 7


 145              		.fpu fpv5-d16
 147              	_ZN5daisy11OledDisplayINS_13SSD130xDriverILj128ELj64ENS_19SSD130xI2CTransportEEEE4FillEb:
 148              	.LVL4:
 149              	.LFB7231:
 150              		.file 6 "../../libDaisy/src/hid/disp/oled_display.h"
   1:../../libDaisy/src/hid/disp/oled_display.h **** #pragma once
   2:../../libDaisy/src/hid/disp/oled_display.h **** #ifndef DSY_OLED_DISPLAY_H
   3:../../libDaisy/src/hid/disp/oled_display.h **** #define DSY_OLED_DISPLAY_H /**< Macro */
   4:../../libDaisy/src/hid/disp/oled_display.h **** 
   5:../../libDaisy/src/hid/disp/oled_display.h **** #include "display.h"
   6:../../libDaisy/src/hid/disp/oled_display.h **** 
   7:../../libDaisy/src/hid/disp/oled_display.h **** namespace daisy
   8:../../libDaisy/src/hid/disp/oled_display.h **** {
   9:../../libDaisy/src/hid/disp/oled_display.h **** /** 
  10:../../libDaisy/src/hid/disp/oled_display.h ****  * This class is for drawing to a monochrome OLED display. 
  11:../../libDaisy/src/hid/disp/oled_display.h ****  * @ingroup device
  12:../../libDaisy/src/hid/disp/oled_display.h **** */
  13:../../libDaisy/src/hid/disp/oled_display.h **** template <typename DisplayDriver>
  14:../../libDaisy/src/hid/disp/oled_display.h **** class OledDisplay : public OneBitGraphicsDisplayImpl<OledDisplay<DisplayDriver>>
  15:../../libDaisy/src/hid/disp/oled_display.h **** {
  16:../../libDaisy/src/hid/disp/oled_display.h ****   public:
  17:../../libDaisy/src/hid/disp/oled_display.h ****     OledDisplay() {}
  18:../../libDaisy/src/hid/disp/oled_display.h ****     virtual ~OledDisplay() {}
  19:../../libDaisy/src/hid/disp/oled_display.h **** 
  20:../../libDaisy/src/hid/disp/oled_display.h ****     struct Config
  21:../../libDaisy/src/hid/disp/oled_display.h ****     {
  22:../../libDaisy/src/hid/disp/oled_display.h ****         typename DisplayDriver::Config driver_config;
  23:../../libDaisy/src/hid/disp/oled_display.h ****     };
  24:../../libDaisy/src/hid/disp/oled_display.h **** 
  25:../../libDaisy/src/hid/disp/oled_display.h ****     void Init(Config config) { driver_.Init(config.driver_config); }
  26:../../libDaisy/src/hid/disp/oled_display.h **** 
  27:../../libDaisy/src/hid/disp/oled_display.h ****     uint16_t Height() const override { return driver_.Height(); }
  28:../../libDaisy/src/hid/disp/oled_display.h ****     uint16_t Width() const override { return driver_.Width(); }
  29:../../libDaisy/src/hid/disp/oled_display.h **** 
  30:../../libDaisy/src/hid/disp/oled_display.h ****     /** 
  31:../../libDaisy/src/hid/disp/oled_display.h ****     Fills the entire display with either on/off.
  32:../../libDaisy/src/hid/disp/oled_display.h ****     \param on Sets on or off.
  33:../../libDaisy/src/hid/disp/oled_display.h ****     */
  34:../../libDaisy/src/hid/disp/oled_display.h ****     void Fill(bool on) override { driver_.Fill(on); }
 151              		.loc 6 34 10 is_stmt 1 view -0
 152              		.cfi_startproc
 153              		@ args = 0, pretend = 0, frame = 0
 154              		@ frame_needed = 0, uses_anonymous_args = 0
 155              		@ link register save eliminated.
 156              	.LBB389:
 157              	.LBI389:
 158              		.file 7 "../../libDaisy/src/dev/oled_ssd130x.h"
   1:../../libDaisy/src/dev/oled_ssd130x.h **** #pragma once
   2:../../libDaisy/src/dev/oled_ssd130x.h **** #ifndef SA_OLED_SSD130X_H
   3:../../libDaisy/src/dev/oled_ssd130x.h **** #define SA_OLED_SSD130X_H /**< & */
   4:../../libDaisy/src/dev/oled_ssd130x.h **** 
   5:../../libDaisy/src/dev/oled_ssd130x.h **** #include "per/i2c.h"
   6:../../libDaisy/src/dev/oled_ssd130x.h **** #include "per/spi.h"
   7:../../libDaisy/src/dev/oled_ssd130x.h **** #include "per/gpio.h"
   8:../../libDaisy/src/dev/oled_ssd130x.h **** #include "sys/system.h"
   9:../../libDaisy/src/dev/oled_ssd130x.h **** 
  10:../../libDaisy/src/dev/oled_ssd130x.h **** namespace daisy
ARM GAS  C:\Users\FINNDY~1\AppData\Local\Temp\ccAKb7Rb.s 			page 8


  11:../../libDaisy/src/dev/oled_ssd130x.h **** {
  12:../../libDaisy/src/dev/oled_ssd130x.h **** /**
  13:../../libDaisy/src/dev/oled_ssd130x.h ****  * I2C Transport for SSD1306 / SSD1309 OLED display devices
  14:../../libDaisy/src/dev/oled_ssd130x.h ****  */
  15:../../libDaisy/src/dev/oled_ssd130x.h **** class SSD130xI2CTransport
  16:../../libDaisy/src/dev/oled_ssd130x.h **** {
  17:../../libDaisy/src/dev/oled_ssd130x.h ****   public:
  18:../../libDaisy/src/dev/oled_ssd130x.h ****     struct Config
  19:../../libDaisy/src/dev/oled_ssd130x.h ****     {
  20:../../libDaisy/src/dev/oled_ssd130x.h ****         Config()
  21:../../libDaisy/src/dev/oled_ssd130x.h ****         {
  22:../../libDaisy/src/dev/oled_ssd130x.h ****             // Intialize using defaults
  23:../../libDaisy/src/dev/oled_ssd130x.h ****             Defaults();
  24:../../libDaisy/src/dev/oled_ssd130x.h ****         }
  25:../../libDaisy/src/dev/oled_ssd130x.h ****         I2CHandle::Config i2c_config;
  26:../../libDaisy/src/dev/oled_ssd130x.h ****         uint8_t           i2c_address;
  27:../../libDaisy/src/dev/oled_ssd130x.h ****         void              Defaults()
  28:../../libDaisy/src/dev/oled_ssd130x.h ****         {
  29:../../libDaisy/src/dev/oled_ssd130x.h ****             i2c_config.periph         = I2CHandle::Config::Peripheral::I2C_1;
  30:../../libDaisy/src/dev/oled_ssd130x.h ****             i2c_config.speed          = I2CHandle::Config::Speed::I2C_1MHZ;
  31:../../libDaisy/src/dev/oled_ssd130x.h ****             i2c_config.mode           = I2CHandle::Config::Mode::I2C_MASTER;
  32:../../libDaisy/src/dev/oled_ssd130x.h ****             i2c_config.pin_config.scl = {DSY_GPIOB, 8};
  33:../../libDaisy/src/dev/oled_ssd130x.h ****             i2c_config.pin_config.sda = {DSY_GPIOB, 9};
  34:../../libDaisy/src/dev/oled_ssd130x.h ****             i2c_address               = 0x3C;
  35:../../libDaisy/src/dev/oled_ssd130x.h ****         }
  36:../../libDaisy/src/dev/oled_ssd130x.h ****     };
  37:../../libDaisy/src/dev/oled_ssd130x.h ****     void Init(const Config& config)
  38:../../libDaisy/src/dev/oled_ssd130x.h ****     {
  39:../../libDaisy/src/dev/oled_ssd130x.h ****         i2c_address_ = config.i2c_address;
  40:../../libDaisy/src/dev/oled_ssd130x.h ****         i2c_.Init(config.i2c_config);
  41:../../libDaisy/src/dev/oled_ssd130x.h ****     };
  42:../../libDaisy/src/dev/oled_ssd130x.h ****     void SendCommand(uint8_t cmd)
  43:../../libDaisy/src/dev/oled_ssd130x.h ****     {
  44:../../libDaisy/src/dev/oled_ssd130x.h ****         uint8_t buf[2] = {0X00, cmd};
  45:../../libDaisy/src/dev/oled_ssd130x.h ****         i2c_.TransmitBlocking(i2c_address_, buf, 2, 1000);
  46:../../libDaisy/src/dev/oled_ssd130x.h ****     };
  47:../../libDaisy/src/dev/oled_ssd130x.h **** 
  48:../../libDaisy/src/dev/oled_ssd130x.h ****     void SendData(uint8_t* buff, size_t size)
  49:../../libDaisy/src/dev/oled_ssd130x.h ****     {
  50:../../libDaisy/src/dev/oled_ssd130x.h ****         for(size_t i = 0; i < size; i++)
  51:../../libDaisy/src/dev/oled_ssd130x.h ****         {
  52:../../libDaisy/src/dev/oled_ssd130x.h ****             uint8_t buf[2] = {0X40, buff[i]};
  53:../../libDaisy/src/dev/oled_ssd130x.h ****             i2c_.TransmitBlocking(i2c_address_, buf, 2, 1000);
  54:../../libDaisy/src/dev/oled_ssd130x.h ****         }
  55:../../libDaisy/src/dev/oled_ssd130x.h ****     };
  56:../../libDaisy/src/dev/oled_ssd130x.h **** 
  57:../../libDaisy/src/dev/oled_ssd130x.h ****   private:
  58:../../libDaisy/src/dev/oled_ssd130x.h ****     daisy::I2CHandle i2c_;
  59:../../libDaisy/src/dev/oled_ssd130x.h ****     uint8_t          i2c_address_;
  60:../../libDaisy/src/dev/oled_ssd130x.h **** };
  61:../../libDaisy/src/dev/oled_ssd130x.h **** 
  62:../../libDaisy/src/dev/oled_ssd130x.h **** /**
  63:../../libDaisy/src/dev/oled_ssd130x.h ****  * 4 Wire SPI Transport for SSD1306 / SSD1309 OLED display devices
  64:../../libDaisy/src/dev/oled_ssd130x.h ****  */
  65:../../libDaisy/src/dev/oled_ssd130x.h **** class SSD130x4WireSpiTransport
  66:../../libDaisy/src/dev/oled_ssd130x.h **** {
  67:../../libDaisy/src/dev/oled_ssd130x.h ****   public:
ARM GAS  C:\Users\FINNDY~1\AppData\Local\Temp\ccAKb7Rb.s 			page 9


  68:../../libDaisy/src/dev/oled_ssd130x.h ****     struct Config
  69:../../libDaisy/src/dev/oled_ssd130x.h ****     {
  70:../../libDaisy/src/dev/oled_ssd130x.h ****         Config()
  71:../../libDaisy/src/dev/oled_ssd130x.h ****         {
  72:../../libDaisy/src/dev/oled_ssd130x.h ****             // Initialize using defaults
  73:../../libDaisy/src/dev/oled_ssd130x.h ****             Defaults();
  74:../../libDaisy/src/dev/oled_ssd130x.h ****         }
  75:../../libDaisy/src/dev/oled_ssd130x.h ****         SpiHandle::Config spi_config;
  76:../../libDaisy/src/dev/oled_ssd130x.h ****         struct
  77:../../libDaisy/src/dev/oled_ssd130x.h ****         {
  78:../../libDaisy/src/dev/oled_ssd130x.h ****             dsy_gpio_pin dc;    /**< & */
  79:../../libDaisy/src/dev/oled_ssd130x.h ****             dsy_gpio_pin reset; /**< & */
  80:../../libDaisy/src/dev/oled_ssd130x.h ****         } pin_config;
  81:../../libDaisy/src/dev/oled_ssd130x.h ****         void Defaults()
  82:../../libDaisy/src/dev/oled_ssd130x.h ****         {
  83:../../libDaisy/src/dev/oled_ssd130x.h ****             // SPI peripheral config
  84:../../libDaisy/src/dev/oled_ssd130x.h ****             spi_config.periph = SpiHandle::Config::Peripheral::SPI_1;
  85:../../libDaisy/src/dev/oled_ssd130x.h ****             spi_config.mode   = SpiHandle::Config::Mode::MASTER;
  86:../../libDaisy/src/dev/oled_ssd130x.h ****             spi_config.direction
  87:../../libDaisy/src/dev/oled_ssd130x.h ****                 = SpiHandle::Config::Direction::TWO_LINES_TX_ONLY;
  88:../../libDaisy/src/dev/oled_ssd130x.h ****             spi_config.datasize       = 8;
  89:../../libDaisy/src/dev/oled_ssd130x.h ****             spi_config.clock_polarity = SpiHandle::Config::ClockPolarity::LOW;
  90:../../libDaisy/src/dev/oled_ssd130x.h ****             spi_config.clock_phase    = SpiHandle::Config::ClockPhase::ONE_EDGE;
  91:../../libDaisy/src/dev/oled_ssd130x.h ****             spi_config.nss            = SpiHandle::Config::NSS::HARD_OUTPUT;
  92:../../libDaisy/src/dev/oled_ssd130x.h ****             spi_config.baud_prescaler = SpiHandle::Config::BaudPrescaler::PS_8;
  93:../../libDaisy/src/dev/oled_ssd130x.h ****             // SPI pin config
  94:../../libDaisy/src/dev/oled_ssd130x.h ****             spi_config.pin_config.sclk = {DSY_GPIOG, 11};
  95:../../libDaisy/src/dev/oled_ssd130x.h ****             spi_config.pin_config.miso = {DSY_GPIOX, 0};
  96:../../libDaisy/src/dev/oled_ssd130x.h ****             spi_config.pin_config.mosi = {DSY_GPIOB, 5};
  97:../../libDaisy/src/dev/oled_ssd130x.h ****             spi_config.pin_config.nss  = {DSY_GPIOG, 10};
  98:../../libDaisy/src/dev/oled_ssd130x.h ****             // SSD130x control pin config
  99:../../libDaisy/src/dev/oled_ssd130x.h ****             pin_config.dc    = {DSY_GPIOB, 4};
 100:../../libDaisy/src/dev/oled_ssd130x.h ****             pin_config.reset = {DSY_GPIOB, 15};
 101:../../libDaisy/src/dev/oled_ssd130x.h ****         }
 102:../../libDaisy/src/dev/oled_ssd130x.h ****     };
 103:../../libDaisy/src/dev/oled_ssd130x.h ****     void Init(const Config& config)
 104:../../libDaisy/src/dev/oled_ssd130x.h ****     {
 105:../../libDaisy/src/dev/oled_ssd130x.h ****         // Initialize both GPIO
 106:../../libDaisy/src/dev/oled_ssd130x.h ****         pin_dc_.mode = DSY_GPIO_MODE_OUTPUT_PP;
 107:../../libDaisy/src/dev/oled_ssd130x.h ****         pin_dc_.pin  = config.pin_config.dc;
 108:../../libDaisy/src/dev/oled_ssd130x.h ****         dsy_gpio_init(&pin_dc_);
 109:../../libDaisy/src/dev/oled_ssd130x.h ****         pin_reset_.mode = DSY_GPIO_MODE_OUTPUT_PP;
 110:../../libDaisy/src/dev/oled_ssd130x.h ****         pin_reset_.pin  = config.pin_config.reset;
 111:../../libDaisy/src/dev/oled_ssd130x.h ****         dsy_gpio_init(&pin_reset_);
 112:../../libDaisy/src/dev/oled_ssd130x.h **** 
 113:../../libDaisy/src/dev/oled_ssd130x.h ****         // Initialize SPI
 114:../../libDaisy/src/dev/oled_ssd130x.h ****         spi_.Init(config.spi_config);
 115:../../libDaisy/src/dev/oled_ssd130x.h **** 
 116:../../libDaisy/src/dev/oled_ssd130x.h ****         // Reset and Configure OLED.
 117:../../libDaisy/src/dev/oled_ssd130x.h ****         dsy_gpio_write(&pin_reset_, 0);
 118:../../libDaisy/src/dev/oled_ssd130x.h ****         System::Delay(10);
 119:../../libDaisy/src/dev/oled_ssd130x.h ****         dsy_gpio_write(&pin_reset_, 1);
 120:../../libDaisy/src/dev/oled_ssd130x.h ****         System::Delay(10);
 121:../../libDaisy/src/dev/oled_ssd130x.h ****     };
 122:../../libDaisy/src/dev/oled_ssd130x.h ****     void SendCommand(uint8_t cmd)
 123:../../libDaisy/src/dev/oled_ssd130x.h ****     {
 124:../../libDaisy/src/dev/oled_ssd130x.h ****         dsy_gpio_write(&pin_dc_, 0);
ARM GAS  C:\Users\FINNDY~1\AppData\Local\Temp\ccAKb7Rb.s 			page 10


 125:../../libDaisy/src/dev/oled_ssd130x.h ****         spi_.BlockingTransmit(&cmd, 1);
 126:../../libDaisy/src/dev/oled_ssd130x.h ****     };
 127:../../libDaisy/src/dev/oled_ssd130x.h **** 
 128:../../libDaisy/src/dev/oled_ssd130x.h ****     void SendData(uint8_t* buff, size_t size)
 129:../../libDaisy/src/dev/oled_ssd130x.h ****     {
 130:../../libDaisy/src/dev/oled_ssd130x.h ****         dsy_gpio_write(&pin_dc_, 1);
 131:../../libDaisy/src/dev/oled_ssd130x.h ****         spi_.BlockingTransmit(buff, size);
 132:../../libDaisy/src/dev/oled_ssd130x.h ****     };
 133:../../libDaisy/src/dev/oled_ssd130x.h **** 
 134:../../libDaisy/src/dev/oled_ssd130x.h ****   private:
 135:../../libDaisy/src/dev/oled_ssd130x.h ****     SpiHandle spi_;
 136:../../libDaisy/src/dev/oled_ssd130x.h ****     dsy_gpio  pin_reset_;
 137:../../libDaisy/src/dev/oled_ssd130x.h ****     dsy_gpio  pin_dc_;
 138:../../libDaisy/src/dev/oled_ssd130x.h **** };
 139:../../libDaisy/src/dev/oled_ssd130x.h **** 
 140:../../libDaisy/src/dev/oled_ssd130x.h **** /**
 141:../../libDaisy/src/dev/oled_ssd130x.h ****  * Soft SPI Transport for SSD1306 / SSD1309 OLED display devices
 142:../../libDaisy/src/dev/oled_ssd130x.h ****  */
 143:../../libDaisy/src/dev/oled_ssd130x.h **** class SSD130x4WireSoftSpiTransport
 144:../../libDaisy/src/dev/oled_ssd130x.h **** {
 145:../../libDaisy/src/dev/oled_ssd130x.h ****   public:
 146:../../libDaisy/src/dev/oled_ssd130x.h ****     struct Config
 147:../../libDaisy/src/dev/oled_ssd130x.h ****     {
 148:../../libDaisy/src/dev/oled_ssd130x.h ****         Config()
 149:../../libDaisy/src/dev/oled_ssd130x.h ****         {
 150:../../libDaisy/src/dev/oled_ssd130x.h ****             // Initialize using defaults
 151:../../libDaisy/src/dev/oled_ssd130x.h ****             Defaults();
 152:../../libDaisy/src/dev/oled_ssd130x.h ****         }
 153:../../libDaisy/src/dev/oled_ssd130x.h ****         struct
 154:../../libDaisy/src/dev/oled_ssd130x.h ****         {
 155:../../libDaisy/src/dev/oled_ssd130x.h ****             uint32_t     sclk_delay;
 156:../../libDaisy/src/dev/oled_ssd130x.h ****             dsy_gpio_pin sclk;
 157:../../libDaisy/src/dev/oled_ssd130x.h ****             dsy_gpio_pin mosi;
 158:../../libDaisy/src/dev/oled_ssd130x.h ****             dsy_gpio_pin dc;
 159:../../libDaisy/src/dev/oled_ssd130x.h ****             dsy_gpio_pin reset;
 160:../../libDaisy/src/dev/oled_ssd130x.h ****         } pin_config;
 161:../../libDaisy/src/dev/oled_ssd130x.h ****         void Defaults()
 162:../../libDaisy/src/dev/oled_ssd130x.h ****         {
 163:../../libDaisy/src/dev/oled_ssd130x.h ****             pin_config.sclk_delay = 0; // fast as possible?!
 164:../../libDaisy/src/dev/oled_ssd130x.h ****             // SPI peripheral config
 165:../../libDaisy/src/dev/oled_ssd130x.h ****             pin_config.sclk = {DSY_GPIOD, 3}; /**< D10 - SPI2 SCK  */
 166:../../libDaisy/src/dev/oled_ssd130x.h ****             pin_config.mosi = {DSY_GPIOC, 3}; /**< D9  - SPI2 MOSI */
 167:../../libDaisy/src/dev/oled_ssd130x.h ****             // SSD130x control pin config
 168:../../libDaisy/src/dev/oled_ssd130x.h ****             pin_config.dc    = {DSY_GPIOC, 11}; //D2
 169:../../libDaisy/src/dev/oled_ssd130x.h ****             pin_config.reset = {DSY_GPIOC, 10}; //D3
 170:../../libDaisy/src/dev/oled_ssd130x.h ****         }
 171:../../libDaisy/src/dev/oled_ssd130x.h ****     };
 172:../../libDaisy/src/dev/oled_ssd130x.h ****     void Init(const Config& config)
 173:../../libDaisy/src/dev/oled_ssd130x.h ****     {
 174:../../libDaisy/src/dev/oled_ssd130x.h ****         // Initialize both GPIO
 175:../../libDaisy/src/dev/oled_ssd130x.h ****         pin_sclk_.mode = DSY_GPIO_MODE_OUTPUT_PP;
 176:../../libDaisy/src/dev/oled_ssd130x.h ****         pin_sclk_.pin  = config.pin_config.sclk;
 177:../../libDaisy/src/dev/oled_ssd130x.h ****         dsy_gpio_init(&pin_sclk_);
 178:../../libDaisy/src/dev/oled_ssd130x.h ****         dsy_gpio_write(&pin_sclk_, 1); //ClockPolarity::LOW
 179:../../libDaisy/src/dev/oled_ssd130x.h ****         clk_delay      = config.pin_config.sclk_delay;
 180:../../libDaisy/src/dev/oled_ssd130x.h ****         pin_mosi_.mode = DSY_GPIO_MODE_OUTPUT_PP;
 181:../../libDaisy/src/dev/oled_ssd130x.h ****         pin_mosi_.pin  = config.pin_config.mosi;
ARM GAS  C:\Users\FINNDY~1\AppData\Local\Temp\ccAKb7Rb.s 			page 11


 182:../../libDaisy/src/dev/oled_ssd130x.h ****         dsy_gpio_init(&pin_mosi_);
 183:../../libDaisy/src/dev/oled_ssd130x.h ****         dsy_gpio_write(&pin_mosi_, 0);
 184:../../libDaisy/src/dev/oled_ssd130x.h **** 
 185:../../libDaisy/src/dev/oled_ssd130x.h ****         pin_dc_.mode = DSY_GPIO_MODE_OUTPUT_PP;
 186:../../libDaisy/src/dev/oled_ssd130x.h ****         pin_dc_.pin  = config.pin_config.dc;
 187:../../libDaisy/src/dev/oled_ssd130x.h ****         dsy_gpio_init(&pin_dc_);
 188:../../libDaisy/src/dev/oled_ssd130x.h ****         pin_reset_.mode = DSY_GPIO_MODE_OUTPUT_PP;
 189:../../libDaisy/src/dev/oled_ssd130x.h ****         pin_reset_.pin  = config.pin_config.reset;
 190:../../libDaisy/src/dev/oled_ssd130x.h ****         dsy_gpio_init(&pin_reset_);
 191:../../libDaisy/src/dev/oled_ssd130x.h **** 
 192:../../libDaisy/src/dev/oled_ssd130x.h ****         // Reset and Configure OLED.
 193:../../libDaisy/src/dev/oled_ssd130x.h ****         dsy_gpio_write(&pin_reset_, 0);
 194:../../libDaisy/src/dev/oled_ssd130x.h ****         System::Delay(10);
 195:../../libDaisy/src/dev/oled_ssd130x.h ****         dsy_gpio_write(&pin_reset_, 1);
 196:../../libDaisy/src/dev/oled_ssd130x.h ****         System::Delay(10);
 197:../../libDaisy/src/dev/oled_ssd130x.h ****     };
 198:../../libDaisy/src/dev/oled_ssd130x.h ****     void SendCommand(uint8_t cmd)
 199:../../libDaisy/src/dev/oled_ssd130x.h ****     {
 200:../../libDaisy/src/dev/oled_ssd130x.h ****         dsy_gpio_write(&pin_dc_, 0);
 201:../../libDaisy/src/dev/oled_ssd130x.h ****         SoftSpiTransmit(cmd);
 202:../../libDaisy/src/dev/oled_ssd130x.h ****     };
 203:../../libDaisy/src/dev/oled_ssd130x.h **** 
 204:../../libDaisy/src/dev/oled_ssd130x.h ****     void SendData(uint8_t* buff, size_t size)
 205:../../libDaisy/src/dev/oled_ssd130x.h ****     {
 206:../../libDaisy/src/dev/oled_ssd130x.h ****         dsy_gpio_write(&pin_dc_, 1);
 207:../../libDaisy/src/dev/oled_ssd130x.h ****         for(size_t i = 0; i < size; i++)
 208:../../libDaisy/src/dev/oled_ssd130x.h ****             SoftSpiTransmit(buff[i]);
 209:../../libDaisy/src/dev/oled_ssd130x.h ****     };
 210:../../libDaisy/src/dev/oled_ssd130x.h **** 
 211:../../libDaisy/src/dev/oled_ssd130x.h ****   private:
 212:../../libDaisy/src/dev/oled_ssd130x.h ****     void SoftSpiTransmit(uint8_t val)
 213:../../libDaisy/src/dev/oled_ssd130x.h ****     {
 214:../../libDaisy/src/dev/oled_ssd130x.h ****         // bit flip
 215:../../libDaisy/src/dev/oled_ssd130x.h ****         val = ((val & 0x01) << 7) | ((val & 0x02) << 5) | ((val & 0x04) << 3)
 216:../../libDaisy/src/dev/oled_ssd130x.h ****               | ((val & 0x08) << 1) | ((val & 0x10) >> 1) | ((val & 0x20) >> 3)
 217:../../libDaisy/src/dev/oled_ssd130x.h ****               | ((val & 0x40) >> 5) | ((val & 0x80) >> 7);
 218:../../libDaisy/src/dev/oled_ssd130x.h **** 
 219:../../libDaisy/src/dev/oled_ssd130x.h ****         for(uint8_t bit = 0u; bit < 8u; bit++)
 220:../../libDaisy/src/dev/oled_ssd130x.h ****         {
 221:../../libDaisy/src/dev/oled_ssd130x.h ****             dsy_gpio_write(&pin_mosi_, ((val & (1 << bit)) ? 1 : 0));
 222:../../libDaisy/src/dev/oled_ssd130x.h **** 
 223:../../libDaisy/src/dev/oled_ssd130x.h ****             System::DelayTicks(clk_delay);
 224:../../libDaisy/src/dev/oled_ssd130x.h **** 
 225:../../libDaisy/src/dev/oled_ssd130x.h ****             dsy_gpio_toggle(&pin_sclk_);
 226:../../libDaisy/src/dev/oled_ssd130x.h **** 
 227:../../libDaisy/src/dev/oled_ssd130x.h ****             System::DelayTicks(clk_delay);
 228:../../libDaisy/src/dev/oled_ssd130x.h **** 
 229:../../libDaisy/src/dev/oled_ssd130x.h ****             dsy_gpio_toggle(&pin_sclk_);
 230:../../libDaisy/src/dev/oled_ssd130x.h ****         }
 231:../../libDaisy/src/dev/oled_ssd130x.h ****     }
 232:../../libDaisy/src/dev/oled_ssd130x.h **** 
 233:../../libDaisy/src/dev/oled_ssd130x.h ****     uint32_t clk_delay;
 234:../../libDaisy/src/dev/oled_ssd130x.h ****     dsy_gpio pin_sclk_;
 235:../../libDaisy/src/dev/oled_ssd130x.h ****     dsy_gpio pin_mosi_;
 236:../../libDaisy/src/dev/oled_ssd130x.h ****     dsy_gpio pin_reset_;
 237:../../libDaisy/src/dev/oled_ssd130x.h ****     dsy_gpio pin_dc_;
 238:../../libDaisy/src/dev/oled_ssd130x.h **** };
ARM GAS  C:\Users\FINNDY~1\AppData\Local\Temp\ccAKb7Rb.s 			page 12


 239:../../libDaisy/src/dev/oled_ssd130x.h **** 
 240:../../libDaisy/src/dev/oled_ssd130x.h **** 
 241:../../libDaisy/src/dev/oled_ssd130x.h **** /**
 242:../../libDaisy/src/dev/oled_ssd130x.h ****  * A driver implementation for the SSD1306/SSD1309
 243:../../libDaisy/src/dev/oled_ssd130x.h ****  */
 244:../../libDaisy/src/dev/oled_ssd130x.h **** template <size_t width, size_t height, typename Transport>
 245:../../libDaisy/src/dev/oled_ssd130x.h **** class SSD130xDriver
 246:../../libDaisy/src/dev/oled_ssd130x.h **** {
 247:../../libDaisy/src/dev/oled_ssd130x.h ****   public:
 248:../../libDaisy/src/dev/oled_ssd130x.h ****     struct Config
 249:../../libDaisy/src/dev/oled_ssd130x.h ****     {
 250:../../libDaisy/src/dev/oled_ssd130x.h ****         typename Transport::Config transport_config;
 251:../../libDaisy/src/dev/oled_ssd130x.h ****     };
 252:../../libDaisy/src/dev/oled_ssd130x.h **** 
 253:../../libDaisy/src/dev/oled_ssd130x.h ****     void Init(Config config)
 254:../../libDaisy/src/dev/oled_ssd130x.h ****     {
 255:../../libDaisy/src/dev/oled_ssd130x.h ****         transport_.Init(config.transport_config);
 256:../../libDaisy/src/dev/oled_ssd130x.h **** 
 257:../../libDaisy/src/dev/oled_ssd130x.h ****         // Init routine...
 258:../../libDaisy/src/dev/oled_ssd130x.h **** 
 259:../../libDaisy/src/dev/oled_ssd130x.h ****         // Display Off
 260:../../libDaisy/src/dev/oled_ssd130x.h ****         transport_.SendCommand(0xaE);
 261:../../libDaisy/src/dev/oled_ssd130x.h ****         // Dimension dependent commands...
 262:../../libDaisy/src/dev/oled_ssd130x.h ****         switch(height)
 263:../../libDaisy/src/dev/oled_ssd130x.h ****         {
 264:../../libDaisy/src/dev/oled_ssd130x.h ****             case 16:
 265:../../libDaisy/src/dev/oled_ssd130x.h ****                 // Display Clock Divide Ratio
 266:../../libDaisy/src/dev/oled_ssd130x.h ****                 transport_.SendCommand(0xD5);
 267:../../libDaisy/src/dev/oled_ssd130x.h ****                 transport_.SendCommand(0x60);
 268:../../libDaisy/src/dev/oled_ssd130x.h ****                 // Multiplex Ratio
 269:../../libDaisy/src/dev/oled_ssd130x.h ****                 transport_.SendCommand(0xA8);
 270:../../libDaisy/src/dev/oled_ssd130x.h ****                 transport_.SendCommand(0x0F);
 271:../../libDaisy/src/dev/oled_ssd130x.h ****                 // COM Pins
 272:../../libDaisy/src/dev/oled_ssd130x.h ****                 transport_.SendCommand(0xDA);
 273:../../libDaisy/src/dev/oled_ssd130x.h ****                 transport_.SendCommand(0x02);
 274:../../libDaisy/src/dev/oled_ssd130x.h ****                 break;
 275:../../libDaisy/src/dev/oled_ssd130x.h ****             case 32:
 276:../../libDaisy/src/dev/oled_ssd130x.h ****                 // Display Clock Divide Ratio
 277:../../libDaisy/src/dev/oled_ssd130x.h ****                 transport_.SendCommand(0xD5);
 278:../../libDaisy/src/dev/oled_ssd130x.h ****                 transport_.SendCommand(0x80);
 279:../../libDaisy/src/dev/oled_ssd130x.h ****                 // Multiplex Ratio
 280:../../libDaisy/src/dev/oled_ssd130x.h ****                 transport_.SendCommand(0xA8);
 281:../../libDaisy/src/dev/oled_ssd130x.h ****                 transport_.SendCommand(0x1F);
 282:../../libDaisy/src/dev/oled_ssd130x.h ****                 // COM Pins
 283:../../libDaisy/src/dev/oled_ssd130x.h ****                 transport_.SendCommand(0xDA);
 284:../../libDaisy/src/dev/oled_ssd130x.h ****                 if(width == 64)
 285:../../libDaisy/src/dev/oled_ssd130x.h ****                 {
 286:../../libDaisy/src/dev/oled_ssd130x.h ****                     transport_.SendCommand(0x12);
 287:../../libDaisy/src/dev/oled_ssd130x.h ****                 }
 288:../../libDaisy/src/dev/oled_ssd130x.h ****                 else
 289:../../libDaisy/src/dev/oled_ssd130x.h ****                 {
 290:../../libDaisy/src/dev/oled_ssd130x.h ****                     transport_.SendCommand(0x02);
 291:../../libDaisy/src/dev/oled_ssd130x.h ****                 }
 292:../../libDaisy/src/dev/oled_ssd130x.h **** 
 293:../../libDaisy/src/dev/oled_ssd130x.h ****                 break;
 294:../../libDaisy/src/dev/oled_ssd130x.h ****             case 48:
 295:../../libDaisy/src/dev/oled_ssd130x.h ****                 // Display Clock Divide Ratio
ARM GAS  C:\Users\FINNDY~1\AppData\Local\Temp\ccAKb7Rb.s 			page 13


 296:../../libDaisy/src/dev/oled_ssd130x.h ****                 transport_.SendCommand(0xD5);
 297:../../libDaisy/src/dev/oled_ssd130x.h ****                 transport_.SendCommand(0x80);
 298:../../libDaisy/src/dev/oled_ssd130x.h ****                 // Multiplex Ratio
 299:../../libDaisy/src/dev/oled_ssd130x.h ****                 transport_.SendCommand(0xA8);
 300:../../libDaisy/src/dev/oled_ssd130x.h ****                 transport_.SendCommand(0x2F);
 301:../../libDaisy/src/dev/oled_ssd130x.h ****                 // COM Pins
 302:../../libDaisy/src/dev/oled_ssd130x.h ****                 transport_.SendCommand(0xDA);
 303:../../libDaisy/src/dev/oled_ssd130x.h ****                 transport_.SendCommand(0x12);
 304:../../libDaisy/src/dev/oled_ssd130x.h ****                 break;
 305:../../libDaisy/src/dev/oled_ssd130x.h ****             default: // 128
 306:../../libDaisy/src/dev/oled_ssd130x.h ****                 // Display Clock Divide Ratio
 307:../../libDaisy/src/dev/oled_ssd130x.h ****                 transport_.SendCommand(0xD5);
 308:../../libDaisy/src/dev/oled_ssd130x.h ****                 transport_.SendCommand(0x80);
 309:../../libDaisy/src/dev/oled_ssd130x.h ****                 // Multiplex Ratio
 310:../../libDaisy/src/dev/oled_ssd130x.h ****                 transport_.SendCommand(0xA8);
 311:../../libDaisy/src/dev/oled_ssd130x.h ****                 transport_.SendCommand(0x3F);
 312:../../libDaisy/src/dev/oled_ssd130x.h ****                 // COM Pins
 313:../../libDaisy/src/dev/oled_ssd130x.h ****                 transport_.SendCommand(0xDA);
 314:../../libDaisy/src/dev/oled_ssd130x.h ****                 transport_.SendCommand(0x12);
 315:../../libDaisy/src/dev/oled_ssd130x.h ****                 break;
 316:../../libDaisy/src/dev/oled_ssd130x.h ****         }
 317:../../libDaisy/src/dev/oled_ssd130x.h **** 
 318:../../libDaisy/src/dev/oled_ssd130x.h ****         // Display Offset
 319:../../libDaisy/src/dev/oled_ssd130x.h ****         transport_.SendCommand(0xD3);
 320:../../libDaisy/src/dev/oled_ssd130x.h ****         transport_.SendCommand(0x00);
 321:../../libDaisy/src/dev/oled_ssd130x.h ****         // Start Line Address
 322:../../libDaisy/src/dev/oled_ssd130x.h ****         transport_.SendCommand(0x40);
 323:../../libDaisy/src/dev/oled_ssd130x.h ****         // Normal Display
 324:../../libDaisy/src/dev/oled_ssd130x.h ****         transport_.SendCommand(0xA6);
 325:../../libDaisy/src/dev/oled_ssd130x.h ****         // All On Resume
 326:../../libDaisy/src/dev/oled_ssd130x.h ****         transport_.SendCommand(0xA4);
 327:../../libDaisy/src/dev/oled_ssd130x.h ****         // Charge Pump
 328:../../libDaisy/src/dev/oled_ssd130x.h ****         transport_.SendCommand(0x8D);
 329:../../libDaisy/src/dev/oled_ssd130x.h ****         transport_.SendCommand(0x14);
 330:../../libDaisy/src/dev/oled_ssd130x.h ****         // Set Segment Remap
 331:../../libDaisy/src/dev/oled_ssd130x.h ****         transport_.SendCommand(0xA1);
 332:../../libDaisy/src/dev/oled_ssd130x.h ****         // COM Output Scan Direction
 333:../../libDaisy/src/dev/oled_ssd130x.h ****         transport_.SendCommand(0xC8);
 334:../../libDaisy/src/dev/oled_ssd130x.h ****         // Contrast Control
 335:../../libDaisy/src/dev/oled_ssd130x.h ****         transport_.SendCommand(0x81);
 336:../../libDaisy/src/dev/oled_ssd130x.h ****         transport_.SendCommand(0x8F);
 337:../../libDaisy/src/dev/oled_ssd130x.h ****         // Pre Charge
 338:../../libDaisy/src/dev/oled_ssd130x.h ****         transport_.SendCommand(0xD9);
 339:../../libDaisy/src/dev/oled_ssd130x.h ****         transport_.SendCommand(0x25);
 340:../../libDaisy/src/dev/oled_ssd130x.h ****         // VCOM Detect
 341:../../libDaisy/src/dev/oled_ssd130x.h ****         transport_.SendCommand(0xDB);
 342:../../libDaisy/src/dev/oled_ssd130x.h ****         transport_.SendCommand(0x34);
 343:../../libDaisy/src/dev/oled_ssd130x.h **** 
 344:../../libDaisy/src/dev/oled_ssd130x.h **** 
 345:../../libDaisy/src/dev/oled_ssd130x.h ****         // Display On
 346:../../libDaisy/src/dev/oled_ssd130x.h ****         transport_.SendCommand(0xAF); //--turn on oled panel
 347:../../libDaisy/src/dev/oled_ssd130x.h ****     };
 348:../../libDaisy/src/dev/oled_ssd130x.h **** 
 349:../../libDaisy/src/dev/oled_ssd130x.h ****     size_t Width() const { return width; };
 350:../../libDaisy/src/dev/oled_ssd130x.h ****     size_t Height() const { return height; };
 351:../../libDaisy/src/dev/oled_ssd130x.h **** 
 352:../../libDaisy/src/dev/oled_ssd130x.h ****     void DrawPixel(uint_fast8_t x, uint_fast8_t y, bool on)
ARM GAS  C:\Users\FINNDY~1\AppData\Local\Temp\ccAKb7Rb.s 			page 14


 353:../../libDaisy/src/dev/oled_ssd130x.h ****     {
 354:../../libDaisy/src/dev/oled_ssd130x.h ****         if(x >= width || y >= height)
 355:../../libDaisy/src/dev/oled_ssd130x.h ****             return;
 356:../../libDaisy/src/dev/oled_ssd130x.h ****         if(on)
 357:../../libDaisy/src/dev/oled_ssd130x.h ****             buffer_[x + (y / 8) * width] |= (1 << (y % 8));
 358:../../libDaisy/src/dev/oled_ssd130x.h ****         else
 359:../../libDaisy/src/dev/oled_ssd130x.h ****             buffer_[x + (y / 8) * width] &= ~(1 << (y % 8));
 360:../../libDaisy/src/dev/oled_ssd130x.h ****     }
 361:../../libDaisy/src/dev/oled_ssd130x.h **** 
 362:../../libDaisy/src/dev/oled_ssd130x.h ****     void Fill(bool on)
 159              		.loc 7 362 10 view .LVU17
 160              	.LBB390:
 363:../../libDaisy/src/dev/oled_ssd130x.h ****     {
 364:../../libDaisy/src/dev/oled_ssd130x.h ****         for(size_t i = 0; i < sizeof(buffer_); i++)
 161              		.loc 7 364 29 view .LVU18
 365:../../libDaisy/src/dev/oled_ssd130x.h ****         {
 366:../../libDaisy/src/dev/oled_ssd130x.h ****             buffer_[i] = on ? 0xff : 0x00;
 162              		.loc 7 366 24 is_stmt 0 view .LVU19
 163 0000 4942     		rsbs	r1, r1, #0
 164              	.LVL5:
 165              		.loc 7 366 24 view .LVU20
 166 0002 4FF48062 		mov	r2, #1024
 167 0006 1030     		adds	r0, r0, #16
 168              	.LVL6:
 169              		.loc 7 366 24 view .LVU21
 170 0008 C9B2     		uxtb	r1, r1
 171 000a FFF7FEBF 		b	memset
 172              	.LVL7:
 173              		.loc 7 366 24 view .LVU22
 174              	.LBE390:
 175              	.LBE389:
 176              		.cfi_endproc
 177              	.LFE7231:
 179 000e 00BF     		.section	.text._ZN5daisy11OledDisplayINS_13SSD130xDriverILj128ELj64ENS_19SSD130xI2CTransportEEEED2
 180              		.align	1
 181              		.p2align 2,,3
 182              		.weak	_ZN5daisy11OledDisplayINS_13SSD130xDriverILj128ELj64ENS_19SSD130xI2CTransportEEEED2Ev
 183              		.syntax unified
 184              		.thumb
 185              		.thumb_func
 186              		.fpu fpv5-d16
 188              	_ZN5daisy11OledDisplayINS_13SSD130xDriverILj128ELj64ENS_19SSD130xI2CTransportEEEED2Ev:
 189              	.LVL8:
 190              	.LFB7613:
  18:../../libDaisy/src/hid/disp/oled_display.h **** 
 191              		.loc 6 18 13 is_stmt 1 view -0
 192              		.cfi_startproc
 193              		@ args = 0, pretend = 0, frame = 0
 194              		@ frame_needed = 0, uses_anonymous_args = 0
 195              		@ link register save eliminated.
 196              	.LBB391:
 197              	.LBI391:
 198              		.file 8 "../../libDaisy/src/hid/disp/display.h"
   1:../../libDaisy/src/hid/disp/display.h **** #pragma once
   2:../../libDaisy/src/hid/disp/display.h **** #ifndef DSY_DISPLAY_H
   3:../../libDaisy/src/hid/disp/display.h **** #define DSY_DISPLAY_H /**< Macro */
   4:../../libDaisy/src/hid/disp/display.h **** #include <cmath>
ARM GAS  C:\Users\FINNDY~1\AppData\Local\Temp\ccAKb7Rb.s 			page 15


   5:../../libDaisy/src/hid/disp/display.h **** #include "util/oled_fonts.h"
   6:../../libDaisy/src/hid/disp/display.h **** #include "daisy_core.h"
   7:../../libDaisy/src/hid/disp/display.h **** #include "graphics_common.h"
   8:../../libDaisy/src/hid/disp/display.h **** 
   9:../../libDaisy/src/hid/disp/display.h **** #ifndef deg2rad
  10:../../libDaisy/src/hid/disp/display.h **** #define deg2rad(deg) ((deg)*3.141592 / 180.0)
  11:../../libDaisy/src/hid/disp/display.h **** #endif
  12:../../libDaisy/src/hid/disp/display.h **** 
  13:../../libDaisy/src/hid/disp/display.h **** namespace daisy
  14:../../libDaisy/src/hid/disp/display.h **** {
  15:../../libDaisy/src/hid/disp/display.h **** /** 
  16:../../libDaisy/src/hid/disp/display.h ****  * This interface is used as a base class for all types of 1bit-per-pixel
  17:../../libDaisy/src/hid/disp/display.h ****  * graphics displays.
  18:../../libDaisy/src/hid/disp/display.h **** */
  19:../../libDaisy/src/hid/disp/display.h **** class OneBitGraphicsDisplay
  20:../../libDaisy/src/hid/disp/display.h **** {
  21:../../libDaisy/src/hid/disp/display.h ****   public:
  22:../../libDaisy/src/hid/disp/display.h ****     OneBitGraphicsDisplay() {}
  23:../../libDaisy/src/hid/disp/display.h ****     virtual ~OneBitGraphicsDisplay() {}
  24:../../libDaisy/src/hid/disp/display.h **** 
  25:../../libDaisy/src/hid/disp/display.h ****     virtual uint16_t Height() const = 0;
  26:../../libDaisy/src/hid/disp/display.h ****     virtual uint16_t Width() const  = 0;
  27:../../libDaisy/src/hid/disp/display.h **** 
  28:../../libDaisy/src/hid/disp/display.h ****     Rectangle GetBounds() const
  29:../../libDaisy/src/hid/disp/display.h ****     {
  30:../../libDaisy/src/hid/disp/display.h ****         return Rectangle(int16_t(Width()), int16_t(Height()));
  31:../../libDaisy/src/hid/disp/display.h ****     }
  32:../../libDaisy/src/hid/disp/display.h **** 
  33:../../libDaisy/src/hid/disp/display.h **** 
  34:../../libDaisy/src/hid/disp/display.h ****     size_t CurrentX() { return currentX_; };
  35:../../libDaisy/src/hid/disp/display.h ****     size_t CurrentY() { return currentY_; };
  36:../../libDaisy/src/hid/disp/display.h **** 
  37:../../libDaisy/src/hid/disp/display.h ****     /** 
  38:../../libDaisy/src/hid/disp/display.h ****     Fills the entire display with either on/off.
  39:../../libDaisy/src/hid/disp/display.h ****     \param on Sets on or off.
  40:../../libDaisy/src/hid/disp/display.h ****     */
  41:../../libDaisy/src/hid/disp/display.h ****     virtual void Fill(bool on) = 0;
  42:../../libDaisy/src/hid/disp/display.h **** 
  43:../../libDaisy/src/hid/disp/display.h ****     /**
  44:../../libDaisy/src/hid/disp/display.h ****     Sets the pixel at the specified coordinate to be on/off.
  45:../../libDaisy/src/hid/disp/display.h ****     \param x   x Coordinate
  46:../../libDaisy/src/hid/disp/display.h ****     \param y   y coordinate
  47:../../libDaisy/src/hid/disp/display.h ****     \param on  on or off
  48:../../libDaisy/src/hid/disp/display.h ****     */
  49:../../libDaisy/src/hid/disp/display.h ****     virtual void DrawPixel(uint_fast8_t x, uint_fast8_t y, bool on) = 0;
  50:../../libDaisy/src/hid/disp/display.h **** 
  51:../../libDaisy/src/hid/disp/display.h ****     /**
  52:../../libDaisy/src/hid/disp/display.h ****     Draws a line from (x1, y1) to (y1, y2)
  53:../../libDaisy/src/hid/disp/display.h ****     \param x1  x Coordinate of the starting point
  54:../../libDaisy/src/hid/disp/display.h ****     \param y1  y Coordinate of the starting point
  55:../../libDaisy/src/hid/disp/display.h ****     \param x2  x Coordinate of the ending point
  56:../../libDaisy/src/hid/disp/display.h ****     \param y2  y Coordinate of the ending point
  57:../../libDaisy/src/hid/disp/display.h ****     \param on  on or off
  58:../../libDaisy/src/hid/disp/display.h ****     */
  59:../../libDaisy/src/hid/disp/display.h ****     virtual void DrawLine(uint_fast8_t x1,
  60:../../libDaisy/src/hid/disp/display.h ****                           uint_fast8_t y1,
  61:../../libDaisy/src/hid/disp/display.h ****                           uint_fast8_t x2,
ARM GAS  C:\Users\FINNDY~1\AppData\Local\Temp\ccAKb7Rb.s 			page 16


  62:../../libDaisy/src/hid/disp/display.h ****                           uint_fast8_t y2,
  63:../../libDaisy/src/hid/disp/display.h ****                           bool         on)
  64:../../libDaisy/src/hid/disp/display.h ****         = 0;
  65:../../libDaisy/src/hid/disp/display.h **** 
  66:../../libDaisy/src/hid/disp/display.h ****     /**
  67:../../libDaisy/src/hid/disp/display.h ****     Draws a rectangle based on two coordinates.
  68:../../libDaisy/src/hid/disp/display.h ****     \param x1 x Coordinate of the first point
  69:../../libDaisy/src/hid/disp/display.h ****     \param y1 y Coordinate of the first point
  70:../../libDaisy/src/hid/disp/display.h ****     \param x2 x Coordinate of the second point
  71:../../libDaisy/src/hid/disp/display.h ****     \param y2 y Coordinate of the second point
  72:../../libDaisy/src/hid/disp/display.h ****     \param on on or off
  73:../../libDaisy/src/hid/disp/display.h ****     \param fill fill the rectangle or draw only the outline
  74:../../libDaisy/src/hid/disp/display.h ****     */
  75:../../libDaisy/src/hid/disp/display.h ****     virtual void DrawRect(uint_fast8_t x1,
  76:../../libDaisy/src/hid/disp/display.h ****                           uint_fast8_t y1,
  77:../../libDaisy/src/hid/disp/display.h ****                           uint_fast8_t x2,
  78:../../libDaisy/src/hid/disp/display.h ****                           uint_fast8_t y2,
  79:../../libDaisy/src/hid/disp/display.h ****                           bool         on,
  80:../../libDaisy/src/hid/disp/display.h ****                           bool         fill = false)
  81:../../libDaisy/src/hid/disp/display.h ****         = 0;
  82:../../libDaisy/src/hid/disp/display.h **** 
  83:../../libDaisy/src/hid/disp/display.h ****     /**
  84:../../libDaisy/src/hid/disp/display.h ****     Draws a rectangle.
  85:../../libDaisy/src/hid/disp/display.h ****     \param rect the rectangle
  86:../../libDaisy/src/hid/disp/display.h ****     \param on   on or off
  87:../../libDaisy/src/hid/disp/display.h ****     \param fill fill the rectangle or draw only the outline
  88:../../libDaisy/src/hid/disp/display.h ****     */
  89:../../libDaisy/src/hid/disp/display.h ****     void DrawRect(const Rectangle& rect, bool on, bool fill = false)
  90:../../libDaisy/src/hid/disp/display.h ****     {
  91:../../libDaisy/src/hid/disp/display.h ****         DrawRect(rect.GetX(),
  92:../../libDaisy/src/hid/disp/display.h ****                  rect.GetY(),
  93:../../libDaisy/src/hid/disp/display.h ****                  rect.GetRight(),
  94:../../libDaisy/src/hid/disp/display.h ****                  rect.GetBottom(),
  95:../../libDaisy/src/hid/disp/display.h ****                  on,
  96:../../libDaisy/src/hid/disp/display.h ****                  fill);
  97:../../libDaisy/src/hid/disp/display.h ****     }
  98:../../libDaisy/src/hid/disp/display.h **** 
  99:../../libDaisy/src/hid/disp/display.h ****     /**
 100:../../libDaisy/src/hid/disp/display.h ****     Draws an arc around the specified coordinate
 101:../../libDaisy/src/hid/disp/display.h ****     \param x           x Coordinate of the center of the arc
 102:../../libDaisy/src/hid/disp/display.h ****     \param y           y Coordinate of the center of the arc
 103:../../libDaisy/src/hid/disp/display.h ****     \param radius      radius of the arc
 104:../../libDaisy/src/hid/disp/display.h ****     \param start_angle angle where to start the arc
 105:../../libDaisy/src/hid/disp/display.h ****     \param sweep       total angle of the arc
 106:../../libDaisy/src/hid/disp/display.h ****     \param on  on or off
 107:../../libDaisy/src/hid/disp/display.h ****     */
 108:../../libDaisy/src/hid/disp/display.h ****     virtual void DrawArc(uint_fast8_t x,
 109:../../libDaisy/src/hid/disp/display.h ****                          uint_fast8_t y,
 110:../../libDaisy/src/hid/disp/display.h ****                          uint_fast8_t radius,
 111:../../libDaisy/src/hid/disp/display.h ****                          int_fast16_t start_angle,
 112:../../libDaisy/src/hid/disp/display.h ****                          int_fast16_t sweep,
 113:../../libDaisy/src/hid/disp/display.h ****                          bool         on)
 114:../../libDaisy/src/hid/disp/display.h ****         = 0;
 115:../../libDaisy/src/hid/disp/display.h **** 
 116:../../libDaisy/src/hid/disp/display.h ****     /**
 117:../../libDaisy/src/hid/disp/display.h ****     Draws a circle around the specified coordinate
 118:../../libDaisy/src/hid/disp/display.h ****     \param x           x Coordinate of the center of the circle
ARM GAS  C:\Users\FINNDY~1\AppData\Local\Temp\ccAKb7Rb.s 			page 17


 119:../../libDaisy/src/hid/disp/display.h ****     \param y           y Coordinate of the center of the circle
 120:../../libDaisy/src/hid/disp/display.h ****     \param radius      radius of the circle
 121:../../libDaisy/src/hid/disp/display.h ****     \param on  on or off
 122:../../libDaisy/src/hid/disp/display.h ****     */
 123:../../libDaisy/src/hid/disp/display.h ****     void
 124:../../libDaisy/src/hid/disp/display.h ****     DrawCircle(uint_fast8_t x, uint_fast8_t y, uint_fast8_t radius, bool on)
 125:../../libDaisy/src/hid/disp/display.h ****     {
 126:../../libDaisy/src/hid/disp/display.h ****         DrawArc(x, y, radius, 0, 360, on);
 127:../../libDaisy/src/hid/disp/display.h ****     };
 128:../../libDaisy/src/hid/disp/display.h **** 
 129:../../libDaisy/src/hid/disp/display.h ****     /** 
 130:../../libDaisy/src/hid/disp/display.h ****     Writes the character with the specific FontDef
 131:../../libDaisy/src/hid/disp/display.h ****     to the display buffer at the current Cursor position.
 132:../../libDaisy/src/hid/disp/display.h ****     \param ch character to be written
 133:../../libDaisy/src/hid/disp/display.h ****     \param font font to be written in
 134:../../libDaisy/src/hid/disp/display.h ****     \param on    on or off
 135:../../libDaisy/src/hid/disp/display.h ****     \return &
 136:../../libDaisy/src/hid/disp/display.h ****     */
 137:../../libDaisy/src/hid/disp/display.h ****     virtual char WriteChar(char ch, FontDef font, bool on) = 0;
 138:../../libDaisy/src/hid/disp/display.h **** 
 139:../../libDaisy/src/hid/disp/display.h ****     /** 
 140:../../libDaisy/src/hid/disp/display.h ****     Similar to WriteChar, except it will handle an entire String.
 141:../../libDaisy/src/hid/disp/display.h ****     Wrapping does not happen automatically, so the width
 142:../../libDaisy/src/hid/disp/display.h ****     of the string must be kept within the dimensions of the screen.
 143:../../libDaisy/src/hid/disp/display.h ****     \param str string to be written
 144:../../libDaisy/src/hid/disp/display.h ****     \param font font to use
 145:../../libDaisy/src/hid/disp/display.h ****     \param on  on or off
 146:../../libDaisy/src/hid/disp/display.h ****     \return &
 147:../../libDaisy/src/hid/disp/display.h ****     */
 148:../../libDaisy/src/hid/disp/display.h ****     virtual char WriteString(const char* str, FontDef font, bool on) = 0;
 149:../../libDaisy/src/hid/disp/display.h **** 
 150:../../libDaisy/src/hid/disp/display.h ****     /** 
 151:../../libDaisy/src/hid/disp/display.h ****     Similar to WriteString but justified within a bounding box.
 152:../../libDaisy/src/hid/disp/display.h ****     \param str          string to be written
 153:../../libDaisy/src/hid/disp/display.h ****     \param font         font to use
 154:../../libDaisy/src/hid/disp/display.h ****     \param boundingBox  the bounding box to draw the text in
 155:../../libDaisy/src/hid/disp/display.h ****     \param alignment    the alignment to use
 156:../../libDaisy/src/hid/disp/display.h ****     \param on           on or off
 157:../../libDaisy/src/hid/disp/display.h ****     \return The rectangle that was drawn to
 158:../../libDaisy/src/hid/disp/display.h ****     */
 159:../../libDaisy/src/hid/disp/display.h ****     virtual Rectangle WriteStringAligned(const char*    str,
 160:../../libDaisy/src/hid/disp/display.h ****                                          const FontDef& font,
 161:../../libDaisy/src/hid/disp/display.h ****                                          Rectangle      boundingBox,
 162:../../libDaisy/src/hid/disp/display.h ****                                          Alignment      alignment,
 163:../../libDaisy/src/hid/disp/display.h ****                                          bool           on)
 164:../../libDaisy/src/hid/disp/display.h ****         = 0;
 165:../../libDaisy/src/hid/disp/display.h **** 
 166:../../libDaisy/src/hid/disp/display.h ****     /** 
 167:../../libDaisy/src/hid/disp/display.h ****     Moves the 'Cursor' position used for WriteChar, and WriteStr to the specified coordinate.
 168:../../libDaisy/src/hid/disp/display.h ****     \param x x pos
 169:../../libDaisy/src/hid/disp/display.h ****     \param y y pos
 170:../../libDaisy/src/hid/disp/display.h ****     */
 171:../../libDaisy/src/hid/disp/display.h ****     void SetCursor(uint16_t x, uint16_t y)
 172:../../libDaisy/src/hid/disp/display.h ****     {
 173:../../libDaisy/src/hid/disp/display.h ****         currentX_ = (x >= Width()) ? Width() - 1 : x;
 174:../../libDaisy/src/hid/disp/display.h ****         currentY_ = (y >= Height()) ? Height() - 1 : y;
 175:../../libDaisy/src/hid/disp/display.h ****     }
ARM GAS  C:\Users\FINNDY~1\AppData\Local\Temp\ccAKb7Rb.s 			page 18


 176:../../libDaisy/src/hid/disp/display.h **** 
 177:../../libDaisy/src/hid/disp/display.h ****     /** 
 178:../../libDaisy/src/hid/disp/display.h ****     Writes the current display buffer to the OLED device using SPI or I2C depending on 
 179:../../libDaisy/src/hid/disp/display.h ****     how the object was initialized.
 180:../../libDaisy/src/hid/disp/display.h ****     */
 181:../../libDaisy/src/hid/disp/display.h ****     virtual void Update() = 0;
 182:../../libDaisy/src/hid/disp/display.h **** 
 183:../../libDaisy/src/hid/disp/display.h ****   protected:
 184:../../libDaisy/src/hid/disp/display.h ****     uint16_t currentX_;
 185:../../libDaisy/src/hid/disp/display.h ****     uint16_t currentY_;
 186:../../libDaisy/src/hid/disp/display.h **** };
 187:../../libDaisy/src/hid/disp/display.h **** 
 188:../../libDaisy/src/hid/disp/display.h **** /** This class is intended as a intermediary class for your actual implementation of the OneBitGrap
 189:../../libDaisy/src/hid/disp/display.h ****  *  interface. It uses the CRTP design pattern where the template argument is the child class. It p
 190:../../libDaisy/src/hid/disp/display.h ****  *  implementations for most of the functions, except DrawPixel(), Update() and Fill(), which you'l
 191:../../libDaisy/src/hid/disp/display.h ****  *  to provide in your child class.
 192:../../libDaisy/src/hid/disp/display.h ****  *  The main goal of this class is to provide common drawing functions without relying on massive a
 193:../../libDaisy/src/hid/disp/display.h ****  *  virtual function calls that would result in a performance loss. To achieve this, any drawing fu
 194:../../libDaisy/src/hid/disp/display.h ****  *  is implemented here and internally calls other drawing functions (e.g. DrawRect() which interna
 195:../../libDaisy/src/hid/disp/display.h ****  *  DrawPixel() and DrawLine()) makes these calls via the qualified name of these functions to expl
 196:../../libDaisy/src/hid/disp/display.h ****  *  suppress the virtual dispatch mechanism like this:
 197:../../libDaisy/src/hid/disp/display.h ****  * 
 198:../../libDaisy/src/hid/disp/display.h ****  *      ChildType::DrawPixel(...); // no virtual function call; direct call into the child class fu
 199:../../libDaisy/src/hid/disp/display.h ****  *  
 200:../../libDaisy/src/hid/disp/display.h ****  *  To create a custom OneBitGraphicsDisplay implementation, you can 
 201:../../libDaisy/src/hid/disp/display.h ****  *  A) inherit from OneBitGraphicsDisplay directly and provide all the drawing functions yourself
 202:../../libDaisy/src/hid/disp/display.h ****  *  B) Inherit from OneBitGraphicsDisplayImpl and only provide DrawPixel(), Fill() and Update()
 203:../../libDaisy/src/hid/disp/display.h ****  *     like this:
 204:../../libDaisy/src/hid/disp/display.h ****  *  
 205:../../libDaisy/src/hid/disp/display.h ****  *      class MyDisplayClass : public OneBitGraphicsDisplayImpl<MyDisplayClass> 
 206:../../libDaisy/src/hid/disp/display.h ****  *      {
 207:../../libDaisy/src/hid/disp/display.h ****  *      public:
 208:../../libDaisy/src/hid/disp/display.h ****  *          void Fill() override { ... };
 209:../../libDaisy/src/hid/disp/display.h ****  *          void DrawPixel(uint_fast8_t x, uint_fast8_t y, bool on) override { ... };
 210:../../libDaisy/src/hid/disp/display.h ****  *          void Update() override { ... }
 211:../../libDaisy/src/hid/disp/display.h ****  *      };
 212:../../libDaisy/src/hid/disp/display.h ****  *  
 213:../../libDaisy/src/hid/disp/display.h ****  */
 214:../../libDaisy/src/hid/disp/display.h **** template <class ChildType>
 215:../../libDaisy/src/hid/disp/display.h **** class OneBitGraphicsDisplayImpl : public OneBitGraphicsDisplay
 216:../../libDaisy/src/hid/disp/display.h **** {
 217:../../libDaisy/src/hid/disp/display.h ****   public:
 218:../../libDaisy/src/hid/disp/display.h ****     OneBitGraphicsDisplayImpl() {}
 219:../../libDaisy/src/hid/disp/display.h ****     virtual ~OneBitGraphicsDisplayImpl() {}
 199              		.loc 8 219 13 view .LVU24
 200              	.LBB392:
 201              	.LBI392:
  23:../../libDaisy/src/hid/disp/display.h **** 
 202              		.loc 8 23 13 view .LVU25
  23:../../libDaisy/src/hid/disp/display.h **** 
 203              		.loc 8 23 13 is_stmt 0 view .LVU26
 204              	.LBE392:
 205              	.LBE391:
  18:../../libDaisy/src/hid/disp/oled_display.h **** 
 206              		.loc 6 18 29 view .LVU27
 207 0000 7047     		bx	lr
 208              		.cfi_endproc
ARM GAS  C:\Users\FINNDY~1\AppData\Local\Temp\ccAKb7Rb.s 			page 19


 209              	.LFE7613:
 211              		.weak	_ZN5daisy11OledDisplayINS_13SSD130xDriverILj128ELj64ENS_19SSD130xI2CTransportEEEED1Ev
 212              		.thumb_set _ZN5daisy11OledDisplayINS_13SSD130xDriverILj128ELj64ENS_19SSD130xI2CTransportEEEED1Ev,_
 213 0002 00BF     		.section	.text._ZNK5daisy11OledDisplayINS_13SSD130xDriverILj128ELj64ENS_19SSD130xI2CTransportEEEE6
 214              		.align	1
 215              		.p2align 2,,3
 216              		.weak	_ZNK5daisy11OledDisplayINS_13SSD130xDriverILj128ELj64ENS_19SSD130xI2CTransportEEEE6HeightEv
 217              		.syntax unified
 218              		.thumb
 219              		.thumb_func
 220              		.fpu fpv5-d16
 222              	_ZNK5daisy11OledDisplayINS_13SSD130xDriverILj128ELj64ENS_19SSD130xI2CTransportEEEE6HeightEv:
 223              	.LVL9:
 224              	.LFB7616:
  27:../../libDaisy/src/hid/disp/oled_display.h ****     uint16_t Width() const override { return driver_.Width(); }
 225              		.loc 6 27 14 is_stmt 1 view -0
 226              		.cfi_startproc
 227              		@ args = 0, pretend = 0, frame = 0
 228              		@ frame_needed = 0, uses_anonymous_args = 0
 229              		@ link register save eliminated.
  27:../../libDaisy/src/hid/disp/oled_display.h ****     uint16_t Width() const override { return driver_.Width(); }
 230              		.loc 6 27 65 is_stmt 0 view .LVU29
 231 0000 4020     		movs	r0, #64
 232              	.LVL10:
  27:../../libDaisy/src/hid/disp/oled_display.h ****     uint16_t Width() const override { return driver_.Width(); }
 233              		.loc 6 27 65 view .LVU30
 234 0002 7047     		bx	lr
 235              		.cfi_endproc
 236              	.LFE7616:
 238              		.section	.text._ZNK5daisy11OledDisplayINS_13SSD130xDriverILj128ELj64ENS_19SSD130xI2CTransportEEEE5
 239              		.align	1
 240              		.p2align 2,,3
 241              		.weak	_ZNK5daisy11OledDisplayINS_13SSD130xDriverILj128ELj64ENS_19SSD130xI2CTransportEEEE5WidthEv
 242              		.syntax unified
 243              		.thumb
 244              		.thumb_func
 245              		.fpu fpv5-d16
 247              	_ZNK5daisy11OledDisplayINS_13SSD130xDriverILj128ELj64ENS_19SSD130xI2CTransportEEEE5WidthEv:
 248              	.LVL11:
 249              	.LFB7617:
  28:../../libDaisy/src/hid/disp/oled_display.h **** 
 250              		.loc 6 28 14 is_stmt 1 view -0
 251              		.cfi_startproc
 252              		@ args = 0, pretend = 0, frame = 0
 253              		@ frame_needed = 0, uses_anonymous_args = 0
 254              		@ link register save eliminated.
  28:../../libDaisy/src/hid/disp/oled_display.h **** 
 255              		.loc 6 28 63 is_stmt 0 view .LVU32
 256 0000 8020     		movs	r0, #128
 257              	.LVL12:
  28:../../libDaisy/src/hid/disp/oled_display.h **** 
 258              		.loc 6 28 63 view .LVU33
 259 0002 7047     		bx	lr
 260              		.cfi_endproc
 261              	.LFE7617:
 263              		.section	.text._Z21ControlsTimerCallbackPv,"ax",%progbits
 264              		.align	1
ARM GAS  C:\Users\FINNDY~1\AppData\Local\Temp\ccAKb7Rb.s 			page 20


 265              		.p2align 2,,3
 266              		.global	_Z21ControlsTimerCallbackPv
 267              		.syntax unified
 268              		.thumb
 269              		.thumb_func
 270              		.fpu fpv5-d16
 272              	_Z21ControlsTimerCallbackPv:
 273              	.LVL13:
 274              	.LFB6820:
 275              		.file 9 "main.cpp"
   1:main.cpp      **** #include <string.h>
   2:main.cpp      **** #include "daisy_seed.h"
   3:main.cpp      **** #include "util.hpp"
   4:main.cpp      **** #include "effect.hpp"
   5:main.cpp      **** #include "gui.hpp"
   6:main.cpp      **** 
   7:main.cpp      **** using namespace daisy;
   8:main.cpp      **** 
   9:main.cpp      **** 
  10:main.cpp      **** #define NUM_EFFECTS 8 // idk maybe the user (I) will be able to add more in the interface
  11:main.cpp      **** Effect* effects[NUM_EFFECTS];
  12:main.cpp      **** 
  13:main.cpp      **** static void Callback(AudioHandle::InputBuffer in, AudioHandle::OutputBuffer out, size_t size)
  14:main.cpp      **** {
  15:main.cpp      ****     // passthrough copy
  16:main.cpp      ****     memcpy(out[0], in[0], size * sizeof(float));
  17:main.cpp      **** 
  18:main.cpp      ****     for (int i = 0; i < NUM_EFFECTS; i++) {
  19:main.cpp      ****         // if (effects[i] == nullptr) continue;
  20:main.cpp      **** 
  21:main.cpp      ****         if (effects[i]->series)
  22:main.cpp      ****             effects[i]->apply(out[0], out[0], size);
  23:main.cpp      ****         else
  24:main.cpp      ****             effects[i]->apply(in[0], out[0], size);
  25:main.cpp      ****     }
  26:main.cpp      **** 
  27:main.cpp      **** }
  28:main.cpp      **** 
  29:main.cpp      **** #define CONTOLS_UPDATE_RATE 1000
  30:main.cpp      **** 
  31:main.cpp      **** RgbLed rgbLed;
  32:main.cpp      **** Encoder encoder;
  33:main.cpp      **** Switch backButton;
  34:main.cpp      **** 
  35:main.cpp      **** volatile int encoderMove;
  36:main.cpp      **** volatile bool encoderPress;
  37:main.cpp      **** volatile bool backPress;
  38:main.cpp      **** volatile bool controlUpdateReady;
  39:main.cpp      **** 
  40:main.cpp      **** typedef struct {
  41:main.cpp      ****     volatile int encoderMove;
  42:main.cpp      ****     volatile bool encoderPress;
  43:main.cpp      ****     volatile bool backPress;
  44:main.cpp      **** } ControlData;
  45:main.cpp      **** 
  46:main.cpp      **** void ControlsTimerCallback(void* data) {
 276              		.loc 9 46 40 is_stmt 1 view -0
ARM GAS  C:\Users\FINNDY~1\AppData\Local\Temp\ccAKb7Rb.s 			page 21


 277              		.cfi_startproc
 278              		@ args = 0, pretend = 0, frame = 0
 279              		@ frame_needed = 0, uses_anonymous_args = 0
  47:main.cpp      ****     
  48:main.cpp      ****     // ControlData* cd = (ControlData*) data; // local doesnt seem to work lmao
  49:main.cpp      **** 
  50:main.cpp      ****     rgbLed.Update();
 280              		.loc 9 50 5 view .LVU35
  46:main.cpp      ****     
 281              		.loc 9 46 40 is_stmt 0 view .LVU36
 282 0000 38B5     		push	{r3, r4, r5, lr}
 283              		.cfi_def_cfa_offset 16
 284              		.cfi_offset 3, -16
 285              		.cfi_offset 4, -12
 286              		.cfi_offset 5, -8
 287              		.cfi_offset 14, -4
  51:main.cpp      **** 
  52:main.cpp      ****     backButton.Debounce();
 288              		.loc 9 52 24 view .LVU37
 289 0002 1F4D     		ldr	r5, .L23
  46:main.cpp      ****     
 290              		.loc 9 46 40 view .LVU38
 291 0004 0446     		mov	r4, r0
  50:main.cpp      **** 
 292              		.loc 9 50 18 view .LVU39
 293 0006 1F48     		ldr	r0, .L23+4
 294              	.LVL14:
  50:main.cpp      **** 
 295              		.loc 9 50 18 view .LVU40
 296 0008 FFF7FEFF 		bl	_ZN5daisy6RgbLed6UpdateEv
 297              	.LVL15:
 298              		.loc 9 52 5 is_stmt 1 view .LVU41
 299              		.loc 9 52 24 is_stmt 0 view .LVU42
 300 000c 2846     		mov	r0, r5
 301 000e FFF7FEFF 		bl	_ZN5daisy6Switch8DebounceEv
 302              	.LVL16:
  53:main.cpp      ****     ((ControlData*)data)->backPress |= backButton.RisingEdge();
 303              		.loc 9 53 5 is_stmt 1 view .LVU43
 304              	.LBB393:
 305              	.LBI393:
  43:../../libDaisy/src/hid/switch.h **** 
  44:../../libDaisy/src/hid/switch.h ****     /** 
  45:../../libDaisy/src/hid/switch.h ****     Initializes the switch object with a given port/pin combo.
  46:../../libDaisy/src/hid/switch.h ****     \param pin port/pin object to tell the switch which hardware pin to use.
  47:../../libDaisy/src/hid/switch.h ****     \param update_rate Does nothing. Backwards compatibility until next breaking update.
  48:../../libDaisy/src/hid/switch.h ****     \param t switch type -- Default: TYPE_MOMENTARY
  49:../../libDaisy/src/hid/switch.h ****     \param pol switch polarity -- Default: POLARITY_INVERTED
  50:../../libDaisy/src/hid/switch.h ****     \param pu switch pull up/down -- Default: PULL_UP
  51:../../libDaisy/src/hid/switch.h ****     */
  52:../../libDaisy/src/hid/switch.h ****     void
  53:../../libDaisy/src/hid/switch.h ****     Init(dsy_gpio_pin pin, float update_rate, Type t, Polarity pol, Pull pu);
  54:../../libDaisy/src/hid/switch.h **** 
  55:../../libDaisy/src/hid/switch.h ****     /**
  56:../../libDaisy/src/hid/switch.h ****        Simplified Init.
  57:../../libDaisy/src/hid/switch.h ****        \param pin port/pin object to tell the switch which hardware pin to use.
  58:../../libDaisy/src/hid/switch.h ****        \param update_rate Left for backwards compatibility until next breaking change.
  59:../../libDaisy/src/hid/switch.h ****     */
ARM GAS  C:\Users\FINNDY~1\AppData\Local\Temp\ccAKb7Rb.s 			page 22


  60:../../libDaisy/src/hid/switch.h ****     void Init(dsy_gpio_pin pin, float update_rate = 0.f);
  61:../../libDaisy/src/hid/switch.h **** 
  62:../../libDaisy/src/hid/switch.h ****     /** 
  63:../../libDaisy/src/hid/switch.h ****     Called at update_rate to debounce and handle timing for the switch.
  64:../../libDaisy/src/hid/switch.h ****     In order for events not to be missed, its important that the Edge/Pressed checks
  65:../../libDaisy/src/hid/switch.h ****     be made at the same rate as the debounce function is being called.
  66:../../libDaisy/src/hid/switch.h ****     */
  67:../../libDaisy/src/hid/switch.h ****     void Debounce();
  68:../../libDaisy/src/hid/switch.h **** 
  69:../../libDaisy/src/hid/switch.h ****     /** \return true if a button was just pressed. */
  70:../../libDaisy/src/hid/switch.h ****     inline bool RisingEdge() const { return updated_ ? state_ == 0x7f : false; }
 306              		.loc 2 70 17 view .LVU44
 307              	.LBB394:
 308              		.loc 2 70 38 view .LVU45
 309              		.loc 2 70 45 is_stmt 0 view .LVU46
 310 0012 2B79     		ldrb	r3, [r5, #4]	@ zero_extendqisi2
 311              		.loc 2 70 54 view .LVU47
 312 0014 2BB1     		cbz	r3, .L11
 313 0016 AB7A     		ldrb	r3, [r5, #10]	@ zero_extendqisi2
 314 0018 A3F17F03 		sub	r3, #127
 315 001c B3FA83F3 		clz	r3, r3
 316 0020 5B09     		lsrs	r3, r3, #5
 317              	.L11:
 318              	.LVL17:
 319              		.loc 2 70 54 view .LVU48
 320              	.LBE394:
 321              	.LBE393:
 322              		.loc 9 53 37 view .LVU49
 323 0022 6279     		ldrb	r2, [r4, #5]	@ zero_extendqisi2
  54:main.cpp      **** 
  55:main.cpp      ****     encoder.Debounce();
 324              		.loc 9 55 21 view .LVU50
 325 0024 184D     		ldr	r5, .L23+8
  53:main.cpp      **** 
 326              		.loc 9 53 37 view .LVU51
 327 0026 1343     		orrs	r3, r3, r2
 328              		.loc 9 55 21 view .LVU52
 329 0028 2846     		mov	r0, r5
  53:main.cpp      **** 
 330              		.loc 9 53 37 view .LVU53
 331 002a 6371     		strb	r3, [r4, #5]
 332              		.loc 9 55 5 is_stmt 1 view .LVU54
 333              		.loc 9 55 21 is_stmt 0 view .LVU55
 334 002c FFF7FEFF 		bl	_ZN5daisy7Encoder8DebounceEv
 335              	.LVL18:
  56:main.cpp      ****     ((ControlData*)data)->encoderPress |= encoder.RisingEdge();
 336              		.loc 9 56 5 is_stmt 1 view .LVU56
 337              	.LBB395:
 338              	.LBI395:
  22:../../libDaisy/src/hid/encoder.h **** 
  23:../../libDaisy/src/hid/encoder.h ****     /** Initializes the encoder with the specified hardware pins.
  24:../../libDaisy/src/hid/encoder.h ****      * Update rate is to be deprecated in a future release
  25:../../libDaisy/src/hid/encoder.h ****      */
  26:../../libDaisy/src/hid/encoder.h ****     void Init(dsy_gpio_pin a,
  27:../../libDaisy/src/hid/encoder.h ****               dsy_gpio_pin b,
  28:../../libDaisy/src/hid/encoder.h ****               dsy_gpio_pin click,
  29:../../libDaisy/src/hid/encoder.h ****               float        update_rate = 0.f);
ARM GAS  C:\Users\FINNDY~1\AppData\Local\Temp\ccAKb7Rb.s 			page 23


  30:../../libDaisy/src/hid/encoder.h ****     /** Called at update_rate to debounce and handle timing for the switch.
  31:../../libDaisy/src/hid/encoder.h ****      * In order for events not to be missed, its important that the Edge/Pressed checks be made at 
  32:../../libDaisy/src/hid/encoder.h ****      */
  33:../../libDaisy/src/hid/encoder.h ****     void Debounce();
  34:../../libDaisy/src/hid/encoder.h **** 
  35:../../libDaisy/src/hid/encoder.h ****     /** Returns +1 if the encoder was turned clockwise, -1 if it was turned counter-clockwise, or 0
  36:../../libDaisy/src/hid/encoder.h ****     inline int32_t Increment() const { return updated_ ? inc_ : 0; }
  37:../../libDaisy/src/hid/encoder.h **** 
  38:../../libDaisy/src/hid/encoder.h ****     /** Returns true if the encoder was just pressed. */
  39:../../libDaisy/src/hid/encoder.h ****     inline bool RisingEdge() const { return sw_.RisingEdge(); }
 339              		.loc 3 39 17 view .LVU57
 340              	.LBE395:
 341              		.loc 3 39 38 view .LVU58
 342              	.LBB398:
 343              	.LBB396:
 344              	.LBI396:
 345              		.loc 2 70 17 view .LVU59
 346              	.LBB397:
 347              		.loc 2 70 38 view .LVU60
 348              		.loc 2 70 45 is_stmt 0 view .LVU61
 349 0030 2A7B     		ldrb	r2, [r5, #12]	@ zero_extendqisi2
 350              		.loc 2 70 54 view .LVU62
 351 0032 2AB1     		cbz	r2, .L12
 352 0034 AA7C     		ldrb	r2, [r5, #18]	@ zero_extendqisi2
 353 0036 A2F17F02 		sub	r2, #127
 354 003a B2FA82F2 		clz	r2, r2
 355 003e 5209     		lsrs	r2, r2, #5
 356              	.L12:
 357              	.LVL19:
 358              		.loc 2 70 54 view .LVU63
 359              	.LBE397:
 360              	.LBE396:
 361              	.LBE398:
 362              		.loc 9 56 40 view .LVU64
 363 0040 2179     		ldrb	r1, [r4, #4]	@ zero_extendqisi2
 364              	.LBB399:
 365              	.LBB400:
  36:../../libDaisy/src/hid/encoder.h **** 
 366              		.loc 3 36 56 view .LVU65
 367 0042 2B79     		ldrb	r3, [r5, #4]	@ zero_extendqisi2
 368              	.LBE400:
 369              	.LBE399:
 370              		.loc 9 56 40 view .LVU66
 371 0044 0A43     		orrs	r2, r2, r1
 372 0046 2271     		strb	r2, [r4, #4]
  57:main.cpp      **** 
  58:main.cpp      ****     ((ControlData*)data)->encoderMove += encoder.Increment();
 373              		.loc 9 58 5 is_stmt 1 view .LVU67
 374              	.LVL20:
 375              	.LBB402:
 376              	.LBI399:
  36:../../libDaisy/src/hid/encoder.h **** 
 377              		.loc 3 36 20 view .LVU68
 378              	.LBB401:
  36:../../libDaisy/src/hid/encoder.h **** 
 379              		.loc 3 36 40 view .LVU69
  36:../../libDaisy/src/hid/encoder.h **** 
ARM GAS  C:\Users\FINNDY~1\AppData\Local\Temp\ccAKb7Rb.s 			page 24


 380              		.loc 3 36 56 is_stmt 0 view .LVU70
 381 0048 03B1     		cbz	r3, .L13
 382 004a 6B6A     		ldr	r3, [r5, #36]
 383              	.L13:
 384              	.LVL21:
  36:../../libDaisy/src/hid/encoder.h **** 
 385              		.loc 3 36 56 view .LVU71
 386              	.LBE401:
 387              	.LBE402:
 388              		.loc 9 58 39 view .LVU72
 389 004c 2268     		ldr	r2, [r4]
  59:main.cpp      **** 
  60:main.cpp      ****     if (!controlUpdateReady) {
 390              		.loc 9 60 10 view .LVU73
 391 004e 0F49     		ldr	r1, .L23+12
  58:main.cpp      **** 
 392              		.loc 9 58 39 view .LVU74
 393 0050 1344     		add	r3, r3, r2
 394 0052 2360     		str	r3, [r4]
 395              		.loc 9 60 5 is_stmt 1 view .LVU75
 396              		.loc 9 60 10 is_stmt 0 view .LVU76
 397 0054 0B78     		ldrb	r3, [r1]	@ zero_extendqisi2
 398              		.loc 9 60 5 view .LVU77
 399 0056 03F0FF02 		and	r2, r3, #255
 400 005a 7BB9     		cbnz	r3, .L10
  61:main.cpp      ****         encoderPress = ((ControlData*)data)->encoderPress;
 401              		.loc 9 61 9 is_stmt 1 view .LVU78
 402              		.loc 9 61 46 is_stmt 0 view .LVU79
 403 005c 2379     		ldrb	r3, [r4, #4]	@ zero_extendqisi2
 404              		.loc 9 61 22 view .LVU80
 405 005e 0C48     		ldr	r0, .L23+16
 406              		.loc 9 61 46 view .LVU81
 407 0060 DBB2     		uxtb	r3, r3
 408              		.loc 9 61 22 view .LVU82
 409 0062 0370     		strb	r3, [r0]
  62:main.cpp      ****         ((ControlData*)data)->encoderPress = false;
 410              		.loc 9 62 9 is_stmt 1 view .LVU83
 411              		.loc 9 62 44 is_stmt 0 view .LVU84
 412 0064 2271     		strb	r2, [r4, #4]
  63:main.cpp      **** 
  64:main.cpp      ****         backPress = ((ControlData*)data)->backPress;
 413              		.loc 9 64 9 is_stmt 1 view .LVU85
 414              		.loc 9 64 43 is_stmt 0 view .LVU86
 415 0066 6379     		ldrb	r3, [r4, #5]	@ zero_extendqisi2
 416              		.loc 9 64 19 view .LVU87
 417 0068 0A48     		ldr	r0, .L23+20
 418              		.loc 9 64 43 view .LVU88
 419 006a DBB2     		uxtb	r3, r3
 420              		.loc 9 64 19 view .LVU89
 421 006c 0370     		strb	r3, [r0]
  65:main.cpp      ****         ((ControlData*)data)->backPress = false;
 422              		.loc 9 65 9 is_stmt 1 view .LVU90
  66:main.cpp      **** 
  67:main.cpp      ****         encoderMove = ((ControlData*)data)->encoderMove;
  68:main.cpp      ****         ((ControlData*)data)->encoderMove = 0;
  69:main.cpp      **** 
  70:main.cpp      ****         controlUpdateReady = true;
ARM GAS  C:\Users\FINNDY~1\AppData\Local\Temp\ccAKb7Rb.s 			page 25


 423              		.loc 9 70 28 is_stmt 0 view .LVU91
 424 006e 0123     		movs	r3, #1
  65:main.cpp      ****         ((ControlData*)data)->backPress = false;
 425              		.loc 9 65 41 view .LVU92
 426 0070 6271     		strb	r2, [r4, #5]
  67:main.cpp      ****         ((ControlData*)data)->encoderMove = 0;
 427              		.loc 9 67 9 is_stmt 1 view .LVU93
  67:main.cpp      ****         ((ControlData*)data)->encoderMove = 0;
 428              		.loc 9 67 21 is_stmt 0 view .LVU94
 429 0072 0948     		ldr	r0, .L23+24
  67:main.cpp      ****         ((ControlData*)data)->encoderMove = 0;
 430              		.loc 9 67 45 view .LVU95
 431 0074 2568     		ldr	r5, [r4]
  67:main.cpp      ****         ((ControlData*)data)->encoderMove = 0;
 432              		.loc 9 67 21 view .LVU96
 433 0076 0560     		str	r5, [r0]
  68:main.cpp      **** 
 434              		.loc 9 68 9 is_stmt 1 view .LVU97
  68:main.cpp      **** 
 435              		.loc 9 68 43 is_stmt 0 view .LVU98
 436 0078 2260     		str	r2, [r4]
 437              		.loc 9 70 9 is_stmt 1 view .LVU99
 438              		.loc 9 70 28 is_stmt 0 view .LVU100
 439 007a 0B70     		strb	r3, [r1]
 440              	.L10:
  71:main.cpp      ****     }
  72:main.cpp      **** 
  73:main.cpp      **** }
 441              		.loc 9 73 1 view .LVU101
 442 007c 38BD     		pop	{r3, r4, r5, pc}
 443              	.LVL22:
 444              	.L24:
 445              		.loc 9 73 1 view .LVU102
 446 007e 00BF     		.align	2
 447              	.L23:
 448 0080 00000000 		.word	.LANCHOR1
 449 0084 00000000 		.word	.LANCHOR0
 450 0088 00000000 		.word	.LANCHOR2
 451 008c 00000000 		.word	.LANCHOR3
 452 0090 00000000 		.word	.LANCHOR4
 453 0094 00000000 		.word	.LANCHOR5
 454 0098 00000000 		.word	.LANCHOR6
 455              		.cfi_endproc
 456              	.LFE6820:
 458              		.section	.text._ZL8CallbackPKPKfPPfj,"ax",%progbits
 459              		.align	1
 460              		.p2align 2,,3
 461              		.syntax unified
 462              		.thumb
 463              		.thumb_func
 464              		.fpu fpv5-d16
 466              	_ZL8CallbackPKPKfPPfj:
 467              	.LVL23:
 468              	.LFB6819:
  14:main.cpp      ****     // passthrough copy
 469              		.loc 9 14 1 is_stmt 1 view -0
 470              		.cfi_startproc
ARM GAS  C:\Users\FINNDY~1\AppData\Local\Temp\ccAKb7Rb.s 			page 26


 471              		@ args = 0, pretend = 0, frame = 0
 472              		@ frame_needed = 0, uses_anonymous_args = 0
  16:main.cpp      **** 
 473              		.loc 9 16 5 view .LVU104
  14:main.cpp      ****     // passthrough copy
 474              		.loc 9 14 1 is_stmt 0 view .LVU105
 475 0000 2DE9F047 		push	{r4, r5, r6, r7, r8, r9, r10, lr}
 476              		.cfi_def_cfa_offset 32
 477              		.cfi_offset 4, -32
 478              		.cfi_offset 5, -28
 479              		.cfi_offset 6, -24
 480              		.cfi_offset 7, -20
 481              		.cfi_offset 8, -16
 482              		.cfi_offset 9, -12
 483              		.cfi_offset 10, -8
 484              		.cfi_offset 14, -4
  14:main.cpp      ****     // passthrough copy
 485              		.loc 9 14 1 view .LVU106
 486 0004 0F46     		mov	r7, r1
 487 0006 124D     		ldr	r5, .L33
  16:main.cpp      **** 
 488              		.loc 9 16 11 view .LVU107
 489 0008 0168     		ldr	r1, [r0]
 490              	.LVL24:
  14:main.cpp      ****     // passthrough copy
 491              		.loc 9 14 1 view .LVU108
 492 000a 8146     		mov	r9, r0
 493 000c 1646     		mov	r6, r2
  16:main.cpp      **** 
 494              		.loc 9 16 11 view .LVU109
 495 000e 3868     		ldr	r0, [r7]
 496              	.LVL25:
  16:main.cpp      **** 
 497              		.loc 9 16 11 view .LVU110
 498 0010 9200     		lsls	r2, r2, #2
 499              	.LVL26:
  16:main.cpp      **** 
 500              		.loc 9 16 11 view .LVU111
 501 0012 05F12008 		add	r8, r5, #32
 502 0016 FFF7FEFF 		bl	memcpy
 503              	.LVL27:
  18:main.cpp      ****         // if (effects[i] == nullptr) continue;
 504              		.loc 9 18 5 is_stmt 1 view .LVU112
 505              	.LBB403:
  18:main.cpp      ****         // if (effects[i] == nullptr) continue;
 506              		.loc 9 18 23 view .LVU113
 507 001a 06E0     		b	.L28
 508              	.LVL28:
 509              	.L32:
  22:main.cpp      ****         else
 510              		.loc 9 22 51 is_stmt 0 view .LVU114
 511 001c 2168     		ldr	r1, [r4]
  22:main.cpp      ****         else
 512              		.loc 9 22 30 view .LVU115
 513 001e 3A68     		ldr	r2, [r7]
 514 0020 0C68     		ldr	r4, [r1]
 515 0022 1146     		mov	r1, r2
ARM GAS  C:\Users\FINNDY~1\AppData\Local\Temp\ccAKb7Rb.s 			page 27


 516 0024 A047     		blx	r4
 517              	.LVL29:
  18:main.cpp      ****         // if (effects[i] == nullptr) continue;
 518              		.loc 9 18 5 is_stmt 1 view .LVU116
  18:main.cpp      ****         // if (effects[i] == nullptr) continue;
 519              		.loc 9 18 23 view .LVU117
 520 0026 4545     		cmp	r5, r8
 521 0028 10D0     		beq	.L31
 522              	.L28:
  21:main.cpp      ****             effects[i]->apply(out[0], out[0], size);
 523              		.loc 9 21 9 view .LVU118
  22:main.cpp      ****         else
 524              		.loc 9 22 13 view .LVU119
  24:main.cpp      ****     }
 525              		.loc 9 24 13 view .LVU120
  21:main.cpp      ****             effects[i]->apply(out[0], out[0], size);
 526              		.loc 9 21 22 is_stmt 0 view .LVU121
 527 002a 55F8044F 		ldr	r4, [r5, #4]!
  22:main.cpp      ****         else
 528              		.loc 9 22 30 view .LVU122
 529 002e 3346     		mov	r3, r6
  21:main.cpp      ****             effects[i]->apply(out[0], out[0], size);
 530              		.loc 9 21 9 view .LVU123
 531 0030 227C     		ldrb	r2, [r4, #16]	@ zero_extendqisi2
  22:main.cpp      ****         else
 532              		.loc 9 22 30 view .LVU124
 533 0032 2046     		mov	r0, r4
  21:main.cpp      ****             effects[i]->apply(out[0], out[0], size);
 534              		.loc 9 21 9 view .LVU125
 535 0034 002A     		cmp	r2, #0
 536 0036 F1D1     		bne	.L32
 537              	.LVL30:
  24:main.cpp      ****     }
 538              		.loc 9 24 50 view .LVU126
 539 0038 2068     		ldr	r0, [r4]
  24:main.cpp      ****     }
 540              		.loc 9 24 30 view .LVU127
 541 003a 3A68     		ldr	r2, [r7]
 542 003c D0F800A0 		ldr	r10, [r0]
 543 0040 2046     		mov	r0, r4
 544 0042 D9F80010 		ldr	r1, [r9]
 545 0046 D047     		blx	r10
 546              	.LVL31:
  18:main.cpp      ****         // if (effects[i] == nullptr) continue;
 547              		.loc 9 18 5 is_stmt 1 view .LVU128
  18:main.cpp      ****         // if (effects[i] == nullptr) continue;
 548              		.loc 9 18 23 view .LVU129
 549 0048 4545     		cmp	r5, r8
 550 004a EED1     		bne	.L28
 551              	.L31:
  18:main.cpp      ****         // if (effects[i] == nullptr) continue;
 552              		.loc 9 18 23 is_stmt 0 view .LVU130
 553              	.LBE403:
  27:main.cpp      **** 
 554              		.loc 9 27 1 view .LVU131
 555 004c BDE8F087 		pop	{r4, r5, r6, r7, r8, r9, r10, pc}
 556              	.LVL32:
ARM GAS  C:\Users\FINNDY~1\AppData\Local\Temp\ccAKb7Rb.s 			page 28


 557              	.L34:
  27:main.cpp      **** 
 558              		.loc 9 27 1 view .LVU132
 559              		.align	2
 560              	.L33:
 561 0050 FCFFFFFF 		.word	.LANCHOR7-4
 562              		.cfi_endproc
 563              	.LFE6819:
 565              		.section	.text._ZN5daisy11OledDisplayINS_13SSD130xDriverILj128ELj64ENS_19SSD130xI2CTransportEEEED0
 566              		.align	1
 567              		.p2align 2,,3
 568              		.weak	_ZN5daisy11OledDisplayINS_13SSD130xDriverILj128ELj64ENS_19SSD130xI2CTransportEEEED0Ev
 569              		.syntax unified
 570              		.thumb
 571              		.thumb_func
 572              		.fpu fpv5-d16
 574              	_ZN5daisy11OledDisplayINS_13SSD130xDriverILj128ELj64ENS_19SSD130xI2CTransportEEEED0Ev:
 575              	.LVL33:
 576              	.LFB7615:
  18:../../libDaisy/src/hid/disp/oled_display.h **** 
 577              		.loc 6 18 13 is_stmt 1 view -0
 578              		.cfi_startproc
 579              		@ args = 0, pretend = 0, frame = 0
 580              		@ frame_needed = 0, uses_anonymous_args = 0
  18:../../libDaisy/src/hid/disp/oled_display.h **** 
 581              		.loc 6 18 13 is_stmt 0 view .LVU134
 582 0000 10B5     		push	{r4, lr}
 583              		.cfi_def_cfa_offset 8
 584              		.cfi_offset 4, -8
 585              		.cfi_offset 14, -4
  18:../../libDaisy/src/hid/disp/oled_display.h **** 
 586              		.loc 6 18 13 view .LVU135
 587 0002 0446     		mov	r4, r0
 588              	.LVL34:
 589              	.LBB404:
 590              	.LBI404:
  18:../../libDaisy/src/hid/disp/oled_display.h **** 
 591              		.loc 6 18 13 is_stmt 1 view .LVU136
 592              	.LBB405:
 593              	.LBI405:
 594              		.loc 8 219 13 view .LVU137
 595              	.LBB406:
 596              	.LBI406:
  23:../../libDaisy/src/hid/disp/display.h **** 
 597              		.loc 8 23 13 view .LVU138
  23:../../libDaisy/src/hid/disp/display.h **** 
 598              		.loc 8 23 13 is_stmt 0 view .LVU139
 599              	.LBE406:
 600              	.LBE405:
 601              	.LBE404:
  18:../../libDaisy/src/hid/disp/oled_display.h **** 
 602              		.loc 6 18 29 view .LVU140
 603 0004 4FF48261 		mov	r1, #1040
 604 0008 FFF7FEFF 		bl	_ZdlPvj
 605              	.LVL35:
  18:../../libDaisy/src/hid/disp/oled_display.h **** 
 606              		.loc 6 18 29 view .LVU141
ARM GAS  C:\Users\FINNDY~1\AppData\Local\Temp\ccAKb7Rb.s 			page 29


 607 000c 2046     		mov	r0, r4
 608 000e 10BD     		pop	{r4, pc}
  18:../../libDaisy/src/hid/disp/oled_display.h **** 
 609              		.loc 6 18 29 view .LVU142
 610              		.cfi_endproc
 611              	.LFE7615:
 613              		.section	.text._ZN5daisy11OledDisplayINS_13SSD130xDriverILj128ELj64ENS_19SSD130xI2CTransportEEEE6U
 614              		.align	1
 615              		.p2align 2,,3
 616              		.weak	_ZN5daisy11OledDisplayINS_13SSD130xDriverILj128ELj64ENS_19SSD130xI2CTransportEEEE6UpdateEv
 617              		.syntax unified
 618              		.thumb
 619              		.thumb_func
 620              		.fpu fpv5-d16
 622              	_ZN5daisy11OledDisplayINS_13SSD130xDriverILj128ELj64ENS_19SSD130xI2CTransportEEEE6UpdateEv:
 623              	.LVL36:
 624              	.LFB7232:
  35:../../libDaisy/src/hid/disp/oled_display.h **** 
  36:../../libDaisy/src/hid/disp/oled_display.h ****     /**
  37:../../libDaisy/src/hid/disp/oled_display.h ****     Sets the pixel at the specified coordinate to be on/off.
  38:../../libDaisy/src/hid/disp/oled_display.h ****     \param x   x Coordinate
  39:../../libDaisy/src/hid/disp/oled_display.h ****     \param y   y coordinate
  40:../../libDaisy/src/hid/disp/oled_display.h ****     \param on  on or off
  41:../../libDaisy/src/hid/disp/oled_display.h ****     */
  42:../../libDaisy/src/hid/disp/oled_display.h ****     void DrawPixel(uint_fast8_t x, uint_fast8_t y, bool on) override
  43:../../libDaisy/src/hid/disp/oled_display.h ****     {
  44:../../libDaisy/src/hid/disp/oled_display.h ****         driver_.DrawPixel(x, y, on);
  45:../../libDaisy/src/hid/disp/oled_display.h ****     }
  46:../../libDaisy/src/hid/disp/oled_display.h **** 
  47:../../libDaisy/src/hid/disp/oled_display.h ****     /** 
  48:../../libDaisy/src/hid/disp/oled_display.h ****     Writes the current display buffer to the OLED device using SPI or I2C depending on 
  49:../../libDaisy/src/hid/disp/oled_display.h ****     how the object was initialized.
  50:../../libDaisy/src/hid/disp/oled_display.h ****     */
  51:../../libDaisy/src/hid/disp/oled_display.h ****     void Update() override { driver_.Update(); }
 625              		.loc 6 51 10 is_stmt 1 view -0
 626              		.cfi_startproc
 627              		@ args = 0, pretend = 0, frame = 8
 628              		@ frame_needed = 0, uses_anonymous_args = 0
 629              		.loc 6 51 10 is_stmt 0 view .LVU144
 630 0000 2DE9F04F 		push	{r4, r5, r6, r7, r8, r9, r10, fp, lr}
 631              		.cfi_def_cfa_offset 36
 632              		.cfi_offset 4, -36
 633              		.cfi_offset 5, -32
 634              		.cfi_offset 6, -28
 635              		.cfi_offset 7, -24
 636              		.cfi_offset 8, -20
 637              		.cfi_offset 9, -16
 638              		.cfi_offset 10, -12
 639              		.cfi_offset 11, -8
 640              		.cfi_offset 14, -4
 641              	.LBB419:
 642              	.LBB420:
 643              	.LBB421:
 644              	.LBB422:
  45:../../libDaisy/src/dev/oled_ssd130x.h ****     };
 645              		.loc 7 45 30 view .LVU145
 646 0004 4FF0B008 		mov	r8, #176
ARM GAS  C:\Users\FINNDY~1\AppData\Local\Temp\ccAKb7Rb.s 			page 30


 647              	.LBE422:
 648              	.LBE421:
 649              	.LBE420:
 650              	.LBE419:
 651              		.loc 6 51 10 view .LVU146
 652 0008 85B0     		sub	sp, sp, #20
 653              		.cfi_def_cfa_offset 56
 654              		.loc 6 51 10 view .LVU147
 655 000a 0546     		mov	r5, r0
 656              	.LVL37:
 657              	.LBB434:
 658              	.LBI419:
 367:../../libDaisy/src/dev/oled_ssd130x.h ****         }
 368:../../libDaisy/src/dev/oled_ssd130x.h ****     };
 369:../../libDaisy/src/dev/oled_ssd130x.h **** 
 370:../../libDaisy/src/dev/oled_ssd130x.h ****     /**
 371:../../libDaisy/src/dev/oled_ssd130x.h ****      * Update the display 
 372:../../libDaisy/src/dev/oled_ssd130x.h ****     */
 373:../../libDaisy/src/dev/oled_ssd130x.h ****     void Update()
 659              		.loc 7 373 10 is_stmt 1 view .LVU148
 660              	.LBB433:
 374:../../libDaisy/src/dev/oled_ssd130x.h ****     {
 375:../../libDaisy/src/dev/oled_ssd130x.h ****         uint8_t i;
 376:../../libDaisy/src/dev/oled_ssd130x.h ****         uint8_t high_column_addr;
 377:../../libDaisy/src/dev/oled_ssd130x.h ****         switch(height)
 378:../../libDaisy/src/dev/oled_ssd130x.h ****         {
 379:../../libDaisy/src/dev/oled_ssd130x.h ****             case 32: high_column_addr = 0x12; break;
 380:../../libDaisy/src/dev/oled_ssd130x.h **** 
 381:../../libDaisy/src/dev/oled_ssd130x.h ****             default: high_column_addr = 0x10; break;
 382:../../libDaisy/src/dev/oled_ssd130x.h ****         }
 383:../../libDaisy/src/dev/oled_ssd130x.h ****         for(i = 0; i < (height / 8); i++)
 661              		.loc 7 383 22 view .LVU149
 662              	.LBB425:
 663              	.LBB423:
  45:../../libDaisy/src/dev/oled_ssd130x.h ****     };
 664              		.loc 7 45 30 is_stmt 0 view .LVU150
 665 000c 00F10807 		add	r7, r0, #8
 666              	.LVL38:
  45:../../libDaisy/src/dev/oled_ssd130x.h ****     };
 667              		.loc 7 45 30 view .LVU151
 668 0010 00F18F06 		add	r6, r0, #143
 669 0014 00F28F49 		addw	r9, r0, #1167
 670              	.LVL39:
 671              	.L39:
  45:../../libDaisy/src/dev/oled_ssd130x.h ****     };
 672              		.loc 7 45 30 view .LVU152
 673              	.LBE423:
 674              	.LBI421:
  42:../../libDaisy/src/dev/oled_ssd130x.h ****     {
 675              		.loc 7 42 10 is_stmt 1 view .LVU153
 676              	.LBB424:
  44:../../libDaisy/src/dev/oled_ssd130x.h ****         i2c_.TransmitBlocking(i2c_address_, buf, 2, 1000);
 677              		.loc 7 44 9 view .LVU154
  45:../../libDaisy/src/dev/oled_ssd130x.h ****     };
 678              		.loc 7 45 30 is_stmt 0 view .LVU155
 679 0018 4FF47A7B 		mov	fp, #1000
  44:../../libDaisy/src/dev/oled_ssd130x.h ****         i2c_.TransmitBlocking(i2c_address_, buf, 2, 1000);
ARM GAS  C:\Users\FINNDY~1\AppData\Local\Temp\ccAKb7Rb.s 			page 31


 680              		.loc 7 44 17 view .LVU156
 681 001c 4FF0000A 		mov	r10, #0
  45:../../libDaisy/src/dev/oled_ssd130x.h ****     };
 682              		.loc 7 45 30 view .LVU157
 683 0020 297B     		ldrb	r1, [r5, #12]	@ zero_extendqisi2
 684 0022 0223     		movs	r3, #2
 685 0024 03AA     		add	r2, sp, #12
 686 0026 3846     		mov	r0, r7
 687 0028 CDF800B0 		str	fp, [sp]
 688 002c A6F18004 		sub	r4, r6, #128
  44:../../libDaisy/src/dev/oled_ssd130x.h ****         i2c_.TransmitBlocking(i2c_address_, buf, 2, 1000);
 689              		.loc 7 44 17 view .LVU158
 690 0030 8DF80CA0 		strb	r10, [sp, #12]
  44:../../libDaisy/src/dev/oled_ssd130x.h ****         i2c_.TransmitBlocking(i2c_address_, buf, 2, 1000);
 691              		.loc 7 44 36 view .LVU159
 692 0034 8DF80D80 		strb	r8, [sp, #13]
  45:../../libDaisy/src/dev/oled_ssd130x.h ****     };
 693              		.loc 7 45 9 is_stmt 1 view .LVU160
  45:../../libDaisy/src/dev/oled_ssd130x.h ****     };
 694              		.loc 7 45 30 is_stmt 0 view .LVU161
 695 0038 FFF7FEFF 		bl	_ZN5daisy9I2CHandle16TransmitBlockingEtPhtm
 696              	.LVL40:
  45:../../libDaisy/src/dev/oled_ssd130x.h ****     };
 697              		.loc 7 45 30 view .LVU162
 698              	.LBE424:
 699              	.LBE425:
 700              	.LBB426:
 701              	.LBI426:
  42:../../libDaisy/src/dev/oled_ssd130x.h ****     {
 702              		.loc 7 42 10 is_stmt 1 view .LVU163
 703              	.LBB427:
  44:../../libDaisy/src/dev/oled_ssd130x.h ****         i2c_.TransmitBlocking(i2c_address_, buf, 2, 1000);
 704              		.loc 7 44 9 view .LVU164
  45:../../libDaisy/src/dev/oled_ssd130x.h ****     };
 705              		.loc 7 45 30 is_stmt 0 view .LVU165
 706 003c 297B     		ldrb	r1, [r5, #12]	@ zero_extendqisi2
 707 003e 0223     		movs	r3, #2
 708 0040 03AA     		add	r2, sp, #12
 709 0042 3846     		mov	r0, r7
 710 0044 CDF800B0 		str	fp, [sp]
  44:../../libDaisy/src/dev/oled_ssd130x.h ****         i2c_.TransmitBlocking(i2c_address_, buf, 2, 1000);
 711              		.loc 7 44 17 view .LVU166
 712 0048 8DF80CA0 		strb	r10, [sp, #12]
  44:../../libDaisy/src/dev/oled_ssd130x.h ****         i2c_.TransmitBlocking(i2c_address_, buf, 2, 1000);
 713              		.loc 7 44 36 view .LVU167
 714 004c 8DF80DA0 		strb	r10, [sp, #13]
  45:../../libDaisy/src/dev/oled_ssd130x.h ****     };
 715              		.loc 7 45 9 is_stmt 1 view .LVU168
  45:../../libDaisy/src/dev/oled_ssd130x.h ****     };
 716              		.loc 7 45 30 is_stmt 0 view .LVU169
 717 0050 FFF7FEFF 		bl	_ZN5daisy9I2CHandle16TransmitBlockingEtPhtm
 718              	.LVL41:
  45:../../libDaisy/src/dev/oled_ssd130x.h ****     };
 719              		.loc 7 45 30 view .LVU170
 720              	.LBE427:
 721              	.LBE426:
 722              	.LBB428:
ARM GAS  C:\Users\FINNDY~1\AppData\Local\Temp\ccAKb7Rb.s 			page 32


 723              	.LBI428:
  42:../../libDaisy/src/dev/oled_ssd130x.h ****     {
 724              		.loc 7 42 10 is_stmt 1 view .LVU171
 725              	.LBB429:
  44:../../libDaisy/src/dev/oled_ssd130x.h ****         i2c_.TransmitBlocking(i2c_address_, buf, 2, 1000);
 726              		.loc 7 44 9 view .LVU172
  44:../../libDaisy/src/dev/oled_ssd130x.h ****         i2c_.TransmitBlocking(i2c_address_, buf, 2, 1000);
 727              		.loc 7 44 36 is_stmt 0 view .LVU173
 728 0054 4FF0100C 		mov	ip, #16
  45:../../libDaisy/src/dev/oled_ssd130x.h ****     };
 729              		.loc 7 45 30 view .LVU174
 730 0058 297B     		ldrb	r1, [r5, #12]	@ zero_extendqisi2
 731 005a 0223     		movs	r3, #2
 732 005c 03AA     		add	r2, sp, #12
 733 005e 3846     		mov	r0, r7
 734 0060 CDF800B0 		str	fp, [sp]
  44:../../libDaisy/src/dev/oled_ssd130x.h ****         i2c_.TransmitBlocking(i2c_address_, buf, 2, 1000);
 735              		.loc 7 44 17 view .LVU175
 736 0064 8DF80CA0 		strb	r10, [sp, #12]
  44:../../libDaisy/src/dev/oled_ssd130x.h ****         i2c_.TransmitBlocking(i2c_address_, buf, 2, 1000);
 737              		.loc 7 44 36 view .LVU176
 738 0068 8DF80DC0 		strb	ip, [sp, #13]
  45:../../libDaisy/src/dev/oled_ssd130x.h ****     };
 739              		.loc 7 45 9 is_stmt 1 view .LVU177
  45:../../libDaisy/src/dev/oled_ssd130x.h ****     };
 740              		.loc 7 45 30 is_stmt 0 view .LVU178
 741 006c FFF7FEFF 		bl	_ZN5daisy9I2CHandle16TransmitBlockingEtPhtm
 742              	.LVL42:
  45:../../libDaisy/src/dev/oled_ssd130x.h ****     };
 743              		.loc 7 45 30 view .LVU179
 744              	.LBE429:
 745              	.LBE428:
 746              	.LBB430:
 747              	.LBI430:
  48:../../libDaisy/src/dev/oled_ssd130x.h ****     {
 748              		.loc 7 48 10 is_stmt 1 view .LVU180
 749              	.LBB431:
  50:../../libDaisy/src/dev/oled_ssd130x.h ****         {
 750              		.loc 7 50 29 view .LVU181
 751              	.L38:
 752              	.LBB432:
  52:../../libDaisy/src/dev/oled_ssd130x.h ****             i2c_.TransmitBlocking(i2c_address_, buf, 2, 1000);
 753              		.loc 7 52 13 view .LVU182
  53:../../libDaisy/src/dev/oled_ssd130x.h ****         }
 754              		.loc 7 53 34 is_stmt 0 view .LVU183
 755 0070 4FF47A70 		mov	r0, #1000
  52:../../libDaisy/src/dev/oled_ssd130x.h ****             i2c_.TransmitBlocking(i2c_address_, buf, 2, 1000);
 756              		.loc 7 52 44 view .LVU184
 757 0074 14F801CF 		ldrb	ip, [r4, #1]!	@ zero_extendqisi2
 758              	.LVL43:
  52:../../libDaisy/src/dev/oled_ssd130x.h ****             i2c_.TransmitBlocking(i2c_address_, buf, 2, 1000);
 759              		.loc 7 52 21 view .LVU185
 760 0078 4FF0400E 		mov	lr, #64
  53:../../libDaisy/src/dev/oled_ssd130x.h ****         }
 761              		.loc 7 53 34 view .LVU186
 762 007c 297B     		ldrb	r1, [r5, #12]	@ zero_extendqisi2
 763 007e 0223     		movs	r3, #2
ARM GAS  C:\Users\FINNDY~1\AppData\Local\Temp\ccAKb7Rb.s 			page 33


 764 0080 0090     		str	r0, [sp]
 765 0082 03AA     		add	r2, sp, #12
 766 0084 3846     		mov	r0, r7
  52:../../libDaisy/src/dev/oled_ssd130x.h ****             i2c_.TransmitBlocking(i2c_address_, buf, 2, 1000);
 767              		.loc 7 52 21 view .LVU187
 768 0086 8DF80CE0 		strb	lr, [sp, #12]
  52:../../libDaisy/src/dev/oled_ssd130x.h ****             i2c_.TransmitBlocking(i2c_address_, buf, 2, 1000);
 769              		.loc 7 52 44 view .LVU188
 770 008a 8DF80DC0 		strb	ip, [sp, #13]
  53:../../libDaisy/src/dev/oled_ssd130x.h ****         }
 771              		.loc 7 53 13 is_stmt 1 view .LVU189
  53:../../libDaisy/src/dev/oled_ssd130x.h ****         }
 772              		.loc 7 53 34 is_stmt 0 view .LVU190
 773 008e FFF7FEFF 		bl	_ZN5daisy9I2CHandle16TransmitBlockingEtPhtm
 774              	.LVL44:
 775              	.LBE432:
  50:../../libDaisy/src/dev/oled_ssd130x.h ****         {
 776              		.loc 7 50 9 is_stmt 1 view .LVU191
  50:../../libDaisy/src/dev/oled_ssd130x.h ****         {
 777              		.loc 7 50 29 view .LVU192
 778 0092 B442     		cmp	r4, r6
 779 0094 ECD1     		bne	.L38
 780              	.LVL45:
  50:../../libDaisy/src/dev/oled_ssd130x.h ****         {
 781              		.loc 7 50 29 is_stmt 0 view .LVU193
 782              	.LBE431:
 783              	.LBE430:
 784              		.loc 7 383 9 is_stmt 1 view .LVU194
 785              		.loc 7 383 22 view .LVU195
 786 0096 04F18006 		add	r6, r4, #128
 787 009a 08F10108 		add	r8, r8, #1
 788              	.LVL46:
 789              		.loc 7 383 22 is_stmt 0 view .LVU196
 790 009e 4E45     		cmp	r6, r9
 791 00a0 5FFA88F8 		uxtb	r8, r8
 792 00a4 B8D1     		bne	.L39
 793              	.LBE433:
 794              	.LBE434:
 795              		.loc 6 51 48 view .LVU197
 796 00a6 05B0     		add	sp, sp, #20
 797              		.cfi_def_cfa_offset 36
 798              		@ sp needed
 799 00a8 BDE8F08F 		pop	{r4, r5, r6, r7, r8, r9, r10, fp, pc}
 800              		.loc 6 51 48 view .LVU198
 801              		.cfi_endproc
 802              	.LFE7232:
 804              		.section	.text._ZN5daisy25OneBitGraphicsDisplayImplINS_11OledDisplayINS_13SSD130xDriverILj128ELj64
 805              		.align	1
 806              		.p2align 2,,3
 807              		.weak	_ZN5daisy25OneBitGraphicsDisplayImplINS_11OledDisplayINS_13SSD130xDriverILj128ELj64ENS_19SSD
 808              		.syntax unified
 809              		.thumb
 810              		.thumb_func
 811              		.fpu fpv5-d16
 813              	_ZN5daisy25OneBitGraphicsDisplayImplINS_11OledDisplayINS_13SSD130xDriverILj128ELj64ENS_19SSD130xI2C
 814              	.LVL47:
 815              	.LFB7623:
ARM GAS  C:\Users\FINNDY~1\AppData\Local\Temp\ccAKb7Rb.s 			page 34


 220:../../libDaisy/src/hid/disp/display.h **** 
 221:../../libDaisy/src/hid/disp/display.h ****     void DrawLine(uint_fast8_t x1,
 222:../../libDaisy/src/hid/disp/display.h ****                   uint_fast8_t y1,
 223:../../libDaisy/src/hid/disp/display.h ****                   uint_fast8_t x2,
 224:../../libDaisy/src/hid/disp/display.h ****                   uint_fast8_t y2,
 225:../../libDaisy/src/hid/disp/display.h ****                   bool         on) override
 226:../../libDaisy/src/hid/disp/display.h ****     {
 227:../../libDaisy/src/hid/disp/display.h ****         int_fast16_t deltaX = abs((int_fast16_t)x2 - (int_fast16_t)x1);
 228:../../libDaisy/src/hid/disp/display.h ****         int_fast16_t deltaY = abs((int_fast16_t)y2 - (int_fast16_t)y1);
 229:../../libDaisy/src/hid/disp/display.h ****         int_fast16_t signX  = ((x1 < x2) ? 1 : -1);
 230:../../libDaisy/src/hid/disp/display.h ****         int_fast16_t signY  = ((y1 < y2) ? 1 : -1);
 231:../../libDaisy/src/hid/disp/display.h ****         int_fast16_t error  = deltaX - deltaY;
 232:../../libDaisy/src/hid/disp/display.h ****         int_fast16_t error2;
 233:../../libDaisy/src/hid/disp/display.h **** 
 234:../../libDaisy/src/hid/disp/display.h ****         // If we write "ChildType::DrawPixel(x2, y2, on);", we end up with
 235:../../libDaisy/src/hid/disp/display.h ****         // all sorts of weird compiler errors when the Child class is a template
 236:../../libDaisy/src/hid/disp/display.h ****         // class. The only way around this is to use this very verbose syntax:
 237:../../libDaisy/src/hid/disp/display.h ****         ((ChildType*)(this))->ChildType::DrawPixel(x2, y2, on);
 238:../../libDaisy/src/hid/disp/display.h **** 
 239:../../libDaisy/src/hid/disp/display.h ****         while((x1 != x2) || (y1 != y2))
 240:../../libDaisy/src/hid/disp/display.h ****         {
 241:../../libDaisy/src/hid/disp/display.h ****             ((ChildType*)(this))->ChildType::DrawPixel(x1, y1, on);
 242:../../libDaisy/src/hid/disp/display.h ****             error2 = error * 2;
 243:../../libDaisy/src/hid/disp/display.h ****             if(error2 > -deltaY)
 244:../../libDaisy/src/hid/disp/display.h ****             {
 245:../../libDaisy/src/hid/disp/display.h ****                 error -= deltaY;
 246:../../libDaisy/src/hid/disp/display.h ****                 x1 += signX;
 247:../../libDaisy/src/hid/disp/display.h ****             }
 248:../../libDaisy/src/hid/disp/display.h **** 
 249:../../libDaisy/src/hid/disp/display.h ****             if(error2 < deltaX)
 250:../../libDaisy/src/hid/disp/display.h ****             {
 251:../../libDaisy/src/hid/disp/display.h ****                 error += deltaX;
 252:../../libDaisy/src/hid/disp/display.h ****                 y1 += signY;
 253:../../libDaisy/src/hid/disp/display.h ****             }
 254:../../libDaisy/src/hid/disp/display.h ****         }
 255:../../libDaisy/src/hid/disp/display.h ****     }
 256:../../libDaisy/src/hid/disp/display.h **** 
 257:../../libDaisy/src/hid/disp/display.h ****     void DrawRect(uint_fast8_t x1,
 258:../../libDaisy/src/hid/disp/display.h ****                   uint_fast8_t y1,
 259:../../libDaisy/src/hid/disp/display.h ****                   uint_fast8_t x2,
 260:../../libDaisy/src/hid/disp/display.h ****                   uint_fast8_t y2,
 261:../../libDaisy/src/hid/disp/display.h ****                   bool         on,
 262:../../libDaisy/src/hid/disp/display.h ****                   bool         fill = false) override
 263:../../libDaisy/src/hid/disp/display.h ****     {
 264:../../libDaisy/src/hid/disp/display.h ****         if(fill)
 265:../../libDaisy/src/hid/disp/display.h ****         {
 266:../../libDaisy/src/hid/disp/display.h ****             for(uint_fast8_t x = x1; x <= x2; x++)
 267:../../libDaisy/src/hid/disp/display.h ****             {
 268:../../libDaisy/src/hid/disp/display.h ****                 for(uint_fast8_t y = y1; y <= y2; y++)
 269:../../libDaisy/src/hid/disp/display.h ****                 {
 270:../../libDaisy/src/hid/disp/display.h ****                     ((ChildType*)(this))->ChildType::DrawPixel(x, y, on);
 271:../../libDaisy/src/hid/disp/display.h ****                 }
 272:../../libDaisy/src/hid/disp/display.h ****             }
 273:../../libDaisy/src/hid/disp/display.h ****         }
 274:../../libDaisy/src/hid/disp/display.h ****         else
 275:../../libDaisy/src/hid/disp/display.h ****         {
 276:../../libDaisy/src/hid/disp/display.h ****             ((ChildType*)(this))->ChildType::DrawLine(x1, y1, x2, y1, on);
ARM GAS  C:\Users\FINNDY~1\AppData\Local\Temp\ccAKb7Rb.s 			page 35


 277:../../libDaisy/src/hid/disp/display.h ****             ((ChildType*)(this))->ChildType::DrawLine(x2, y1, x2, y2, on);
 278:../../libDaisy/src/hid/disp/display.h ****             ((ChildType*)(this))->ChildType::DrawLine(x2, y2, x1, y2, on);
 279:../../libDaisy/src/hid/disp/display.h ****             ((ChildType*)(this))->ChildType::DrawLine(x1, y2, x1, y1, on);
 280:../../libDaisy/src/hid/disp/display.h ****         }
 281:../../libDaisy/src/hid/disp/display.h ****     }
 282:../../libDaisy/src/hid/disp/display.h **** 
 283:../../libDaisy/src/hid/disp/display.h ****     void DrawArc(uint_fast8_t x,
 284:../../libDaisy/src/hid/disp/display.h ****                  uint_fast8_t y,
 285:../../libDaisy/src/hid/disp/display.h ****                  uint_fast8_t radius,
 286:../../libDaisy/src/hid/disp/display.h ****                  int_fast16_t start_angle,
 287:../../libDaisy/src/hid/disp/display.h ****                  int_fast16_t sweep,
 288:../../libDaisy/src/hid/disp/display.h ****                  bool         on) override
 289:../../libDaisy/src/hid/disp/display.h ****     {
 290:../../libDaisy/src/hid/disp/display.h ****         // Values to calculate the circle
 291:../../libDaisy/src/hid/disp/display.h ****         int_fast16_t t_x, t_y, err, e2;
 292:../../libDaisy/src/hid/disp/display.h **** 
 293:../../libDaisy/src/hid/disp/display.h ****         // Temporary values to speed up comparisons
 294:../../libDaisy/src/hid/disp/display.h ****         float t_sxy, t_syx, t_sxny, t_synx;
 295:../../libDaisy/src/hid/disp/display.h ****         float t_exy, t_eyx, t_exny, t_eynx;
 296:../../libDaisy/src/hid/disp/display.h **** 
 297:../../libDaisy/src/hid/disp/display.h ****         float start_angle_rad, end_angle_rad;
 298:../../libDaisy/src/hid/disp/display.h ****         float start_x, start_y, end_x, end_y;
 299:../../libDaisy/src/hid/disp/display.h **** 
 300:../../libDaisy/src/hid/disp/display.h ****         bool d1, d2, d3, d4;
 301:../../libDaisy/src/hid/disp/display.h **** 
 302:../../libDaisy/src/hid/disp/display.h ****         d1 = d2 = d3 = d4 = true;
 303:../../libDaisy/src/hid/disp/display.h **** 
 304:../../libDaisy/src/hid/disp/display.h ****         bool circle = false;
 305:../../libDaisy/src/hid/disp/display.h **** 
 306:../../libDaisy/src/hid/disp/display.h ****         if(sweep < 0)
 307:../../libDaisy/src/hid/disp/display.h ****         {
 308:../../libDaisy/src/hid/disp/display.h ****             start_angle += sweep;
 309:../../libDaisy/src/hid/disp/display.h ****             sweep = -sweep;
 310:../../libDaisy/src/hid/disp/display.h ****         }
 311:../../libDaisy/src/hid/disp/display.h **** 
 312:../../libDaisy/src/hid/disp/display.h ****         start_angle_rad = deg2rad(start_angle);
 313:../../libDaisy/src/hid/disp/display.h ****         end_angle_rad   = deg2rad(start_angle + sweep);
 314:../../libDaisy/src/hid/disp/display.h **** 
 315:../../libDaisy/src/hid/disp/display.h ****         start_x = cos(start_angle_rad) * radius;
 316:../../libDaisy/src/hid/disp/display.h ****         start_y = -sin(start_angle_rad) * radius;
 317:../../libDaisy/src/hid/disp/display.h ****         end_x   = cos(end_angle_rad) * radius;
 318:../../libDaisy/src/hid/disp/display.h ****         end_y   = -sin(end_angle_rad) * radius;
 319:../../libDaisy/src/hid/disp/display.h **** 
 320:../../libDaisy/src/hid/disp/display.h ****         // Check if start and endpoint are very near
 321:../../libDaisy/src/hid/disp/display.h ****         if((end_x - start_x) * (end_x - start_x)
 322:../../libDaisy/src/hid/disp/display.h ****                + (end_y - start_y) * (end_y - start_y)
 323:../../libDaisy/src/hid/disp/display.h ****            < 2.0f)
 324:../../libDaisy/src/hid/disp/display.h ****         {
 325:../../libDaisy/src/hid/disp/display.h ****             if(sweep > 180)
 326:../../libDaisy/src/hid/disp/display.h ****                 circle = true;
 327:../../libDaisy/src/hid/disp/display.h ****             else
 328:../../libDaisy/src/hid/disp/display.h ****                 // Nothing to draw
 329:../../libDaisy/src/hid/disp/display.h ****                 return;
 330:../../libDaisy/src/hid/disp/display.h ****         }
 331:../../libDaisy/src/hid/disp/display.h **** 
 332:../../libDaisy/src/hid/disp/display.h ****         t_x = -radius;
 333:../../libDaisy/src/hid/disp/display.h ****         t_y = 0;
ARM GAS  C:\Users\FINNDY~1\AppData\Local\Temp\ccAKb7Rb.s 			page 36


 334:../../libDaisy/src/hid/disp/display.h ****         err = 2 - 2 * radius;
 335:../../libDaisy/src/hid/disp/display.h **** 
 336:../../libDaisy/src/hid/disp/display.h ****         do
 337:../../libDaisy/src/hid/disp/display.h ****         {
 338:../../libDaisy/src/hid/disp/display.h ****             if(!circle)
 339:../../libDaisy/src/hid/disp/display.h ****             {
 340:../../libDaisy/src/hid/disp/display.h ****                 t_sxy  = start_x * t_y;
 341:../../libDaisy/src/hid/disp/display.h ****                 t_syx  = start_y * t_x;
 342:../../libDaisy/src/hid/disp/display.h ****                 t_sxny = start_x * -t_y;
 343:../../libDaisy/src/hid/disp/display.h ****                 t_synx = start_y * -t_x;
 344:../../libDaisy/src/hid/disp/display.h ****                 t_exy  = end_x * t_y;
 345:../../libDaisy/src/hid/disp/display.h ****                 t_eyx  = end_y * t_x;
 346:../../libDaisy/src/hid/disp/display.h ****                 t_exny = end_x * -t_y;
 347:../../libDaisy/src/hid/disp/display.h ****                 t_eynx = end_y * -t_x;
 348:../../libDaisy/src/hid/disp/display.h **** 
 349:../../libDaisy/src/hid/disp/display.h ****                 if(sweep > 180)
 350:../../libDaisy/src/hid/disp/display.h ****                 {
 351:../../libDaisy/src/hid/disp/display.h ****                     d1 = (t_sxy - t_synx < 0 || t_exy - t_eynx > 0);
 352:../../libDaisy/src/hid/disp/display.h ****                     d2 = (t_sxy - t_syx < 0 || t_exy - t_eyx > 0);
 353:../../libDaisy/src/hid/disp/display.h ****                     d3 = (t_sxny - t_syx < 0 || t_exny - t_eyx > 0);
 354:../../libDaisy/src/hid/disp/display.h ****                     d4 = (t_sxny - t_synx < 0 || t_exny - t_eynx > 0);
 355:../../libDaisy/src/hid/disp/display.h ****                 }
 356:../../libDaisy/src/hid/disp/display.h ****                 else
 357:../../libDaisy/src/hid/disp/display.h ****                 {
 358:../../libDaisy/src/hid/disp/display.h ****                     d1 = (t_sxy - t_synx < 0 && t_exy - t_eynx > 0);
 359:../../libDaisy/src/hid/disp/display.h ****                     d2 = (t_sxy - t_syx < 0 && t_exy - t_eyx > 0);
 360:../../libDaisy/src/hid/disp/display.h ****                     d3 = (t_sxny - t_syx < 0 && t_exny - t_eyx > 0);
 361:../../libDaisy/src/hid/disp/display.h ****                     d4 = (t_sxny - t_synx < 0 && t_exny - t_eynx > 0);
 362:../../libDaisy/src/hid/disp/display.h ****                 }
 363:../../libDaisy/src/hid/disp/display.h ****             }
 364:../../libDaisy/src/hid/disp/display.h **** 
 365:../../libDaisy/src/hid/disp/display.h ****             if(d1)
 366:../../libDaisy/src/hid/disp/display.h ****                 ((ChildType*)(this))
 367:../../libDaisy/src/hid/disp/display.h ****                     ->ChildType::DrawPixel(x - t_x, y + t_y, on);
 368:../../libDaisy/src/hid/disp/display.h ****             if(d2)
 369:../../libDaisy/src/hid/disp/display.h ****                 ((ChildType*)(this))
 370:../../libDaisy/src/hid/disp/display.h ****                     ->ChildType::DrawPixel(x + t_x, y + t_y, on);
 371:../../libDaisy/src/hid/disp/display.h ****             if(d3)
 372:../../libDaisy/src/hid/disp/display.h ****                 ((ChildType*)(this))
 373:../../libDaisy/src/hid/disp/display.h ****                     ->ChildType::DrawPixel(x + t_x, y - t_y, on);
 374:../../libDaisy/src/hid/disp/display.h ****             if(d4)
 375:../../libDaisy/src/hid/disp/display.h ****                 ((ChildType*)(this))
 376:../../libDaisy/src/hid/disp/display.h ****                     ->ChildType::DrawPixel(x - t_x, y - t_y, on);
 377:../../libDaisy/src/hid/disp/display.h **** 
 378:../../libDaisy/src/hid/disp/display.h ****             e2 = err;
 379:../../libDaisy/src/hid/disp/display.h ****             if(e2 <= t_y)
 380:../../libDaisy/src/hid/disp/display.h ****             {
 381:../../libDaisy/src/hid/disp/display.h ****                 t_y++;
 382:../../libDaisy/src/hid/disp/display.h ****                 err = err + (t_y * 2 + 1);
 383:../../libDaisy/src/hid/disp/display.h ****                 if(-t_x == t_y && e2 <= t_x)
 384:../../libDaisy/src/hid/disp/display.h ****                 {
 385:../../libDaisy/src/hid/disp/display.h ****                     e2 = 0;
 386:../../libDaisy/src/hid/disp/display.h ****                 }
 387:../../libDaisy/src/hid/disp/display.h ****             }
 388:../../libDaisy/src/hid/disp/display.h ****             if(e2 > t_x)
 389:../../libDaisy/src/hid/disp/display.h ****             {
 390:../../libDaisy/src/hid/disp/display.h ****                 t_x++;
ARM GAS  C:\Users\FINNDY~1\AppData\Local\Temp\ccAKb7Rb.s 			page 37


 391:../../libDaisy/src/hid/disp/display.h ****                 err = err + (t_x * 2 + 1);
 392:../../libDaisy/src/hid/disp/display.h ****             }
 393:../../libDaisy/src/hid/disp/display.h ****         } while(t_x <= 0);
 394:../../libDaisy/src/hid/disp/display.h ****     }
 395:../../libDaisy/src/hid/disp/display.h **** 
 396:../../libDaisy/src/hid/disp/display.h ****     char WriteChar(char ch, FontDef font, bool on) override
 397:../../libDaisy/src/hid/disp/display.h ****     {
 398:../../libDaisy/src/hid/disp/display.h ****         uint32_t i, b, j;
 399:../../libDaisy/src/hid/disp/display.h **** 
 400:../../libDaisy/src/hid/disp/display.h ****         // Check if character is valid
 401:../../libDaisy/src/hid/disp/display.h ****         if(ch < 32 || ch > 126)
 402:../../libDaisy/src/hid/disp/display.h ****             return 0;
 403:../../libDaisy/src/hid/disp/display.h **** 
 404:../../libDaisy/src/hid/disp/display.h ****         // Check remaining space on current line
 405:../../libDaisy/src/hid/disp/display.h ****         if(Width() < (currentX_ + font.FontWidth)
 406:../../libDaisy/src/hid/disp/display.h ****            || Height() < (currentY_ + font.FontHeight))
 407:../../libDaisy/src/hid/disp/display.h ****         {
 408:../../libDaisy/src/hid/disp/display.h ****             // Not enough space on current line
 409:../../libDaisy/src/hid/disp/display.h ****             return 0;
 410:../../libDaisy/src/hid/disp/display.h ****         }
 411:../../libDaisy/src/hid/disp/display.h **** 
 412:../../libDaisy/src/hid/disp/display.h ****         // Use the font to write
 413:../../libDaisy/src/hid/disp/display.h ****         for(i = 0; i < font.FontHeight; i++)
 414:../../libDaisy/src/hid/disp/display.h ****         {
 415:../../libDaisy/src/hid/disp/display.h ****             b = font.data[(ch - 32) * font.FontHeight + i];
 416:../../libDaisy/src/hid/disp/display.h ****             for(j = 0; j < font.FontWidth; j++)
 417:../../libDaisy/src/hid/disp/display.h ****             {
 418:../../libDaisy/src/hid/disp/display.h ****                 if((b << j) & 0x8000)
 419:../../libDaisy/src/hid/disp/display.h ****                 {
 420:../../libDaisy/src/hid/disp/display.h ****                     ((ChildType*)(this))
 421:../../libDaisy/src/hid/disp/display.h ****                         ->ChildType::DrawPixel(
 422:../../libDaisy/src/hid/disp/display.h ****                             currentX_ + j, (currentY_ + i), on);
 423:../../libDaisy/src/hid/disp/display.h ****                 }
 424:../../libDaisy/src/hid/disp/display.h ****                 else
 425:../../libDaisy/src/hid/disp/display.h ****                 {
 426:../../libDaisy/src/hid/disp/display.h ****                     ((ChildType*)(this))
 427:../../libDaisy/src/hid/disp/display.h ****                         ->ChildType::DrawPixel(
 428:../../libDaisy/src/hid/disp/display.h ****                             currentX_ + j, (currentY_ + i), !on);
 429:../../libDaisy/src/hid/disp/display.h ****                 }
 430:../../libDaisy/src/hid/disp/display.h ****             }
 431:../../libDaisy/src/hid/disp/display.h ****         }
 432:../../libDaisy/src/hid/disp/display.h **** 
 433:../../libDaisy/src/hid/disp/display.h ****         // The current space is now taken
 434:../../libDaisy/src/hid/disp/display.h ****         SetCursor(currentX_ + font.FontWidth, currentY_);
 435:../../libDaisy/src/hid/disp/display.h **** 
 436:../../libDaisy/src/hid/disp/display.h ****         // Return written char for validation
 437:../../libDaisy/src/hid/disp/display.h ****         return ch;
 438:../../libDaisy/src/hid/disp/display.h ****     }
 439:../../libDaisy/src/hid/disp/display.h **** 
 440:../../libDaisy/src/hid/disp/display.h ****     char WriteString(const char* str, FontDef font, bool on) override
 816              		.loc 8 440 10 is_stmt 1 view -0
 817              		.cfi_startproc
 818              		@ args = 4, pretend = 0, frame = 32
 819              		@ frame_needed = 0, uses_anonymous_args = 0
 820              		.loc 8 440 10 is_stmt 0 view .LVU200
 821 0000 2DE9F04F 		push	{r4, r5, r6, r7, r8, r9, r10, fp, lr}
 822              		.cfi_def_cfa_offset 36
ARM GAS  C:\Users\FINNDY~1\AppData\Local\Temp\ccAKb7Rb.s 			page 38


 823              		.cfi_offset 4, -36
 824              		.cfi_offset 5, -32
 825              		.cfi_offset 6, -28
 826              		.cfi_offset 7, -24
 827              		.cfi_offset 8, -20
 828              		.cfi_offset 9, -16
 829              		.cfi_offset 10, -12
 830              		.cfi_offset 11, -8
 831              		.cfi_offset 14, -4
 832 0004 89B0     		sub	sp, sp, #36
 833              		.cfi_def_cfa_offset 72
 834              		.loc 8 440 10 view .LVU201
 835 0006 08AC     		add	r4, sp, #32
 836 0008 9DF84870 		ldrb	r7, [sp, #72]	@ zero_extendqisi2
 837 000c 0191     		str	r1, [sp, #4]
 838 000e 04E90C00 		stmdb	r4, {r2, r3}
 441:../../libDaisy/src/hid/disp/display.h ****     {
 442:../../libDaisy/src/hid/disp/display.h ****         // Write until null-byte
 443:../../libDaisy/src/hid/disp/display.h ****         while(*str)
 839              		.loc 8 443 9 is_stmt 1 view .LVU202
 840 0012 0B78     		ldrb	r3, [r1]	@ zero_extendqisi2
 841 0014 002B     		cmp	r3, #0
 842 0016 00F0AB80 		beq	.L67
 843 001a 1A46     		mov	r2, r3
 844 001c 9DF81880 		ldrb	r8, [sp, #24]	@ zero_extendqisi2
 845 0020 9DF81930 		ldrb	r3, [sp, #25]	@ zero_extendqisi2
 846 0024 0646     		mov	r6, r0
 847 0026 4546     		mov	r5, r8
 848 0028 9046     		mov	r8, r2
 849 002a 0393     		str	r3, [sp, #12]
 850 002c 079B     		ldr	r3, [sp, #28]
 851 002e 0593     		str	r3, [sp, #20]
 852              	.LVL48:
 853              	.L68:
 854              	.LBB463:
 855              	.LBI463:
 396:../../libDaisy/src/hid/disp/display.h ****     {
 856              		.loc 8 396 10 view .LVU203
 857              	.LBB464:
 401:../../libDaisy/src/hid/disp/display.h ****             return 0;
 858              		.loc 8 401 20 is_stmt 0 view .LVU204
 859 0030 A8F12004 		sub	r4, r8, #32
 401:../../libDaisy/src/hid/disp/display.h ****             return 0;
 860              		.loc 8 401 9 view .LVU205
 861 0034 E3B2     		uxtb	r3, r4
 862 0036 5E2B     		cmp	r3, #94
 863 0038 00F29E80 		bhi	.L49
 405:../../libDaisy/src/hid/disp/display.h ****            || Height() < (currentY_ + font.FontHeight))
 864              		.loc 8 405 17 view .LVU206
 865 003c 3368     		ldr	r3, [r6]
 866 003e 5E4A     		ldr	r2, .L89
 867 0040 DB68     		ldr	r3, [r3, #12]
 868 0042 9342     		cmp	r3, r2
 869 0044 40F09B80 		bne	.L82
 870 0048 8020     		movs	r0, #128
 871              	.L48:
 405:../../libDaisy/src/hid/disp/display.h ****            || Height() < (currentY_ + font.FontHeight))
ARM GAS  C:\Users\FINNDY~1\AppData\Local\Temp\ccAKb7Rb.s 			page 39


 872              		.loc 8 405 23 view .LVU207
 873 004a B388     		ldrh	r3, [r6, #4]
 405:../../libDaisy/src/hid/disp/display.h ****            || Height() < (currentY_ + font.FontHeight))
 874              		.loc 8 405 33 view .LVU208
 875 004c 2B44     		add	r3, r3, r5
 406:../../libDaisy/src/hid/disp/display.h ****         {
 876              		.loc 8 406 12 view .LVU209
 877 004e 8342     		cmp	r3, r0
 878 0050 00F39280 		bgt	.L49
 406:../../libDaisy/src/hid/disp/display.h ****         {
 879              		.loc 8 406 21 view .LVU210
 880 0054 3368     		ldr	r3, [r6]
 881 0056 594A     		ldr	r2, .L89+4
 882 0058 9B68     		ldr	r3, [r3, #8]
 883 005a 9342     		cmp	r3, r2
 884 005c 40F09280 		bne	.L83
 885 0060 4020     		movs	r0, #64
 886              	.L50:
 406:../../libDaisy/src/hid/disp/display.h ****         {
 887              		.loc 8 406 27 view .LVU211
 888 0062 F188     		ldrh	r1, [r6, #6]
 406:../../libDaisy/src/hid/disp/display.h ****         {
 889              		.loc 8 406 37 view .LVU212
 890 0064 039A     		ldr	r2, [sp, #12]
 406:../../libDaisy/src/hid/disp/display.h ****         {
 891              		.loc 8 406 27 view .LVU213
 892 0066 0291     		str	r1, [sp, #8]
 406:../../libDaisy/src/hid/disp/display.h ****         {
 893              		.loc 8 406 37 view .LVU214
 894 0068 8B18     		adds	r3, r1, r2
 406:../../libDaisy/src/hid/disp/display.h ****         {
 895              		.loc 8 406 12 view .LVU215
 896 006a 8342     		cmp	r3, r0
 897 006c 00F38480 		bgt	.L49
 898              	.LVL49:
 413:../../libDaisy/src/hid/disp/display.h ****         {
 899              		.loc 8 413 22 is_stmt 1 view .LVU216
 900 0070 002A     		cmp	r2, #0
 901 0072 00F09180 		beq	.L51
 415:../../libDaisy/src/hid/disp/display.h ****             for(j = 0; j < font.FontWidth; j++)
 902              		.loc 8 415 37 is_stmt 0 view .LVU217
 903 0076 02FB04F4 		mul	r4, r2, r4
 904 007a 6FF00049 		mvn	r9, #-2147483648
 905 007e 059B     		ldr	r3, [sp, #20]
 906 0080 A144     		add	r9, r9, r4
 907 0082 1444     		add	r4, r4, r2
 434:../../libDaisy/src/hid/disp/display.h **** 
 908              		.loc 8 434 19 view .LVU218
 909 0084 B6F804B0 		ldrh	fp, [r6, #4]
 910 0088 03EB4909 		add	r9, r3, r9, lsl #1
 911 008c 023B     		subs	r3, r3, #2
 912 008e CDF81080 		str	r8, [sp, #16]
 913 0092 03EB4403 		add	r3, r3, r4, lsl #1
 914 0096 0C46     		mov	r4, r1
 915 0098 9A46     		mov	r10, r3
 916              	.LVL50:
 917              	.L54:
ARM GAS  C:\Users\FINNDY~1\AppData\Local\Temp\ccAKb7Rb.s 			page 40


 415:../../libDaisy/src/hid/disp/display.h ****             for(j = 0; j < font.FontWidth; j++)
 918              		.loc 8 415 15 view .LVU219
 919 009a 39F802CF 		ldrh	ip, [r9, #2]!
 920              	.LVL51:
 416:../../libDaisy/src/hid/disp/display.h ****             {
 921              		.loc 8 416 26 is_stmt 1 view .LVU220
 922 009e A5B3     		cbz	r5, .L59
 923              	.LBB465:
 924              	.LBB466:
 925              	.LBB467:
 926              	.LBB468:
 927              	.LBB469:
 359:../../libDaisy/src/dev/oled_ssd130x.h ****     }
 928              		.loc 7 359 55 is_stmt 0 view .LVU221
 929 00a0 04F00703 		and	r3, r4, #7
 359:../../libDaisy/src/dev/oled_ssd130x.h ****     }
 930              		.loc 7 359 49 view .LVU222
 931 00a4 4FF0010E 		mov	lr, #1
 359:../../libDaisy/src/dev/oled_ssd130x.h ****     }
 932              		.loc 7 359 28 view .LVU223
 933 00a8 E208     		lsrs	r2, r4, #3
 934 00aa 5946     		mov	r1, fp
 359:../../libDaisy/src/dev/oled_ssd130x.h ****     }
 935              		.loc 7 359 49 view .LVU224
 936 00ac 0EFA03FE 		lsl	lr, lr, r3
 937 00b0 0BF11003 		add	r3, fp, #16
 359:../../libDaisy/src/dev/oled_ssd130x.h ****     }
 938              		.loc 7 359 42 view .LVU225
 939 00b4 4FFA8EFE 		sxtb	lr, lr
 940 00b8 03EBC212 		add	r2, r3, r2, lsl #7
 941              	.LBE469:
 942              	.LBE468:
 943              	.LBE467:
 944              	.LBE466:
 945              	.LBE465:
 416:../../libDaisy/src/hid/disp/display.h ****             {
 946              		.loc 8 416 19 view .LVU226
 947 00bc 0023     		movs	r3, #0
 948              	.LBB487:
 949              	.LBB482:
 950              	.LBB477:
 951              	.LBB473:
 952              	.LBB470:
 359:../../libDaisy/src/dev/oled_ssd130x.h ****     }
 953              		.loc 7 359 42 view .LVU227
 954 00be 6FEA0E08 		mvn	r8, lr
 955 00c2 3244     		add	r2, r2, r6
 956 00c4 0DE0     		b	.L60
 957              	.LVL52:
 958              	.L84:
 359:../../libDaisy/src/dev/oled_ssd130x.h ****     }
 959              		.loc 7 359 42 view .LVU228
 960              	.LBE470:
 961              	.LBE473:
 962              	.LBE477:
 963              	.LBE482:
 964              	.LBE487:
ARM GAS  C:\Users\FINNDY~1\AppData\Local\Temp\ccAKb7Rb.s 			page 41


 965              	.LBB488:
 966              	.LBI488:
  42:../../libDaisy/src/hid/disp/oled_display.h ****     {
 967              		.loc 6 42 10 is_stmt 1 view .LVU229
 968              	.LBB489:
 969              	.LBI489:
 352:../../libDaisy/src/dev/oled_ssd130x.h ****     {
 970              		.loc 7 352 10 view .LVU230
 971              	.LBB490:
 354:../../libDaisy/src/dev/oled_ssd130x.h ****             return;
 972              		.loc 7 354 9 is_stmt 0 view .LVU231
 973 00c6 7F29     		cmp	r1, #127
 974 00c8 06D8     		bhi	.L56
 975 00ca 3F2C     		cmp	r4, #63
 976 00cc 04D8     		bhi	.L56
 357:../../libDaisy/src/dev/oled_ssd130x.h ****         else
 977              		.loc 7 357 42 view .LVU232
 978 00ce 1078     		ldrb	r0, [r2]	@ zero_extendqisi2
 356:../../libDaisy/src/dev/oled_ssd130x.h ****             buffer_[x + (y / 8) * width] |= (1 << (y % 8));
 979              		.loc 7 356 9 view .LVU233
 980 00d0 97B1     		cbz	r7, .L58
 981              	.L81:
 356:../../libDaisy/src/dev/oled_ssd130x.h ****             buffer_[x + (y / 8) * width] |= (1 << (y % 8));
 982              		.loc 7 356 9 view .LVU234
 983              	.LBE490:
 984              	.LBE489:
 985              	.LBE488:
 986              	.LBB491:
 987              	.LBB483:
 988              	.LBB478:
 357:../../libDaisy/src/dev/oled_ssd130x.h ****         else
 989              		.loc 7 357 42 view .LVU235
 990 00d2 4EEA0000 		orr	r0, lr, r0
 991 00d6 1070     		strb	r0, [r2]
 992              	.L56:
 993              	.LBE478:
 994              	.LBE483:
 995              	.LBE491:
 416:../../libDaisy/src/hid/disp/display.h ****             {
 996              		.loc 8 416 13 is_stmt 1 view .LVU236
 997 00d8 0133     		adds	r3, r3, #1
 998              	.LVL53:
 416:../../libDaisy/src/hid/disp/display.h ****             {
 999              		.loc 8 416 26 view .LVU237
 1000 00da 0132     		adds	r2, r2, #1
 1001 00dc 0131     		adds	r1, r1, #1
 1002 00de AB42     		cmp	r3, r5
 1003 00e0 13D0     		beq	.L59
 1004              	.LVL54:
 1005              	.L60:
 418:../../libDaisy/src/hid/disp/display.h ****                 {
 1006              		.loc 8 418 23 is_stmt 0 view .LVU238
 1007 00e2 0CFA03F0 		lsl	r0, ip, r3
 418:../../libDaisy/src/hid/disp/display.h ****                 {
 1008              		.loc 8 418 17 view .LVU239
 1009 00e6 0004     		lsls	r0, r0, #16
 1010 00e8 EDD4     		bmi	.L84
ARM GAS  C:\Users\FINNDY~1\AppData\Local\Temp\ccAKb7Rb.s 			page 42


 1011              	.LVL55:
 1012              	.LBB492:
 1013              	.LBI465:
  42:../../libDaisy/src/hid/disp/oled_display.h ****     {
 1014              		.loc 6 42 10 is_stmt 1 view .LVU240
 1015              	.LBB484:
 1016              	.LBI466:
 352:../../libDaisy/src/dev/oled_ssd130x.h ****     {
 1017              		.loc 7 352 10 view .LVU241
 1018              	.LBB479:
 354:../../libDaisy/src/dev/oled_ssd130x.h ****             return;
 1019              		.loc 7 354 9 is_stmt 0 view .LVU242
 1020 00ea 7F29     		cmp	r1, #127
 1021 00ec F4D8     		bhi	.L56
 1022 00ee 3F2C     		cmp	r4, #63
 1023 00f0 F2D8     		bhi	.L56
 357:../../libDaisy/src/dev/oled_ssd130x.h ****         else
 1024              		.loc 7 357 42 view .LVU243
 1025 00f2 1078     		ldrb	r0, [r2]	@ zero_extendqisi2
 356:../../libDaisy/src/dev/oled_ssd130x.h ****             buffer_[x + (y / 8) * width] |= (1 << (y % 8));
 1026              		.loc 7 356 9 view .LVU244
 1027 00f4 002F     		cmp	r7, #0
 1028 00f6 ECD0     		beq	.L81
 1029              	.L58:
 1030              	.LVL56:
 1031              	.LBB474:
 1032              	.LBI468:
 352:../../libDaisy/src/dev/oled_ssd130x.h ****     {
 1033              		.loc 7 352 10 is_stmt 1 view .LVU245
 352:../../libDaisy/src/dev/oled_ssd130x.h ****     {
 1034              		.loc 7 352 10 is_stmt 0 view .LVU246
 1035              	.LBE474:
 1036              	.LBE479:
 1037              	.LBE484:
 1038              	.LBE492:
 416:../../libDaisy/src/hid/disp/display.h ****             {
 1039              		.loc 8 416 13 view .LVU247
 1040 00f8 0133     		adds	r3, r3, #1
 1041              	.LVL57:
 1042              	.LBB493:
 1043              	.LBB485:
 1044              	.LBB480:
 1045              	.LBB475:
 1046              	.LBB471:
 359:../../libDaisy/src/dev/oled_ssd130x.h ****     }
 1047              		.loc 7 359 42 view .LVU248
 1048 00fa 08EA0000 		and	r0, r8, r0
 1049              	.LBE471:
 1050              	.LBE475:
 1051              	.LBE480:
 1052              	.LBE485:
 1053              	.LBE493:
 416:../../libDaisy/src/hid/disp/display.h ****             {
 1054              		.loc 8 416 26 view .LVU249
 1055 00fe 0132     		adds	r2, r2, #1
 1056 0100 0131     		adds	r1, r1, #1
 1057 0102 AB42     		cmp	r3, r5
ARM GAS  C:\Users\FINNDY~1\AppData\Local\Temp\ccAKb7Rb.s 			page 43


 1058              	.LBB494:
 1059              	.LBB486:
 1060              	.LBB481:
 1061              	.LBB476:
 1062              	.LBB472:
 359:../../libDaisy/src/dev/oled_ssd130x.h ****     }
 1063              		.loc 7 359 42 view .LVU250
 1064 0104 02F8010C 		strb	r0, [r2, #-1]
 359:../../libDaisy/src/dev/oled_ssd130x.h ****     }
 1065              		.loc 7 359 42 view .LVU251
 1066              	.LBE472:
 1067              	.LBE476:
 1068              	.LBE481:
 1069              	.LBE486:
 1070              	.LBE494:
 416:../../libDaisy/src/hid/disp/display.h ****             {
 1071              		.loc 8 416 13 is_stmt 1 view .LVU252
 1072              	.LVL58:
 416:../../libDaisy/src/hid/disp/display.h ****             {
 1073              		.loc 8 416 26 view .LVU253
 1074 0108 EBD1     		bne	.L60
 1075              	.LVL59:
 1076              	.L59:
 413:../../libDaisy/src/hid/disp/display.h ****         {
 1077              		.loc 8 413 9 view .LVU254
 413:../../libDaisy/src/hid/disp/display.h ****         {
 1078              		.loc 8 413 22 view .LVU255
 1079 010a D145     		cmp	r9, r10
 1080 010c 04F10104 		add	r4, r4, #1
 1081 0110 C3D1     		bne	.L54
 1082 0112 DDF81080 		ldr	r8, [sp, #16]
 1083              	.LVL60:
 1084              	.L53:
 1085              	.LBB495:
 1086              	.LBB496:
 173:../../libDaisy/src/hid/disp/display.h ****         currentY_ = (y >= Height()) ? Height() - 1 : y;
 1087              		.loc 8 173 33 is_stmt 0 view .LVU256
 1088 0116 3268     		ldr	r2, [r6]
 1089              	.LBE496:
 1090              	.LBE495:
 434:../../libDaisy/src/hid/disp/display.h **** 
 1091              		.loc 8 434 18 view .LVU257
 1092 0118 0BEB0504 		add	r4, fp, r5
 1093 011c 2649     		ldr	r1, .L89
 1094              	.LBB501:
 1095              	.LBB497:
 173:../../libDaisy/src/hid/disp/display.h ****         currentY_ = (y >= Height()) ? Height() - 1 : y;
 1096              		.loc 8 173 33 view .LVU258
 1097 011e D368     		ldr	r3, [r2, #12]
 1098              	.LBE497:
 1099              	.LBE501:
 434:../../libDaisy/src/hid/disp/display.h **** 
 1100              		.loc 8 434 18 view .LVU259
 1101 0120 A4B2     		uxth	r4, r4
 1102              	.LVL61:
 1103              	.LBB502:
 1104              	.LBI495:
ARM GAS  C:\Users\FINNDY~1\AppData\Local\Temp\ccAKb7Rb.s 			page 44


 171:../../libDaisy/src/hid/disp/display.h ****     {
 1105              		.loc 8 171 10 is_stmt 1 view .LVU260
 1106              	.LBB498:
 173:../../libDaisy/src/hid/disp/display.h ****         currentY_ = (y >= Height()) ? Height() - 1 : y;
 1107              		.loc 8 173 9 view .LVU261
 1108 0122 8B42     		cmp	r3, r1
 1109 0124 34D1     		bne	.L85
 173:../../libDaisy/src/hid/disp/display.h ****         currentY_ = (y >= Height()) ? Height() - 1 : y;
 1110              		.loc 8 173 33 is_stmt 0 view .LVU262
 1111 0126 8020     		movs	r0, #128
 1112              	.L61:
 173:../../libDaisy/src/hid/disp/display.h ****         currentY_ = (y >= Height()) ? Height() - 1 : y;
 1113              		.loc 8 173 19 view .LVU263
 1114 0128 8442     		cmp	r4, r0
 1115 012a 04D3     		bcc	.L62
 173:../../libDaisy/src/hid/disp/display.h ****         currentY_ = (y >= Height()) ? Height() - 1 : y;
 1116              		.loc 8 173 44 view .LVU264
 1117 012c D368     		ldr	r3, [r2, #12]
 1118 012e 2249     		ldr	r1, .L89
 1119 0130 8B42     		cmp	r3, r1
 1120 0132 3AD1     		bne	.L86
 1121 0134 7F24     		movs	r4, #127
 1122              	.LVL62:
 1123              	.L62:
 174:../../libDaisy/src/hid/disp/display.h ****     }
 1124              		.loc 8 174 34 view .LVU265
 1125 0136 9368     		ldr	r3, [r2, #8]
 1126 0138 204A     		ldr	r2, .L89+4
 173:../../libDaisy/src/hid/disp/display.h ****         currentY_ = (y >= Height()) ? Height() - 1 : y;
 1127              		.loc 8 173 19 view .LVU266
 1128 013a B480     		strh	r4, [r6, #4]	@ movhi
 174:../../libDaisy/src/hid/disp/display.h ****     }
 1129              		.loc 8 174 9 is_stmt 1 view .LVU267
 1130 013c 9342     		cmp	r3, r2
 1131 013e 24D1     		bne	.L87
 174:../../libDaisy/src/hid/disp/display.h ****     }
 1132              		.loc 8 174 34 is_stmt 0 view .LVU268
 1133 0140 4020     		movs	r0, #64
 1134              	.L64:
 174:../../libDaisy/src/hid/disp/display.h ****     }
 1135              		.loc 8 174 19 view .LVU269
 1136 0142 029B     		ldr	r3, [sp, #8]
 1137 0144 8342     		cmp	r3, r0
 1138 0146 06D3     		bcc	.L65
 174:../../libDaisy/src/hid/disp/display.h ****     }
 1139              		.loc 8 174 46 view .LVU270
 1140 0148 3368     		ldr	r3, [r6]
 1141 014a 1C4A     		ldr	r2, .L89+4
 1142 014c 9B68     		ldr	r3, [r3, #8]
 1143 014e 9342     		cmp	r3, r2
 1144 0150 25D1     		bne	.L88
 1145 0152 3F23     		movs	r3, #63
 1146 0154 0293     		str	r3, [sp, #8]
 1147              	.LVL63:
 1148              	.L65:
 174:../../libDaisy/src/hid/disp/display.h ****     }
 1149              		.loc 8 174 19 view .LVU271
ARM GAS  C:\Users\FINNDY~1\AppData\Local\Temp\ccAKb7Rb.s 			page 45


 1150 0156 029B     		ldr	r3, [sp, #8]
 1151 0158 F380     		strh	r3, [r6, #6]	@ movhi
 1152              	.LVL64:
 1153              	.L47:
 174:../../libDaisy/src/hid/disp/display.h ****     }
 1154              		.loc 8 174 19 view .LVU272
 1155              	.LBE498:
 1156              	.LBE502:
 1157              	.LBE464:
 1158              	.LBE463:
 444:../../libDaisy/src/hid/disp/display.h ****         {
 445:../../libDaisy/src/hid/disp/display.h ****             if(((ChildType*)(this))->ChildType::WriteChar(*str, font, on)
 446:../../libDaisy/src/hid/disp/display.h ****                != *str)
 1159              		.loc 8 446 16 view .LVU273
 1160 015a 019B     		ldr	r3, [sp, #4]
 1161 015c 1878     		ldrb	r0, [r3]	@ zero_extendqisi2
 445:../../libDaisy/src/hid/disp/display.h ****                != *str)
 1162              		.loc 8 445 13 view .LVU274
 1163 015e 4045     		cmp	r0, r8
 1164 0160 07D1     		bne	.L45
 1165              	.LVL65:
 443:../../libDaisy/src/hid/disp/display.h ****         {
 1166              		.loc 8 443 9 is_stmt 1 view .LVU275
 1167 0162 13F8018F 		ldrb	r8, [r3, #1]!	@ zero_extendqisi2
 1168              	.LVL66:
 443:../../libDaisy/src/hid/disp/display.h ****         {
 1169              		.loc 8 443 9 is_stmt 0 view .LVU276
 1170 0166 0193     		str	r3, [sp, #4]
 1171 0168 B8F1000F 		cmp	r8, #0
 1172 016c 7FF460AF 		bne	.L68
 1173              	.LVL67:
 1174              	.L67:
 1175              	.LBB507:
 1176              	.LBB505:
 402:../../libDaisy/src/hid/disp/display.h **** 
 1177              		.loc 8 402 20 view .LVU277
 1178 0170 0020     		movs	r0, #0
 1179              	.L45:
 1180              	.LBE505:
 1181              	.LBE507:
 447:../../libDaisy/src/hid/disp/display.h ****             {
 448:../../libDaisy/src/hid/disp/display.h ****                 // Char could not be written
 449:../../libDaisy/src/hid/disp/display.h ****                 return *str;
 450:../../libDaisy/src/hid/disp/display.h ****             }
 451:../../libDaisy/src/hid/disp/display.h **** 
 452:../../libDaisy/src/hid/disp/display.h ****             // Next char
 453:../../libDaisy/src/hid/disp/display.h ****             str++;
 454:../../libDaisy/src/hid/disp/display.h ****         }
 455:../../libDaisy/src/hid/disp/display.h **** 
 456:../../libDaisy/src/hid/disp/display.h ****         // Everything ok
 457:../../libDaisy/src/hid/disp/display.h ****         return *str;
 458:../../libDaisy/src/hid/disp/display.h ****     }
 1182              		.loc 8 458 5 view .LVU278
 1183 0172 09B0     		add	sp, sp, #36
 1184              		.cfi_remember_state
 1185              		.cfi_def_cfa_offset 36
 1186              		@ sp needed
ARM GAS  C:\Users\FINNDY~1\AppData\Local\Temp\ccAKb7Rb.s 			page 46


 1187 0174 BDE8F08F 		pop	{r4, r5, r6, r7, r8, r9, r10, fp, pc}
 1188              	.LVL68:
 1189              	.L49:
 1190              		.cfi_restore_state
 1191              	.LBB508:
 1192              	.LBB506:
 402:../../libDaisy/src/hid/disp/display.h **** 
 1193              		.loc 8 402 20 view .LVU279
 1194 0178 4FF00008 		mov	r8, #0
 1195              	.LVL69:
 402:../../libDaisy/src/hid/disp/display.h **** 
 1196              		.loc 8 402 20 view .LVU280
 1197 017c EDE7     		b	.L47
 1198              	.LVL70:
 1199              	.L82:
 405:../../libDaisy/src/hid/disp/display.h ****            || Height() < (currentY_ + font.FontHeight))
 1200              		.loc 8 405 17 view .LVU281
 1201 017e 3046     		mov	r0, r6
 1202 0180 9847     		blx	r3
 1203              	.LVL71:
 1204 0182 62E7     		b	.L48
 1205              	.L83:
 406:../../libDaisy/src/hid/disp/display.h ****         {
 1206              		.loc 8 406 21 view .LVU282
 1207 0184 3046     		mov	r0, r6
 1208 0186 9847     		blx	r3
 1209              	.LVL72:
 1210 0188 6BE7     		b	.L50
 1211              	.LVL73:
 1212              	.L87:
 1213              	.LBB503:
 1214              	.LBB499:
 174:../../libDaisy/src/hid/disp/display.h ****     }
 1215              		.loc 8 174 33 view .LVU283
 1216 018a 3046     		mov	r0, r6
 1217 018c 9847     		blx	r3
 1218              	.LVL74:
 1219 018e D8E7     		b	.L64
 1220              	.LVL75:
 1221              	.L85:
 173:../../libDaisy/src/hid/disp/display.h ****         currentY_ = (y >= Height()) ? Height() - 1 : y;
 1222              		.loc 8 173 32 view .LVU284
 1223 0190 3046     		mov	r0, r6
 1224 0192 9847     		blx	r3
 1225              	.LVL76:
 173:../../libDaisy/src/hid/disp/display.h ****         currentY_ = (y >= Height()) ? Height() - 1 : y;
 1226              		.loc 8 173 44 view .LVU285
 1227 0194 3268     		ldr	r2, [r6]
 1228 0196 C7E7     		b	.L61
 1229              	.LVL77:
 1230              	.L51:
 173:../../libDaisy/src/hid/disp/display.h ****         currentY_ = (y >= Height()) ? Height() - 1 : y;
 1231              		.loc 8 173 44 view .LVU286
 1232              	.LBE499:
 1233              	.LBE503:
 434:../../libDaisy/src/hid/disp/display.h **** 
 1234              		.loc 8 434 19 view .LVU287
ARM GAS  C:\Users\FINNDY~1\AppData\Local\Temp\ccAKb7Rb.s 			page 47


 1235 0198 B6F804B0 		ldrh	fp, [r6, #4]
 1236 019c BBE7     		b	.L53
 1237              	.LVL78:
 1238              	.L88:
 1239              	.LBB504:
 1240              	.LBB500:
 174:../../libDaisy/src/hid/disp/display.h ****     }
 1241              		.loc 8 174 45 view .LVU288
 1242 019e 3046     		mov	r0, r6
 1243 01a0 9847     		blx	r3
 1244              	.LVL79:
 174:../../libDaisy/src/hid/disp/display.h ****     }
 1245              		.loc 8 174 19 view .LVU289
 1246 01a2 0138     		subs	r0, r0, #1
 1247 01a4 83B2     		uxth	r3, r0
 1248 01a6 0293     		str	r3, [sp, #8]
 1249              	.LVL80:
 174:../../libDaisy/src/hid/disp/display.h ****     }
 1250              		.loc 8 174 19 view .LVU290
 1251 01a8 D5E7     		b	.L65
 1252              	.LVL81:
 1253              	.L86:
 173:../../libDaisy/src/hid/disp/display.h ****         currentY_ = (y >= Height()) ? Height() - 1 : y;
 1254              		.loc 8 173 43 view .LVU291
 1255 01aa 3046     		mov	r0, r6
 1256 01ac 9847     		blx	r3
 1257              	.LVL82:
 173:../../libDaisy/src/hid/disp/display.h ****         currentY_ = (y >= Height()) ? Height() - 1 : y;
 1258              		.loc 8 173 19 view .LVU292
 1259 01ae 0138     		subs	r0, r0, #1
 174:../../libDaisy/src/hid/disp/display.h ****     }
 1260              		.loc 8 174 34 view .LVU293
 1261 01b0 3268     		ldr	r2, [r6]
 173:../../libDaisy/src/hid/disp/display.h ****         currentY_ = (y >= Height()) ? Height() - 1 : y;
 1262              		.loc 8 173 19 view .LVU294
 1263 01b2 84B2     		uxth	r4, r0
 1264              	.LVL83:
 173:../../libDaisy/src/hid/disp/display.h ****         currentY_ = (y >= Height()) ? Height() - 1 : y;
 1265              		.loc 8 173 19 view .LVU295
 1266 01b4 BFE7     		b	.L62
 1267              	.L90:
 1268 01b6 00BF     		.align	2
 1269              	.L89:
 1270 01b8 00000000 		.word	_ZNK5daisy11OledDisplayINS_13SSD130xDriverILj128ELj64ENS_19SSD130xI2CTransportEEEE5WidthEv
 1271 01bc 00000000 		.word	_ZNK5daisy11OledDisplayINS_13SSD130xDriverILj128ELj64ENS_19SSD130xI2CTransportEEEE6HeightEv
 1272              	.LBE500:
 1273              	.LBE504:
 1274              	.LBE506:
 1275              	.LBE508:
 1276              		.cfi_endproc
 1277              	.LFE7623:
 1279              		.section	.text._ZN5daisy25OneBitGraphicsDisplayImplINS_11OledDisplayINS_13SSD130xDriverILj128ELj64
 1280              		.align	1
 1281              		.p2align 2,,3
 1282              		.weak	_ZN5daisy25OneBitGraphicsDisplayImplINS_11OledDisplayINS_13SSD130xDriverILj128ELj64ENS_19SSD
 1283              		.syntax unified
 1284              		.thumb
ARM GAS  C:\Users\FINNDY~1\AppData\Local\Temp\ccAKb7Rb.s 			page 48


 1285              		.thumb_func
 1286              		.fpu fpv5-d16
 1288              	_ZN5daisy25OneBitGraphicsDisplayImplINS_11OledDisplayINS_13SSD130xDriverILj128ELj64ENS_19SSD130xI2C
 1289              	.LVL84:
 1290              	.LFB7622:
 396:../../libDaisy/src/hid/disp/display.h ****     {
 1291              		.loc 8 396 10 is_stmt 1 view -0
 1292              		.cfi_startproc
 1293              		@ args = 4, pretend = 0, frame = 16
 1294              		@ frame_needed = 0, uses_anonymous_args = 0
 396:../../libDaisy/src/hid/disp/display.h ****     {
 1295              		.loc 8 396 10 is_stmt 0 view .LVU297
 1296 0000 2DE9F04F 		push	{r4, r5, r6, r7, r8, r9, r10, fp, lr}
 1297              		.cfi_def_cfa_offset 36
 1298              		.cfi_offset 4, -36
 1299              		.cfi_offset 5, -32
 1300              		.cfi_offset 6, -28
 1301              		.cfi_offset 7, -24
 1302              		.cfi_offset 8, -20
 1303              		.cfi_offset 9, -16
 1304              		.cfi_offset 10, -12
 1305              		.cfi_offset 11, -8
 1306              		.cfi_offset 14, -4
 1307 0004 85B0     		sub	sp, sp, #20
 1308              		.cfi_def_cfa_offset 56
 1309              	.LVL85:
 401:../../libDaisy/src/hid/disp/display.h ****             return 0;
 1310              		.loc 8 401 20 view .LVU298
 1311 0006 A1F12005 		sub	r5, r1, #32
 396:../../libDaisy/src/hid/disp/display.h ****     {
 1312              		.loc 8 396 10 view .LVU299
 1313 000a 04AC     		add	r4, sp, #16
 1314 000c 9DF83870 		ldrb	r7, [sp, #56]	@ zero_extendqisi2
 1315 0010 0091     		str	r1, [sp]
 1316 0012 04E90C00 		stmdb	r4, {r2, r3}
 1317              	.LVL86:
 401:../../libDaisy/src/hid/disp/display.h ****             return 0;
 1318              		.loc 8 401 9 view .LVU300
 1319 0016 EBB2     		uxtb	r3, r5
 1320 0018 5E2B     		cmp	r3, #94
 1321 001a 00F29580 		bhi	.L95
 405:../../libDaisy/src/hid/disp/display.h ****            || Height() < (currentY_ + font.FontHeight))
 1322              		.loc 8 405 17 view .LVU301
 1323 001e 0368     		ldr	r3, [r0]
 1324 0020 8046     		mov	r8, r0
 1325 0022 5D4A     		ldr	r2, .L130
 1326 0024 DB68     		ldr	r3, [r3, #12]
 1327 0026 9DF80840 		ldrb	r4, [sp, #8]	@ zero_extendqisi2
 1328 002a 9342     		cmp	r3, r2
 1329 002c 9DF80960 		ldrb	r6, [sp, #9]	@ zero_extendqisi2
 1330 0030 40F09480 		bne	.L122
 1331 0034 8020     		movs	r0, #128
 1332              	.LVL87:
 1333              	.L94:
 405:../../libDaisy/src/hid/disp/display.h ****            || Height() < (currentY_ + font.FontHeight))
 1334              		.loc 8 405 23 view .LVU302
 1335 0036 B8F80430 		ldrh	r3, [r8, #4]
ARM GAS  C:\Users\FINNDY~1\AppData\Local\Temp\ccAKb7Rb.s 			page 49


 405:../../libDaisy/src/hid/disp/display.h ****            || Height() < (currentY_ + font.FontHeight))
 1336              		.loc 8 405 33 view .LVU303
 1337 003a 2344     		add	r3, r3, r4
 406:../../libDaisy/src/hid/disp/display.h ****         {
 1338              		.loc 8 406 12 view .LVU304
 1339 003c 8342     		cmp	r3, r0
 1340 003e 00F38380 		bgt	.L95
 406:../../libDaisy/src/hid/disp/display.h ****         {
 1341              		.loc 8 406 21 discriminator 2 view .LVU305
 1342 0042 D8F80030 		ldr	r3, [r8]
 1343 0046 554A     		ldr	r2, .L130+4
 1344 0048 9B68     		ldr	r3, [r3, #8]
 1345 004a 9342     		cmp	r3, r2
 1346 004c 40F08880 		bne	.L123
 406:../../libDaisy/src/hid/disp/display.h ****         {
 1347              		.loc 8 406 21 view .LVU306
 1348 0050 4020     		movs	r0, #64
 1349              	.L96:
 406:../../libDaisy/src/hid/disp/display.h ****         {
 1350              		.loc 8 406 27 discriminator 2 view .LVU307
 1351 0052 B8F80620 		ldrh	r2, [r8, #6]
 406:../../libDaisy/src/hid/disp/display.h ****         {
 1352              		.loc 8 406 37 discriminator 2 view .LVU308
 1353 0056 9319     		adds	r3, r2, r6
 406:../../libDaisy/src/hid/disp/display.h ****         {
 1354              		.loc 8 406 27 discriminator 2 view .LVU309
 1355 0058 0192     		str	r2, [sp, #4]
 406:../../libDaisy/src/hid/disp/display.h ****         {
 1356              		.loc 8 406 12 discriminator 2 view .LVU310
 1357 005a 8342     		cmp	r3, r0
 1358 005c 74DC     		bgt	.L95
 1359              	.LVL88:
 413:../../libDaisy/src/hid/disp/display.h ****         {
 1360              		.loc 8 413 22 is_stmt 1 view .LVU311
 1361 005e 002E     		cmp	r6, #0
 1362 0060 00F08980 		beq	.L97
 415:../../libDaisy/src/hid/disp/display.h ****             for(j = 0; j < font.FontWidth; j++)
 1363              		.loc 8 415 37 is_stmt 0 view .LVU312
 1364 0064 06FB05F5 		mul	r5, r6, r5
 1365 0068 6FF00040 		mvn	r0, #-2147483648
 415:../../libDaisy/src/hid/disp/display.h ****             for(j = 0; j < font.FontWidth; j++)
 1366              		.loc 8 415 22 view .LVU313
 1367 006c 039B     		ldr	r3, [sp, #12]
 1368 006e 9646     		mov	lr, r2
 1369 0070 2844     		add	r0, r0, r5
 1370 0072 2E44     		add	r6, r6, r5
 434:../../libDaisy/src/hid/disp/display.h **** 
 1371              		.loc 8 434 19 view .LVU314
 1372 0074 B8F804A0 		ldrh	r10, [r8, #4]
 1373 0078 03EB4000 		add	r0, r3, r0, lsl #1
 1374 007c 023B     		subs	r3, r3, #2
 1375 007e 03EB460B 		add	fp, r3, r6, lsl #1
 1376              	.LVL89:
 1377              	.L100:
 415:../../libDaisy/src/hid/disp/display.h ****             for(j = 0; j < font.FontWidth; j++)
 1378              		.loc 8 415 15 view .LVU315
 1379 0082 30F8026F 		ldrh	r6, [r0, #2]!
ARM GAS  C:\Users\FINNDY~1\AppData\Local\Temp\ccAKb7Rb.s 			page 50


 1380              	.LVL90:
 416:../../libDaisy/src/hid/disp/display.h ****             {
 1381              		.loc 8 416 26 is_stmt 1 view .LVU316
 1382 0086 BCB3     		cbz	r4, .L105
 1383              	.LBB539:
 1384              	.LBB540:
 1385              	.LBB541:
 1386              	.LBB542:
 1387              	.LBB543:
 359:../../libDaisy/src/dev/oled_ssd130x.h ****     }
 1388              		.loc 7 359 55 is_stmt 0 view .LVU317
 1389 0088 0EF00703 		and	r3, lr, #7
 359:../../libDaisy/src/dev/oled_ssd130x.h ****     }
 1390              		.loc 7 359 49 view .LVU318
 1391 008c 4FF0010C 		mov	ip, #1
 359:../../libDaisy/src/dev/oled_ssd130x.h ****     }
 1392              		.loc 7 359 28 view .LVU319
 1393 0090 4FEADE02 		lsr	r2, lr, #3
 1394 0094 5146     		mov	r1, r10
 359:../../libDaisy/src/dev/oled_ssd130x.h ****     }
 1395              		.loc 7 359 49 view .LVU320
 1396 0096 0CFA03FC 		lsl	ip, ip, r3
 1397 009a 0AF11003 		add	r3, r10, #16
 359:../../libDaisy/src/dev/oled_ssd130x.h ****     }
 1398              		.loc 7 359 42 view .LVU321
 1399 009e 4FFA8CFC 		sxtb	ip, ip
 1400 00a2 03EBC212 		add	r2, r3, r2, lsl #7
 1401              	.LBE543:
 1402              	.LBE542:
 1403              	.LBE541:
 1404              	.LBE540:
 1405              	.LBE539:
 416:../../libDaisy/src/hid/disp/display.h ****             {
 1406              		.loc 8 416 19 view .LVU322
 1407 00a6 0023     		movs	r3, #0
 1408              	.LBB561:
 1409              	.LBB556:
 1410              	.LBB551:
 1411              	.LBB547:
 1412              	.LBB544:
 359:../../libDaisy/src/dev/oled_ssd130x.h ****     }
 1413              		.loc 7 359 42 view .LVU323
 1414 00a8 6FEA0C09 		mvn	r9, ip
 1415 00ac 4244     		add	r2, r2, r8
 1416 00ae 0EE0     		b	.L106
 1417              	.LVL91:
 1418              	.L124:
 359:../../libDaisy/src/dev/oled_ssd130x.h ****     }
 1419              		.loc 7 359 42 view .LVU324
 1420              	.LBE544:
 1421              	.LBE547:
 1422              	.LBE551:
 1423              	.LBE556:
 1424              	.LBE561:
 1425              	.LBB562:
 1426              	.LBI562:
  42:../../libDaisy/src/hid/disp/oled_display.h ****     {
ARM GAS  C:\Users\FINNDY~1\AppData\Local\Temp\ccAKb7Rb.s 			page 51


 1427              		.loc 6 42 10 is_stmt 1 view .LVU325
 1428              	.LBB563:
 1429              	.LBI563:
 352:../../libDaisy/src/dev/oled_ssd130x.h ****     {
 1430              		.loc 7 352 10 view .LVU326
 1431              	.LBB564:
 354:../../libDaisy/src/dev/oled_ssd130x.h ****             return;
 1432              		.loc 7 354 9 is_stmt 0 view .LVU327
 1433 00b0 7F29     		cmp	r1, #127
 1434 00b2 07D8     		bhi	.L102
 1435 00b4 BEF13F0F 		cmp	lr, #63
 1436 00b8 04D8     		bhi	.L102
 357:../../libDaisy/src/dev/oled_ssd130x.h ****         else
 1437              		.loc 7 357 42 view .LVU328
 1438 00ba 1578     		ldrb	r5, [r2]	@ zero_extendqisi2
 356:../../libDaisy/src/dev/oled_ssd130x.h ****             buffer_[x + (y / 8) * width] |= (1 << (y % 8));
 1439              		.loc 7 356 9 view .LVU329
 1440 00bc 9FB1     		cbz	r7, .L104
 1441              	.L121:
 356:../../libDaisy/src/dev/oled_ssd130x.h ****             buffer_[x + (y / 8) * width] |= (1 << (y % 8));
 1442              		.loc 7 356 9 view .LVU330
 1443              	.LBE564:
 1444              	.LBE563:
 1445              	.LBE562:
 1446              	.LBB565:
 1447              	.LBB557:
 1448              	.LBB552:
 357:../../libDaisy/src/dev/oled_ssd130x.h ****         else
 1449              		.loc 7 357 42 view .LVU331
 1450 00be 4CEA0505 		orr	r5, ip, r5
 1451 00c2 1570     		strb	r5, [r2]
 1452              	.L102:
 1453              	.LBE552:
 1454              	.LBE557:
 1455              	.LBE565:
 416:../../libDaisy/src/hid/disp/display.h ****             {
 1456              		.loc 8 416 13 is_stmt 1 discriminator 2 view .LVU332
 1457 00c4 0133     		adds	r3, r3, #1
 1458              	.LVL92:
 416:../../libDaisy/src/hid/disp/display.h ****             {
 1459              		.loc 8 416 26 discriminator 2 view .LVU333
 1460 00c6 0132     		adds	r2, r2, #1
 1461 00c8 0131     		adds	r1, r1, #1
 1462 00ca 9C42     		cmp	r4, r3
 1463 00cc 14D0     		beq	.L105
 1464              	.LVL93:
 1465              	.L106:
 418:../../libDaisy/src/hid/disp/display.h ****                 {
 1466              		.loc 8 418 23 is_stmt 0 view .LVU334
 1467 00ce 06FA03F5 		lsl	r5, r6, r3
 418:../../libDaisy/src/hid/disp/display.h ****                 {
 1468              		.loc 8 418 17 view .LVU335
 1469 00d2 2D04     		lsls	r5, r5, #16
 1470 00d4 ECD4     		bmi	.L124
 1471              	.LVL94:
 1472              	.LBB566:
 1473              	.LBI539:
ARM GAS  C:\Users\FINNDY~1\AppData\Local\Temp\ccAKb7Rb.s 			page 52


  42:../../libDaisy/src/hid/disp/oled_display.h ****     {
 1474              		.loc 6 42 10 is_stmt 1 view .LVU336
 1475              	.LBB558:
 1476              	.LBI540:
 352:../../libDaisy/src/dev/oled_ssd130x.h ****     {
 1477              		.loc 7 352 10 view .LVU337
 1478              	.LBB553:
 354:../../libDaisy/src/dev/oled_ssd130x.h ****             return;
 1479              		.loc 7 354 9 is_stmt 0 view .LVU338
 1480 00d6 7F29     		cmp	r1, #127
 1481 00d8 F4D8     		bhi	.L102
 1482 00da BEF13F0F 		cmp	lr, #63
 1483 00de F1D8     		bhi	.L102
 357:../../libDaisy/src/dev/oled_ssd130x.h ****         else
 1484              		.loc 7 357 42 view .LVU339
 1485 00e0 1578     		ldrb	r5, [r2]	@ zero_extendqisi2
 356:../../libDaisy/src/dev/oled_ssd130x.h ****             buffer_[x + (y / 8) * width] |= (1 << (y % 8));
 1486              		.loc 7 356 9 view .LVU340
 1487 00e2 002F     		cmp	r7, #0
 1488 00e4 EBD0     		beq	.L121
 1489              	.L104:
 1490              	.LVL95:
 1491              	.LBB548:
 1492              	.LBI542:
 352:../../libDaisy/src/dev/oled_ssd130x.h ****     {
 1493              		.loc 7 352 10 is_stmt 1 view .LVU341
 352:../../libDaisy/src/dev/oled_ssd130x.h ****     {
 1494              		.loc 7 352 10 is_stmt 0 view .LVU342
 1495              	.LBE548:
 1496              	.LBE553:
 1497              	.LBE558:
 1498              	.LBE566:
 416:../../libDaisy/src/hid/disp/display.h ****             {
 1499              		.loc 8 416 13 view .LVU343
 1500 00e6 0133     		adds	r3, r3, #1
 1501              	.LVL96:
 1502              	.LBB567:
 1503              	.LBB559:
 1504              	.LBB554:
 1505              	.LBB549:
 1506              	.LBB545:
 359:../../libDaisy/src/dev/oled_ssd130x.h ****     }
 1507              		.loc 7 359 42 view .LVU344
 1508 00e8 09EA0505 		and	r5, r9, r5
 1509              	.LBE545:
 1510              	.LBE549:
 1511              	.LBE554:
 1512              	.LBE559:
 1513              	.LBE567:
 416:../../libDaisy/src/hid/disp/display.h ****             {
 1514              		.loc 8 416 26 view .LVU345
 1515 00ec 0132     		adds	r2, r2, #1
 1516 00ee 0131     		adds	r1, r1, #1
 1517 00f0 9C42     		cmp	r4, r3
 1518              	.LBB568:
 1519              	.LBB560:
 1520              	.LBB555:
ARM GAS  C:\Users\FINNDY~1\AppData\Local\Temp\ccAKb7Rb.s 			page 53


 1521              	.LBB550:
 1522              	.LBB546:
 359:../../libDaisy/src/dev/oled_ssd130x.h ****     }
 1523              		.loc 7 359 42 view .LVU346
 1524 00f2 02F8015C 		strb	r5, [r2, #-1]
 359:../../libDaisy/src/dev/oled_ssd130x.h ****     }
 1525              		.loc 7 359 42 view .LVU347
 1526              	.LBE546:
 1527              	.LBE550:
 1528              	.LBE555:
 1529              	.LBE560:
 1530              	.LBE568:
 416:../../libDaisy/src/hid/disp/display.h ****             {
 1531              		.loc 8 416 13 is_stmt 1 view .LVU348
 1532              	.LVL97:
 416:../../libDaisy/src/hid/disp/display.h ****             {
 1533              		.loc 8 416 26 view .LVU349
 1534 00f6 EAD1     		bne	.L106
 1535              	.LVL98:
 1536              	.L105:
 413:../../libDaisy/src/hid/disp/display.h ****         {
 1537              		.loc 8 413 9 view .LVU350
 413:../../libDaisy/src/hid/disp/display.h ****         {
 1538              		.loc 8 413 22 view .LVU351
 1539 00f8 5845     		cmp	r0, fp
 1540 00fa 0EF1010E 		add	lr, lr, #1
 1541 00fe C0D1     		bne	.L100
 1542              	.LVL99:
 1543              	.L99:
 1544              	.LBB569:
 1545              	.LBB570:
 173:../../libDaisy/src/hid/disp/display.h ****         currentY_ = (y >= Height()) ? Height() - 1 : y;
 1546              		.loc 8 173 33 is_stmt 0 view .LVU352
 1547 0100 D8F80030 		ldr	r3, [r8]
 1548              	.LBE570:
 1549              	.LBE569:
 434:../../libDaisy/src/hid/disp/display.h **** 
 1550              		.loc 8 434 18 view .LVU353
 1551 0104 5444     		add	r4, r4, r10
 1552 0106 2449     		ldr	r1, .L130
 1553              	.LBB576:
 1554              	.LBB571:
 173:../../libDaisy/src/hid/disp/display.h ****         currentY_ = (y >= Height()) ? Height() - 1 : y;
 1555              		.loc 8 173 33 view .LVU354
 1556 0108 DA68     		ldr	r2, [r3, #12]
 1557              	.LBE571:
 1558              	.LBE576:
 434:../../libDaisy/src/hid/disp/display.h **** 
 1559              		.loc 8 434 18 view .LVU355
 1560 010a A4B2     		uxth	r4, r4
 1561              	.LVL100:
 1562              	.LBB577:
 1563              	.LBI569:
 171:../../libDaisy/src/hid/disp/display.h ****     {
 1564              		.loc 8 171 10 is_stmt 1 view .LVU356
 1565              	.LBB572:
 173:../../libDaisy/src/hid/disp/display.h ****         currentY_ = (y >= Height()) ? Height() - 1 : y;
ARM GAS  C:\Users\FINNDY~1\AppData\Local\Temp\ccAKb7Rb.s 			page 54


 1566              		.loc 8 173 9 view .LVU357
 1567 010c 8A42     		cmp	r2, r1
 1568 010e 2DD1     		bne	.L125
 173:../../libDaisy/src/hid/disp/display.h ****         currentY_ = (y >= Height()) ? Height() - 1 : y;
 1569              		.loc 8 173 33 is_stmt 0 view .LVU358
 1570 0110 8020     		movs	r0, #128
 1571              	.L107:
 173:../../libDaisy/src/hid/disp/display.h ****         currentY_ = (y >= Height()) ? Height() - 1 : y;
 1572              		.loc 8 173 19 view .LVU359
 1573 0112 8442     		cmp	r4, r0
 1574 0114 1CD2     		bcs	.L126
 1575              	.LVL101:
 1576              	.L108:
 174:../../libDaisy/src/hid/disp/display.h ****     }
 1577              		.loc 8 174 34 view .LVU360
 1578 0116 9B68     		ldr	r3, [r3, #8]
 1579 0118 204A     		ldr	r2, .L130+4
 173:../../libDaisy/src/hid/disp/display.h ****         currentY_ = (y >= Height()) ? Height() - 1 : y;
 1580              		.loc 8 173 19 view .LVU361
 1581 011a A8F80440 		strh	r4, [r8, #4]	@ movhi
 174:../../libDaisy/src/hid/disp/display.h ****     }
 1582              		.loc 8 174 9 is_stmt 1 view .LVU362
 1583 011e 9342     		cmp	r3, r2
 1584 0120 21D1     		bne	.L127
 174:../../libDaisy/src/hid/disp/display.h ****     }
 1585              		.loc 8 174 34 is_stmt 0 view .LVU363
 1586 0122 4020     		movs	r0, #64
 1587              	.L110:
 174:../../libDaisy/src/hid/disp/display.h ****     }
 1588              		.loc 8 174 19 view .LVU364
 1589 0124 019B     		ldr	r3, [sp, #4]
 1590 0126 8342     		cmp	r3, r0
 1591 0128 07D3     		bcc	.L111
 174:../../libDaisy/src/hid/disp/display.h ****     }
 1592              		.loc 8 174 46 view .LVU365
 1593 012a D8F80030 		ldr	r3, [r8]
 1594 012e 1B4A     		ldr	r2, .L130+4
 1595 0130 9B68     		ldr	r3, [r3, #8]
 1596 0132 9342     		cmp	r3, r2
 1597 0134 29D1     		bne	.L128
 1598 0136 3F23     		movs	r3, #63
 1599 0138 0193     		str	r3, [sp, #4]
 1600              	.LVL102:
 1601              	.L111:
 174:../../libDaisy/src/hid/disp/display.h ****     }
 1602              		.loc 8 174 19 view .LVU366
 1603 013a DDE90003 		ldrd	r0, r3, [sp]
 1604 013e A8F80630 		strh	r3, [r8, #6]	@ movhi
 1605              	.LVL103:
 174:../../libDaisy/src/hid/disp/display.h ****     }
 1606              		.loc 8 174 19 view .LVU367
 1607              	.LBE572:
 1608              	.LBE577:
 438:../../libDaisy/src/hid/disp/display.h **** 
 1609              		.loc 8 438 5 view .LVU368
 1610 0142 05B0     		add	sp, sp, #20
 1611              		.cfi_remember_state
ARM GAS  C:\Users\FINNDY~1\AppData\Local\Temp\ccAKb7Rb.s 			page 55


 1612              		.cfi_def_cfa_offset 36
 1613              		@ sp needed
 1614 0144 BDE8F08F 		pop	{r4, r5, r6, r7, r8, r9, r10, fp, pc}
 1615              	.LVL104:
 1616              	.L95:
 1617              		.cfi_restore_state
 402:../../libDaisy/src/hid/disp/display.h **** 
 1618              		.loc 8 402 20 view .LVU369
 1619 0148 0020     		movs	r0, #0
 438:../../libDaisy/src/hid/disp/display.h **** 
 1620              		.loc 8 438 5 view .LVU370
 1621 014a 05B0     		add	sp, sp, #20
 1622              		.cfi_remember_state
 1623              		.cfi_def_cfa_offset 36
 1624              		@ sp needed
 1625 014c BDE8F08F 		pop	{r4, r5, r6, r7, r8, r9, r10, fp, pc}
 1626              	.LVL105:
 1627              	.L126:
 1628              		.cfi_restore_state
 1629              	.LBB578:
 1630              	.LBB573:
 173:../../libDaisy/src/hid/disp/display.h ****         currentY_ = (y >= Height()) ? Height() - 1 : y;
 1631              		.loc 8 173 44 view .LVU371
 1632 0150 DA68     		ldr	r2, [r3, #12]
 1633 0152 1149     		ldr	r1, .L130
 1634 0154 8A42     		cmp	r2, r1
 1635 0156 11D1     		bne	.L129
 1636 0158 7F24     		movs	r4, #127
 1637              	.LVL106:
 173:../../libDaisy/src/hid/disp/display.h ****         currentY_ = (y >= Height()) ? Height() - 1 : y;
 1638              		.loc 8 173 44 view .LVU372
 1639 015a DCE7     		b	.L108
 1640              	.LVL107:
 1641              	.L122:
 173:../../libDaisy/src/hid/disp/display.h ****         currentY_ = (y >= Height()) ? Height() - 1 : y;
 1642              		.loc 8 173 44 view .LVU373
 1643              	.LBE573:
 1644              	.LBE578:
 405:../../libDaisy/src/hid/disp/display.h ****            || Height() < (currentY_ + font.FontHeight))
 1645              		.loc 8 405 17 view .LVU374
 1646 015c 9847     		blx	r3
 1647              	.LVL108:
 405:../../libDaisy/src/hid/disp/display.h ****            || Height() < (currentY_ + font.FontHeight))
 1648              		.loc 8 405 17 view .LVU375
 1649 015e 6AE7     		b	.L94
 1650              	.L123:
 406:../../libDaisy/src/hid/disp/display.h ****         {
 1651              		.loc 8 406 21 discriminator 2 view .LVU376
 1652 0160 4046     		mov	r0, r8
 1653 0162 9847     		blx	r3
 1654              	.LVL109:
 1655 0164 75E7     		b	.L96
 1656              	.LVL110:
 1657              	.L127:
 1658              	.LBB579:
 1659              	.LBB574:
 174:../../libDaisy/src/hid/disp/display.h ****     }
ARM GAS  C:\Users\FINNDY~1\AppData\Local\Temp\ccAKb7Rb.s 			page 56


 1660              		.loc 8 174 33 view .LVU377
 1661 0166 4046     		mov	r0, r8
 1662 0168 9847     		blx	r3
 1663              	.LVL111:
 1664 016a DBE7     		b	.L110
 1665              	.LVL112:
 1666              	.L125:
 173:../../libDaisy/src/hid/disp/display.h ****         currentY_ = (y >= Height()) ? Height() - 1 : y;
 1667              		.loc 8 173 32 view .LVU378
 1668 016c 4046     		mov	r0, r8
 1669 016e 9047     		blx	r2
 1670              	.LVL113:
 173:../../libDaisy/src/hid/disp/display.h ****         currentY_ = (y >= Height()) ? Height() - 1 : y;
 1671              		.loc 8 173 44 view .LVU379
 1672 0170 D8F80030 		ldr	r3, [r8]
 1673 0174 CDE7     		b	.L107
 1674              	.LVL114:
 1675              	.L97:
 173:../../libDaisy/src/hid/disp/display.h ****         currentY_ = (y >= Height()) ? Height() - 1 : y;
 1676              		.loc 8 173 44 view .LVU380
 1677              	.LBE574:
 1678              	.LBE579:
 434:../../libDaisy/src/hid/disp/display.h **** 
 1679              		.loc 8 434 19 view .LVU381
 1680 0176 B8F804A0 		ldrh	r10, [r8, #4]
 1681 017a C1E7     		b	.L99
 1682              	.LVL115:
 1683              	.L129:
 1684              	.LBB580:
 1685              	.LBB575:
 173:../../libDaisy/src/hid/disp/display.h ****         currentY_ = (y >= Height()) ? Height() - 1 : y;
 1686              		.loc 8 173 43 view .LVU382
 1687 017c 4046     		mov	r0, r8
 1688 017e 9047     		blx	r2
 1689              	.LVL116:
 173:../../libDaisy/src/hid/disp/display.h ****         currentY_ = (y >= Height()) ? Height() - 1 : y;
 1690              		.loc 8 173 19 view .LVU383
 1691 0180 0138     		subs	r0, r0, #1
 174:../../libDaisy/src/hid/disp/display.h ****     }
 1692              		.loc 8 174 34 view .LVU384
 1693 0182 D8F80030 		ldr	r3, [r8]
 173:../../libDaisy/src/hid/disp/display.h ****         currentY_ = (y >= Height()) ? Height() - 1 : y;
 1694              		.loc 8 173 19 view .LVU385
 1695 0186 84B2     		uxth	r4, r0
 1696              	.LVL117:
 173:../../libDaisy/src/hid/disp/display.h ****         currentY_ = (y >= Height()) ? Height() - 1 : y;
 1697              		.loc 8 173 19 view .LVU386
 1698 0188 C5E7     		b	.L108
 1699              	.L128:
 174:../../libDaisy/src/hid/disp/display.h ****     }
 1700              		.loc 8 174 45 view .LVU387
 1701 018a 4046     		mov	r0, r8
 1702 018c 9847     		blx	r3
 1703              	.LVL118:
 174:../../libDaisy/src/hid/disp/display.h ****     }
 1704              		.loc 8 174 19 view .LVU388
 1705 018e 0138     		subs	r0, r0, #1
ARM GAS  C:\Users\FINNDY~1\AppData\Local\Temp\ccAKb7Rb.s 			page 57


 1706 0190 83B2     		uxth	r3, r0
 1707 0192 0193     		str	r3, [sp, #4]
 1708              	.LVL119:
 174:../../libDaisy/src/hid/disp/display.h ****     }
 1709              		.loc 8 174 19 view .LVU389
 1710 0194 D1E7     		b	.L111
 1711              	.L131:
 1712 0196 00BF     		.align	2
 1713              	.L130:
 1714 0198 00000000 		.word	_ZNK5daisy11OledDisplayINS_13SSD130xDriverILj128ELj64ENS_19SSD130xI2CTransportEEEE5WidthEv
 1715 019c 00000000 		.word	_ZNK5daisy11OledDisplayINS_13SSD130xDriverILj128ELj64ENS_19SSD130xI2CTransportEEEE6HeightEv
 1716              	.LBE575:
 1717              	.LBE580:
 1718              		.cfi_endproc
 1719              	.LFE7622:
 1721              		.section	.text._ZN5daisy25OneBitGraphicsDisplayImplINS_11OledDisplayINS_13SSD130xDriverILj128ELj64
 1722              		.align	1
 1723              		.p2align 2,,3
 1724              		.weak	_ZN5daisy25OneBitGraphicsDisplayImplINS_11OledDisplayINS_13SSD130xDriverILj128ELj64ENS_19SSD
 1725              		.syntax unified
 1726              		.thumb
 1727              		.thumb_func
 1728              		.fpu fpv5-d16
 1730              	_ZN5daisy25OneBitGraphicsDisplayImplINS_11OledDisplayINS_13SSD130xDriverILj128ELj64ENS_19SSD130xI2C
 1731              	.LVL120:
 1732              	.LFB7624:
 459:../../libDaisy/src/hid/disp/display.h **** 
 460:../../libDaisy/src/hid/disp/display.h ****     Rectangle WriteStringAligned(const char*    str,
 1733              		.loc 8 460 15 is_stmt 1 view -0
 1734              		.cfi_startproc
 1735              		@ args = 12, pretend = 0, frame = 32
 1736              		@ frame_needed = 0, uses_anonymous_args = 0
 1737              		.loc 8 460 15 is_stmt 0 view .LVU391
 1738 0000 2DE9F04F 		push	{r4, r5, r6, r7, r8, r9, r10, fp, lr}
 1739              		.cfi_def_cfa_offset 36
 1740              		.cfi_offset 4, -36
 1741              		.cfi_offset 5, -32
 1742              		.cfi_offset 6, -28
 1743              		.cfi_offset 7, -24
 1744              		.cfi_offset 8, -20
 1745              		.cfi_offset 9, -16
 1746              		.cfi_offset 10, -12
 1747              		.cfi_offset 11, -8
 1748              		.cfi_offset 14, -4
 1749 0004 89B0     		sub	sp, sp, #36
 1750              		.cfi_def_cfa_offset 72
 1751              		.loc 8 460 15 view .LVU392
 1752 0006 1D46     		mov	r5, r3
 1753 0008 8846     		mov	r8, r1
 1754              	.LVL121:
 1755              	.LBB719:
 1756              	.LBI719:
 461:../../libDaisy/src/hid/disp/display.h ****                                  const FontDef& font,
 462:../../libDaisy/src/hid/disp/display.h ****                                  Rectangle      boundingBox,
 463:../../libDaisy/src/hid/disp/display.h ****                                  Alignment      alignment,
 464:../../libDaisy/src/hid/disp/display.h ****                                  bool           on) override
 465:../../libDaisy/src/hid/disp/display.h ****     {
ARM GAS  C:\Users\FINNDY~1\AppData\Local\Temp\ccAKb7Rb.s 			page 58


 466:../../libDaisy/src/hid/disp/display.h ****         const auto alignedRect
 467:../../libDaisy/src/hid/disp/display.h ****             = GetTextRect(str, font).AlignedWithin(boundingBox, alignment);
 468:../../libDaisy/src/hid/disp/display.h ****         SetCursor(alignedRect.GetX(), alignedRect.GetY());
 469:../../libDaisy/src/hid/disp/display.h ****         ((ChildType*)(this))->ChildType::WriteString(str, font, on);
 470:../../libDaisy/src/hid/disp/display.h ****         return alignedRect;
 471:../../libDaisy/src/hid/disp/display.h ****     }
 472:../../libDaisy/src/hid/disp/display.h **** 
 473:../../libDaisy/src/hid/disp/display.h ****   private:
 474:../../libDaisy/src/hid/disp/display.h ****     uint32_t strlen(const char* string)
 475:../../libDaisy/src/hid/disp/display.h ****     {
 476:../../libDaisy/src/hid/disp/display.h ****         uint32_t result = 0;
 477:../../libDaisy/src/hid/disp/display.h ****         while(*string++ != '\0')
 478:../../libDaisy/src/hid/disp/display.h ****             result++;
 479:../../libDaisy/src/hid/disp/display.h ****         return result;
 480:../../libDaisy/src/hid/disp/display.h ****     }
 481:../../libDaisy/src/hid/disp/display.h **** 
 482:../../libDaisy/src/hid/disp/display.h ****     Rectangle GetTextRect(const char* text, const FontDef& font)
 1757              		.loc 8 482 15 is_stmt 1 view .LVU393
 1758              	.LBB720:
 1759              	.LBB721:
 1760              	.LBI721:
 474:../../libDaisy/src/hid/disp/display.h ****     {
 1761              		.loc 8 474 14 view .LVU394
 1762              	.LBB722:
 477:../../libDaisy/src/hid/disp/display.h ****             result++;
 1763              		.loc 8 477 25 view .LVU395
 1764              	.LBE722:
 1765              	.LBE721:
 1766              	.LBE720:
 1767              	.LBE719:
 460:../../libDaisy/src/hid/disp/display.h ****                                  const FontDef& font,
 1768              		.loc 8 460 15 is_stmt 0 view .LVU396
 1769 000a 0690     		str	r0, [sp, #24]
 1770              	.LBB737:
 1771              	.LBB733:
 1772              	.LBB726:
 1773              	.LBB723:
 477:../../libDaisy/src/hid/disp/display.h ****             result++;
 1774              		.loc 8 477 25 view .LVU397
 1775 000c 1046     		mov	r0, r2
 1776              	.LVL122:
 477:../../libDaisy/src/hid/disp/display.h ****             result++;
 1777              		.loc 8 477 25 view .LVU398
 1778              	.LBE723:
 1779              	.LBE726:
 1780              	.LBE733:
 1781              	.LBE737:
 460:../../libDaisy/src/hid/disp/display.h ****                                  const FontDef& font,
 1782              		.loc 8 460 15 view .LVU399
 1783 000e 129C     		ldr	r4, [sp, #72]
 1784              	.LBB738:
 1785              	.LBB734:
 1786              	.LBB727:
 1787              	.LBB724:
 477:../../libDaisy/src/hid/disp/display.h ****             result++;
 1788              		.loc 8 477 25 view .LVU400
 1789 0010 10F8013B 		ldrb	r3, [r0], #1	@ zero_extendqisi2
ARM GAS  C:\Users\FINNDY~1\AppData\Local\Temp\ccAKb7Rb.s 			page 59


 1790              	.LVL123:
 477:../../libDaisy/src/hid/disp/display.h ****             result++;
 1791              		.loc 8 477 25 view .LVU401
 1792              	.LBE724:
 1793              	.LBE727:
 1794              	.LBE734:
 1795              	.LBE738:
 460:../../libDaisy/src/hid/disp/display.h ****                                  const FontDef& font,
 1796              		.loc 8 460 15 view .LVU402
 1797 0014 1399     		ldr	r1, [sp, #76]
 1798              	.LVL124:
 460:../../libDaisy/src/hid/disp/display.h ****                                  const FontDef& font,
 1799              		.loc 8 460 15 view .LVU403
 1800 0016 9DF85060 		ldrb	r6, [sp, #80]	@ zero_extendqisi2
 1801 001a 0092     		str	r2, [sp]
 1802              	.LBB739:
 1803              	.LBB735:
 1804              	.LBB728:
 1805              	.LBB725:
 477:../../libDaisy/src/hid/disp/display.h ****             result++;
 1806              		.loc 8 477 25 view .LVU404
 1807 001c 33B1     		cbz	r3, .L133
 476:../../libDaisy/src/hid/disp/display.h ****         while(*string++ != '\0')
 1808              		.loc 8 476 18 view .LVU405
 1809 001e 0022     		movs	r2, #0
 1810              	.LVL125:
 1811              	.L134:
 477:../../libDaisy/src/hid/disp/display.h ****             result++;
 1812              		.loc 8 477 25 view .LVU406
 1813 0020 10F8013B 		ldrb	r3, [r0], #1	@ zero_extendqisi2
 1814              	.LVL126:
 478:../../libDaisy/src/hid/disp/display.h ****         return result;
 1815              		.loc 8 478 13 view .LVU407
 1816 0024 0132     		adds	r2, r2, #1
 1817              	.LVL127:
 477:../../libDaisy/src/hid/disp/display.h ****             result++;
 1818              		.loc 8 477 25 is_stmt 1 view .LVU408
 1819 0026 002B     		cmp	r3, #0
 1820 0028 FAD1     		bne	.L134
 1821              	.LBE725:
 1822              	.LBE728:
 483:../../libDaisy/src/hid/disp/display.h ****     {
 484:../../libDaisy/src/hid/disp/display.h ****         const auto numChars = strlen(text);
 485:../../libDaisy/src/hid/disp/display.h ****         return {int16_t(numChars * font.FontWidth), font.FontHeight};
 1823              		.loc 8 485 68 is_stmt 0 view .LVU409
 1824 002a 93B2     		uxth	r3, r2
 1825              	.LVL128:
 1826              	.L133:
 1827              		.loc 8 485 68 view .LVU410
 1828 002c 2A78     		ldrb	r2, [r5]	@ zero_extendqisi2
 1829              		.loc 8 485 58 view .LVU411
 1830 002e 6878     		ldrb	r0, [r5, #1]	@ zero_extendqisi2
 1831              		.loc 8 485 68 view .LVU412
 1832 0030 12FB03F3 		smulbb	r3, r2, r3
 1833 0034 02B2     		sxth	r2, r0
 1834              	.LVL129:
 1835              	.LBB729:
ARM GAS  C:\Users\FINNDY~1\AppData\Local\Temp\ccAKb7Rb.s 			page 60


 1836              	.LBI729:
 1837              		.file 10 "../../libDaisy/src/hid/disp/graphics_common.h"
   1:../../libDaisy/src/hid/disp/graphics_common.h **** #pragma once
   2:../../libDaisy/src/hid/disp/graphics_common.h **** 
   3:../../libDaisy/src/hid/disp/graphics_common.h **** #include <cstdint>
   4:../../libDaisy/src/hid/disp/graphics_common.h **** 
   5:../../libDaisy/src/hid/disp/graphics_common.h **** namespace daisy
   6:../../libDaisy/src/hid/disp/graphics_common.h **** {
   7:../../libDaisy/src/hid/disp/graphics_common.h **** /** Justifications */
   8:../../libDaisy/src/hid/disp/graphics_common.h **** enum class Alignment
   9:../../libDaisy/src/hid/disp/graphics_common.h **** {
  10:../../libDaisy/src/hid/disp/graphics_common.h ****     centered,
  11:../../libDaisy/src/hid/disp/graphics_common.h ****     topLeft,
  12:../../libDaisy/src/hid/disp/graphics_common.h ****     topCentered,
  13:../../libDaisy/src/hid/disp/graphics_common.h ****     topRight,
  14:../../libDaisy/src/hid/disp/graphics_common.h ****     bottomLeft,
  15:../../libDaisy/src/hid/disp/graphics_common.h ****     bottomCentered,
  16:../../libDaisy/src/hid/disp/graphics_common.h ****     bottomRight,
  17:../../libDaisy/src/hid/disp/graphics_common.h ****     centeredLeft,
  18:../../libDaisy/src/hid/disp/graphics_common.h ****     centeredRight
  19:../../libDaisy/src/hid/disp/graphics_common.h **** };
  20:../../libDaisy/src/hid/disp/graphics_common.h **** 
  21:../../libDaisy/src/hid/disp/graphics_common.h **** class Rectangle
  22:../../libDaisy/src/hid/disp/graphics_common.h **** {
  23:../../libDaisy/src/hid/disp/graphics_common.h ****   public:
  24:../../libDaisy/src/hid/disp/graphics_common.h ****     Rectangle() : x_(0), y_(0), width_(0), height_(0) {}
  25:../../libDaisy/src/hid/disp/graphics_common.h **** 
  26:../../libDaisy/src/hid/disp/graphics_common.h ****     Rectangle(int16_t width, int16_t height)
 1838              		.loc 10 26 5 is_stmt 1 view .LVU413
 1839              	.LBB730:
 1840              	.LBI730:
  27:../../libDaisy/src/hid/disp/graphics_common.h ****     : x_(0), y_(0), width_(max(0, width)), height_(max(0, height))
  28:../../libDaisy/src/hid/disp/graphics_common.h ****     {
  29:../../libDaisy/src/hid/disp/graphics_common.h ****     }
  30:../../libDaisy/src/hid/disp/graphics_common.h **** 
  31:../../libDaisy/src/hid/disp/graphics_common.h ****     Rectangle(int16_t x, int16_t y, int16_t width, int16_t height)
  32:../../libDaisy/src/hid/disp/graphics_common.h ****     : x_(x), y_(y), width_(max(0, width)), height_(max(0, height))
  33:../../libDaisy/src/hid/disp/graphics_common.h ****     {
  34:../../libDaisy/src/hid/disp/graphics_common.h ****     }
  35:../../libDaisy/src/hid/disp/graphics_common.h **** 
  36:../../libDaisy/src/hid/disp/graphics_common.h ****     Rectangle(const Rectangle& other) { *this = other; }
  37:../../libDaisy/src/hid/disp/graphics_common.h **** 
  38:../../libDaisy/src/hid/disp/graphics_common.h ****     Rectangle& operator=(const Rectangle& other)
  39:../../libDaisy/src/hid/disp/graphics_common.h ****     {
  40:../../libDaisy/src/hid/disp/graphics_common.h ****         x_      = other.x_;
  41:../../libDaisy/src/hid/disp/graphics_common.h ****         y_      = other.y_;
  42:../../libDaisy/src/hid/disp/graphics_common.h ****         width_  = other.width_;
  43:../../libDaisy/src/hid/disp/graphics_common.h ****         height_ = other.height_;
  44:../../libDaisy/src/hid/disp/graphics_common.h ****         return *this;
  45:../../libDaisy/src/hid/disp/graphics_common.h ****     }
  46:../../libDaisy/src/hid/disp/graphics_common.h **** 
  47:../../libDaisy/src/hid/disp/graphics_common.h ****     bool operator==(const Rectangle& other) const
  48:../../libDaisy/src/hid/disp/graphics_common.h ****     {
  49:../../libDaisy/src/hid/disp/graphics_common.h ****         return (x_ == other.x_) && (y_ == other.y_) && (width_ == other.width_)
  50:../../libDaisy/src/hid/disp/graphics_common.h ****                && (height_ == other.height_);
  51:../../libDaisy/src/hid/disp/graphics_common.h ****     }
  52:../../libDaisy/src/hid/disp/graphics_common.h ****     bool operator!=(const Rectangle& other) const { return !(*this == other); }
ARM GAS  C:\Users\FINNDY~1\AppData\Local\Temp\ccAKb7Rb.s 			page 61


  53:../../libDaisy/src/hid/disp/graphics_common.h **** 
  54:../../libDaisy/src/hid/disp/graphics_common.h ****     bool IsEmpty() const { return (width_ <= 0) || (height_ <= 0); }
  55:../../libDaisy/src/hid/disp/graphics_common.h **** 
  56:../../libDaisy/src/hid/disp/graphics_common.h ****     int16_t GetX() const { return x_; }
  57:../../libDaisy/src/hid/disp/graphics_common.h ****     int16_t GetY() const { return y_; }
  58:../../libDaisy/src/hid/disp/graphics_common.h ****     int16_t GetWidth() const { return width_; }
  59:../../libDaisy/src/hid/disp/graphics_common.h ****     int16_t GetHeight() const { return height_; }
  60:../../libDaisy/src/hid/disp/graphics_common.h ****     int16_t GetRight() const { return x_ + width_; }
  61:../../libDaisy/src/hid/disp/graphics_common.h ****     int16_t GetBottom() const { return y_ + height_; }
  62:../../libDaisy/src/hid/disp/graphics_common.h ****     int16_t GetCenterX() const { return x_ + width_ / 2; }
  63:../../libDaisy/src/hid/disp/graphics_common.h ****     int16_t GetCenterY() const { return y_ + height_ / 2; }
  64:../../libDaisy/src/hid/disp/graphics_common.h **** 
  65:../../libDaisy/src/hid/disp/graphics_common.h ****     Rectangle WithX(int16_t x) const { return {x, y_, width_, height_}; }
  66:../../libDaisy/src/hid/disp/graphics_common.h ****     Rectangle WithY(int16_t y) const { return {x_, y, width_, height_}; }
  67:../../libDaisy/src/hid/disp/graphics_common.h ****     Rectangle WithWidth(int16_t width) const
  68:../../libDaisy/src/hid/disp/graphics_common.h ****     {
  69:../../libDaisy/src/hid/disp/graphics_common.h ****         return {x_, y_, width, height_};
  70:../../libDaisy/src/hid/disp/graphics_common.h ****     }
  71:../../libDaisy/src/hid/disp/graphics_common.h ****     Rectangle WithHeight(int16_t height) const
  72:../../libDaisy/src/hid/disp/graphics_common.h ****     {
  73:../../libDaisy/src/hid/disp/graphics_common.h ****         return {x_, y_, width_, height};
  74:../../libDaisy/src/hid/disp/graphics_common.h ****     }
  75:../../libDaisy/src/hid/disp/graphics_common.h ****     Rectangle WithSize(int16_t width, int16_t height) const
  76:../../libDaisy/src/hid/disp/graphics_common.h ****     {
  77:../../libDaisy/src/hid/disp/graphics_common.h ****         return {x_, y_, width, height};
  78:../../libDaisy/src/hid/disp/graphics_common.h ****     }
  79:../../libDaisy/src/hid/disp/graphics_common.h ****     Rectangle WithWidthKeepingCenter(int16_t width) const
  80:../../libDaisy/src/hid/disp/graphics_common.h ****     {
  81:../../libDaisy/src/hid/disp/graphics_common.h ****         return Rectangle(x_, y_, width, height_)
  82:../../libDaisy/src/hid/disp/graphics_common.h ****             .WithCenter(GetCenterX(), GetCenterY());
  83:../../libDaisy/src/hid/disp/graphics_common.h ****     }
  84:../../libDaisy/src/hid/disp/graphics_common.h ****     Rectangle WithHeightKeepingCenter(int16_t height) const
  85:../../libDaisy/src/hid/disp/graphics_common.h ****     {
  86:../../libDaisy/src/hid/disp/graphics_common.h ****         return Rectangle(x_, y_, width_, height)
  87:../../libDaisy/src/hid/disp/graphics_common.h ****             .WithCenter(GetCenterX(), GetCenterY());
  88:../../libDaisy/src/hid/disp/graphics_common.h ****     }
  89:../../libDaisy/src/hid/disp/graphics_common.h ****     Rectangle WithSizeKeepingCenter(int16_t width, int16_t height) const
  90:../../libDaisy/src/hid/disp/graphics_common.h ****     {
  91:../../libDaisy/src/hid/disp/graphics_common.h ****         return Rectangle(x_, y_, width, height)
  92:../../libDaisy/src/hid/disp/graphics_common.h ****             .WithCenter(GetCenterX(), GetCenterY());
  93:../../libDaisy/src/hid/disp/graphics_common.h ****     }
  94:../../libDaisy/src/hid/disp/graphics_common.h **** 
  95:../../libDaisy/src/hid/disp/graphics_common.h ****     Rectangle Reduced(int16_t sizeToReduce) const
  96:../../libDaisy/src/hid/disp/graphics_common.h ****     {
  97:../../libDaisy/src/hid/disp/graphics_common.h ****         return {int16_t(x_ + sizeToReduce),
  98:../../libDaisy/src/hid/disp/graphics_common.h ****                 int16_t(y_ + sizeToReduce),
  99:../../libDaisy/src/hid/disp/graphics_common.h ****                 int16_t(width_ - 2 * sizeToReduce),
 100:../../libDaisy/src/hid/disp/graphics_common.h ****                 int16_t(height_ - 2 * sizeToReduce)};
 101:../../libDaisy/src/hid/disp/graphics_common.h ****     }
 102:../../libDaisy/src/hid/disp/graphics_common.h ****     Rectangle Reduced(int16_t xToReduce, int16_t yToReduce) const
 103:../../libDaisy/src/hid/disp/graphics_common.h ****     {
 104:../../libDaisy/src/hid/disp/graphics_common.h ****         return {int16_t(x_ + xToReduce),
 105:../../libDaisy/src/hid/disp/graphics_common.h ****                 int16_t(y_ + yToReduce),
 106:../../libDaisy/src/hid/disp/graphics_common.h ****                 int16_t(width_ - 2 * xToReduce),
 107:../../libDaisy/src/hid/disp/graphics_common.h ****                 int16_t(height_ - 2 * yToReduce)};
 108:../../libDaisy/src/hid/disp/graphics_common.h ****     }
 109:../../libDaisy/src/hid/disp/graphics_common.h **** 
ARM GAS  C:\Users\FINNDY~1\AppData\Local\Temp\ccAKb7Rb.s 			page 62


 110:../../libDaisy/src/hid/disp/graphics_common.h ****     Rectangle Translated(int16_t x, int16_t y) const
 111:../../libDaisy/src/hid/disp/graphics_common.h ****     {
 112:../../libDaisy/src/hid/disp/graphics_common.h ****         return {int16_t(x_ + x), int16_t(y_ + y), width_, height_};
 113:../../libDaisy/src/hid/disp/graphics_common.h ****     }
 114:../../libDaisy/src/hid/disp/graphics_common.h **** 
 115:../../libDaisy/src/hid/disp/graphics_common.h ****     Rectangle WithLeft(int16_t left) const
 116:../../libDaisy/src/hid/disp/graphics_common.h ****     {
 117:../../libDaisy/src/hid/disp/graphics_common.h ****         const auto newWidth = int16_t((x_ - left) + width_);
 118:../../libDaisy/src/hid/disp/graphics_common.h ****         return {left, y_, newWidth, height_};
 119:../../libDaisy/src/hid/disp/graphics_common.h ****     }
 120:../../libDaisy/src/hid/disp/graphics_common.h **** 
 121:../../libDaisy/src/hid/disp/graphics_common.h ****     Rectangle WithRight(int16_t right) const
 122:../../libDaisy/src/hid/disp/graphics_common.h ****     {
 123:../../libDaisy/src/hid/disp/graphics_common.h ****         const auto newWidth = int16_t(right - x_);
 124:../../libDaisy/src/hid/disp/graphics_common.h ****         return {x_, y_, newWidth, height_};
 125:../../libDaisy/src/hid/disp/graphics_common.h ****     }
 126:../../libDaisy/src/hid/disp/graphics_common.h **** 
 127:../../libDaisy/src/hid/disp/graphics_common.h ****     Rectangle WithTop(int16_t top) const
 128:../../libDaisy/src/hid/disp/graphics_common.h ****     {
 129:../../libDaisy/src/hid/disp/graphics_common.h ****         const auto newHeight = int16_t((y_ - top) + height_);
 130:../../libDaisy/src/hid/disp/graphics_common.h ****         return {x_, top, width_, newHeight};
 131:../../libDaisy/src/hid/disp/graphics_common.h ****     }
 132:../../libDaisy/src/hid/disp/graphics_common.h **** 
 133:../../libDaisy/src/hid/disp/graphics_common.h ****     Rectangle WithBottom(int16_t bottom) const
 134:../../libDaisy/src/hid/disp/graphics_common.h ****     {
 135:../../libDaisy/src/hid/disp/graphics_common.h ****         const auto newHeight = int16_t(bottom - y_);
 136:../../libDaisy/src/hid/disp/graphics_common.h ****         return {x_, y_, width_, newHeight};
 137:../../libDaisy/src/hid/disp/graphics_common.h ****     }
 138:../../libDaisy/src/hid/disp/graphics_common.h **** 
 139:../../libDaisy/src/hid/disp/graphics_common.h ****     Rectangle WithTrimmedLeft(int16_t pxToTrim) const
 140:../../libDaisy/src/hid/disp/graphics_common.h ****     {
 141:../../libDaisy/src/hid/disp/graphics_common.h ****         return {
 142:../../libDaisy/src/hid/disp/graphics_common.h ****             int16_t(x_ + pxToTrim), y_, int16_t(width_ - pxToTrim), height_};
 143:../../libDaisy/src/hid/disp/graphics_common.h ****     }
 144:../../libDaisy/src/hid/disp/graphics_common.h **** 
 145:../../libDaisy/src/hid/disp/graphics_common.h ****     Rectangle WithTrimmedRight(int16_t pxToTrim) const
 146:../../libDaisy/src/hid/disp/graphics_common.h ****     {
 147:../../libDaisy/src/hid/disp/graphics_common.h ****         return {x_, y_, int16_t(width_ - pxToTrim), height_};
 148:../../libDaisy/src/hid/disp/graphics_common.h ****     }
 149:../../libDaisy/src/hid/disp/graphics_common.h **** 
 150:../../libDaisy/src/hid/disp/graphics_common.h ****     Rectangle WithTrimmedTop(int16_t pxToTrim) const
 151:../../libDaisy/src/hid/disp/graphics_common.h ****     {
 152:../../libDaisy/src/hid/disp/graphics_common.h ****         return {
 153:../../libDaisy/src/hid/disp/graphics_common.h ****             x_, int16_t(y_ + pxToTrim), width_, int16_t(height_ - pxToTrim)};
 154:../../libDaisy/src/hid/disp/graphics_common.h ****     }
 155:../../libDaisy/src/hid/disp/graphics_common.h **** 
 156:../../libDaisy/src/hid/disp/graphics_common.h ****     Rectangle WithTrimmedBottom(int16_t pxToTrim) const
 157:../../libDaisy/src/hid/disp/graphics_common.h ****     {
 158:../../libDaisy/src/hid/disp/graphics_common.h ****         return {x_, y_, width_, int16_t(height_ - pxToTrim)};
 159:../../libDaisy/src/hid/disp/graphics_common.h ****     }
 160:../../libDaisy/src/hid/disp/graphics_common.h **** 
 161:../../libDaisy/src/hid/disp/graphics_common.h ****     Rectangle WithCenterX(int16_t centerX) const
 162:../../libDaisy/src/hid/disp/graphics_common.h ****     {
 163:../../libDaisy/src/hid/disp/graphics_common.h ****         return {int16_t(x_ + centerX - GetCenterX()), y_, width_, height_};
 164:../../libDaisy/src/hid/disp/graphics_common.h ****     }
 165:../../libDaisy/src/hid/disp/graphics_common.h **** 
 166:../../libDaisy/src/hid/disp/graphics_common.h ****     Rectangle WithCenterY(int16_t centerY) const
ARM GAS  C:\Users\FINNDY~1\AppData\Local\Temp\ccAKb7Rb.s 			page 63


 167:../../libDaisy/src/hid/disp/graphics_common.h ****     {
 168:../../libDaisy/src/hid/disp/graphics_common.h ****         return {x_, int16_t(y_ + centerY - GetCenterY()), width_, height_};
 169:../../libDaisy/src/hid/disp/graphics_common.h ****     }
 170:../../libDaisy/src/hid/disp/graphics_common.h **** 
 171:../../libDaisy/src/hid/disp/graphics_common.h ****     Rectangle WithCenter(int16_t centerX, int16_t centerY) const
 172:../../libDaisy/src/hid/disp/graphics_common.h ****     {
 173:../../libDaisy/src/hid/disp/graphics_common.h ****         return {int16_t(x_ + centerX - GetCenterX()),
 174:../../libDaisy/src/hid/disp/graphics_common.h ****                 int16_t(y_ + centerY - GetCenterY()),
 175:../../libDaisy/src/hid/disp/graphics_common.h ****                 width_,
 176:../../libDaisy/src/hid/disp/graphics_common.h ****                 height_};
 177:../../libDaisy/src/hid/disp/graphics_common.h ****     }
 178:../../libDaisy/src/hid/disp/graphics_common.h **** 
 179:../../libDaisy/src/hid/disp/graphics_common.h ****     Rectangle RemoveFromLeft(int16_t pxToRemove)
 180:../../libDaisy/src/hid/disp/graphics_common.h ****     {
 181:../../libDaisy/src/hid/disp/graphics_common.h ****         const auto result = this->WithWidth(min(pxToRemove, width_));
 182:../../libDaisy/src/hid/disp/graphics_common.h ****         x_ += min(pxToRemove, width_);
 183:../../libDaisy/src/hid/disp/graphics_common.h ****         width_ = max(int16_t(width_ - pxToRemove), 0);
 184:../../libDaisy/src/hid/disp/graphics_common.h ****         return result;
 185:../../libDaisy/src/hid/disp/graphics_common.h ****     }
 186:../../libDaisy/src/hid/disp/graphics_common.h **** 
 187:../../libDaisy/src/hid/disp/graphics_common.h ****     Rectangle RemoveFromRight(int16_t pxToRemove)
 188:../../libDaisy/src/hid/disp/graphics_common.h ****     {
 189:../../libDaisy/src/hid/disp/graphics_common.h ****         const auto canRemove = min(pxToRemove, width_);
 190:../../libDaisy/src/hid/disp/graphics_common.h ****         width_ -= canRemove;
 191:../../libDaisy/src/hid/disp/graphics_common.h ****         return {int16_t(x_ + width_), y_, canRemove, height_};
 192:../../libDaisy/src/hid/disp/graphics_common.h ****     }
 193:../../libDaisy/src/hid/disp/graphics_common.h **** 
 194:../../libDaisy/src/hid/disp/graphics_common.h ****     Rectangle RemoveFromTop(int16_t pxToRemove)
 195:../../libDaisy/src/hid/disp/graphics_common.h ****     {
 196:../../libDaisy/src/hid/disp/graphics_common.h ****         const auto result = this->WithHeight(min(pxToRemove, height_));
 197:../../libDaisy/src/hid/disp/graphics_common.h ****         y_ += min(pxToRemove, height_);
 198:../../libDaisy/src/hid/disp/graphics_common.h ****         height_ = max(height_ - pxToRemove, 0);
 199:../../libDaisy/src/hid/disp/graphics_common.h ****         return result;
 200:../../libDaisy/src/hid/disp/graphics_common.h ****     }
 201:../../libDaisy/src/hid/disp/graphics_common.h **** 
 202:../../libDaisy/src/hid/disp/graphics_common.h ****     Rectangle RemoveFromBottom(int16_t pxToRemove)
 203:../../libDaisy/src/hid/disp/graphics_common.h ****     {
 204:../../libDaisy/src/hid/disp/graphics_common.h ****         const auto canRemove = min(pxToRemove, height_);
 205:../../libDaisy/src/hid/disp/graphics_common.h ****         height_ -= canRemove;
 206:../../libDaisy/src/hid/disp/graphics_common.h ****         return {x_, int16_t(y_ + height_), width_, canRemove};
 207:../../libDaisy/src/hid/disp/graphics_common.h ****     }
 208:../../libDaisy/src/hid/disp/graphics_common.h **** 
 209:../../libDaisy/src/hid/disp/graphics_common.h ****     Rectangle AlignedWithin(const Rectangle& other, Alignment alignment) const
 210:../../libDaisy/src/hid/disp/graphics_common.h ****     {
 211:../../libDaisy/src/hid/disp/graphics_common.h ****         switch(alignment)
 212:../../libDaisy/src/hid/disp/graphics_common.h ****         {
 213:../../libDaisy/src/hid/disp/graphics_common.h ****             case Alignment::topLeft:
 214:../../libDaisy/src/hid/disp/graphics_common.h ****                 return {other.x_, other.y_, width_, height_};
 215:../../libDaisy/src/hid/disp/graphics_common.h ****             case Alignment::topRight:
 216:../../libDaisy/src/hid/disp/graphics_common.h ****                 return {int16_t(other.GetRight() - width_),
 217:../../libDaisy/src/hid/disp/graphics_common.h ****                         other.y_,
 218:../../libDaisy/src/hid/disp/graphics_common.h ****                         width_,
 219:../../libDaisy/src/hid/disp/graphics_common.h ****                         height_};
 220:../../libDaisy/src/hid/disp/graphics_common.h ****             case Alignment::topCentered:
 221:../../libDaisy/src/hid/disp/graphics_common.h ****                 return {int16_t(x_ + (other.GetCenterX() - GetCenterX())),
 222:../../libDaisy/src/hid/disp/graphics_common.h ****                         other.y_,
 223:../../libDaisy/src/hid/disp/graphics_common.h ****                         width_,
ARM GAS  C:\Users\FINNDY~1\AppData\Local\Temp\ccAKb7Rb.s 			page 64


 224:../../libDaisy/src/hid/disp/graphics_common.h ****                         height_};
 225:../../libDaisy/src/hid/disp/graphics_common.h ****             case Alignment::bottomLeft:
 226:../../libDaisy/src/hid/disp/graphics_common.h ****                 return {other.x_,
 227:../../libDaisy/src/hid/disp/graphics_common.h ****                         int16_t(other.GetBottom() - height_),
 228:../../libDaisy/src/hid/disp/graphics_common.h ****                         width_,
 229:../../libDaisy/src/hid/disp/graphics_common.h ****                         height_};
 230:../../libDaisy/src/hid/disp/graphics_common.h ****             case Alignment::bottomRight:
 231:../../libDaisy/src/hid/disp/graphics_common.h ****                 return {int16_t(other.GetRight() - width_),
 232:../../libDaisy/src/hid/disp/graphics_common.h ****                         int16_t(other.GetBottom() - height_),
 233:../../libDaisy/src/hid/disp/graphics_common.h ****                         width_,
 234:../../libDaisy/src/hid/disp/graphics_common.h ****                         height_};
 235:../../libDaisy/src/hid/disp/graphics_common.h ****             case Alignment::bottomCentered:
 236:../../libDaisy/src/hid/disp/graphics_common.h ****                 return {int16_t(x_ + (other.GetCenterX() - GetCenterX())),
 237:../../libDaisy/src/hid/disp/graphics_common.h ****                         int16_t(other.GetBottom() - height_),
 238:../../libDaisy/src/hid/disp/graphics_common.h ****                         width_,
 239:../../libDaisy/src/hid/disp/graphics_common.h ****                         height_};
 240:../../libDaisy/src/hid/disp/graphics_common.h ****             case Alignment::centeredLeft:
 241:../../libDaisy/src/hid/disp/graphics_common.h ****                 return {other.x_,
 242:../../libDaisy/src/hid/disp/graphics_common.h ****                         int16_t(y_ + (other.GetCenterY() - GetCenterY())),
 243:../../libDaisy/src/hid/disp/graphics_common.h ****                         width_,
 244:../../libDaisy/src/hid/disp/graphics_common.h ****                         height_};
 245:../../libDaisy/src/hid/disp/graphics_common.h ****             case Alignment::centeredRight:
 246:../../libDaisy/src/hid/disp/graphics_common.h ****                 return {int16_t(other.GetRight() - width_),
 247:../../libDaisy/src/hid/disp/graphics_common.h ****                         int16_t(y_ + (other.GetCenterY() - GetCenterY())),
 248:../../libDaisy/src/hid/disp/graphics_common.h ****                         width_,
 249:../../libDaisy/src/hid/disp/graphics_common.h ****                         height_};
 250:../../libDaisy/src/hid/disp/graphics_common.h ****             case Alignment::centered:
 251:../../libDaisy/src/hid/disp/graphics_common.h ****                 return {int16_t(x_ + (other.GetCenterX() - GetCenterX())),
 252:../../libDaisy/src/hid/disp/graphics_common.h ****                         int16_t(y_ + (other.GetCenterY() - GetCenterY())),
 253:../../libDaisy/src/hid/disp/graphics_common.h ****                         width_,
 254:../../libDaisy/src/hid/disp/graphics_common.h ****                         height_};
 255:../../libDaisy/src/hid/disp/graphics_common.h ****             default: return {};
 256:../../libDaisy/src/hid/disp/graphics_common.h ****         }
 257:../../libDaisy/src/hid/disp/graphics_common.h ****     }
 258:../../libDaisy/src/hid/disp/graphics_common.h **** 
 259:../../libDaisy/src/hid/disp/graphics_common.h ****   private:
 260:../../libDaisy/src/hid/disp/graphics_common.h ****     int16_t x_, y_, width_, height_;
 261:../../libDaisy/src/hid/disp/graphics_common.h ****     int16_t max(int16_t a, int16_t b) { return (a > b) ? a : b; }
 1841              		.loc 10 261 13 view .LVU414
 1842              	.LBE730:
 1843              	.LBE729:
 1844              	.LBE735:
 1845              	.LBE739:
 1846              		.loc 10 261 41 view .LVU415
 1847              	.LBB740:
 1848              	.LBB736:
 1849              	.LBB732:
 1850              	.LBB731:
 1851              	.LBI731:
 1852              		.loc 10 261 13 view .LVU416
 1853              	.LBE731:
 1854              	.LBE732:
 1855              	.LBE736:
 1856              	.LBE740:
 1857              		.loc 10 261 41 view .LVU417
 1858              	.LBB741:
 1859              	.LBI741:
ARM GAS  C:\Users\FINNDY~1\AppData\Local\Temp\ccAKb7Rb.s 			page 65


 209:../../libDaisy/src/hid/disp/graphics_common.h ****     {
 1860              		.loc 10 209 15 view .LVU418
 1861              	.LBB742:
 211:../../libDaisy/src/hid/disp/graphics_common.h ****         {
 1862              		.loc 10 211 9 view .LVU419
 1863 0036 1BB2     		sxth	r3, r3
 1864 0038 23EAE373 		bic	r3, r3, r3, asr #31
 1865 003c 0829     		cmp	r1, #8
 1866 003e 00F2A981 		bhi	.L135
 1867 0042 DFE811F0 		tbh	[pc, r1, lsl #1]
 1868              	.L137:
 1869 0046 0201     		.2byte	(.L145-.L137)/2
 1870 0048 1401     		.2byte	(.L144-.L137)/2
 1871 004a 2001     		.2byte	(.L143-.L137)/2
 1872 004c 3401     		.2byte	(.L142-.L137)/2
 1873 004e 4201     		.2byte	(.L141-.L137)/2
 1874 0050 5001     		.2byte	(.L140-.L137)/2
 1875 0052 6701     		.2byte	(.L139-.L137)/2
 1876 0054 7101     		.2byte	(.L138-.L137)/2
 1877 0056 0900     		.2byte	(.L136-.L137)/2
 1878              		.p2align 1
 1879              	.L136:
 245:../../libDaisy/src/hid/disp/graphics_common.h ****                 return {int16_t(other.GetRight() - width_),
 1880              		.loc 10 245 13 view .LVU420
 246:../../libDaisy/src/hid/disp/graphics_common.h ****                         int16_t(y_ + (other.GetCenterY() - GetCenterY())),
 1881              		.loc 10 246 17 view .LVU421
 1882              	.LVL130:
 1883              	.LBB743:
 1884              	.LBI743:
  60:../../libDaisy/src/hid/disp/graphics_common.h ****     int16_t GetBottom() const { return y_ + height_; }
 1885              		.loc 10 60 13 view .LVU422
 1886              	.LBB744:
  60:../../libDaisy/src/hid/disp/graphics_common.h ****     int16_t GetBottom() const { return y_ + height_; }
 1887              		.loc 10 60 32 view .LVU423
  60:../../libDaisy/src/hid/disp/graphics_common.h ****     int16_t GetBottom() const { return y_ + height_; }
 1888              		.loc 10 60 42 is_stmt 0 view .LVU424
 1889 0058 A188     		ldrh	r1, [r4, #4]
 1890              	.LVL131:
  60:../../libDaisy/src/hid/disp/graphics_common.h ****     int16_t GetBottom() const { return y_ + height_; }
 1891              		.loc 10 60 42 view .LVU425
 1892 005a 2788     		ldrh	r7, [r4]
 1893 005c 0F44     		add	r7, r7, r1
 1894              	.LBE744:
 1895              	.LBE743:
 1896              	.LBB745:
 1897              	.LBB746:
  63:../../libDaisy/src/hid/disp/graphics_common.h **** 
 1898              		.loc 10 63 54 view .LVU426
 1899 005e B4F90610 		ldrsh	r1, [r4, #6]
 1900              	.LBE746:
 1901              	.LBE745:
 246:../../libDaisy/src/hid/disp/graphics_common.h ****                         int16_t(y_ + (other.GetCenterY() - GetCenterY())),
 1902              		.loc 10 246 50 view .LVU427
 1903 0062 FF1A     		subs	r7, r7, r3
 1904              	.LBB750:
 1905              	.LBB747:
  63:../../libDaisy/src/hid/disp/graphics_common.h **** 
ARM GAS  C:\Users\FINNDY~1\AppData\Local\Temp\ccAKb7Rb.s 			page 66


 1906              		.loc 10 63 54 view .LVU428
 1907 0064 0029     		cmp	r1, #0
 1908              	.LBE747:
 1909              	.LBE750:
 246:../../libDaisy/src/hid/disp/graphics_common.h ****                         int16_t(y_ + (other.GetCenterY() - GetCenterY())),
 1910              		.loc 10 246 50 view .LVU429
 1911 0066 BFB2     		uxth	r7, r7
 1912              	.LVL132:
 1913              	.LBB751:
 1914              	.LBI745:
  63:../../libDaisy/src/hid/disp/graphics_common.h **** 
 1915              		.loc 10 63 13 is_stmt 1 view .LVU430
 1916              	.LBB748:
  63:../../libDaisy/src/hid/disp/graphics_common.h **** 
 1917              		.loc 10 63 34 view .LVU431
  63:../../libDaisy/src/hid/disp/graphics_common.h **** 
 1918              		.loc 10 63 34 is_stmt 0 view .LVU432
 1919              	.LBE748:
 1920              	.LBE751:
 1921              	.LBB752:
 1922              	.LBI752:
  63:../../libDaisy/src/hid/disp/graphics_common.h **** 
 1923              		.loc 10 63 13 is_stmt 1 view .LVU433
 1924              	.LBB753:
  63:../../libDaisy/src/hid/disp/graphics_common.h **** 
 1925              		.loc 10 63 34 view .LVU434
  63:../../libDaisy/src/hid/disp/graphics_common.h **** 
 1926              		.loc 10 63 34 is_stmt 0 view .LVU435
 1927              	.LBE753:
 1928              	.LBE752:
 1929              	.LBB754:
 1930              	.LBB749:
  63:../../libDaisy/src/hid/disp/graphics_common.h **** 
 1931              		.loc 10 63 54 view .LVU436
 1932 0068 C0F2FF80 		blt	.L208
 1933              	.L152:
  63:../../libDaisy/src/hid/disp/graphics_common.h **** 
 1934              		.loc 10 63 54 view .LVU437
 1935              	.LBE749:
 1936              	.LBE754:
 1937              	.LBB755:
 1938              	.LBB756:
  63:../../libDaisy/src/hid/disp/graphics_common.h **** 
 1939              		.loc 10 63 44 view .LVU438
 1940 006c B4F802C0 		ldrh	ip, [r4, #2]
 1941              	.LBE756:
 1942              	.LBE755:
 1943              	.LBB762:
 1944              	.LBB763:
 1945              	.LBB764:
  32:../../libDaisy/src/hid/disp/graphics_common.h ****     {
 1946              		.loc 10 32 66 view .LVU439
 1947 0070 0698     		ldr	r0, [sp, #24]
 1948              	.LBE764:
 1949              	.LBE763:
 1950              	.LBE762:
 1951              	.LBB775:
ARM GAS  C:\Users\FINNDY~1\AppData\Local\Temp\ccAKb7Rb.s 			page 67


 1952              	.LBB757:
  63:../../libDaisy/src/hid/disp/graphics_common.h **** 
 1953              		.loc 10 63 44 view .LVU440
 1954 0072 0CEB6104 		add	r4, ip, r1, asr #1
 1955              	.LVL133:
  63:../../libDaisy/src/hid/disp/graphics_common.h **** 
 1956              		.loc 10 63 44 view .LVU441
 1957              	.LBE757:
 1958              	.LBE775:
 1959              	.LBB776:
 1960              	.LBB771:
 1961              	.LBB767:
  32:../../libDaisy/src/hid/disp/graphics_common.h ****     {
 1962              		.loc 10 32 66 view .LVU442
 1963 0076 C280     		strh	r2, [r0, #6]	@ movhi
 1964              	.LBE767:
 1965              	.LBE771:
 1966              	.LBE776:
 252:../../libDaisy/src/hid/disp/graphics_common.h ****                         width_,
 1967              		.loc 10 252 58 view .LVU443
 1968 0078 A4EB5202 		sub	r2, r4, r2, lsr #1
 1969              	.LBB777:
 1970              	.LBB772:
 1971              	.LBB768:
  32:../../libDaisy/src/hid/disp/graphics_common.h ****     {
 1972              		.loc 10 32 66 view .LVU444
 1973 007c 8380     		strh	r3, [r0, #4]	@ movhi
 1974 007e 0780     		strh	r7, [r0]	@ movhi
 1975              	.LBE768:
 1976              	.LBE772:
 1977              	.LBE777:
 252:../../libDaisy/src/hid/disp/graphics_common.h ****                         width_,
 1978              		.loc 10 252 58 view .LVU445
 1979 0080 94B2     		uxth	r4, r2
 1980              	.LVL134:
 1981              	.LBB778:
 1982              	.LBI762:
  31:../../libDaisy/src/hid/disp/graphics_common.h ****     : x_(x), y_(y), width_(max(0, width)), height_(max(0, height))
 1983              		.loc 10 31 5 is_stmt 1 view .LVU446
 1984              	.LBB773:
 1985              	.LBB769:
  32:../../libDaisy/src/hid/disp/graphics_common.h ****     {
 1986              		.loc 10 32 66 is_stmt 0 view .LVU447
 1987 0082 4480     		strh	r4, [r0, #2]	@ movhi
 1988              	.LVL135:
 1989              	.LBB765:
 1990              	.LBI765:
 1991              		.loc 10 261 13 is_stmt 1 view .LVU448
 1992              	.LBE765:
 1993              	.LBE769:
 1994              	.LBE773:
 1995              	.LBE778:
 1996              	.LBE742:
 1997              	.LBE741:
 1998              		.loc 10 261 41 view .LVU449
 1999              	.LBB965:
 2000              	.LBB943:
ARM GAS  C:\Users\FINNDY~1\AppData\Local\Temp\ccAKb7Rb.s 			page 68


 2001              	.LBB779:
 2002              	.LBB774:
 2003              	.LBB770:
 2004              	.LBB766:
 2005              	.LBI766:
 2006              		.loc 10 261 13 view .LVU450
 2007              	.LBE766:
 2008              	.LBE770:
 2009              	.LBE774:
 2010              	.LBE779:
 2011              	.LBE943:
 2012              	.LBE965:
 2013              		.loc 10 261 41 view .LVU451
 2014              	.L146:
  56:../../libDaisy/src/hid/disp/graphics_common.h ****     int16_t GetY() const { return y_; }
 2015              		.loc 10 56 28 view .LVU452
  57:../../libDaisy/src/hid/disp/graphics_common.h ****     int16_t GetWidth() const { return width_; }
 2016              		.loc 10 57 28 view .LVU453
 2017              	.LBB966:
 2018              	.LBI966:
 171:../../libDaisy/src/hid/disp/display.h ****     {
 2019              		.loc 8 171 10 view .LVU454
 2020              	.LBB967:
 173:../../libDaisy/src/hid/disp/display.h ****         currentY_ = (y >= Height()) ? Height() - 1 : y;
 2021              		.loc 8 173 9 view .LVU455
 2022 0084 A64A     		ldr	r2, .L218
 173:../../libDaisy/src/hid/disp/display.h ****         currentY_ = (y >= Height()) ? Height() - 1 : y;
 2023              		.loc 8 173 33 is_stmt 0 view .LVU456
 2024 0086 D8F80030 		ldr	r3, [r8]
 2025 008a 1146     		mov	r1, r2
 2026 008c 0192     		str	r2, [sp, #4]
 2027 008e DA68     		ldr	r2, [r3, #12]
 2028 0090 8A42     		cmp	r2, r1
 2029 0092 40F08D81 		bne	.L154
 2030 0096 8020     		movs	r0, #128
 2031              	.LVL136:
 2032              	.L155:
 173:../../libDaisy/src/hid/disp/display.h ****         currentY_ = (y >= Height()) ? Height() - 1 : y;
 2033              		.loc 8 173 19 view .LVU457
 2034 0098 B842     		cmp	r0, r7
 2035 009a 05D8     		bhi	.L156
 173:../../libDaisy/src/hid/disp/display.h ****         currentY_ = (y >= Height()) ? Height() - 1 : y;
 2036              		.loc 8 173 44 view .LVU458
 2037 009c DA68     		ldr	r2, [r3, #12]
 2038 009e 0199     		ldr	r1, [sp, #4]
 2039 00a0 8A42     		cmp	r2, r1
 2040 00a2 40F09A81 		bne	.L209
 2041 00a6 7F27     		movs	r7, #127
 2042              	.L156:
 2043 00a8 9E4A     		ldr	r2, .L218+4
 174:../../libDaisy/src/hid/disp/display.h ****     }
 2044              		.loc 8 174 34 view .LVU459
 2045 00aa 9B68     		ldr	r3, [r3, #8]
 173:../../libDaisy/src/hid/disp/display.h ****         currentY_ = (y >= Height()) ? Height() - 1 : y;
 2046              		.loc 8 173 19 view .LVU460
 2047 00ac A8F80470 		strh	r7, [r8, #4]	@ movhi
 174:../../libDaisy/src/hid/disp/display.h ****     }
ARM GAS  C:\Users\FINNDY~1\AppData\Local\Temp\ccAKb7Rb.s 			page 69


 2048              		.loc 8 174 9 is_stmt 1 view .LVU461
 2049 00b0 9342     		cmp	r3, r2
 2050 00b2 0392     		str	r2, [sp, #12]
 2051 00b4 40F08981 		bne	.L186
 174:../../libDaisy/src/hid/disp/display.h ****     }
 2052              		.loc 8 174 34 is_stmt 0 view .LVU462
 2053 00b8 4020     		movs	r0, #64
 2054              	.L158:
 174:../../libDaisy/src/hid/disp/display.h ****     }
 2055              		.loc 8 174 19 view .LVU463
 2056 00ba A042     		cmp	r0, r4
 2057 00bc 07D8     		bhi	.L160
 174:../../libDaisy/src/hid/disp/display.h ****     }
 2058              		.loc 8 174 46 view .LVU464
 2059 00be D8F80030 		ldr	r3, [r8]
 2060 00c2 039A     		ldr	r2, [sp, #12]
 2061 00c4 9B68     		ldr	r3, [r3, #8]
 2062 00c6 9342     		cmp	r3, r2
 2063 00c8 40F08281 		bne	.L210
 2064 00cc 3F24     		movs	r4, #63
 2065              	.L160:
 174:../../libDaisy/src/hid/disp/display.h ****     }
 2066              		.loc 8 174 46 view .LVU465
 2067              	.LBE967:
 2068              	.LBE966:
 2069              	.LBB971:
 2070              	.LBB972:
 443:../../libDaisy/src/hid/disp/display.h ****         {
 2071              		.loc 8 443 9 view .LVU466
 2072 00ce 009B     		ldr	r3, [sp]
 2073              	.LBE972:
 2074              	.LBE971:
 2075              	.LBB1020:
 2076              	.LBB968:
 174:../../libDaisy/src/hid/disp/display.h ****     }
 2077              		.loc 8 174 19 view .LVU467
 2078 00d0 A8F80640 		strh	r4, [r8, #6]	@ movhi
 2079              	.LVL137:
 174:../../libDaisy/src/hid/disp/display.h ****     }
 2080              		.loc 8 174 19 view .LVU468
 2081              	.LBE968:
 2082              	.LBE1020:
 2083              	.LBB1021:
 2084              	.LBB1017:
 443:../../libDaisy/src/hid/disp/display.h ****         {
 2085              		.loc 8 443 9 view .LVU469
 2086 00d4 93F800B0 		ldrb	fp, [r3]	@ zero_extendqisi2
 2087 00d8 6B78     		ldrb	r3, [r5, #1]	@ zero_extendqisi2
 2088              	.LVL138:
 443:../../libDaisy/src/hid/disp/display.h ****         {
 2089              		.loc 8 443 9 view .LVU470
 2090 00da 2C78     		ldrb	r4, [r5]	@ zero_extendqisi2
 2091              	.LVL139:
 443:../../libDaisy/src/hid/disp/display.h ****         {
 2092              		.loc 8 443 9 view .LVU471
 2093 00dc 0493     		str	r3, [sp, #16]
 2094              	.LVL140:
ARM GAS  C:\Users\FINNDY~1\AppData\Local\Temp\ccAKb7Rb.s 			page 70


 443:../../libDaisy/src/hid/disp/display.h ****         {
 2095              		.loc 8 443 9 view .LVU472
 2096 00de 6B68     		ldr	r3, [r5, #4]
 2097 00e0 0793     		str	r3, [sp, #28]
 2098              	.LVL141:
 443:../../libDaisy/src/hid/disp/display.h ****         {
 2099              		.loc 8 443 9 view .LVU473
 2100              	.LBE1017:
 2101              	.LBI971:
 440:../../libDaisy/src/hid/disp/display.h ****     {
 2102              		.loc 8 440 10 is_stmt 1 view .LVU474
 2103              	.LBB1018:
 443:../../libDaisy/src/hid/disp/display.h ****         {
 2104              		.loc 8 443 9 view .LVU475
 2105 00e2 BBF1000F 		cmp	fp, #0
 2106 00e6 00F0AC80 		beq	.L132
 2107              	.LVL142:
 2108              	.L162:
 2109              	.LBB973:
 2110              	.LBI973:
 396:../../libDaisy/src/hid/disp/display.h ****     {
 2111              		.loc 8 396 10 view .LVU476
 2112              	.LBB974:
 401:../../libDaisy/src/hid/disp/display.h ****             return 0;
 2113              		.loc 8 401 20 is_stmt 0 view .LVU477
 2114 00ea ABF12005 		sub	r5, fp, #32
 401:../../libDaisy/src/hid/disp/display.h ****             return 0;
 2115              		.loc 8 401 9 view .LVU478
 2116 00ee EBB2     		uxtb	r3, r5
 2117 00f0 5E2B     		cmp	r3, #94
 2118 00f2 00F22E81 		bhi	.L166
 405:../../libDaisy/src/hid/disp/display.h ****            || Height() < (currentY_ + font.FontHeight))
 2119              		.loc 8 405 17 view .LVU479
 2120 00f6 D8F80030 		ldr	r3, [r8]
 2121 00fa 019A     		ldr	r2, [sp, #4]
 2122 00fc DB68     		ldr	r3, [r3, #12]
 2123 00fe 9342     		cmp	r3, r2
 2124 0100 40F02A81 		bne	.L211
 2125 0104 8020     		movs	r0, #128
 2126              	.L165:
 405:../../libDaisy/src/hid/disp/display.h ****            || Height() < (currentY_ + font.FontHeight))
 2127              		.loc 8 405 23 view .LVU480
 2128 0106 B8F80430 		ldrh	r3, [r8, #4]
 405:../../libDaisy/src/hid/disp/display.h ****            || Height() < (currentY_ + font.FontHeight))
 2129              		.loc 8 405 33 view .LVU481
 2130 010a 2344     		add	r3, r3, r4
 406:../../libDaisy/src/hid/disp/display.h ****         {
 2131              		.loc 8 406 12 view .LVU482
 2132 010c 9842     		cmp	r0, r3
 2133 010e C0F22081 		blt	.L166
 406:../../libDaisy/src/hid/disp/display.h ****         {
 2134              		.loc 8 406 21 view .LVU483
 2135 0112 D8F80030 		ldr	r3, [r8]
 2136 0116 039A     		ldr	r2, [sp, #12]
 2137 0118 9B68     		ldr	r3, [r3, #8]
 2138 011a 9342     		cmp	r3, r2
 2139 011c 40F01F81 		bne	.L212
ARM GAS  C:\Users\FINNDY~1\AppData\Local\Temp\ccAKb7Rb.s 			page 71


 2140 0120 4020     		movs	r0, #64
 2141              	.L167:
 406:../../libDaisy/src/hid/disp/display.h ****         {
 2142              		.loc 8 406 27 view .LVU484
 2143 0122 B8F80610 		ldrh	r1, [r8, #6]
 406:../../libDaisy/src/hid/disp/display.h ****         {
 2144              		.loc 8 406 37 view .LVU485
 2145 0126 049A     		ldr	r2, [sp, #16]
 406:../../libDaisy/src/hid/disp/display.h ****         {
 2146              		.loc 8 406 27 view .LVU486
 2147 0128 0291     		str	r1, [sp, #8]
 406:../../libDaisy/src/hid/disp/display.h ****         {
 2148              		.loc 8 406 37 view .LVU487
 2149 012a 8B18     		adds	r3, r1, r2
 406:../../libDaisy/src/hid/disp/display.h ****         {
 2150              		.loc 8 406 12 view .LVU488
 2151 012c 9842     		cmp	r0, r3
 2152 012e C0F21081 		blt	.L166
 2153              	.LVL143:
 413:../../libDaisy/src/hid/disp/display.h ****         {
 2154              		.loc 8 413 22 is_stmt 1 view .LVU489
 2155 0132 002A     		cmp	r2, #0
 2156 0134 00F01E81 		beq	.L168
 415:../../libDaisy/src/hid/disp/display.h ****             for(j = 0; j < font.FontWidth; j++)
 2157              		.loc 8 415 37 is_stmt 0 view .LVU490
 2158 0138 02FB05F5 		mul	r5, r2, r5
 2159 013c 6FF0004E 		mvn	lr, #-2147483648
 2160 0140 079B     		ldr	r3, [sp, #28]
 2161 0142 AE44     		add	lr, lr, r5
 2162 0144 1544     		add	r5, r5, r2
 2163 0146 CDF814B0 		str	fp, [sp, #20]
 2164 014a 03EB4E0E 		add	lr, r3, lr, lsl #1
 2165 014e 023B     		subs	r3, r3, #2
 434:../../libDaisy/src/hid/disp/display.h **** 
 2166              		.loc 8 434 19 view .LVU491
 2167 0150 B8F804A0 		ldrh	r10, [r8, #4]
 2168 0154 03EB4503 		add	r3, r3, r5, lsl #1
 2169 0158 0D46     		mov	r5, r1
 2170 015a 9B46     		mov	fp, r3
 2171              	.LVL144:
 2172              	.L171:
 415:../../libDaisy/src/hid/disp/display.h ****             for(j = 0; j < font.FontWidth; j++)
 2173              		.loc 8 415 15 view .LVU492
 2174 015c 3EF8027F 		ldrh	r7, [lr, #2]!
 2175              	.LVL145:
 416:../../libDaisy/src/hid/disp/display.h ****             {
 2176              		.loc 8 416 26 is_stmt 1 view .LVU493
 2177 0160 A4B3     		cbz	r4, .L176
 2178              	.LBB975:
 2179              	.LBB976:
 2180              	.LBB977:
 2181              	.LBB978:
 2182              	.LBB979:
 359:../../libDaisy/src/dev/oled_ssd130x.h ****     }
 2183              		.loc 7 359 55 is_stmt 0 view .LVU494
 2184 0162 05F00703 		and	r3, r5, #7
 359:../../libDaisy/src/dev/oled_ssd130x.h ****     }
ARM GAS  C:\Users\FINNDY~1\AppData\Local\Temp\ccAKb7Rb.s 			page 72


 2185              		.loc 7 359 49 view .LVU495
 2186 0166 4FF0010C 		mov	ip, #1
 359:../../libDaisy/src/dev/oled_ssd130x.h ****     }
 2187              		.loc 7 359 28 view .LVU496
 2188 016a EA08     		lsrs	r2, r5, #3
 2189 016c 5146     		mov	r1, r10
 359:../../libDaisy/src/dev/oled_ssd130x.h ****     }
 2190              		.loc 7 359 49 view .LVU497
 2191 016e 0CFA03FC 		lsl	ip, ip, r3
 2192 0172 0AF11003 		add	r3, r10, #16
 359:../../libDaisy/src/dev/oled_ssd130x.h ****     }
 2193              		.loc 7 359 42 view .LVU498
 2194 0176 4FFA8CFC 		sxtb	ip, ip
 2195 017a 03EBC212 		add	r2, r3, r2, lsl #7
 2196              	.LBE979:
 2197              	.LBE978:
 2198              	.LBE977:
 2199              	.LBE976:
 2200              	.LBE975:
 416:../../libDaisy/src/hid/disp/display.h ****             {
 2201              		.loc 8 416 19 view .LVU499
 2202 017e 0023     		movs	r3, #0
 2203              	.LBB997:
 2204              	.LBB992:
 2205              	.LBB987:
 2206              	.LBB983:
 2207              	.LBB980:
 359:../../libDaisy/src/dev/oled_ssd130x.h ****     }
 2208              		.loc 7 359 42 view .LVU500
 2209 0180 6FEA0C09 		mvn	r9, ip
 2210 0184 4244     		add	r2, r2, r8
 2211 0186 0DE0     		b	.L177
 2212              	.LVL146:
 2213              	.L213:
 359:../../libDaisy/src/dev/oled_ssd130x.h ****     }
 2214              		.loc 7 359 42 view .LVU501
 2215              	.LBE980:
 2216              	.LBE983:
 2217              	.LBE987:
 2218              	.LBE992:
 2219              	.LBE997:
 2220              	.LBB998:
 2221              	.LBI998:
  42:../../libDaisy/src/hid/disp/oled_display.h ****     {
 2222              		.loc 6 42 10 is_stmt 1 view .LVU502
 2223              	.LBB999:
 2224              	.LBI999:
 352:../../libDaisy/src/dev/oled_ssd130x.h ****     {
 2225              		.loc 7 352 10 view .LVU503
 2226              	.LBB1000:
 354:../../libDaisy/src/dev/oled_ssd130x.h ****             return;
 2227              		.loc 7 354 9 is_stmt 0 view .LVU504
 2228 0188 7F29     		cmp	r1, #127
 2229 018a 06D8     		bhi	.L173
 2230 018c 3F2D     		cmp	r5, #63
 2231 018e 04D8     		bhi	.L173
 357:../../libDaisy/src/dev/oled_ssd130x.h ****         else
ARM GAS  C:\Users\FINNDY~1\AppData\Local\Temp\ccAKb7Rb.s 			page 73


 2232              		.loc 7 357 42 view .LVU505
 2233 0190 1078     		ldrb	r0, [r2]	@ zero_extendqisi2
 356:../../libDaisy/src/dev/oled_ssd130x.h ****             buffer_[x + (y / 8) * width] |= (1 << (y % 8));
 2234              		.loc 7 356 9 view .LVU506
 2235 0192 96B1     		cbz	r6, .L175
 2236              	.L207:
 356:../../libDaisy/src/dev/oled_ssd130x.h ****             buffer_[x + (y / 8) * width] |= (1 << (y % 8));
 2237              		.loc 7 356 9 view .LVU507
 2238              	.LBE1000:
 2239              	.LBE999:
 2240              	.LBE998:
 2241              	.LBB1001:
 2242              	.LBB993:
 2243              	.LBB988:
 357:../../libDaisy/src/dev/oled_ssd130x.h ****         else
 2244              		.loc 7 357 42 view .LVU508
 2245 0194 4CEA0000 		orr	r0, ip, r0
 2246 0198 1070     		strb	r0, [r2]
 2247              	.L173:
 2248              	.LBE988:
 2249              	.LBE993:
 2250              	.LBE1001:
 416:../../libDaisy/src/hid/disp/display.h ****             {
 2251              		.loc 8 416 13 is_stmt 1 view .LVU509
 2252 019a 0133     		adds	r3, r3, #1
 2253              	.LVL147:
 416:../../libDaisy/src/hid/disp/display.h ****             {
 2254              		.loc 8 416 26 view .LVU510
 2255 019c 0132     		adds	r2, r2, #1
 2256 019e 0131     		adds	r1, r1, #1
 2257 01a0 9C42     		cmp	r4, r3
 2258 01a2 13D0     		beq	.L176
 2259              	.LVL148:
 2260              	.L177:
 418:../../libDaisy/src/hid/disp/display.h ****                 {
 2261              		.loc 8 418 23 is_stmt 0 view .LVU511
 2262 01a4 07FA03F0 		lsl	r0, r7, r3
 418:../../libDaisy/src/hid/disp/display.h ****                 {
 2263              		.loc 8 418 17 view .LVU512
 2264 01a8 0004     		lsls	r0, r0, #16
 2265 01aa EDD4     		bmi	.L213
 2266              	.LVL149:
 2267              	.LBB1002:
 2268              	.LBI975:
  42:../../libDaisy/src/hid/disp/oled_display.h ****     {
 2269              		.loc 6 42 10 is_stmt 1 view .LVU513
 2270              	.LBB994:
 2271              	.LBI976:
 352:../../libDaisy/src/dev/oled_ssd130x.h ****     {
 2272              		.loc 7 352 10 view .LVU514
 2273              	.LBB989:
 354:../../libDaisy/src/dev/oled_ssd130x.h ****             return;
 2274              		.loc 7 354 9 is_stmt 0 view .LVU515
 2275 01ac 7F29     		cmp	r1, #127
 2276 01ae F4D8     		bhi	.L173
 2277 01b0 3F2D     		cmp	r5, #63
 2278 01b2 F2D8     		bhi	.L173
ARM GAS  C:\Users\FINNDY~1\AppData\Local\Temp\ccAKb7Rb.s 			page 74


 357:../../libDaisy/src/dev/oled_ssd130x.h ****         else
 2279              		.loc 7 357 42 view .LVU516
 2280 01b4 1078     		ldrb	r0, [r2]	@ zero_extendqisi2
 356:../../libDaisy/src/dev/oled_ssd130x.h ****             buffer_[x + (y / 8) * width] |= (1 << (y % 8));
 2281              		.loc 7 356 9 view .LVU517
 2282 01b6 002E     		cmp	r6, #0
 2283 01b8 ECD0     		beq	.L207
 2284              	.L175:
 2285              	.LVL150:
 2286              	.LBB984:
 2287              	.LBI978:
 352:../../libDaisy/src/dev/oled_ssd130x.h ****     {
 2288              		.loc 7 352 10 is_stmt 1 view .LVU518
 352:../../libDaisy/src/dev/oled_ssd130x.h ****     {
 2289              		.loc 7 352 10 is_stmt 0 view .LVU519
 2290              	.LBE984:
 2291              	.LBE989:
 2292              	.LBE994:
 2293              	.LBE1002:
 416:../../libDaisy/src/hid/disp/display.h ****             {
 2294              		.loc 8 416 13 view .LVU520
 2295 01ba 0133     		adds	r3, r3, #1
 2296              	.LVL151:
 2297              	.LBB1003:
 2298              	.LBB995:
 2299              	.LBB990:
 2300              	.LBB985:
 2301              	.LBB981:
 359:../../libDaisy/src/dev/oled_ssd130x.h ****     }
 2302              		.loc 7 359 42 view .LVU521
 2303 01bc 09EA0000 		and	r0, r9, r0
 2304              	.LBE981:
 2305              	.LBE985:
 2306              	.LBE990:
 2307              	.LBE995:
 2308              	.LBE1003:
 416:../../libDaisy/src/hid/disp/display.h ****             {
 2309              		.loc 8 416 26 view .LVU522
 2310 01c0 0132     		adds	r2, r2, #1
 2311 01c2 0131     		adds	r1, r1, #1
 2312 01c4 9C42     		cmp	r4, r3
 2313              	.LBB1004:
 2314              	.LBB996:
 2315              	.LBB991:
 2316              	.LBB986:
 2317              	.LBB982:
 359:../../libDaisy/src/dev/oled_ssd130x.h ****     }
 2318              		.loc 7 359 42 view .LVU523
 2319 01c6 02F8010C 		strb	r0, [r2, #-1]
 359:../../libDaisy/src/dev/oled_ssd130x.h ****     }
 2320              		.loc 7 359 42 view .LVU524
 2321              	.LBE982:
 2322              	.LBE986:
 2323              	.LBE991:
 2324              	.LBE996:
 2325              	.LBE1004:
 416:../../libDaisy/src/hid/disp/display.h ****             {
ARM GAS  C:\Users\FINNDY~1\AppData\Local\Temp\ccAKb7Rb.s 			page 75


 2326              		.loc 8 416 13 is_stmt 1 view .LVU525
 2327              	.LVL152:
 416:../../libDaisy/src/hid/disp/display.h ****             {
 2328              		.loc 8 416 26 view .LVU526
 2329 01ca EBD1     		bne	.L177
 2330              	.LVL153:
 2331              	.L176:
 413:../../libDaisy/src/hid/disp/display.h ****         {
 2332              		.loc 8 413 9 view .LVU527
 413:../../libDaisy/src/hid/disp/display.h ****         {
 2333              		.loc 8 413 22 view .LVU528
 2334 01cc F345     		cmp	fp, lr
 2335 01ce 05F10105 		add	r5, r5, #1
 2336 01d2 C3D1     		bne	.L171
 2337 01d4 DDF814B0 		ldr	fp, [sp, #20]
 2338              	.LVL154:
 2339              	.L170:
 2340              	.LBB1005:
 2341              	.LBB1006:
 173:../../libDaisy/src/hid/disp/display.h ****         currentY_ = (y >= Height()) ? Height() - 1 : y;
 2342              		.loc 8 173 33 is_stmt 0 view .LVU529
 2343 01d8 D8F80020 		ldr	r2, [r8]
 2344              	.LBE1006:
 2345              	.LBE1005:
 434:../../libDaisy/src/hid/disp/display.h **** 
 2346              		.loc 8 434 18 view .LVU530
 2347 01dc 0AEB0405 		add	r5, r10, r4
 2348 01e0 0199     		ldr	r1, [sp, #4]
 2349              	.LBB1011:
 2350              	.LBB1007:
 173:../../libDaisy/src/hid/disp/display.h ****         currentY_ = (y >= Height()) ? Height() - 1 : y;
 2351              		.loc 8 173 33 view .LVU531
 2352 01e2 D368     		ldr	r3, [r2, #12]
 2353              	.LBE1007:
 2354              	.LBE1011:
 434:../../libDaisy/src/hid/disp/display.h **** 
 2355              		.loc 8 434 18 view .LVU532
 2356 01e4 ADB2     		uxth	r5, r5
 2357              	.LVL155:
 2358              	.LBB1012:
 2359              	.LBI1005:
 171:../../libDaisy/src/hid/disp/display.h ****     {
 2360              		.loc 8 171 10 is_stmt 1 view .LVU533
 2361              	.LBB1008:
 173:../../libDaisy/src/hid/disp/display.h ****         currentY_ = (y >= Height()) ? Height() - 1 : y;
 2362              		.loc 8 173 9 view .LVU534
 2363 01e6 8B42     		cmp	r3, r1
 2364 01e8 40F0BF80 		bne	.L214
 173:../../libDaisy/src/hid/disp/display.h ****         currentY_ = (y >= Height()) ? Height() - 1 : y;
 2365              		.loc 8 173 33 is_stmt 0 view .LVU535
 2366 01ec 8020     		movs	r0, #128
 2367              	.L178:
 173:../../libDaisy/src/hid/disp/display.h ****         currentY_ = (y >= Height()) ? Height() - 1 : y;
 2368              		.loc 8 173 19 view .LVU536
 2369 01ee 8542     		cmp	r5, r0
 2370 01f0 05D3     		bcc	.L179
 173:../../libDaisy/src/hid/disp/display.h ****         currentY_ = (y >= Height()) ? Height() - 1 : y;
ARM GAS  C:\Users\FINNDY~1\AppData\Local\Temp\ccAKb7Rb.s 			page 76


 2371              		.loc 8 173 44 view .LVU537
 2372 01f2 D368     		ldr	r3, [r2, #12]
 2373 01f4 0199     		ldr	r1, [sp, #4]
 2374 01f6 8B42     		cmp	r3, r1
 2375 01f8 40F0C580 		bne	.L215
 2376 01fc 7F25     		movs	r5, #127
 2377              	.LVL156:
 2378              	.L179:
 174:../../libDaisy/src/hid/disp/display.h ****     }
 2379              		.loc 8 174 34 view .LVU538
 2380 01fe 9368     		ldr	r3, [r2, #8]
 2381 0200 039A     		ldr	r2, [sp, #12]
 173:../../libDaisy/src/hid/disp/display.h ****         currentY_ = (y >= Height()) ? Height() - 1 : y;
 2382              		.loc 8 173 19 view .LVU539
 2383 0202 A8F80450 		strh	r5, [r8, #4]	@ movhi
 174:../../libDaisy/src/hid/disp/display.h ****     }
 2384              		.loc 8 174 9 is_stmt 1 view .LVU540
 2385 0206 9342     		cmp	r3, r2
 2386 0208 40F0AC80 		bne	.L216
 174:../../libDaisy/src/hid/disp/display.h ****     }
 2387              		.loc 8 174 34 is_stmt 0 view .LVU541
 2388 020c 4020     		movs	r0, #64
 2389              	.L181:
 174:../../libDaisy/src/hid/disp/display.h ****     }
 2390              		.loc 8 174 19 view .LVU542
 2391 020e 029B     		ldr	r3, [sp, #8]
 2392 0210 8342     		cmp	r3, r0
 2393 0212 08D3     		bcc	.L182
 174:../../libDaisy/src/hid/disp/display.h ****     }
 2394              		.loc 8 174 46 view .LVU543
 2395 0214 D8F80030 		ldr	r3, [r8]
 2396 0218 039A     		ldr	r2, [sp, #12]
 2397 021a 9B68     		ldr	r3, [r3, #8]
 2398 021c 9342     		cmp	r3, r2
 2399 021e 40F0AC80 		bne	.L217
 2400 0222 3F23     		movs	r3, #63
 2401 0224 0293     		str	r3, [sp, #8]
 2402              	.LVL157:
 2403              	.L182:
 174:../../libDaisy/src/hid/disp/display.h ****     }
 2404              		.loc 8 174 19 view .LVU544
 2405 0226 029B     		ldr	r3, [sp, #8]
 2406 0228 A8F80630 		strh	r3, [r8, #6]	@ movhi
 2407              	.LVL158:
 2408              	.L164:
 174:../../libDaisy/src/hid/disp/display.h ****     }
 2409              		.loc 8 174 19 view .LVU545
 2410              	.LBE1008:
 2411              	.LBE1012:
 2412              	.LBE974:
 2413              	.LBE973:
 445:../../libDaisy/src/hid/disp/display.h ****                != *str)
 2414              		.loc 8 445 13 view .LVU546
 2415 022c 009A     		ldr	r2, [sp]
 2416 022e 1378     		ldrb	r3, [r2]	@ zero_extendqisi2
 2417 0230 5B45     		cmp	r3, fp
 2418 0232 06D1     		bne	.L132
ARM GAS  C:\Users\FINNDY~1\AppData\Local\Temp\ccAKb7Rb.s 			page 77


 2419              	.LVL159:
 443:../../libDaisy/src/hid/disp/display.h ****         {
 2420              		.loc 8 443 9 is_stmt 1 view .LVU547
 2421 0234 12F801BF 		ldrb	fp, [r2, #1]!	@ zero_extendqisi2
 2422              	.LVL160:
 443:../../libDaisy/src/hid/disp/display.h ****         {
 2423              		.loc 8 443 9 is_stmt 0 view .LVU548
 2424 0238 0092     		str	r2, [sp]
 2425 023a BBF1000F 		cmp	fp, #0
 2426 023e 7FF454AF 		bne	.L162
 2427              	.LVL161:
 2428              	.L132:
 443:../../libDaisy/src/hid/disp/display.h ****         {
 2429              		.loc 8 443 9 view .LVU549
 2430              	.LBE1018:
 2431              	.LBE1021:
 471:../../libDaisy/src/hid/disp/display.h **** 
 2432              		.loc 8 471 5 view .LVU550
 2433 0242 0698     		ldr	r0, [sp, #24]
 2434 0244 09B0     		add	sp, sp, #36
 2435              		.cfi_remember_state
 2436              		.cfi_def_cfa_offset 36
 2437              		@ sp needed
 2438 0246 BDE8F08F 		pop	{r4, r5, r6, r7, r8, r9, r10, fp, pc}
 2439              	.LVL162:
 2440              	.L145:
 2441              		.cfi_restore_state
 2442              	.LBB1022:
 2443              	.LBB944:
 250:../../libDaisy/src/hid/disp/graphics_common.h ****                 return {int16_t(x_ + (other.GetCenterX() - GetCenterX())),
 2444              		.loc 10 250 13 is_stmt 1 view .LVU551
 251:../../libDaisy/src/hid/disp/graphics_common.h ****                         int16_t(y_ + (other.GetCenterY() - GetCenterY())),
 2445              		.loc 10 251 17 view .LVU552
 2446              	.LBB780:
 2447              	.LBI780:
  62:../../libDaisy/src/hid/disp/graphics_common.h ****     int16_t GetCenterY() const { return y_ + height_ / 2; }
 2448              		.loc 10 62 13 view .LVU553
 2449              	.LBB781:
  62:../../libDaisy/src/hid/disp/graphics_common.h ****     int16_t GetCenterY() const { return y_ + height_ / 2; }
 2450              		.loc 10 62 34 view .LVU554
  62:../../libDaisy/src/hid/disp/graphics_common.h ****     int16_t GetCenterY() const { return y_ + height_ / 2; }
 2451              		.loc 10 62 34 is_stmt 0 view .LVU555
 2452              	.LBE781:
 2453              	.LBE780:
 2454              	.LBB783:
 2455              	.LBI783:
  62:../../libDaisy/src/hid/disp/graphics_common.h ****     int16_t GetCenterY() const { return y_ + height_ / 2; }
 2456              		.loc 10 62 13 is_stmt 1 view .LVU556
 2457              	.LBB784:
  62:../../libDaisy/src/hid/disp/graphics_common.h ****     int16_t GetCenterY() const { return y_ + height_ / 2; }
 2458              		.loc 10 62 34 view .LVU557
  62:../../libDaisy/src/hid/disp/graphics_common.h ****     int16_t GetCenterY() const { return y_ + height_ / 2; }
 2459              		.loc 10 62 34 is_stmt 0 view .LVU558
 2460              	.LBE784:
 2461              	.LBE783:
 2462              	.LBB785:
 2463              	.LBB782:
ARM GAS  C:\Users\FINNDY~1\AppData\Local\Temp\ccAKb7Rb.s 			page 78


  62:../../libDaisy/src/hid/disp/graphics_common.h ****     int16_t GetCenterY() const { return y_ + height_ / 2; }
 2464              		.loc 10 62 53 view .LVU559
 2465 024a B4F90410 		ldrsh	r1, [r4, #4]
 2466              	.LVL163:
  62:../../libDaisy/src/hid/disp/graphics_common.h ****     int16_t GetCenterY() const { return y_ + height_ / 2; }
 2467              		.loc 10 62 44 view .LVU560
 2468 024e 2788     		ldrh	r7, [r4]
  62:../../libDaisy/src/hid/disp/graphics_common.h ****     int16_t GetCenterY() const { return y_ + height_ / 2; }
 2469              		.loc 10 62 53 view .LVU561
 2470 0250 0029     		cmp	r1, #0
 2471 0252 B8BF     		it	lt
 2472 0254 0131     		addlt	r1, r1, #1
  62:../../libDaisy/src/hid/disp/graphics_common.h ****     int16_t GetCenterY() const { return y_ + height_ / 2; }
 2473              		.loc 10 62 44 view .LVU562
 2474 0256 07EB6107 		add	r7, r7, r1, asr #1
 2475              	.LBE782:
 2476              	.LBE785:
 2477              	.LBB786:
 2478              	.LBB758:
  63:../../libDaisy/src/hid/disp/graphics_common.h **** 
 2479              		.loc 10 63 54 view .LVU563
 2480 025a B4F90610 		ldrsh	r1, [r4, #6]
 2481              	.LBE758:
 2482              	.LBE786:
 251:../../libDaisy/src/hid/disp/graphics_common.h ****                         int16_t(y_ + (other.GetCenterY() - GetCenterY())),
 2483              		.loc 10 251 58 view .LVU564
 2484 025e A7EB6307 		sub	r7, r7, r3, asr #1
 2485              	.LBB787:
 2486              	.LBB759:
  63:../../libDaisy/src/hid/disp/graphics_common.h **** 
 2487              		.loc 10 63 54 view .LVU565
 2488 0262 0029     		cmp	r1, #0
 2489              	.LBE759:
 2490              	.LBE787:
 251:../../libDaisy/src/hid/disp/graphics_common.h ****                         int16_t(y_ + (other.GetCenterY() - GetCenterY())),
 2491              		.loc 10 251 58 view .LVU566
 2492 0264 BFB2     		uxth	r7, r7
 2493              	.LVL164:
 2494              	.LBB788:
 2495              	.LBI755:
  63:../../libDaisy/src/hid/disp/graphics_common.h **** 
 2496              		.loc 10 63 13 is_stmt 1 view .LVU567
 2497              	.LBB760:
  63:../../libDaisy/src/hid/disp/graphics_common.h **** 
 2498              		.loc 10 63 34 view .LVU568
  63:../../libDaisy/src/hid/disp/graphics_common.h **** 
 2499              		.loc 10 63 34 is_stmt 0 view .LVU569
 2500              	.LBE760:
 2501              	.LBE788:
 2502              	.LBB789:
 2503              	.LBI789:
  63:../../libDaisy/src/hid/disp/graphics_common.h **** 
 2504              		.loc 10 63 13 is_stmt 1 view .LVU570
 2505              	.LBB790:
  63:../../libDaisy/src/hid/disp/graphics_common.h **** 
 2506              		.loc 10 63 34 view .LVU571
  63:../../libDaisy/src/hid/disp/graphics_common.h **** 
ARM GAS  C:\Users\FINNDY~1\AppData\Local\Temp\ccAKb7Rb.s 			page 79


 2507              		.loc 10 63 34 is_stmt 0 view .LVU572
 2508              	.LBE790:
 2509              	.LBE789:
 2510              	.LBB791:
 2511              	.LBB761:
  63:../../libDaisy/src/hid/disp/graphics_common.h **** 
 2512              		.loc 10 63 54 view .LVU573
 2513 0266 BFF601AF 		bge	.L152
 2514              	.L208:
  63:../../libDaisy/src/hid/disp/graphics_common.h **** 
 2515              		.loc 10 63 54 view .LVU574
 2516 026a 0131     		adds	r1, r1, #1
 2517 026c FEE6     		b	.L152
 2518              	.LVL165:
 2519              	.L144:
  63:../../libDaisy/src/hid/disp/graphics_common.h **** 
 2520              		.loc 10 63 54 view .LVU575
 2521              	.LBE761:
 2522              	.LBE791:
 213:../../libDaisy/src/hid/disp/graphics_common.h ****                 return {other.x_, other.y_, width_, height_};
 2523              		.loc 10 213 13 is_stmt 1 view .LVU576
 214:../../libDaisy/src/hid/disp/graphics_common.h ****             case Alignment::topRight:
 2524              		.loc 10 214 17 view .LVU577
 214:../../libDaisy/src/hid/disp/graphics_common.h ****             case Alignment::topRight:
 2525              		.loc 10 214 31 is_stmt 0 view .LVU578
 2526 026e B4F90070 		ldrsh	r7, [r4]
 2527              	.LBB792:
 2528              	.LBB793:
 2529              	.LBB794:
  32:../../libDaisy/src/hid/disp/graphics_common.h ****     {
 2530              		.loc 10 32 66 view .LVU579
 2531 0272 0699     		ldr	r1, [sp, #24]
 2532              	.LVL166:
  32:../../libDaisy/src/hid/disp/graphics_common.h ****     {
 2533              		.loc 10 32 66 view .LVU580
 2534              	.LBE794:
 2535              	.LBE793:
 2536              	.LBE792:
 214:../../libDaisy/src/hid/disp/graphics_common.h ****             case Alignment::topRight:
 2537              		.loc 10 214 41 view .LVU581
 2538 0274 B4F90240 		ldrsh	r4, [r4, #2]
 2539              	.LVL167:
 2540              	.LBB807:
 2541              	.LBI792:
  31:../../libDaisy/src/hid/disp/graphics_common.h ****     : x_(x), y_(y), width_(max(0, width)), height_(max(0, height))
 2542              		.loc 10 31 5 is_stmt 1 view .LVU582
 2543              	.LBB802:
 2544              	.LBB797:
  32:../../libDaisy/src/hid/disp/graphics_common.h ****     {
 2545              		.loc 10 32 66 is_stmt 0 view .LVU583
 2546 0278 0F80     		strh	r7, [r1]	@ movhi
 2547              	.LBE797:
 2548              	.LBE802:
 2549              	.LBE807:
 2550              	.LBE944:
 2551              	.LBE1022:
 468:../../libDaisy/src/hid/disp/display.h ****         ((ChildType*)(this))->ChildType::WriteString(str, font, on);
ARM GAS  C:\Users\FINNDY~1\AppData\Local\Temp\ccAKb7Rb.s 			page 80


 2552              		.loc 8 468 18 view .LVU584
 2553 027a BFB2     		uxth	r7, r7
 2554              	.LVL168:
 2555              	.LBB1023:
 2556              	.LBB945:
 2557              	.LBB808:
 2558              	.LBB803:
 2559              	.LBB798:
  32:../../libDaisy/src/hid/disp/graphics_common.h ****     {
 2560              		.loc 10 32 66 view .LVU585
 2561 027c 4C80     		strh	r4, [r1, #2]	@ movhi
 2562              	.LBE798:
 2563              	.LBE803:
 2564              	.LBE808:
 2565              	.LBE945:
 2566              	.LBE1023:
 468:../../libDaisy/src/hid/disp/display.h ****         ((ChildType*)(this))->ChildType::WriteString(str, font, on);
 2567              		.loc 8 468 18 view .LVU586
 2568 027e A4B2     		uxth	r4, r4
 2569              	.LVL169:
 2570              	.LBB1024:
 2571              	.LBB946:
 2572              	.LBB809:
 2573              	.LBB804:
 2574              	.LBB799:
  32:../../libDaisy/src/hid/disp/graphics_common.h ****     {
 2575              		.loc 10 32 66 view .LVU587
 2576 0280 8B80     		strh	r3, [r1, #4]	@ movhi
 2577              	.LVL170:
 2578              	.LBB795:
 2579              	.LBI795:
 2580              		.loc 10 261 13 is_stmt 1 view .LVU588
 2581              	.LBE795:
 2582              	.LBE799:
 2583              	.LBE804:
 2584              	.LBE809:
 2585              	.LBE946:
 2586              	.LBE1024:
 2587              		.loc 10 261 41 view .LVU589
 2588              	.LBB1025:
 2589              	.LBB947:
 2590              	.LBB810:
 2591              	.LBB805:
 2592              	.LBB800:
 2593              	.LBB796:
 2594              	.LBI796:
 2595              		.loc 10 261 13 view .LVU590
 2596              	.LBE796:
 2597              	.LBE800:
 2598              	.LBE805:
 2599              	.LBE810:
 2600              	.LBE947:
 2601              	.LBE1025:
 2602              		.loc 10 261 41 view .LVU591
 2603              	.LBB1026:
 2604              	.LBB948:
 2605              	.LBB811:
ARM GAS  C:\Users\FINNDY~1\AppData\Local\Temp\ccAKb7Rb.s 			page 81


 2606              	.LBB806:
 2607              	.LBB801:
  32:../../libDaisy/src/hid/disp/graphics_common.h ****     {
 2608              		.loc 10 32 66 is_stmt 0 view .LVU592
 2609 0282 CA80     		strh	r2, [r1, #6]	@ movhi
 2610              	.LBE801:
  34:../../libDaisy/src/hid/disp/graphics_common.h **** 
 2611              		.loc 10 34 5 view .LVU593
 2612 0284 FEE6     		b	.L146
 2613              	.LVL171:
 2614              	.L143:
  34:../../libDaisy/src/hid/disp/graphics_common.h **** 
 2615              		.loc 10 34 5 view .LVU594
 2616              	.LBE806:
 2617              	.LBE811:
 220:../../libDaisy/src/hid/disp/graphics_common.h ****                 return {int16_t(x_ + (other.GetCenterX() - GetCenterX())),
 2618              		.loc 10 220 13 is_stmt 1 view .LVU595
 221:../../libDaisy/src/hid/disp/graphics_common.h ****                         other.y_,
 2619              		.loc 10 221 17 view .LVU596
 2620              	.LBB812:
 2621              	.LBI812:
  62:../../libDaisy/src/hid/disp/graphics_common.h ****     int16_t GetCenterY() const { return y_ + height_ / 2; }
 2622              		.loc 10 62 13 view .LVU597
 2623              	.LBB813:
  62:../../libDaisy/src/hid/disp/graphics_common.h ****     int16_t GetCenterY() const { return y_ + height_ / 2; }
 2624              		.loc 10 62 34 view .LVU598
  62:../../libDaisy/src/hid/disp/graphics_common.h ****     int16_t GetCenterY() const { return y_ + height_ / 2; }
 2625              		.loc 10 62 34 is_stmt 0 view .LVU599
 2626              	.LBE813:
 2627              	.LBE812:
 2628              	.LBB816:
 2629              	.LBI816:
  62:../../libDaisy/src/hid/disp/graphics_common.h ****     int16_t GetCenterY() const { return y_ + height_ / 2; }
 2630              		.loc 10 62 13 is_stmt 1 view .LVU600
 2631              	.LBB817:
  62:../../libDaisy/src/hid/disp/graphics_common.h ****     int16_t GetCenterY() const { return y_ + height_ / 2; }
 2632              		.loc 10 62 34 view .LVU601
  62:../../libDaisy/src/hid/disp/graphics_common.h ****     int16_t GetCenterY() const { return y_ + height_ / 2; }
 2633              		.loc 10 62 34 is_stmt 0 view .LVU602
 2634              	.LBE817:
 2635              	.LBE816:
 2636              	.LBB818:
 2637              	.LBB814:
  62:../../libDaisy/src/hid/disp/graphics_common.h ****     int16_t GetCenterY() const { return y_ + height_ / 2; }
 2638              		.loc 10 62 53 view .LVU603
 2639 0286 B4F90410 		ldrsh	r1, [r4, #4]
 2640              	.LVL172:
  62:../../libDaisy/src/hid/disp/graphics_common.h ****     int16_t GetCenterY() const { return y_ + height_ / 2; }
 2641              		.loc 10 62 44 view .LVU604
 2642 028a 2788     		ldrh	r7, [r4]
  62:../../libDaisy/src/hid/disp/graphics_common.h ****     int16_t GetCenterY() const { return y_ + height_ / 2; }
 2643              		.loc 10 62 53 view .LVU605
 2644 028c 0029     		cmp	r1, #0
 2645              	.LBE814:
 2646              	.LBE818:
 222:../../libDaisy/src/hid/disp/graphics_common.h ****                         width_,
 2647              		.loc 10 222 31 view .LVU606
ARM GAS  C:\Users\FINNDY~1\AppData\Local\Temp\ccAKb7Rb.s 			page 82


 2648 028e B4F90240 		ldrsh	r4, [r4, #2]
 2649              	.LVL173:
 2650              	.LBB819:
 2651              	.LBB815:
  62:../../libDaisy/src/hid/disp/graphics_common.h ****     int16_t GetCenterY() const { return y_ + height_ / 2; }
 2652              		.loc 10 62 53 view .LVU607
 2653 0292 B8BF     		it	lt
 2654 0294 0131     		addlt	r1, r1, #1
  62:../../libDaisy/src/hid/disp/graphics_common.h ****     int16_t GetCenterY() const { return y_ + height_ / 2; }
 2655              		.loc 10 62 44 view .LVU608
 2656 0296 07EB6107 		add	r7, r7, r1, asr #1
 2657              	.LBE815:
 2658              	.LBE819:
 2659              	.LBB820:
 2660              	.LBB821:
 2661              	.LBB822:
  32:../../libDaisy/src/hid/disp/graphics_common.h ****     {
 2662              		.loc 10 32 66 view .LVU609
 2663 029a 0699     		ldr	r1, [sp, #24]
 2664 029c 8B80     		strh	r3, [r1, #4]	@ movhi
 2665              	.LBE822:
 2666              	.LBE821:
 2667              	.LBE820:
 221:../../libDaisy/src/hid/disp/graphics_common.h ****                         other.y_,
 2668              		.loc 10 221 58 view .LVU610
 2669 029e A7EB6303 		sub	r3, r7, r3, asr #1
 2670              	.LBB833:
 2671              	.LBB829:
 2672              	.LBB825:
  32:../../libDaisy/src/hid/disp/graphics_common.h ****     {
 2673              		.loc 10 32 66 view .LVU611
 2674 02a2 4C80     		strh	r4, [r1, #2]	@ movhi
 2675              	.LBE825:
 2676              	.LBE829:
 2677              	.LBE833:
 2678              	.LBE948:
 2679              	.LBE1026:
 468:../../libDaisy/src/hid/disp/display.h ****         ((ChildType*)(this))->ChildType::WriteString(str, font, on);
 2680              		.loc 8 468 18 view .LVU612
 2681 02a4 A4B2     		uxth	r4, r4
 2682              	.LBB1027:
 2683              	.LBB949:
 221:../../libDaisy/src/hid/disp/graphics_common.h ****                         other.y_,
 2684              		.loc 10 221 58 view .LVU613
 2685 02a6 9FB2     		uxth	r7, r3
 2686              	.LVL174:
 2687              	.LBB834:
 2688              	.LBI820:
  31:../../libDaisy/src/hid/disp/graphics_common.h ****     : x_(x), y_(y), width_(max(0, width)), height_(max(0, height))
 2689              		.loc 10 31 5 is_stmt 1 view .LVU614
 2690              	.LBB830:
 2691              	.LBB826:
 2692              	.LBB823:
 2693              	.LBI823:
 2694              		.loc 10 261 13 view .LVU615
 2695              	.LBE823:
 2696              	.LBE826:
ARM GAS  C:\Users\FINNDY~1\AppData\Local\Temp\ccAKb7Rb.s 			page 83


 2697              	.LBE830:
 2698              	.LBE834:
 2699              	.LBE949:
 2700              	.LBE1027:
 2701              		.loc 10 261 41 view .LVU616
 2702              	.LBB1028:
 2703              	.LBB950:
 2704              	.LBB835:
 2705              	.LBB831:
 2706              	.LBB827:
 2707              	.LBB824:
 2708              	.LBI824:
 2709              		.loc 10 261 13 view .LVU617
 2710              	.LBE824:
 2711              	.LBE827:
 2712              	.LBE831:
 2713              	.LBE835:
 2714              	.LBE950:
 2715              	.LBE1028:
 2716              		.loc 10 261 41 view .LVU618
 2717              	.LBB1029:
 2718              	.LBB951:
 2719              	.LBB836:
 2720              	.LBB832:
 2721              	.LBB828:
  32:../../libDaisy/src/hid/disp/graphics_common.h ****     {
 2722              		.loc 10 32 66 is_stmt 0 view .LVU619
 2723 02a8 CA80     		strh	r2, [r1, #6]	@ movhi
 2724 02aa 0F80     		strh	r7, [r1]	@ movhi
 2725              	.LBE828:
  34:../../libDaisy/src/hid/disp/graphics_common.h **** 
 2726              		.loc 10 34 5 view .LVU620
 2727 02ac EAE6     		b	.L146
 2728              	.LVL175:
 2729              	.L142:
  34:../../libDaisy/src/hid/disp/graphics_common.h **** 
 2730              		.loc 10 34 5 view .LVU621
 2731              	.LBE832:
 2732              	.LBE836:
 215:../../libDaisy/src/hid/disp/graphics_common.h ****                 return {int16_t(other.GetRight() - width_),
 2733              		.loc 10 215 13 is_stmt 1 view .LVU622
 216:../../libDaisy/src/hid/disp/graphics_common.h ****                         other.y_,
 2734              		.loc 10 216 17 view .LVU623
 2735              	.LBB837:
 2736              	.LBI837:
  60:../../libDaisy/src/hid/disp/graphics_common.h ****     int16_t GetBottom() const { return y_ + height_; }
 2737              		.loc 10 60 13 view .LVU624
 2738              	.LBB838:
  60:../../libDaisy/src/hid/disp/graphics_common.h ****     int16_t GetBottom() const { return y_ + height_; }
 2739              		.loc 10 60 32 view .LVU625
  60:../../libDaisy/src/hid/disp/graphics_common.h ****     int16_t GetBottom() const { return y_ + height_; }
 2740              		.loc 10 60 42 is_stmt 0 view .LVU626
 2741 02ae A188     		ldrh	r1, [r4, #4]
 2742              	.LVL176:
  60:../../libDaisy/src/hid/disp/graphics_common.h ****     int16_t GetBottom() const { return y_ + height_; }
 2743              		.loc 10 60 42 view .LVU627
 2744 02b0 2788     		ldrh	r7, [r4]
ARM GAS  C:\Users\FINNDY~1\AppData\Local\Temp\ccAKb7Rb.s 			page 84


 2745              	.LBE838:
 2746              	.LBE837:
 217:../../libDaisy/src/hid/disp/graphics_common.h ****                         width_,
 2747              		.loc 10 217 31 view .LVU628
 2748 02b2 B4F90240 		ldrsh	r4, [r4, #2]
 2749              	.LVL177:
 2750              	.LBB840:
 2751              	.LBB839:
  60:../../libDaisy/src/hid/disp/graphics_common.h ****     int16_t GetBottom() const { return y_ + height_; }
 2752              		.loc 10 60 42 view .LVU629
 2753 02b6 0F44     		add	r7, r7, r1
 2754              	.LBE839:
 2755              	.LBE840:
 2756              	.LBB841:
 2757              	.LBB842:
 2758              	.LBB843:
  32:../../libDaisy/src/hid/disp/graphics_common.h ****     {
 2759              		.loc 10 32 66 view .LVU630
 2760 02b8 0699     		ldr	r1, [sp, #24]
 2761 02ba 8B80     		strh	r3, [r1, #4]	@ movhi
 2762              	.LBE843:
 2763              	.LBE842:
 2764              	.LBE841:
 216:../../libDaisy/src/hid/disp/graphics_common.h ****                         other.y_,
 2765              		.loc 10 216 50 view .LVU631
 2766 02bc FB1A     		subs	r3, r7, r3
 2767              	.LBB854:
 2768              	.LBB850:
 2769              	.LBB846:
  32:../../libDaisy/src/hid/disp/graphics_common.h ****     {
 2770              		.loc 10 32 66 view .LVU632
 2771 02be 4C80     		strh	r4, [r1, #2]	@ movhi
 2772              	.LBE846:
 2773              	.LBE850:
 2774              	.LBE854:
 2775              	.LBE951:
 2776              	.LBE1029:
 468:../../libDaisy/src/hid/disp/display.h ****         ((ChildType*)(this))->ChildType::WriteString(str, font, on);
 2777              		.loc 8 468 18 view .LVU633
 2778 02c0 A4B2     		uxth	r4, r4
 2779              	.LBB1030:
 2780              	.LBB952:
 216:../../libDaisy/src/hid/disp/graphics_common.h ****                         other.y_,
 2781              		.loc 10 216 50 view .LVU634
 2782 02c2 9FB2     		uxth	r7, r3
 2783              	.LVL178:
 2784              	.LBB855:
 2785              	.LBI841:
  31:../../libDaisy/src/hid/disp/graphics_common.h ****     : x_(x), y_(y), width_(max(0, width)), height_(max(0, height))
 2786              		.loc 10 31 5 is_stmt 1 view .LVU635
 2787              	.LBB851:
 2788              	.LBB847:
 2789              	.LBB844:
 2790              	.LBI844:
 2791              		.loc 10 261 13 view .LVU636
 2792              	.LBE844:
 2793              	.LBE847:
ARM GAS  C:\Users\FINNDY~1\AppData\Local\Temp\ccAKb7Rb.s 			page 85


 2794              	.LBE851:
 2795              	.LBE855:
 2796              	.LBE952:
 2797              	.LBE1030:
 2798              		.loc 10 261 41 view .LVU637
 2799              	.LBB1031:
 2800              	.LBB953:
 2801              	.LBB856:
 2802              	.LBB852:
 2803              	.LBB848:
 2804              	.LBB845:
 2805              	.LBI845:
 2806              		.loc 10 261 13 view .LVU638
 2807              	.LBE845:
 2808              	.LBE848:
 2809              	.LBE852:
 2810              	.LBE856:
 2811              	.LBE953:
 2812              	.LBE1031:
 2813              		.loc 10 261 41 view .LVU639
 2814              	.LBB1032:
 2815              	.LBB954:
 2816              	.LBB857:
 2817              	.LBB853:
 2818              	.LBB849:
  32:../../libDaisy/src/hid/disp/graphics_common.h ****     {
 2819              		.loc 10 32 66 is_stmt 0 view .LVU640
 2820 02c4 CA80     		strh	r2, [r1, #6]	@ movhi
 2821 02c6 0F80     		strh	r7, [r1]	@ movhi
 2822              	.LBE849:
  34:../../libDaisy/src/hid/disp/graphics_common.h **** 
 2823              		.loc 10 34 5 view .LVU641
 2824 02c8 DCE6     		b	.L146
 2825              	.LVL179:
 2826              	.L141:
  34:../../libDaisy/src/hid/disp/graphics_common.h **** 
 2827              		.loc 10 34 5 view .LVU642
 2828              	.LBE853:
 2829              	.LBE857:
 225:../../libDaisy/src/hid/disp/graphics_common.h ****                 return {other.x_,
 2830              		.loc 10 225 13 is_stmt 1 view .LVU643
 226:../../libDaisy/src/hid/disp/graphics_common.h ****                         int16_t(other.GetBottom() - height_),
 2831              		.loc 10 226 17 view .LVU644
 2832              	.LBB858:
 2833              	.LBB859:
  61:../../libDaisy/src/hid/disp/graphics_common.h ****     int16_t GetCenterX() const { return x_ + width_ / 2; }
 2834              		.loc 10 61 43 is_stmt 0 view .LVU645
 2835 02ca E788     		ldrh	r7, [r4, #6]
 2836 02cc 6188     		ldrh	r1, [r4, #2]
 2837              	.LVL180:
  61:../../libDaisy/src/hid/disp/graphics_common.h ****     int16_t GetCenterX() const { return x_ + width_ / 2; }
 2838              		.loc 10 61 43 view .LVU646
 2839 02ce 3944     		add	r1, r1, r7
 2840              	.LBE859:
 2841              	.LBE858:
 226:../../libDaisy/src/hid/disp/graphics_common.h ****                         int16_t(other.GetBottom() - height_),
 2842              		.loc 10 226 31 view .LVU647
ARM GAS  C:\Users\FINNDY~1\AppData\Local\Temp\ccAKb7Rb.s 			page 86


 2843 02d0 B4F90070 		ldrsh	r7, [r4]
 227:../../libDaisy/src/hid/disp/graphics_common.h ****                         width_,
 2844              		.loc 10 227 51 view .LVU648
 2845 02d4 081A     		subs	r0, r1, r0
 2846              	.LVL181:
 2847              	.LBB861:
 2848              	.LBI858:
  61:../../libDaisy/src/hid/disp/graphics_common.h ****     int16_t GetCenterX() const { return x_ + width_ / 2; }
 2849              		.loc 10 61 13 is_stmt 1 view .LVU649
 2850              	.LBB860:
  61:../../libDaisy/src/hid/disp/graphics_common.h ****     int16_t GetCenterX() const { return x_ + width_ / 2; }
 2851              		.loc 10 61 33 view .LVU650
  61:../../libDaisy/src/hid/disp/graphics_common.h ****     int16_t GetCenterX() const { return x_ + width_ / 2; }
 2852              		.loc 10 61 33 is_stmt 0 view .LVU651
 2853              	.LBE860:
 2854              	.LBE861:
 2855              	.LBB862:
 2856              	.LBB863:
 2857              	.LBB864:
  32:../../libDaisy/src/hid/disp/graphics_common.h ****     {
 2858              		.loc 10 32 66 view .LVU652
 2859 02d6 0699     		ldr	r1, [sp, #24]
 2860              	.LBE864:
 2861              	.LBE863:
 2862              	.LBE862:
 227:../../libDaisy/src/hid/disp/graphics_common.h ****                         width_,
 2863              		.loc 10 227 51 view .LVU653
 2864 02d8 84B2     		uxth	r4, r0
 2865              	.LVL182:
 2866              	.LBB874:
 2867              	.LBB870:
 2868              	.LBB867:
  32:../../libDaisy/src/hid/disp/graphics_common.h ****     {
 2869              		.loc 10 32 66 view .LVU654
 2870 02da 0F80     		strh	r7, [r1]	@ movhi
 2871 02dc 8B80     		strh	r3, [r1, #4]	@ movhi
 2872              	.LVL183:
  32:../../libDaisy/src/hid/disp/graphics_common.h ****     {
 2873              		.loc 10 32 66 view .LVU655
 2874              	.LBE867:
 2875              	.LBE870:
 2876              	.LBI862:
  31:../../libDaisy/src/hid/disp/graphics_common.h ****     : x_(x), y_(y), width_(max(0, width)), height_(max(0, height))
 2877              		.loc 10 31 5 is_stmt 1 view .LVU656
 2878              	.LBE874:
 2879              	.LBE954:
 2880              	.LBE1032:
 468:../../libDaisy/src/hid/disp/display.h ****         ((ChildType*)(this))->ChildType::WriteString(str, font, on);
 2881              		.loc 8 468 18 is_stmt 0 view .LVU657
 2882 02de BFB2     		uxth	r7, r7
 2883              	.LVL184:
 2884              	.LBB1033:
 2885              	.LBB955:
 2886              	.LBB875:
 2887              	.LBB871:
 2888              	.LBB868:
  32:../../libDaisy/src/hid/disp/graphics_common.h ****     {
ARM GAS  C:\Users\FINNDY~1\AppData\Local\Temp\ccAKb7Rb.s 			page 87


 2889              		.loc 10 32 66 view .LVU658
 2890 02e0 CA80     		strh	r2, [r1, #6]	@ movhi
 2891 02e2 4C80     		strh	r4, [r1, #2]	@ movhi
 2892              	.LVL185:
 2893              	.LBB865:
 2894              	.LBI865:
 2895              		.loc 10 261 13 is_stmt 1 view .LVU659
 2896              	.LBE865:
 2897              	.LBE868:
 2898              	.LBE871:
 2899              	.LBE875:
 2900              	.LBE955:
 2901              	.LBE1033:
 2902              		.loc 10 261 41 view .LVU660
 2903              	.LBB1034:
 2904              	.LBB956:
 2905              	.LBB876:
 2906              	.LBB872:
 2907              	.LBB869:
 2908              	.LBB866:
 2909              	.LBI866:
 2910              		.loc 10 261 13 view .LVU661
 2911              	.LBE866:
 2912              	.LBE869:
 2913              	.LBE872:
 2914              	.LBE876:
 2915              	.LBE956:
 2916              	.LBE1034:
 2917              		.loc 10 261 41 view .LVU662
 2918              	.LBB1035:
 2919              	.LBB957:
 2920              	.LBB877:
 2921              	.LBB873:
  34:../../libDaisy/src/hid/disp/graphics_common.h **** 
 2922              		.loc 10 34 5 is_stmt 0 view .LVU663
 2923 02e4 CEE6     		b	.L146
 2924              	.LVL186:
 2925              	.L140:
  34:../../libDaisy/src/hid/disp/graphics_common.h **** 
 2926              		.loc 10 34 5 view .LVU664
 2927              	.LBE873:
 2928              	.LBE877:
 235:../../libDaisy/src/hid/disp/graphics_common.h ****                 return {int16_t(x_ + (other.GetCenterX() - GetCenterX())),
 2929              		.loc 10 235 13 is_stmt 1 view .LVU665
 236:../../libDaisy/src/hid/disp/graphics_common.h ****                         int16_t(other.GetBottom() - height_),
 2930              		.loc 10 236 17 view .LVU666
 2931              	.LBB878:
 2932              	.LBI878:
  62:../../libDaisy/src/hid/disp/graphics_common.h ****     int16_t GetCenterY() const { return y_ + height_ / 2; }
 2933              		.loc 10 62 13 view .LVU667
 2934              	.LBB879:
  62:../../libDaisy/src/hid/disp/graphics_common.h ****     int16_t GetCenterY() const { return y_ + height_ / 2; }
 2935              		.loc 10 62 34 view .LVU668
  62:../../libDaisy/src/hid/disp/graphics_common.h ****     int16_t GetCenterY() const { return y_ + height_ / 2; }
 2936              		.loc 10 62 34 is_stmt 0 view .LVU669
 2937              	.LBE879:
 2938              	.LBE878:
ARM GAS  C:\Users\FINNDY~1\AppData\Local\Temp\ccAKb7Rb.s 			page 88


 2939              	.LBB881:
 2940              	.LBI881:
  62:../../libDaisy/src/hid/disp/graphics_common.h ****     int16_t GetCenterY() const { return y_ + height_ / 2; }
 2941              		.loc 10 62 13 is_stmt 1 view .LVU670
 2942              	.LBB882:
  62:../../libDaisy/src/hid/disp/graphics_common.h ****     int16_t GetCenterY() const { return y_ + height_ / 2; }
 2943              		.loc 10 62 34 view .LVU671
  62:../../libDaisy/src/hid/disp/graphics_common.h ****     int16_t GetCenterY() const { return y_ + height_ / 2; }
 2944              		.loc 10 62 34 is_stmt 0 view .LVU672
 2945              	.LBE882:
 2946              	.LBE881:
 2947              	.LBB883:
 2948              	.LBB880:
  62:../../libDaisy/src/hid/disp/graphics_common.h ****     int16_t GetCenterY() const { return y_ + height_ / 2; }
 2949              		.loc 10 62 53 view .LVU673
 2950 02e6 B4F90410 		ldrsh	r1, [r4, #4]
 2951              	.LVL187:
  62:../../libDaisy/src/hid/disp/graphics_common.h ****     int16_t GetCenterY() const { return y_ + height_ / 2; }
 2952              		.loc 10 62 44 view .LVU674
 2953 02ea 2788     		ldrh	r7, [r4]
  62:../../libDaisy/src/hid/disp/graphics_common.h ****     int16_t GetCenterY() const { return y_ + height_ / 2; }
 2954              		.loc 10 62 53 view .LVU675
 2955 02ec 0029     		cmp	r1, #0
 2956 02ee B8BF     		it	lt
 2957 02f0 0131     		addlt	r1, r1, #1
  62:../../libDaisy/src/hid/disp/graphics_common.h ****     int16_t GetCenterY() const { return y_ + height_ / 2; }
 2958              		.loc 10 62 44 view .LVU676
 2959 02f2 07EB6107 		add	r7, r7, r1, asr #1
 2960              	.LBE880:
 2961              	.LBE883:
 236:../../libDaisy/src/hid/disp/graphics_common.h ****                         int16_t(other.GetBottom() - height_),
 2962              		.loc 10 236 58 view .LVU677
 2963 02f6 A7EB6307 		sub	r7, r7, r3, asr #1
 2964              	.L206:
 2965              	.LBB884:
 2966              	.LBB885:
  61:../../libDaisy/src/hid/disp/graphics_common.h ****     int16_t GetCenterX() const { return x_ + width_ / 2; }
 2967              		.loc 10 61 43 view .LVU678
 2968 02fa B4F802C0 		ldrh	ip, [r4, #2]
 2969              	.LBE885:
 2970              	.LBE884:
 236:../../libDaisy/src/hid/disp/graphics_common.h ****                         int16_t(other.GetBottom() - height_),
 2971              		.loc 10 236 58 view .LVU679
 2972 02fe BFB2     		uxth	r7, r7
 2973              	.LVL188:
 2974              	.LBB888:
 2975              	.LBI884:
  61:../../libDaisy/src/hid/disp/graphics_common.h ****     int16_t GetCenterX() const { return x_ + width_ / 2; }
 2976              		.loc 10 61 13 is_stmt 1 view .LVU680
 2977              	.LBB886:
  61:../../libDaisy/src/hid/disp/graphics_common.h ****     int16_t GetCenterX() const { return x_ + width_ / 2; }
 2978              		.loc 10 61 33 view .LVU681
  61:../../libDaisy/src/hid/disp/graphics_common.h ****     int16_t GetCenterX() const { return x_ + width_ / 2; }
 2979              		.loc 10 61 43 is_stmt 0 view .LVU682
 2980 0300 E488     		ldrh	r4, [r4, #6]
 2981              	.LVL189:
  61:../../libDaisy/src/hid/disp/graphics_common.h ****     int16_t GetCenterX() const { return x_ + width_ / 2; }
ARM GAS  C:\Users\FINNDY~1\AppData\Local\Temp\ccAKb7Rb.s 			page 89


 2982              		.loc 10 61 43 view .LVU683
 2983              	.LBE886:
 2984              	.LBE888:
 2985              	.LBB889:
 2986              	.LBB890:
 2987              	.LBB891:
  32:../../libDaisy/src/hid/disp/graphics_common.h ****     {
 2988              		.loc 10 32 66 view .LVU684
 2989 0302 0699     		ldr	r1, [sp, #24]
 2990              	.LBE891:
 2991              	.LBE890:
 2992              	.LBE889:
 2993              	.LBB903:
 2994              	.LBB887:
  61:../../libDaisy/src/hid/disp/graphics_common.h ****     int16_t GetCenterX() const { return x_ + width_ / 2; }
 2995              		.loc 10 61 43 view .LVU685
 2996 0304 6444     		add	r4, r4, ip
 2997              	.LBE887:
 2998              	.LBE903:
 2999              	.LBB904:
 3000              	.LBB898:
 3001              	.LBB894:
  32:../../libDaisy/src/hid/disp/graphics_common.h ****     {
 3002              		.loc 10 32 66 view .LVU686
 3003 0306 8B80     		strh	r3, [r1, #4]	@ movhi
 3004              	.LBE894:
 3005              	.LBE898:
 3006              	.LBE904:
 237:../../libDaisy/src/hid/disp/graphics_common.h ****                         width_,
 3007              		.loc 10 237 51 view .LVU687
 3008 0308 201A     		subs	r0, r4, r0
 3009              	.LBB905:
 3010              	.LBB899:
 3011              	.LBB895:
  32:../../libDaisy/src/hid/disp/graphics_common.h ****     {
 3012              		.loc 10 32 66 view .LVU688
 3013 030a CA80     		strh	r2, [r1, #6]	@ movhi
 3014 030c 0F80     		strh	r7, [r1]	@ movhi
 3015              	.LBE895:
 3016              	.LBE899:
 3017              	.LBE905:
 237:../../libDaisy/src/hid/disp/graphics_common.h ****                         width_,
 3018              		.loc 10 237 51 view .LVU689
 3019 030e 84B2     		uxth	r4, r0
 3020              	.LVL190:
 3021              	.LBB906:
 3022              	.LBI889:
  31:../../libDaisy/src/hid/disp/graphics_common.h ****     : x_(x), y_(y), width_(max(0, width)), height_(max(0, height))
 3023              		.loc 10 31 5 is_stmt 1 view .LVU690
 3024              	.LBB900:
 3025              	.LBB896:
  32:../../libDaisy/src/hid/disp/graphics_common.h ****     {
 3026              		.loc 10 32 66 is_stmt 0 view .LVU691
 3027 0310 4C80     		strh	r4, [r1, #2]	@ movhi
 3028              	.LVL191:
 3029              	.LBB892:
 3030              	.LBI892:
ARM GAS  C:\Users\FINNDY~1\AppData\Local\Temp\ccAKb7Rb.s 			page 90


 3031              		.loc 10 261 13 is_stmt 1 view .LVU692
 3032              	.LBE892:
 3033              	.LBE896:
 3034              	.LBE900:
 3035              	.LBE906:
 3036              	.LBE957:
 3037              	.LBE1035:
 3038              		.loc 10 261 41 view .LVU693
 3039              	.LBB1036:
 3040              	.LBB958:
 3041              	.LBB907:
 3042              	.LBB901:
 3043              	.LBB897:
 3044              	.LBB893:
 3045              	.LBI893:
 3046              		.loc 10 261 13 view .LVU694
 3047              	.LBE893:
 3048              	.LBE897:
 3049              	.LBE901:
 3050              	.LBE907:
 3051              	.LBE958:
 3052              	.LBE1036:
 3053              		.loc 10 261 41 view .LVU695
 3054              	.LBB1037:
 3055              	.LBB959:
 3056              	.LBB908:
 3057              	.LBB902:
  34:../../libDaisy/src/hid/disp/graphics_common.h **** 
 3058              		.loc 10 34 5 is_stmt 0 view .LVU696
 3059 0312 B7E6     		b	.L146
 3060              	.LVL192:
 3061              	.L139:
  34:../../libDaisy/src/hid/disp/graphics_common.h **** 
 3062              		.loc 10 34 5 view .LVU697
 3063              	.LBE902:
 3064              	.LBE908:
 230:../../libDaisy/src/hid/disp/graphics_common.h ****                 return {int16_t(other.GetRight() - width_),
 3065              		.loc 10 230 13 is_stmt 1 view .LVU698
 231:../../libDaisy/src/hid/disp/graphics_common.h ****                         int16_t(other.GetBottom() - height_),
 3066              		.loc 10 231 17 view .LVU699
 3067              	.LBB909:
 3068              	.LBI909:
  60:../../libDaisy/src/hid/disp/graphics_common.h ****     int16_t GetBottom() const { return y_ + height_; }
 3069              		.loc 10 60 13 view .LVU700
 3070              	.LBB910:
  60:../../libDaisy/src/hid/disp/graphics_common.h ****     int16_t GetBottom() const { return y_ + height_; }
 3071              		.loc 10 60 32 view .LVU701
  60:../../libDaisy/src/hid/disp/graphics_common.h ****     int16_t GetBottom() const { return y_ + height_; }
 3072              		.loc 10 60 42 is_stmt 0 view .LVU702
 3073 0314 2788     		ldrh	r7, [r4]
 3074 0316 A188     		ldrh	r1, [r4, #4]
 3075              	.LVL193:
  60:../../libDaisy/src/hid/disp/graphics_common.h ****     int16_t GetBottom() const { return y_ + height_; }
 3076              		.loc 10 60 42 view .LVU703
 3077 0318 0F44     		add	r7, r7, r1
 3078              	.LBE910:
 3079              	.LBE909:
ARM GAS  C:\Users\FINNDY~1\AppData\Local\Temp\ccAKb7Rb.s 			page 91


 231:../../libDaisy/src/hid/disp/graphics_common.h ****                         int16_t(other.GetBottom() - height_),
 3080              		.loc 10 231 50 view .LVU704
 3081 031a FF1A     		subs	r7, r7, r3
 3082 031c EDE7     		b	.L206
 3083              	.L219:
 3084 031e 00BF     		.align	2
 3085              	.L218:
 3086 0320 00000000 		.word	_ZNK5daisy11OledDisplayINS_13SSD130xDriverILj128ELj64ENS_19SSD130xI2CTransportEEEE5WidthEv
 3087 0324 00000000 		.word	_ZNK5daisy11OledDisplayINS_13SSD130xDriverILj128ELj64ENS_19SSD130xI2CTransportEEEE6HeightEv
 3088              	.LVL194:
 3089              	.L138:
 240:../../libDaisy/src/hid/disp/graphics_common.h ****                 return {other.x_,
 3090              		.loc 10 240 13 is_stmt 1 view .LVU705
 241:../../libDaisy/src/hid/disp/graphics_common.h ****                         int16_t(y_ + (other.GetCenterY() - GetCenterY())),
 3091              		.loc 10 241 17 view .LVU706
 3092              	.LBB911:
 3093              	.LBB912:
  63:../../libDaisy/src/hid/disp/graphics_common.h **** 
 3094              		.loc 10 63 54 is_stmt 0 view .LVU707
 3095 0328 B4F90610 		ldrsh	r1, [r4, #6]
 3096              	.LVL195:
  63:../../libDaisy/src/hid/disp/graphics_common.h **** 
 3097              		.loc 10 63 44 view .LVU708
 3098 032c B4F802C0 		ldrh	ip, [r4, #2]
  63:../../libDaisy/src/hid/disp/graphics_common.h **** 
 3099              		.loc 10 63 54 view .LVU709
 3100 0330 0029     		cmp	r1, #0
 3101              	.LBE912:
 3102              	.LBE911:
 241:../../libDaisy/src/hid/disp/graphics_common.h ****                         int16_t(y_ + (other.GetCenterY() - GetCenterY())),
 3103              		.loc 10 241 31 view .LVU710
 3104 0332 B4F90070 		ldrsh	r7, [r4]
 3105              	.LVL196:
 3106              	.LBB916:
 3107              	.LBI911:
  63:../../libDaisy/src/hid/disp/graphics_common.h **** 
 3108              		.loc 10 63 13 is_stmt 1 view .LVU711
 3109              	.LBB913:
  63:../../libDaisy/src/hid/disp/graphics_common.h **** 
 3110              		.loc 10 63 34 view .LVU712
  63:../../libDaisy/src/hid/disp/graphics_common.h **** 
 3111              		.loc 10 63 34 is_stmt 0 view .LVU713
 3112              	.LBE913:
 3113              	.LBE916:
 3114              	.LBB917:
 3115              	.LBI917:
  63:../../libDaisy/src/hid/disp/graphics_common.h **** 
 3116              		.loc 10 63 13 is_stmt 1 view .LVU714
 3117              	.LBB918:
  63:../../libDaisy/src/hid/disp/graphics_common.h **** 
 3118              		.loc 10 63 34 view .LVU715
  63:../../libDaisy/src/hid/disp/graphics_common.h **** 
 3119              		.loc 10 63 34 is_stmt 0 view .LVU716
 3120              	.LBE918:
 3121              	.LBE917:
 3122              	.LBB919:
 3123              	.LBB920:
ARM GAS  C:\Users\FINNDY~1\AppData\Local\Temp\ccAKb7Rb.s 			page 92


 3124              	.LBB921:
  32:../../libDaisy/src/hid/disp/graphics_common.h ****     {
 3125              		.loc 10 32 66 view .LVU717
 3126 0336 0698     		ldr	r0, [sp, #24]
 3127              	.LBE921:
 3128              	.LBE920:
 3129              	.LBE919:
 3130              	.LBB933:
 3131              	.LBB914:
  63:../../libDaisy/src/hid/disp/graphics_common.h **** 
 3132              		.loc 10 63 54 view .LVU718
 3133 0338 B8BF     		it	lt
 3134 033a 0131     		addlt	r1, r1, #1
 3135              	.LBE914:
 3136              	.LBE933:
 3137              	.LBB934:
 3138              	.LBB928:
 3139              	.LBB924:
  32:../../libDaisy/src/hid/disp/graphics_common.h ****     {
 3140              		.loc 10 32 66 view .LVU719
 3141 033c C280     		strh	r2, [r0, #6]	@ movhi
 3142              	.LBE924:
 3143              	.LBE928:
 3144              	.LBE934:
 3145              	.LBB935:
 3146              	.LBB915:
  63:../../libDaisy/src/hid/disp/graphics_common.h **** 
 3147              		.loc 10 63 44 view .LVU720
 3148 033e 0CEB6104 		add	r4, ip, r1, asr #1
 3149              	.LVL197:
  63:../../libDaisy/src/hid/disp/graphics_common.h **** 
 3150              		.loc 10 63 44 view .LVU721
 3151              	.LBE915:
 3152              	.LBE935:
 3153              	.LBB936:
 3154              	.LBB929:
 3155              	.LBB925:
  32:../../libDaisy/src/hid/disp/graphics_common.h ****     {
 3156              		.loc 10 32 66 view .LVU722
 3157 0342 0780     		strh	r7, [r0]	@ movhi
 3158 0344 8380     		strh	r3, [r0, #4]	@ movhi
 3159              	.LBE925:
 3160              	.LBE929:
 3161              	.LBE936:
 3162              	.LBE959:
 3163              	.LBE1037:
 468:../../libDaisy/src/hid/disp/display.h ****         ((ChildType*)(this))->ChildType::WriteString(str, font, on);
 3164              		.loc 8 468 18 view .LVU723
 3165 0346 BFB2     		uxth	r7, r7
 3166              	.LBB1038:
 3167              	.LBB960:
 242:../../libDaisy/src/hid/disp/graphics_common.h ****                         width_,
 3168              		.loc 10 242 58 view .LVU724
 3169 0348 A4EB5202 		sub	r2, r4, r2, lsr #1
 3170 034c 94B2     		uxth	r4, r2
 3171              	.LVL198:
 3172              	.LBB937:
ARM GAS  C:\Users\FINNDY~1\AppData\Local\Temp\ccAKb7Rb.s 			page 93


 3173              	.LBI919:
  31:../../libDaisy/src/hid/disp/graphics_common.h ****     : x_(x), y_(y), width_(max(0, width)), height_(max(0, height))
 3174              		.loc 10 31 5 is_stmt 1 view .LVU725
 3175              	.LBB930:
 3176              	.LBB926:
  32:../../libDaisy/src/hid/disp/graphics_common.h ****     {
 3177              		.loc 10 32 66 is_stmt 0 view .LVU726
 3178 034e 4480     		strh	r4, [r0, #2]	@ movhi
 3179              	.LVL199:
 3180              	.LBB922:
 3181              	.LBI922:
 3182              		.loc 10 261 13 is_stmt 1 view .LVU727
 3183              	.LBE922:
 3184              	.LBE926:
 3185              	.LBE930:
 3186              	.LBE937:
 3187              	.LBE960:
 3188              	.LBE1038:
 3189              		.loc 10 261 41 view .LVU728
 3190              	.LBB1039:
 3191              	.LBB961:
 3192              	.LBB938:
 3193              	.LBB931:
 3194              	.LBB927:
 3195              	.LBB923:
 3196              	.LBI923:
 3197              		.loc 10 261 13 view .LVU729
 3198              	.LBE923:
 3199              	.LBE927:
 3200              	.LBE931:
 3201              	.LBE938:
 3202              	.LBE961:
 3203              	.LBE1039:
 3204              		.loc 10 261 41 view .LVU730
 3205              	.LBB1040:
 3206              	.LBB962:
 3207              	.LBB939:
 3208              	.LBB932:
  34:../../libDaisy/src/hid/disp/graphics_common.h **** 
 3209              		.loc 10 34 5 is_stmt 0 view .LVU731
 3210 0350 98E6     		b	.L146
 3211              	.LVL200:
 3212              	.L166:
  34:../../libDaisy/src/hid/disp/graphics_common.h **** 
 3213              		.loc 10 34 5 view .LVU732
 3214              	.LBE932:
 3215              	.LBE939:
 3216              	.LBE962:
 3217              	.LBE1040:
 3218              	.LBB1041:
 3219              	.LBB1019:
 3220              	.LBB1016:
 3221              	.LBB1015:
 402:../../libDaisy/src/hid/disp/display.h **** 
 3222              		.loc 8 402 20 view .LVU733
 3223 0352 4FF0000B 		mov	fp, #0
 3224              	.LVL201:
ARM GAS  C:\Users\FINNDY~1\AppData\Local\Temp\ccAKb7Rb.s 			page 94


 402:../../libDaisy/src/hid/disp/display.h **** 
 3225              		.loc 8 402 20 view .LVU734
 3226 0356 69E7     		b	.L164
 3227              	.LVL202:
 3228              	.L211:
 405:../../libDaisy/src/hid/disp/display.h ****            || Height() < (currentY_ + font.FontHeight))
 3229              		.loc 8 405 17 view .LVU735
 3230 0358 4046     		mov	r0, r8
 3231 035a 9847     		blx	r3
 3232              	.LVL203:
 3233 035c D3E6     		b	.L165
 3234              	.L212:
 406:../../libDaisy/src/hid/disp/display.h ****         {
 3235              		.loc 8 406 21 view .LVU736
 3236 035e 4046     		mov	r0, r8
 3237 0360 9847     		blx	r3
 3238              	.LVL204:
 3239 0362 DEE6     		b	.L167
 3240              	.LVL205:
 3241              	.L216:
 3242              	.LBB1013:
 3243              	.LBB1009:
 174:../../libDaisy/src/hid/disp/display.h ****     }
 3244              		.loc 8 174 33 view .LVU737
 3245 0364 4046     		mov	r0, r8
 3246 0366 9847     		blx	r3
 3247              	.LVL206:
 3248 0368 51E7     		b	.L181
 3249              	.LVL207:
 3250              	.L214:
 173:../../libDaisy/src/hid/disp/display.h ****         currentY_ = (y >= Height()) ? Height() - 1 : y;
 3251              		.loc 8 173 32 view .LVU738
 3252 036a 4046     		mov	r0, r8
 3253 036c 9847     		blx	r3
 3254              	.LVL208:
 173:../../libDaisy/src/hid/disp/display.h ****         currentY_ = (y >= Height()) ? Height() - 1 : y;
 3255              		.loc 8 173 44 view .LVU739
 3256 036e D8F80020 		ldr	r2, [r8]
 3257 0372 3CE7     		b	.L178
 3258              	.LVL209:
 3259              	.L168:
 173:../../libDaisy/src/hid/disp/display.h ****         currentY_ = (y >= Height()) ? Height() - 1 : y;
 3260              		.loc 8 173 44 view .LVU740
 3261              	.LBE1009:
 3262              	.LBE1013:
 434:../../libDaisy/src/hid/disp/display.h **** 
 3263              		.loc 8 434 19 view .LVU741
 3264 0374 B8F804A0 		ldrh	r10, [r8, #4]
 3265 0378 2EE7     		b	.L170
 3266              	.LVL210:
 3267              	.L217:
 3268              	.LBB1014:
 3269              	.LBB1010:
 174:../../libDaisy/src/hid/disp/display.h ****     }
 3270              		.loc 8 174 45 view .LVU742
 3271 037a 4046     		mov	r0, r8
 3272 037c 9847     		blx	r3
ARM GAS  C:\Users\FINNDY~1\AppData\Local\Temp\ccAKb7Rb.s 			page 95


 3273              	.LVL211:
 174:../../libDaisy/src/hid/disp/display.h ****     }
 3274              		.loc 8 174 19 view .LVU743
 3275 037e 0138     		subs	r0, r0, #1
 3276 0380 83B2     		uxth	r3, r0
 3277 0382 0293     		str	r3, [sp, #8]
 3278              	.LVL212:
 174:../../libDaisy/src/hid/disp/display.h ****     }
 3279              		.loc 8 174 19 view .LVU744
 3280 0384 4FE7     		b	.L182
 3281              	.LVL213:
 3282              	.L215:
 173:../../libDaisy/src/hid/disp/display.h ****         currentY_ = (y >= Height()) ? Height() - 1 : y;
 3283              		.loc 8 173 43 view .LVU745
 3284 0386 4046     		mov	r0, r8
 3285 0388 9847     		blx	r3
 3286              	.LVL214:
 173:../../libDaisy/src/hid/disp/display.h ****         currentY_ = (y >= Height()) ? Height() - 1 : y;
 3287              		.loc 8 173 19 view .LVU746
 3288 038a 0138     		subs	r0, r0, #1
 174:../../libDaisy/src/hid/disp/display.h ****     }
 3289              		.loc 8 174 34 view .LVU747
 3290 038c D8F80020 		ldr	r2, [r8]
 173:../../libDaisy/src/hid/disp/display.h ****         currentY_ = (y >= Height()) ? Height() - 1 : y;
 3291              		.loc 8 173 19 view .LVU748
 3292 0390 85B2     		uxth	r5, r0
 3293              	.LVL215:
 173:../../libDaisy/src/hid/disp/display.h ****         currentY_ = (y >= Height()) ? Height() - 1 : y;
 3294              		.loc 8 173 19 view .LVU749
 3295 0392 34E7     		b	.L179
 3296              	.LVL216:
 3297              	.L135:
 173:../../libDaisy/src/hid/disp/display.h ****         currentY_ = (y >= Height()) ? Height() - 1 : y;
 3298              		.loc 8 173 19 view .LVU750
 3299              	.LBE1010:
 3300              	.LBE1014:
 3301              	.LBE1015:
 3302              	.LBE1016:
 3303              	.LBE1019:
 3304              	.LBE1041:
 3305              	.LBB1042:
 3306              	.LBB963:
 255:../../libDaisy/src/hid/disp/graphics_common.h ****         }
 3307              		.loc 10 255 13 is_stmt 1 view .LVU751
 255:../../libDaisy/src/hid/disp/graphics_common.h ****         }
 3308              		.loc 10 255 22 view .LVU752
 3309              	.LBB940:
 3310              	.LBI940:
  24:../../libDaisy/src/hid/disp/graphics_common.h **** 
 3311              		.loc 10 24 5 view .LVU753
 3312              	.LBE940:
 3313              	.LBE963:
 3314              	.LBE1042:
 3315              	.LBB1043:
 3316              	.LBB969:
 173:../../libDaisy/src/hid/disp/display.h ****         currentY_ = (y >= Height()) ? Height() - 1 : y;
 3317              		.loc 8 173 33 is_stmt 0 view .LVU754
ARM GAS  C:\Users\FINNDY~1\AppData\Local\Temp\ccAKb7Rb.s 			page 96


 3318 0394 D8F80030 		ldr	r3, [r8]
 3319              	.LBE969:
 3320              	.LBE1043:
 3321              	.LBB1044:
 3322              	.LBB964:
 3323              	.LBB942:
 3324              	.LBB941:
  24:../../libDaisy/src/hid/disp/graphics_common.h **** 
 3325              		.loc 10 24 53 view .LVU755
 3326 0398 0024     		movs	r4, #0
 3327              	.LVL217:
  24:../../libDaisy/src/hid/disp/graphics_common.h **** 
 3328              		.loc 10 24 53 view .LVU756
 3329 039a 069A     		ldr	r2, [sp, #24]
 3330 039c 1249     		ldr	r1, .L220
 3331              	.LVL218:
  24:../../libDaisy/src/hid/disp/graphics_common.h **** 
 3332              		.loc 10 24 53 view .LVU757
 3333 039e 1480     		strh	r4, [r2]	@ movhi
 3334 03a0 5480     		strh	r4, [r2, #2]	@ movhi
 3335 03a2 9480     		strh	r4, [r2, #4]	@ movhi
 3336 03a4 D480     		strh	r4, [r2, #6]	@ movhi
 3337              	.LVL219:
  24:../../libDaisy/src/hid/disp/graphics_common.h **** 
 3338              		.loc 10 24 53 view .LVU758
 3339              	.LBE941:
 3340              	.LBE942:
 3341              	.LBE964:
 3342              	.LBE1044:
  56:../../libDaisy/src/hid/disp/graphics_common.h ****     int16_t GetY() const { return y_; }
 3343              		.loc 10 56 28 is_stmt 1 view .LVU759
  57:../../libDaisy/src/hid/disp/graphics_common.h ****     int16_t GetWidth() const { return width_; }
 3344              		.loc 10 57 28 view .LVU760
 3345              	.LBB1045:
 171:../../libDaisy/src/hid/disp/display.h ****     {
 3346              		.loc 8 171 10 view .LVU761
 3347              	.LBB970:
 173:../../libDaisy/src/hid/disp/display.h ****         currentY_ = (y >= Height()) ? Height() - 1 : y;
 3348              		.loc 8 173 9 view .LVU762
 173:../../libDaisy/src/hid/disp/display.h ****         currentY_ = (y >= Height()) ? Height() - 1 : y;
 3349              		.loc 8 173 33 is_stmt 0 view .LVU763
 3350 03a6 DA68     		ldr	r2, [r3, #12]
 3351 03a8 0191     		str	r1, [sp, #4]
 3352 03aa 8A42     		cmp	r2, r1
 3353 03ac 05D0     		beq	.L153
 3354 03ae 2746     		mov	r7, r4
 3355              	.LVL220:
 3356              	.L154:
 173:../../libDaisy/src/hid/disp/display.h ****         currentY_ = (y >= Height()) ? Height() - 1 : y;
 3357              		.loc 8 173 32 view .LVU764
 3358 03b0 4046     		mov	r0, r8
 3359 03b2 9047     		blx	r2
 3360              	.LVL221:
 173:../../libDaisy/src/hid/disp/display.h ****         currentY_ = (y >= Height()) ? Height() - 1 : y;
 3361              		.loc 8 173 44 view .LVU765
 3362 03b4 D8F80030 		ldr	r3, [r8]
 3363 03b8 6EE6     		b	.L155
ARM GAS  C:\Users\FINNDY~1\AppData\Local\Temp\ccAKb7Rb.s 			page 97


 3364              	.LVL222:
 3365              	.L153:
 174:../../libDaisy/src/hid/disp/display.h ****     }
 3366              		.loc 8 174 34 view .LVU766
 3367 03ba 9B68     		ldr	r3, [r3, #8]
 3368 03bc 0B4A     		ldr	r2, .L220+4
 173:../../libDaisy/src/hid/disp/display.h ****         currentY_ = (y >= Height()) ? Height() - 1 : y;
 3369              		.loc 8 173 19 view .LVU767
 3370 03be A8F80440 		strh	r4, [r8, #4]	@ movhi
 174:../../libDaisy/src/hid/disp/display.h ****     }
 3371              		.loc 8 174 9 is_stmt 1 view .LVU768
 3372 03c2 9342     		cmp	r3, r2
 3373 03c4 0392     		str	r2, [sp, #12]
 3374 03c6 3FF482AE 		beq	.L160
 3375              	.LVL223:
 3376              	.L186:
 174:../../libDaisy/src/hid/disp/display.h ****     }
 3377              		.loc 8 174 33 is_stmt 0 view .LVU769
 3378 03ca 4046     		mov	r0, r8
 3379 03cc 9847     		blx	r3
 3380              	.LVL224:
 3381 03ce 74E6     		b	.L158
 3382              	.L210:
 174:../../libDaisy/src/hid/disp/display.h ****     }
 3383              		.loc 8 174 45 view .LVU770
 3384 03d0 4046     		mov	r0, r8
 3385 03d2 9847     		blx	r3
 3386              	.LVL225:
 174:../../libDaisy/src/hid/disp/display.h ****     }
 3387              		.loc 8 174 19 view .LVU771
 3388 03d4 0138     		subs	r0, r0, #1
 3389 03d6 84B2     		uxth	r4, r0
 3390 03d8 79E6     		b	.L160
 3391              	.L209:
 173:../../libDaisy/src/hid/disp/display.h ****         currentY_ = (y >= Height()) ? Height() - 1 : y;
 3392              		.loc 8 173 43 view .LVU772
 3393 03da 4046     		mov	r0, r8
 3394 03dc 9047     		blx	r2
 3395              	.LVL226:
 173:../../libDaisy/src/hid/disp/display.h ****         currentY_ = (y >= Height()) ? Height() - 1 : y;
 3396              		.loc 8 173 19 view .LVU773
 3397 03de 0138     		subs	r0, r0, #1
 174:../../libDaisy/src/hid/disp/display.h ****     }
 3398              		.loc 8 174 34 view .LVU774
 3399 03e0 D8F80030 		ldr	r3, [r8]
 173:../../libDaisy/src/hid/disp/display.h ****         currentY_ = (y >= Height()) ? Height() - 1 : y;
 3400              		.loc 8 173 19 view .LVU775
 3401 03e4 87B2     		uxth	r7, r0
 3402 03e6 5FE6     		b	.L156
 3403              	.L221:
 3404              		.align	2
 3405              	.L220:
 3406 03e8 00000000 		.word	_ZNK5daisy11OledDisplayINS_13SSD130xDriverILj128ELj64ENS_19SSD130xI2CTransportEEEE5WidthEv
 3407 03ec 00000000 		.word	_ZNK5daisy11OledDisplayINS_13SSD130xDriverILj128ELj64ENS_19SSD130xI2CTransportEEEE6HeightEv
 3408              	.LBE970:
 3409              	.LBE1045:
 3410              		.cfi_endproc
ARM GAS  C:\Users\FINNDY~1\AppData\Local\Temp\ccAKb7Rb.s 			page 98


 3411              	.LFE7624:
 3413              		.section	.text._ZN5daisy11OledDisplayINS_13SSD130xDriverILj128ELj64ENS_19SSD130xI2CTransportEEEE9D
 3414              		.align	1
 3415              		.p2align 2,,3
 3416              		.weak	_ZN5daisy11OledDisplayINS_13SSD130xDriverILj128ELj64ENS_19SSD130xI2CTransportEEEE9DrawPixelE
 3417              		.syntax unified
 3418              		.thumb
 3419              		.thumb_func
 3420              		.fpu fpv5-d16
 3422              	_ZN5daisy11OledDisplayINS_13SSD130xDriverILj128ELj64ENS_19SSD130xI2CTransportEEEE9DrawPixelEjjb:
 3423              	.LVL227:
 3424              	.LFB7618:
  42:../../libDaisy/src/hid/disp/oled_display.h ****     {
 3425              		.loc 6 42 10 is_stmt 1 view -0
 3426              		.cfi_startproc
 3427              		@ args = 0, pretend = 0, frame = 0
 3428              		@ frame_needed = 0, uses_anonymous_args = 0
 3429              		@ link register save eliminated.
 3430              	.LBB1050:
 3431              	.LBI1050:
 352:../../libDaisy/src/dev/oled_ssd130x.h ****     {
 3432              		.loc 7 352 10 view .LVU777
 3433              	.LBB1051:
 354:../../libDaisy/src/dev/oled_ssd130x.h ****             return;
 3434              		.loc 7 354 9 is_stmt 0 view .LVU778
 3435 0000 7F29     		cmp	r1, #127
 3436 0002 1ED8     		bhi	.L222
 3437 0004 3F2A     		cmp	r2, #63
 3438 0006 1CD8     		bhi	.L222
 356:../../libDaisy/src/dev/oled_ssd130x.h ****             buffer_[x + (y / 8) * width] |= (1 << (y % 8));
 3439              		.loc 7 356 9 view .LVU779
 3440 0008 6BB1     		cbz	r3, .L224
 357:../../libDaisy/src/dev/oled_ssd130x.h ****         else
 3441              		.loc 7 357 28 view .LVU780
 3442 000a D308     		lsrs	r3, r2, #3
 3443              	.LVL228:
 357:../../libDaisy/src/dev/oled_ssd130x.h ****         else
 3444              		.loc 7 357 48 view .LVU781
 3445 000c 4FF0010C 		mov	ip, #1
 357:../../libDaisy/src/dev/oled_ssd130x.h ****         else
 3446              		.loc 7 357 54 view .LVU782
 3447 0010 02F00702 		and	r2, r2, #7
 3448              	.LVL229:
 357:../../libDaisy/src/dev/oled_ssd130x.h ****         else
 3449              		.loc 7 357 42 view .LVU783
 3450 0014 01EBC313 		add	r3, r1, r3, lsl #7
 357:../../libDaisy/src/dev/oled_ssd130x.h ****         else
 3451              		.loc 7 357 48 view .LVU784
 3452 0018 0CFA02F2 		lsl	r2, ip, r2
 357:../../libDaisy/src/dev/oled_ssd130x.h ****         else
 3453              		.loc 7 357 42 view .LVU785
 3454 001c C118     		adds	r1, r0, r3
 3455              	.LVL230:
 357:../../libDaisy/src/dev/oled_ssd130x.h ****         else
 3456              		.loc 7 357 42 view .LVU786
 3457 001e 0B7C     		ldrb	r3, [r1, #16]	@ zero_extendqisi2
 3458 0020 1A43     		orrs	r2, r2, r3
ARM GAS  C:\Users\FINNDY~1\AppData\Local\Temp\ccAKb7Rb.s 			page 99


 3459 0022 0A74     		strb	r2, [r1, #16]
 3460 0024 7047     		bx	lr
 3461              	.LVL231:
 3462              	.L224:
 3463              	.LBB1052:
 3464              	.LBI1052:
 352:../../libDaisy/src/dev/oled_ssd130x.h ****     {
 3465              		.loc 7 352 10 is_stmt 1 view .LVU787
 3466              	.LBB1053:
 359:../../libDaisy/src/dev/oled_ssd130x.h ****     }
 3467              		.loc 7 359 28 is_stmt 0 view .LVU788
 3468 0026 D308     		lsrs	r3, r2, #3
 3469              	.LVL232:
 359:../../libDaisy/src/dev/oled_ssd130x.h ****     }
 3470              		.loc 7 359 49 view .LVU789
 3471 0028 4FF0010C 		mov	ip, #1
 359:../../libDaisy/src/dev/oled_ssd130x.h ****     }
 3472              		.loc 7 359 55 view .LVU790
 3473 002c 02F00702 		and	r2, r2, #7
 3474              	.LVL233:
 359:../../libDaisy/src/dev/oled_ssd130x.h ****     }
 3475              		.loc 7 359 42 view .LVU791
 3476 0030 01EBC313 		add	r3, r1, r3, lsl #7
 359:../../libDaisy/src/dev/oled_ssd130x.h ****     }
 3477              		.loc 7 359 49 view .LVU792
 3478 0034 0CFA02FC 		lsl	ip, ip, r2
 359:../../libDaisy/src/dev/oled_ssd130x.h ****     }
 3479              		.loc 7 359 42 view .LVU793
 3480 0038 C118     		adds	r1, r0, r3
 3481              	.LVL234:
 359:../../libDaisy/src/dev/oled_ssd130x.h ****     }
 3482              		.loc 7 359 42 view .LVU794
 3483 003a 0A7C     		ldrb	r2, [r1, #16]	@ zero_extendqisi2
 3484 003c 22EA0C02 		bic	r2, r2, ip
 3485 0040 0A74     		strb	r2, [r1, #16]
 3486              	.LVL235:
 3487              	.L222:
 359:../../libDaisy/src/dev/oled_ssd130x.h ****     }
 3488              		.loc 7 359 42 view .LVU795
 3489              	.LBE1053:
 3490              	.LBE1052:
 3491              	.LBE1051:
 3492              	.LBE1050:
  45:../../libDaisy/src/hid/disp/oled_display.h **** 
 3493              		.loc 6 45 5 view .LVU796
 3494 0042 7047     		bx	lr
 3495              		.cfi_endproc
 3496              	.LFE7618:
 3498              		.section	.text._ZN5daisy25OneBitGraphicsDisplayImplINS_11OledDisplayINS_13SSD130xDriverILj128ELj64
 3499              		.align	1
 3500              		.p2align 2,,3
 3501              		.weak	_ZN5daisy25OneBitGraphicsDisplayImplINS_11OledDisplayINS_13SSD130xDriverILj128ELj64ENS_19SSD
 3502              		.syntax unified
 3503              		.thumb
 3504              		.thumb_func
 3505              		.fpu fpv5-d16
 3507              	_ZN5daisy25OneBitGraphicsDisplayImplINS_11OledDisplayINS_13SSD130xDriverILj128ELj64ENS_19SSD130xI2C
ARM GAS  C:\Users\FINNDY~1\AppData\Local\Temp\ccAKb7Rb.s 			page 100


 3508              	.LVL236:
 3509              	.LFB7619:
 221:../../libDaisy/src/hid/disp/display.h ****                   uint_fast8_t y1,
 3510              		.loc 8 221 10 is_stmt 1 view -0
 3511              		.cfi_startproc
 3512              		@ args = 8, pretend = 0, frame = 8
 3513              		@ frame_needed = 0, uses_anonymous_args = 0
 221:../../libDaisy/src/hid/disp/display.h ****                   uint_fast8_t y1,
 3514              		.loc 8 221 10 is_stmt 0 view .LVU798
 3515 0000 2DE9F04F 		push	{r4, r5, r6, r7, r8, r9, r10, fp, lr}
 3516              		.cfi_def_cfa_offset 36
 3517              		.cfi_offset 4, -36
 3518              		.cfi_offset 5, -32
 3519              		.cfi_offset 6, -28
 3520              		.cfi_offset 7, -24
 3521              		.cfi_offset 8, -20
 3522              		.cfi_offset 9, -16
 3523              		.cfi_offset 10, -12
 3524              		.cfi_offset 11, -8
 3525              		.cfi_offset 14, -4
 3526 0004 83B0     		sub	sp, sp, #12
 3527              		.cfi_def_cfa_offset 48
 227:../../libDaisy/src/hid/disp/display.h ****         int_fast16_t deltaY = abs((int_fast16_t)y2 - (int_fast16_t)y1);
 3528              		.loc 8 227 52 view .LVU799
 3529 0006 5C1A     		subs	r4, r3, r1
 221:../../libDaisy/src/hid/disp/display.h ****                   uint_fast8_t y1,
 3530              		.loc 8 221 10 view .LVU800
 3531 0008 0C9E     		ldr	r6, [sp, #48]
 227:../../libDaisy/src/hid/disp/display.h ****         int_fast16_t deltaY = abs((int_fast16_t)y2 - (int_fast16_t)y1);
 3532              		.loc 8 227 22 view .LVU801
 3533 000a 002C     		cmp	r4, #0
 221:../../libDaisy/src/hid/disp/display.h ****                   uint_fast8_t y1,
 3534              		.loc 8 221 10 view .LVU802
 3535 000c 9DF83490 		ldrb	r9, [sp, #52]	@ zero_extendqisi2
 228:../../libDaisy/src/hid/disp/display.h ****         int_fast16_t signX  = ((x1 < x2) ? 1 : -1);
 3536              		.loc 8 228 52 view .LVU803
 3537 0010 A6EB0208 		sub	r8, r6, r2
 227:../../libDaisy/src/hid/disp/display.h ****         int_fast16_t deltaY = abs((int_fast16_t)y2 - (int_fast16_t)y1);
 3538              		.loc 8 227 22 view .LVU804
 3539 0014 B8BF     		it	lt
 3540 0016 6442     		rsblt	r4, r4, #0
 3541              	.LVL237:
 228:../../libDaisy/src/hid/disp/display.h ****         int_fast16_t signX  = ((x1 < x2) ? 1 : -1);
 3542              		.loc 8 228 22 view .LVU805
 3543 0018 B8F1000F 		cmp	r8, #0
 3544 001c B8BF     		it	lt
 3545 001e C8F10008 		rsblt	r8, r8, #0
 3546              	.LVL238:
 229:../../libDaisy/src/hid/disp/display.h ****         int_fast16_t signY  = ((y1 < y2) ? 1 : -1);
 3547              		.loc 8 229 42 view .LVU806
 3548 0022 8B42     		cmp	r3, r1
 3549 0024 8CBF     		ite	hi
 3550 0026 4FF0010A 		movhi	r10, #1
 3551 002a 4FF0FF3A 		movls	r10, #-1
 3552              	.LVL239:
 230:../../libDaisy/src/hid/disp/display.h ****         int_fast16_t error  = deltaX - deltaY;
 3553              		.loc 8 230 42 view .LVU807
ARM GAS  C:\Users\FINNDY~1\AppData\Local\Temp\ccAKb7Rb.s 			page 101


 3554 002e 9642     		cmp	r6, r2
 231:../../libDaisy/src/hid/disp/display.h ****         int_fast16_t error2;
 3555              		.loc 8 231 22 view .LVU808
 3556 0030 A4EB080C 		sub	ip, r4, r8
 230:../../libDaisy/src/hid/disp/display.h ****         int_fast16_t error  = deltaX - deltaY;
 3557              		.loc 8 230 42 view .LVU809
 3558 0034 51D8     		bhi	.L227
 3559              	.LVL240:
 3560              	.LBB1070:
 3561              	.LBI1070:
  42:../../libDaisy/src/hid/disp/oled_display.h ****     {
 3562              		.loc 6 42 10 is_stmt 1 discriminator 4 view .LVU810
 3563              	.LBB1071:
 3564              	.LBI1071:
 352:../../libDaisy/src/dev/oled_ssd130x.h ****     {
 3565              		.loc 7 352 10 discriminator 4 view .LVU811
 3566              	.LBE1071:
 3567              	.LBE1070:
 230:../../libDaisy/src/hid/disp/display.h ****         int_fast16_t error  = deltaX - deltaY;
 3568              		.loc 8 230 42 is_stmt 0 discriminator 4 view .LVU812
 3569 0036 4FF0FF35 		mov	r5, #-1
 3570              	.LBB1087:
 3571              	.LBB1081:
 3572              	.LBB1072:
 354:../../libDaisy/src/dev/oled_ssd130x.h ****             return;
 3573              		.loc 7 354 9 discriminator 4 view .LVU813
 3574 003a 7F2B     		cmp	r3, #127
 3575              	.LBE1072:
 3576              	.LBE1081:
 3577              	.LBE1087:
 230:../../libDaisy/src/hid/disp/display.h ****         int_fast16_t error  = deltaX - deltaY;
 3578              		.loc 8 230 42 discriminator 4 view .LVU814
 3579 003c 0195     		str	r5, [sp, #4]
 3580              	.LBB1088:
 3581              	.LBB1082:
 3582              	.LBB1077:
 354:../../libDaisy/src/dev/oled_ssd130x.h ****             return;
 3583              		.loc 7 354 9 discriminator 4 view .LVU815
 3584 003e 12D8     		bhi	.L228
 3585 0040 3F2E     		cmp	r6, #63
 3586 0042 10D8     		bhi	.L228
 3587              	.LVL241:
 3588              	.L239:
 357:../../libDaisy/src/dev/oled_ssd130x.h ****         else
 3589              		.loc 7 357 28 view .LVU816
 3590 0044 F508     		lsrs	r5, r6, #3
 357:../../libDaisy/src/dev/oled_ssd130x.h ****         else
 3591              		.loc 7 357 54 view .LVU817
 3592 0046 06F0070E 		and	lr, r6, #7
 357:../../libDaisy/src/dev/oled_ssd130x.h ****         else
 3593              		.loc 7 357 48 view .LVU818
 3594 004a 0127     		movs	r7, #1
 357:../../libDaisy/src/dev/oled_ssd130x.h ****         else
 3595              		.loc 7 357 42 view .LVU819
 3596 004c 03EBC515 		add	r5, r3, r5, lsl #7
 3597 0050 0544     		add	r5, r5, r0
 356:../../libDaisy/src/dev/oled_ssd130x.h ****             buffer_[x + (y / 8) * width] |= (1 << (y % 8));
ARM GAS  C:\Users\FINNDY~1\AppData\Local\Temp\ccAKb7Rb.s 			page 102


 3598              		.loc 7 356 9 view .LVU820
 3599 0052 B9F1000F 		cmp	r9, #0
 3600 0056 47D0     		beq	.L229
 357:../../libDaisy/src/dev/oled_ssd130x.h ****         else
 3601              		.loc 7 357 48 view .LVU821
 3602 0058 07FA0EF7 		lsl	r7, r7, lr
 357:../../libDaisy/src/dev/oled_ssd130x.h ****         else
 3603              		.loc 7 357 42 view .LVU822
 3604 005c 95F810E0 		ldrb	lr, [r5, #16]	@ zero_extendqisi2
 3605 0060 47EA0E07 		orr	r7, r7, lr
 3606 0064 2F74     		strb	r7, [r5, #16]
 3607              	.LVL242:
 3608              	.L228:
 357:../../libDaisy/src/dev/oled_ssd130x.h ****         else
 3609              		.loc 7 357 42 view .LVU823
 3610              	.LBE1077:
 3611              	.LBE1082:
 3612              	.LBE1088:
 239:../../libDaisy/src/hid/disp/display.h ****         {
 3613              		.loc 8 239 26 is_stmt 1 view .LVU824
 3614 0066 9642     		cmp	r6, r2
 3615 0068 01D1     		bne	.L232
 3616              	.L251:
 239:../../libDaisy/src/hid/disp/display.h ****         {
 3617              		.loc 8 239 26 is_stmt 0 view .LVU825
 3618 006a 8B42     		cmp	r3, r1
 3619 006c 29D0     		beq	.L225
 3620              	.L232:
 3621              	.LVL243:
 243:../../libDaisy/src/hid/disp/display.h ****             {
 3622              		.loc 8 243 23 view .LVU826
 3623 006e C8F10007 		rsb	r7, r8, #0
 3624              	.L234:
 3625              	.LVL244:
 3626              	.LBB1089:
 3627              	.LBI1089:
  42:../../libDaisy/src/hid/disp/oled_display.h ****     {
 3628              		.loc 6 42 10 is_stmt 1 view .LVU827
 3629              	.LBB1090:
 3630              	.LBI1090:
 352:../../libDaisy/src/dev/oled_ssd130x.h ****     {
 3631              		.loc 7 352 10 view .LVU828
 3632              	.LBB1091:
 354:../../libDaisy/src/dev/oled_ssd130x.h ****             return;
 3633              		.loc 7 354 9 is_stmt 0 view .LVU829
 3634 0072 7F29     		cmp	r1, #127
 3635 0074 14D8     		bhi	.L235
 3636 0076 3F2A     		cmp	r2, #63
 3637 0078 12D8     		bhi	.L235
 357:../../libDaisy/src/dev/oled_ssd130x.h ****         else
 3638              		.loc 7 357 28 view .LVU830
 3639 007a D508     		lsrs	r5, r2, #3
 357:../../libDaisy/src/dev/oled_ssd130x.h ****         else
 3640              		.loc 7 357 54 view .LVU831
 3641 007c 02F0070B 		and	fp, r2, #7
 357:../../libDaisy/src/dev/oled_ssd130x.h ****         else
 3642              		.loc 7 357 48 view .LVU832
ARM GAS  C:\Users\FINNDY~1\AppData\Local\Temp\ccAKb7Rb.s 			page 103


 3643 0080 4FF0010E 		mov	lr, #1
 357:../../libDaisy/src/dev/oled_ssd130x.h ****         else
 3644              		.loc 7 357 42 view .LVU833
 3645 0084 01EBC515 		add	r5, r1, r5, lsl #7
 3646 0088 0544     		add	r5, r5, r0
 356:../../libDaisy/src/dev/oled_ssd130x.h ****             buffer_[x + (y / 8) * width] |= (1 << (y % 8));
 3647              		.loc 7 356 9 view .LVU834
 3648 008a B9F1000F 		cmp	r9, #0
 3649 008e 1BD0     		beq	.L236
 357:../../libDaisy/src/dev/oled_ssd130x.h ****         else
 3650              		.loc 7 357 48 view .LVU835
 3651 0090 0EFA0BFE 		lsl	lr, lr, fp
 357:../../libDaisy/src/dev/oled_ssd130x.h ****         else
 3652              		.loc 7 357 42 view .LVU836
 3653 0094 95F810B0 		ldrb	fp, [r5, #16]	@ zero_extendqisi2
 3654 0098 4EEA0B0E 		orr	lr, lr, fp
 3655 009c 85F810E0 		strb	lr, [r5, #16]
 3656              	.L235:
 3657              	.LVL245:
 357:../../libDaisy/src/dev/oled_ssd130x.h ****         else
 3658              		.loc 7 357 42 view .LVU837
 3659              	.LBE1091:
 3660              	.LBE1090:
 3661              	.LBE1089:
 243:../../libDaisy/src/hid/disp/display.h ****             {
 3662              		.loc 8 243 13 view .LVU838
 3663 00a0 B7EB4C0F 		cmp	r7, ip, lsl #1
 242:../../libDaisy/src/hid/disp/display.h ****             if(error2 > -deltaY)
 3664              		.loc 8 242 20 view .LVU839
 3665 00a4 4FEA4C05 		lsl	r5, ip, #1
 3666              	.LVL246:
 243:../../libDaisy/src/hid/disp/display.h ****             {
 3667              		.loc 8 243 13 view .LVU840
 3668 00a8 02DA     		bge	.L237
 245:../../libDaisy/src/hid/disp/display.h ****                 x1 += signX;
 3669              		.loc 8 245 23 view .LVU841
 3670 00aa ACEB080C 		sub	ip, ip, r8
 3671              	.LVL247:
 246:../../libDaisy/src/hid/disp/display.h ****             }
 3672              		.loc 8 246 20 view .LVU842
 3673 00ae 5144     		add	r1, r1, r10
 3674              	.LVL248:
 3675              	.L237:
 249:../../libDaisy/src/hid/disp/display.h ****             {
 3676              		.loc 8 249 13 view .LVU843
 3677 00b0 AC42     		cmp	r4, r5
 3678 00b2 02DD     		ble	.L238
 252:../../libDaisy/src/hid/disp/display.h ****             }
 3679              		.loc 8 252 20 view .LVU844
 3680 00b4 019D     		ldr	r5, [sp, #4]
 3681              	.LVL249:
 251:../../libDaisy/src/hid/disp/display.h ****                 y1 += signY;
 3682              		.loc 8 251 23 view .LVU845
 3683 00b6 A444     		add	ip, ip, r4
 3684              	.LVL250:
 252:../../libDaisy/src/hid/disp/display.h ****             }
 3685              		.loc 8 252 20 view .LVU846
ARM GAS  C:\Users\FINNDY~1\AppData\Local\Temp\ccAKb7Rb.s 			page 104


 3686 00b8 2A44     		add	r2, r2, r5
 3687              	.LVL251:
 3688              	.L238:
 239:../../libDaisy/src/hid/disp/display.h ****         {
 3689              		.loc 8 239 26 is_stmt 1 view .LVU847
 3690 00ba 9942     		cmp	r1, r3
 3691 00bc D9D1     		bne	.L234
 239:../../libDaisy/src/hid/disp/display.h ****         {
 3692              		.loc 8 239 26 is_stmt 0 view .LVU848
 3693 00be 9642     		cmp	r6, r2
 3694 00c0 D7D1     		bne	.L234
 3695              	.L225:
 255:../../libDaisy/src/hid/disp/display.h **** 
 3696              		.loc 8 255 5 view .LVU849
 3697 00c2 03B0     		add	sp, sp, #12
 3698              		.cfi_remember_state
 3699              		.cfi_def_cfa_offset 36
 3700              		@ sp needed
 3701 00c4 BDE8F08F 		pop	{r4, r5, r6, r7, r8, r9, r10, fp, pc}
 3702              	.LVL252:
 3703              	.L236:
 3704              		.cfi_restore_state
 3705              	.LBB1096:
 3706              	.LBB1095:
 3707              	.LBB1094:
 3708              	.LBB1092:
 3709              	.LBI1092:
 352:../../libDaisy/src/dev/oled_ssd130x.h ****     {
 3710              		.loc 7 352 10 is_stmt 1 view .LVU850
 3711              	.LBB1093:
 359:../../libDaisy/src/dev/oled_ssd130x.h ****     }
 3712              		.loc 7 359 49 is_stmt 0 view .LVU851
 3713 00c8 0EFA0BFB 		lsl	fp, lr, fp
 359:../../libDaisy/src/dev/oled_ssd130x.h ****     }
 3714              		.loc 7 359 42 view .LVU852
 3715 00cc 95F810E0 		ldrb	lr, [r5, #16]	@ zero_extendqisi2
 3716 00d0 2EEA0B0E 		bic	lr, lr, fp
 3717 00d4 85F810E0 		strb	lr, [r5, #16]
 3718 00d8 E2E7     		b	.L235
 3719              	.LVL253:
 3720              	.L227:
 359:../../libDaisy/src/dev/oled_ssd130x.h ****     }
 3721              		.loc 7 359 42 view .LVU853
 3722              	.LBE1093:
 3723              	.LBE1092:
 3724              	.LBE1094:
 3725              	.LBE1095:
 3726              	.LBE1096:
 3727              	.LBB1097:
  42:../../libDaisy/src/hid/disp/oled_display.h ****     {
 3728              		.loc 6 42 10 is_stmt 1 view .LVU854
 3729              	.LBB1083:
 352:../../libDaisy/src/dev/oled_ssd130x.h ****     {
 3730              		.loc 7 352 10 view .LVU855
 3731              	.LBE1083:
 3732              	.LBE1097:
 230:../../libDaisy/src/hid/disp/display.h ****         int_fast16_t error  = deltaX - deltaY;
ARM GAS  C:\Users\FINNDY~1\AppData\Local\Temp\ccAKb7Rb.s 			page 105


 3733              		.loc 8 230 42 is_stmt 0 view .LVU856
 3734 00da 0125     		movs	r5, #1
 3735              	.LBB1098:
 3736              	.LBB1084:
 3737              	.LBB1078:
 354:../../libDaisy/src/dev/oled_ssd130x.h ****             return;
 3738              		.loc 7 354 9 view .LVU857
 3739 00dc 7F2B     		cmp	r3, #127
 3740              	.LBE1078:
 3741              	.LBE1084:
 3742              	.LBE1098:
 230:../../libDaisy/src/hid/disp/display.h ****         int_fast16_t error  = deltaX - deltaY;
 3743              		.loc 8 230 42 view .LVU858
 3744 00de 0195     		str	r5, [sp, #4]
 3745              	.LBB1099:
 3746              	.LBB1085:
 3747              	.LBB1079:
 354:../../libDaisy/src/dev/oled_ssd130x.h ****             return;
 3748              		.loc 7 354 9 view .LVU859
 3749 00e0 C5D8     		bhi	.L232
 3750 00e2 3F2E     		cmp	r6, #63
 3751 00e4 AED9     		bls	.L239
 3752 00e6 C2E7     		b	.L232
 3753              	.LVL254:
 3754              	.L229:
 3755              	.LBB1073:
 3756              	.LBI1073:
 352:../../libDaisy/src/dev/oled_ssd130x.h ****     {
 3757              		.loc 7 352 10 is_stmt 1 view .LVU860
 3758              	.LBB1074:
 359:../../libDaisy/src/dev/oled_ssd130x.h ****     }
 3759              		.loc 7 359 49 is_stmt 0 view .LVU861
 3760 00e8 07FA0EFE 		lsl	lr, r7, lr
 359:../../libDaisy/src/dev/oled_ssd130x.h ****     }
 3761              		.loc 7 359 42 view .LVU862
 3762 00ec 2F7C     		ldrb	r7, [r5, #16]	@ zero_extendqisi2
 3763              	.LBE1074:
 3764              	.LBE1073:
 3765              	.LBE1079:
 3766              	.LBE1085:
 3767              	.LBE1099:
 239:../../libDaisy/src/hid/disp/display.h ****         {
 3768              		.loc 8 239 26 view .LVU863
 3769 00ee 9642     		cmp	r6, r2
 3770              	.LBB1100:
 3771              	.LBB1086:
 3772              	.LBB1080:
 3773              	.LBB1076:
 3774              	.LBB1075:
 359:../../libDaisy/src/dev/oled_ssd130x.h ****     }
 3775              		.loc 7 359 42 view .LVU864
 3776 00f0 27EA0E07 		bic	r7, r7, lr
 3777 00f4 2F74     		strb	r7, [r5, #16]
 3778              	.LVL255:
 359:../../libDaisy/src/dev/oled_ssd130x.h ****     }
 3779              		.loc 7 359 42 view .LVU865
 3780              	.LBE1075:
ARM GAS  C:\Users\FINNDY~1\AppData\Local\Temp\ccAKb7Rb.s 			page 106


 3781              	.LBE1076:
 3782              	.LBE1080:
 3783              	.LBE1086:
 3784              	.LBE1100:
 239:../../libDaisy/src/hid/disp/display.h ****         {
 3785              		.loc 8 239 26 is_stmt 1 view .LVU866
 3786 00f6 B8D0     		beq	.L251
 3787 00f8 B9E7     		b	.L232
 3788              		.cfi_endproc
 3789              	.LFE7619:
 3791 00fa 00BF     		.section	.text._ZN5daisy25OneBitGraphicsDisplayImplINS_11OledDisplayINS_13SSD130xDriverILj128ELj64
 3792              		.align	1
 3793              		.p2align 2,,3
 3794              		.weak	_ZN5daisy25OneBitGraphicsDisplayImplINS_11OledDisplayINS_13SSD130xDriverILj128ELj64ENS_19SSD
 3795              		.syntax unified
 3796              		.thumb
 3797              		.thumb_func
 3798              		.fpu fpv5-d16
 3800              	_ZN5daisy25OneBitGraphicsDisplayImplINS_11OledDisplayINS_13SSD130xDriverILj128ELj64ENS_19SSD130xI2C
 3801              	.LVL256:
 3802              	.LFB7621:
 283:../../libDaisy/src/hid/disp/display.h ****                  uint_fast8_t y,
 3803              		.loc 8 283 10 view -0
 3804              		.cfi_startproc
 3805              		@ args = 12, pretend = 0, frame = 8
 3806              		@ frame_needed = 0, uses_anonymous_args = 0
 283:../../libDaisy/src/hid/disp/display.h ****                  uint_fast8_t y,
 3807              		.loc 8 283 10 is_stmt 0 view .LVU868
 3808 0000 2DE9F04F 		push	{r4, r5, r6, r7, r8, r9, r10, fp, lr}
 3809              		.cfi_def_cfa_offset 36
 3810              		.cfi_offset 4, -36
 3811              		.cfi_offset 5, -32
 3812              		.cfi_offset 6, -28
 3813              		.cfi_offset 7, -24
 3814              		.cfi_offset 8, -20
 3815              		.cfi_offset 9, -16
 3816              		.cfi_offset 10, -12
 3817              		.cfi_offset 11, -8
 3818              		.cfi_offset 14, -4
 3819 0004 2DED068B 		vpush.64	{d8, d9, d10}
 3820              		.cfi_def_cfa_offset 60
 3821              		.cfi_offset 80, -60
 3822              		.cfi_offset 81, -56
 3823              		.cfi_offset 82, -52
 3824              		.cfi_offset 83, -48
 3825              		.cfi_offset 84, -44
 3826              		.cfi_offset 85, -40
 3827 0008 83B0     		sub	sp, sp, #12
 3828              		.cfi_def_cfa_offset 72
 283:../../libDaisy/src/hid/disp/display.h ****                  uint_fast8_t y,
 3829              		.loc 8 283 10 view .LVU869
 3830 000a 1F46     		mov	r7, r3
 3831 000c 8046     		mov	r8, r0
 3832 000e 0D46     		mov	r5, r1
 3833 0010 9DF85030 		ldrb	r3, [sp, #80]	@ zero_extendqisi2
 3834              	.LVL257:
 283:../../libDaisy/src/hid/disp/display.h ****                  uint_fast8_t y,
ARM GAS  C:\Users\FINNDY~1\AppData\Local\Temp\ccAKb7Rb.s 			page 107


 3835              		.loc 8 283 10 view .LVU870
 3836 0014 1646     		mov	r6, r2
 3837 0016 0193     		str	r3, [sp, #4]
 306:../../libDaisy/src/hid/disp/display.h ****         {
 3838              		.loc 8 306 9 view .LVU871
 3839 0018 139B     		ldr	r3, [sp, #76]
 3840 001a 002B     		cmp	r3, #0
 3841 001c C0F22182 		blt	.L253
 313:../../libDaisy/src/hid/disp/display.h **** 
 3842              		.loc 8 313 27 view .LVU872
 3843 0020 129A     		ldr	r2, [sp, #72]
 3844              	.LVL258:
 313:../../libDaisy/src/hid/disp/display.h **** 
 3845              		.loc 8 313 27 view .LVU873
 3846 0022 1344     		add	r3, r3, r2
 3847 0024 06EE103A 		vmov	s12, r3	@ int
 3848              	.LVL259:
 3849              	.L254:
 312:../../libDaisy/src/hid/disp/display.h ****         end_angle_rad   = deg2rad(start_angle + sweep);
 3850              		.loc 8 312 27 view .LVU874
 3851 0028 DDED127A 		vldr.32	s15, [sp, #72]	@ int
 313:../../libDaisy/src/hid/disp/display.h **** 
 3852              		.loc 8 313 27 view .LVU875
 3853 002c B8EEC66B 		vcvt.f64.s32	d6, s12
 312:../../libDaisy/src/hid/disp/display.h ****         end_angle_rad   = deg2rad(start_angle + sweep);
 3854              		.loc 8 312 27 view .LVU876
 3855 0030 9FEDCD4B 		vldr.64	d4, .L329
 3856 0034 B8EEE77B 		vcvt.f64.s32	d7, s15
 3857 0038 9FEDCD5B 		vldr.64	d5, .L329+8
 3858 003c 27EE047B 		vmul.f64	d7, d7, d4
 313:../../libDaisy/src/hid/disp/display.h **** 
 3859              		.loc 8 313 27 view .LVU877
 3860 0040 26EE046B 		vmul.f64	d6, d6, d4
 312:../../libDaisy/src/hid/disp/display.h ****         end_angle_rad   = deg2rad(start_angle + sweep);
 3861              		.loc 8 312 27 view .LVU878
 3862 0044 87EE050B 		vdiv.f64	d0, d7, d5
 313:../../libDaisy/src/hid/disp/display.h **** 
 3863              		.loc 8 313 27 view .LVU879
 3864 0048 86EE05AB 		vdiv.f64	d10, d6, d5
 312:../../libDaisy/src/hid/disp/display.h ****         end_angle_rad   = deg2rad(start_angle + sweep);
 3865              		.loc 8 312 25 view .LVU880
 3866 004c F7EEC08B 		vcvt.f32.f64	s17, d0
 3867              	.LVL260:
 3868              	.LBB1133:
 3869              	.LBB1134:
 3870              		.file 11 "c:\\program files\\daisytoolchain\\arm-none-eabi\\include\\c++\\10.2.1\\cmath"
   1:c:\program files\daisytoolchain\arm-none-eabi\include\c++\10.2.1\cmath **** // -*- C++ -*- C forwarding header.
   2:c:\program files\daisytoolchain\arm-none-eabi\include\c++\10.2.1\cmath **** 
   3:c:\program files\daisytoolchain\arm-none-eabi\include\c++\10.2.1\cmath **** // Copyright (C) 1997-2020 Free Software Foundation, Inc.
   4:c:\program files\daisytoolchain\arm-none-eabi\include\c++\10.2.1\cmath **** //
   5:c:\program files\daisytoolchain\arm-none-eabi\include\c++\10.2.1\cmath **** // This file is part of the GNU ISO C++ Library.  This library is free
   6:c:\program files\daisytoolchain\arm-none-eabi\include\c++\10.2.1\cmath **** // software; you can redistribute it and/or modify it under the
   7:c:\program files\daisytoolchain\arm-none-eabi\include\c++\10.2.1\cmath **** // terms of the GNU General Public License as published by the
   8:c:\program files\daisytoolchain\arm-none-eabi\include\c++\10.2.1\cmath **** // Free Software Foundation; either version 3, or (at your option)
   9:c:\program files\daisytoolchain\arm-none-eabi\include\c++\10.2.1\cmath **** // any later version.
  10:c:\program files\daisytoolchain\arm-none-eabi\include\c++\10.2.1\cmath **** 
  11:c:\program files\daisytoolchain\arm-none-eabi\include\c++\10.2.1\cmath **** // This library is distributed in the hope that it will be useful,
ARM GAS  C:\Users\FINNDY~1\AppData\Local\Temp\ccAKb7Rb.s 			page 108


  12:c:\program files\daisytoolchain\arm-none-eabi\include\c++\10.2.1\cmath **** // but WITHOUT ANY WARRANTY; without even the implied warranty of
  13:c:\program files\daisytoolchain\arm-none-eabi\include\c++\10.2.1\cmath **** // MERCHANTABILITY or FITNESS FOR A PARTICULAR PURPOSE.  See the
  14:c:\program files\daisytoolchain\arm-none-eabi\include\c++\10.2.1\cmath **** // GNU General Public License for more details.
  15:c:\program files\daisytoolchain\arm-none-eabi\include\c++\10.2.1\cmath **** 
  16:c:\program files\daisytoolchain\arm-none-eabi\include\c++\10.2.1\cmath **** // Under Section 7 of GPL version 3, you are granted additional
  17:c:\program files\daisytoolchain\arm-none-eabi\include\c++\10.2.1\cmath **** // permissions described in the GCC Runtime Library Exception, version
  18:c:\program files\daisytoolchain\arm-none-eabi\include\c++\10.2.1\cmath **** // 3.1, as published by the Free Software Foundation.
  19:c:\program files\daisytoolchain\arm-none-eabi\include\c++\10.2.1\cmath **** 
  20:c:\program files\daisytoolchain\arm-none-eabi\include\c++\10.2.1\cmath **** // You should have received a copy of the GNU General Public License and
  21:c:\program files\daisytoolchain\arm-none-eabi\include\c++\10.2.1\cmath **** // a copy of the GCC Runtime Library Exception along with this program;
  22:c:\program files\daisytoolchain\arm-none-eabi\include\c++\10.2.1\cmath **** // see the files COPYING3 and COPYING.RUNTIME respectively.  If not, see
  23:c:\program files\daisytoolchain\arm-none-eabi\include\c++\10.2.1\cmath **** // <http://www.gnu.org/licenses/>.
  24:c:\program files\daisytoolchain\arm-none-eabi\include\c++\10.2.1\cmath **** 
  25:c:\program files\daisytoolchain\arm-none-eabi\include\c++\10.2.1\cmath **** /** @file include/cmath
  26:c:\program files\daisytoolchain\arm-none-eabi\include\c++\10.2.1\cmath ****  *  This is a Standard C++ Library file.  You should @c \#include this file
  27:c:\program files\daisytoolchain\arm-none-eabi\include\c++\10.2.1\cmath ****  *  in your programs, rather than any of the @a *.h implementation files.
  28:c:\program files\daisytoolchain\arm-none-eabi\include\c++\10.2.1\cmath ****  *
  29:c:\program files\daisytoolchain\arm-none-eabi\include\c++\10.2.1\cmath ****  *  This is the C++ version of the Standard C Library header @c math.h,
  30:c:\program files\daisytoolchain\arm-none-eabi\include\c++\10.2.1\cmath ****  *  and its contents are (mostly) the same as that header, but are all
  31:c:\program files\daisytoolchain\arm-none-eabi\include\c++\10.2.1\cmath ****  *  contained in the namespace @c std (except for names which are defined
  32:c:\program files\daisytoolchain\arm-none-eabi\include\c++\10.2.1\cmath ****  *  as macros in C).
  33:c:\program files\daisytoolchain\arm-none-eabi\include\c++\10.2.1\cmath ****  */
  34:c:\program files\daisytoolchain\arm-none-eabi\include\c++\10.2.1\cmath **** 
  35:c:\program files\daisytoolchain\arm-none-eabi\include\c++\10.2.1\cmath **** //
  36:c:\program files\daisytoolchain\arm-none-eabi\include\c++\10.2.1\cmath **** // ISO C++ 14882: 26.5  C library
  37:c:\program files\daisytoolchain\arm-none-eabi\include\c++\10.2.1\cmath **** //
  38:c:\program files\daisytoolchain\arm-none-eabi\include\c++\10.2.1\cmath **** 
  39:c:\program files\daisytoolchain\arm-none-eabi\include\c++\10.2.1\cmath **** #pragma GCC system_header
  40:c:\program files\daisytoolchain\arm-none-eabi\include\c++\10.2.1\cmath **** 
  41:c:\program files\daisytoolchain\arm-none-eabi\include\c++\10.2.1\cmath **** #include <bits/c++config.h>
  42:c:\program files\daisytoolchain\arm-none-eabi\include\c++\10.2.1\cmath **** #include <bits/cpp_type_traits.h>
  43:c:\program files\daisytoolchain\arm-none-eabi\include\c++\10.2.1\cmath **** #include <ext/type_traits.h>
  44:c:\program files\daisytoolchain\arm-none-eabi\include\c++\10.2.1\cmath **** #define _GLIBCXX_INCLUDE_NEXT_C_HEADERS
  45:c:\program files\daisytoolchain\arm-none-eabi\include\c++\10.2.1\cmath **** #include_next <math.h>
  46:c:\program files\daisytoolchain\arm-none-eabi\include\c++\10.2.1\cmath **** #undef _GLIBCXX_INCLUDE_NEXT_C_HEADERS
  47:c:\program files\daisytoolchain\arm-none-eabi\include\c++\10.2.1\cmath **** #include <bits/std_abs.h>
  48:c:\program files\daisytoolchain\arm-none-eabi\include\c++\10.2.1\cmath **** 
  49:c:\program files\daisytoolchain\arm-none-eabi\include\c++\10.2.1\cmath **** #ifndef _GLIBCXX_CMATH
  50:c:\program files\daisytoolchain\arm-none-eabi\include\c++\10.2.1\cmath **** #define _GLIBCXX_CMATH 1
  51:c:\program files\daisytoolchain\arm-none-eabi\include\c++\10.2.1\cmath **** 
  52:c:\program files\daisytoolchain\arm-none-eabi\include\c++\10.2.1\cmath **** // Get rid of those macros defined in <math.h> in lieu of real functions.
  53:c:\program files\daisytoolchain\arm-none-eabi\include\c++\10.2.1\cmath **** #undef div
  54:c:\program files\daisytoolchain\arm-none-eabi\include\c++\10.2.1\cmath **** #undef acos
  55:c:\program files\daisytoolchain\arm-none-eabi\include\c++\10.2.1\cmath **** #undef asin
  56:c:\program files\daisytoolchain\arm-none-eabi\include\c++\10.2.1\cmath **** #undef atan
  57:c:\program files\daisytoolchain\arm-none-eabi\include\c++\10.2.1\cmath **** #undef atan2
  58:c:\program files\daisytoolchain\arm-none-eabi\include\c++\10.2.1\cmath **** #undef ceil
  59:c:\program files\daisytoolchain\arm-none-eabi\include\c++\10.2.1\cmath **** #undef cos
  60:c:\program files\daisytoolchain\arm-none-eabi\include\c++\10.2.1\cmath **** #undef cosh
  61:c:\program files\daisytoolchain\arm-none-eabi\include\c++\10.2.1\cmath **** #undef exp
  62:c:\program files\daisytoolchain\arm-none-eabi\include\c++\10.2.1\cmath **** #undef fabs
  63:c:\program files\daisytoolchain\arm-none-eabi\include\c++\10.2.1\cmath **** #undef floor
  64:c:\program files\daisytoolchain\arm-none-eabi\include\c++\10.2.1\cmath **** #undef fmod
  65:c:\program files\daisytoolchain\arm-none-eabi\include\c++\10.2.1\cmath **** #undef frexp
  66:c:\program files\daisytoolchain\arm-none-eabi\include\c++\10.2.1\cmath **** #undef ldexp
  67:c:\program files\daisytoolchain\arm-none-eabi\include\c++\10.2.1\cmath **** #undef log
  68:c:\program files\daisytoolchain\arm-none-eabi\include\c++\10.2.1\cmath **** #undef log10
ARM GAS  C:\Users\FINNDY~1\AppData\Local\Temp\ccAKb7Rb.s 			page 109


  69:c:\program files\daisytoolchain\arm-none-eabi\include\c++\10.2.1\cmath **** #undef modf
  70:c:\program files\daisytoolchain\arm-none-eabi\include\c++\10.2.1\cmath **** #undef pow
  71:c:\program files\daisytoolchain\arm-none-eabi\include\c++\10.2.1\cmath **** #undef sin
  72:c:\program files\daisytoolchain\arm-none-eabi\include\c++\10.2.1\cmath **** #undef sinh
  73:c:\program files\daisytoolchain\arm-none-eabi\include\c++\10.2.1\cmath **** #undef sqrt
  74:c:\program files\daisytoolchain\arm-none-eabi\include\c++\10.2.1\cmath **** #undef tan
  75:c:\program files\daisytoolchain\arm-none-eabi\include\c++\10.2.1\cmath **** #undef tanh
  76:c:\program files\daisytoolchain\arm-none-eabi\include\c++\10.2.1\cmath **** 
  77:c:\program files\daisytoolchain\arm-none-eabi\include\c++\10.2.1\cmath **** extern "C++"
  78:c:\program files\daisytoolchain\arm-none-eabi\include\c++\10.2.1\cmath **** {
  79:c:\program files\daisytoolchain\arm-none-eabi\include\c++\10.2.1\cmath **** namespace std _GLIBCXX_VISIBILITY(default)
  80:c:\program files\daisytoolchain\arm-none-eabi\include\c++\10.2.1\cmath **** {
  81:c:\program files\daisytoolchain\arm-none-eabi\include\c++\10.2.1\cmath **** _GLIBCXX_BEGIN_NAMESPACE_VERSION
  82:c:\program files\daisytoolchain\arm-none-eabi\include\c++\10.2.1\cmath **** 
  83:c:\program files\daisytoolchain\arm-none-eabi\include\c++\10.2.1\cmath ****   using ::acos;
  84:c:\program files\daisytoolchain\arm-none-eabi\include\c++\10.2.1\cmath **** 
  85:c:\program files\daisytoolchain\arm-none-eabi\include\c++\10.2.1\cmath **** #ifndef __CORRECT_ISO_CPP_MATH_H_PROTO
  86:c:\program files\daisytoolchain\arm-none-eabi\include\c++\10.2.1\cmath ****   inline _GLIBCXX_CONSTEXPR float
  87:c:\program files\daisytoolchain\arm-none-eabi\include\c++\10.2.1\cmath ****   acos(float __x)
  88:c:\program files\daisytoolchain\arm-none-eabi\include\c++\10.2.1\cmath ****   { return __builtin_acosf(__x); }
  89:c:\program files\daisytoolchain\arm-none-eabi\include\c++\10.2.1\cmath **** 
  90:c:\program files\daisytoolchain\arm-none-eabi\include\c++\10.2.1\cmath ****   inline _GLIBCXX_CONSTEXPR long double
  91:c:\program files\daisytoolchain\arm-none-eabi\include\c++\10.2.1\cmath ****   acos(long double __x)
  92:c:\program files\daisytoolchain\arm-none-eabi\include\c++\10.2.1\cmath ****   { return __builtin_acosl(__x); }
  93:c:\program files\daisytoolchain\arm-none-eabi\include\c++\10.2.1\cmath **** #endif
  94:c:\program files\daisytoolchain\arm-none-eabi\include\c++\10.2.1\cmath **** 
  95:c:\program files\daisytoolchain\arm-none-eabi\include\c++\10.2.1\cmath ****   template<typename _Tp>
  96:c:\program files\daisytoolchain\arm-none-eabi\include\c++\10.2.1\cmath ****     inline _GLIBCXX_CONSTEXPR
  97:c:\program files\daisytoolchain\arm-none-eabi\include\c++\10.2.1\cmath ****     typename __gnu_cxx::__enable_if<__is_integer<_Tp>::__value, 
  98:c:\program files\daisytoolchain\arm-none-eabi\include\c++\10.2.1\cmath ****                                     double>::__type
  99:c:\program files\daisytoolchain\arm-none-eabi\include\c++\10.2.1\cmath ****     acos(_Tp __x)
 100:c:\program files\daisytoolchain\arm-none-eabi\include\c++\10.2.1\cmath ****     { return __builtin_acos(__x); }
 101:c:\program files\daisytoolchain\arm-none-eabi\include\c++\10.2.1\cmath **** 
 102:c:\program files\daisytoolchain\arm-none-eabi\include\c++\10.2.1\cmath ****   using ::asin;
 103:c:\program files\daisytoolchain\arm-none-eabi\include\c++\10.2.1\cmath **** 
 104:c:\program files\daisytoolchain\arm-none-eabi\include\c++\10.2.1\cmath **** #ifndef __CORRECT_ISO_CPP_MATH_H_PROTO
 105:c:\program files\daisytoolchain\arm-none-eabi\include\c++\10.2.1\cmath ****   inline _GLIBCXX_CONSTEXPR float
 106:c:\program files\daisytoolchain\arm-none-eabi\include\c++\10.2.1\cmath ****   asin(float __x)
 107:c:\program files\daisytoolchain\arm-none-eabi\include\c++\10.2.1\cmath ****   { return __builtin_asinf(__x); }
 108:c:\program files\daisytoolchain\arm-none-eabi\include\c++\10.2.1\cmath **** 
 109:c:\program files\daisytoolchain\arm-none-eabi\include\c++\10.2.1\cmath ****   inline _GLIBCXX_CONSTEXPR long double
 110:c:\program files\daisytoolchain\arm-none-eabi\include\c++\10.2.1\cmath ****   asin(long double __x)
 111:c:\program files\daisytoolchain\arm-none-eabi\include\c++\10.2.1\cmath ****   { return __builtin_asinl(__x); }
 112:c:\program files\daisytoolchain\arm-none-eabi\include\c++\10.2.1\cmath **** #endif
 113:c:\program files\daisytoolchain\arm-none-eabi\include\c++\10.2.1\cmath **** 
 114:c:\program files\daisytoolchain\arm-none-eabi\include\c++\10.2.1\cmath ****   template<typename _Tp>
 115:c:\program files\daisytoolchain\arm-none-eabi\include\c++\10.2.1\cmath ****     inline _GLIBCXX_CONSTEXPR
 116:c:\program files\daisytoolchain\arm-none-eabi\include\c++\10.2.1\cmath ****     typename __gnu_cxx::__enable_if<__is_integer<_Tp>::__value,
 117:c:\program files\daisytoolchain\arm-none-eabi\include\c++\10.2.1\cmath ****                                     double>::__type
 118:c:\program files\daisytoolchain\arm-none-eabi\include\c++\10.2.1\cmath ****     asin(_Tp __x)
 119:c:\program files\daisytoolchain\arm-none-eabi\include\c++\10.2.1\cmath ****     { return __builtin_asin(__x); }
 120:c:\program files\daisytoolchain\arm-none-eabi\include\c++\10.2.1\cmath **** 
 121:c:\program files\daisytoolchain\arm-none-eabi\include\c++\10.2.1\cmath ****   using ::atan;
 122:c:\program files\daisytoolchain\arm-none-eabi\include\c++\10.2.1\cmath **** 
 123:c:\program files\daisytoolchain\arm-none-eabi\include\c++\10.2.1\cmath **** #ifndef __CORRECT_ISO_CPP_MATH_H_PROTO
 124:c:\program files\daisytoolchain\arm-none-eabi\include\c++\10.2.1\cmath ****   inline _GLIBCXX_CONSTEXPR float
 125:c:\program files\daisytoolchain\arm-none-eabi\include\c++\10.2.1\cmath ****   atan(float __x)
ARM GAS  C:\Users\FINNDY~1\AppData\Local\Temp\ccAKb7Rb.s 			page 110


 126:c:\program files\daisytoolchain\arm-none-eabi\include\c++\10.2.1\cmath ****   { return __builtin_atanf(__x); }
 127:c:\program files\daisytoolchain\arm-none-eabi\include\c++\10.2.1\cmath **** 
 128:c:\program files\daisytoolchain\arm-none-eabi\include\c++\10.2.1\cmath ****   inline _GLIBCXX_CONSTEXPR long double
 129:c:\program files\daisytoolchain\arm-none-eabi\include\c++\10.2.1\cmath ****   atan(long double __x)
 130:c:\program files\daisytoolchain\arm-none-eabi\include\c++\10.2.1\cmath ****   { return __builtin_atanl(__x); }
 131:c:\program files\daisytoolchain\arm-none-eabi\include\c++\10.2.1\cmath **** #endif
 132:c:\program files\daisytoolchain\arm-none-eabi\include\c++\10.2.1\cmath **** 
 133:c:\program files\daisytoolchain\arm-none-eabi\include\c++\10.2.1\cmath ****   template<typename _Tp>
 134:c:\program files\daisytoolchain\arm-none-eabi\include\c++\10.2.1\cmath ****     inline _GLIBCXX_CONSTEXPR
 135:c:\program files\daisytoolchain\arm-none-eabi\include\c++\10.2.1\cmath ****     typename __gnu_cxx::__enable_if<__is_integer<_Tp>::__value,
 136:c:\program files\daisytoolchain\arm-none-eabi\include\c++\10.2.1\cmath ****                                     double>::__type
 137:c:\program files\daisytoolchain\arm-none-eabi\include\c++\10.2.1\cmath ****     atan(_Tp __x)
 138:c:\program files\daisytoolchain\arm-none-eabi\include\c++\10.2.1\cmath ****     { return __builtin_atan(__x); }
 139:c:\program files\daisytoolchain\arm-none-eabi\include\c++\10.2.1\cmath **** 
 140:c:\program files\daisytoolchain\arm-none-eabi\include\c++\10.2.1\cmath ****   using ::atan2;
 141:c:\program files\daisytoolchain\arm-none-eabi\include\c++\10.2.1\cmath **** 
 142:c:\program files\daisytoolchain\arm-none-eabi\include\c++\10.2.1\cmath **** #ifndef __CORRECT_ISO_CPP_MATH_H_PROTO
 143:c:\program files\daisytoolchain\arm-none-eabi\include\c++\10.2.1\cmath ****   inline _GLIBCXX_CONSTEXPR float
 144:c:\program files\daisytoolchain\arm-none-eabi\include\c++\10.2.1\cmath ****   atan2(float __y, float __x)
 145:c:\program files\daisytoolchain\arm-none-eabi\include\c++\10.2.1\cmath ****   { return __builtin_atan2f(__y, __x); }
 146:c:\program files\daisytoolchain\arm-none-eabi\include\c++\10.2.1\cmath **** 
 147:c:\program files\daisytoolchain\arm-none-eabi\include\c++\10.2.1\cmath ****   inline _GLIBCXX_CONSTEXPR long double
 148:c:\program files\daisytoolchain\arm-none-eabi\include\c++\10.2.1\cmath ****   atan2(long double __y, long double __x)
 149:c:\program files\daisytoolchain\arm-none-eabi\include\c++\10.2.1\cmath ****   { return __builtin_atan2l(__y, __x); }
 150:c:\program files\daisytoolchain\arm-none-eabi\include\c++\10.2.1\cmath **** #endif
 151:c:\program files\daisytoolchain\arm-none-eabi\include\c++\10.2.1\cmath **** 
 152:c:\program files\daisytoolchain\arm-none-eabi\include\c++\10.2.1\cmath ****   template<typename _Tp, typename _Up>
 153:c:\program files\daisytoolchain\arm-none-eabi\include\c++\10.2.1\cmath ****     inline _GLIBCXX_CONSTEXPR
 154:c:\program files\daisytoolchain\arm-none-eabi\include\c++\10.2.1\cmath ****     typename __gnu_cxx::__promote_2<_Tp, _Up>::__type
 155:c:\program files\daisytoolchain\arm-none-eabi\include\c++\10.2.1\cmath ****     atan2(_Tp __y, _Up __x)
 156:c:\program files\daisytoolchain\arm-none-eabi\include\c++\10.2.1\cmath ****     {
 157:c:\program files\daisytoolchain\arm-none-eabi\include\c++\10.2.1\cmath ****       typedef typename __gnu_cxx::__promote_2<_Tp, _Up>::__type __type;
 158:c:\program files\daisytoolchain\arm-none-eabi\include\c++\10.2.1\cmath ****       return atan2(__type(__y), __type(__x));
 159:c:\program files\daisytoolchain\arm-none-eabi\include\c++\10.2.1\cmath ****     }
 160:c:\program files\daisytoolchain\arm-none-eabi\include\c++\10.2.1\cmath **** 
 161:c:\program files\daisytoolchain\arm-none-eabi\include\c++\10.2.1\cmath ****   using ::ceil;
 162:c:\program files\daisytoolchain\arm-none-eabi\include\c++\10.2.1\cmath **** 
 163:c:\program files\daisytoolchain\arm-none-eabi\include\c++\10.2.1\cmath **** #ifndef __CORRECT_ISO_CPP_MATH_H_PROTO
 164:c:\program files\daisytoolchain\arm-none-eabi\include\c++\10.2.1\cmath ****   inline _GLIBCXX_CONSTEXPR float
 165:c:\program files\daisytoolchain\arm-none-eabi\include\c++\10.2.1\cmath ****   ceil(float __x)
 166:c:\program files\daisytoolchain\arm-none-eabi\include\c++\10.2.1\cmath ****   { return __builtin_ceilf(__x); }
 167:c:\program files\daisytoolchain\arm-none-eabi\include\c++\10.2.1\cmath **** 
 168:c:\program files\daisytoolchain\arm-none-eabi\include\c++\10.2.1\cmath ****   inline _GLIBCXX_CONSTEXPR long double
 169:c:\program files\daisytoolchain\arm-none-eabi\include\c++\10.2.1\cmath ****   ceil(long double __x)
 170:c:\program files\daisytoolchain\arm-none-eabi\include\c++\10.2.1\cmath ****   { return __builtin_ceill(__x); }
 171:c:\program files\daisytoolchain\arm-none-eabi\include\c++\10.2.1\cmath **** #endif
 172:c:\program files\daisytoolchain\arm-none-eabi\include\c++\10.2.1\cmath **** 
 173:c:\program files\daisytoolchain\arm-none-eabi\include\c++\10.2.1\cmath ****   template<typename _Tp>
 174:c:\program files\daisytoolchain\arm-none-eabi\include\c++\10.2.1\cmath ****     inline _GLIBCXX_CONSTEXPR
 175:c:\program files\daisytoolchain\arm-none-eabi\include\c++\10.2.1\cmath ****     typename __gnu_cxx::__enable_if<__is_integer<_Tp>::__value, 
 176:c:\program files\daisytoolchain\arm-none-eabi\include\c++\10.2.1\cmath ****                                     double>::__type
 177:c:\program files\daisytoolchain\arm-none-eabi\include\c++\10.2.1\cmath ****     ceil(_Tp __x)
 178:c:\program files\daisytoolchain\arm-none-eabi\include\c++\10.2.1\cmath ****     { return __builtin_ceil(__x); }
 179:c:\program files\daisytoolchain\arm-none-eabi\include\c++\10.2.1\cmath **** 
 180:c:\program files\daisytoolchain\arm-none-eabi\include\c++\10.2.1\cmath ****   using ::cos;
 181:c:\program files\daisytoolchain\arm-none-eabi\include\c++\10.2.1\cmath **** 
 182:c:\program files\daisytoolchain\arm-none-eabi\include\c++\10.2.1\cmath **** #ifndef __CORRECT_ISO_CPP_MATH_H_PROTO
ARM GAS  C:\Users\FINNDY~1\AppData\Local\Temp\ccAKb7Rb.s 			page 111


 183:c:\program files\daisytoolchain\arm-none-eabi\include\c++\10.2.1\cmath ****   inline _GLIBCXX_CONSTEXPR float
 184:c:\program files\daisytoolchain\arm-none-eabi\include\c++\10.2.1\cmath ****   cos(float __x)
 185:c:\program files\daisytoolchain\arm-none-eabi\include\c++\10.2.1\cmath ****   { return __builtin_cosf(__x); }
 3871              		.loc 11 185 26 view .LVU881
 3872 0050 B0EE680A 		vmov.f32	s0, s17
 3873 0054 FFF7FEFF 		bl	cosf
 3874              	.LVL261:
 3875              		.loc 11 185 26 view .LVU882
 3876              	.LBE1134:
 3877              	.LBE1133:
 315:../../libDaisy/src/hid/disp/display.h ****         start_y = -sin(start_angle_rad) * radius;
 3878              		.loc 8 315 17 view .LVU883
 3879 0058 07EE907A 		vmov	s15, r7	@ int
 313:../../libDaisy/src/hid/disp/display.h **** 
 3880              		.loc 8 313 25 view .LVU884
 3881 005c B7EECAAB 		vcvt.f32.f64	s20, d10
 3882              	.LVL262:
 3883              	.LBB1137:
 3884              	.LBI1133:
 184:c:\program files\daisytoolchain\arm-none-eabi\include\c++\10.2.1\cmath ****   { return __builtin_cosf(__x); }
 3885              		.loc 11 184 3 is_stmt 1 view .LVU885
 3886              	.LBB1135:
 3887              		.loc 11 185 5 view .LVU886
 3888              		.loc 11 185 5 is_stmt 0 view .LVU887
 3889              	.LBE1135:
 3890              	.LBE1137:
 315:../../libDaisy/src/hid/disp/display.h ****         start_y = -sin(start_angle_rad) * radius;
 3891              		.loc 8 315 17 view .LVU888
 3892 0060 F8EE679A 		vcvt.f32.u32	s19, s15
 3893              	.LBB1138:
 3894              	.LBB1136:
 3895              		.loc 11 185 26 view .LVU889
 3896 0064 B0EE408A 		vmov.f32	s16, s0
 3897              	.LBE1136:
 3898              	.LBE1138:
 3899              	.LBB1139:
 3900              	.LBB1140:
 186:c:\program files\daisytoolchain\arm-none-eabi\include\c++\10.2.1\cmath **** 
 187:c:\program files\daisytoolchain\arm-none-eabi\include\c++\10.2.1\cmath ****   inline _GLIBCXX_CONSTEXPR long double
 188:c:\program files\daisytoolchain\arm-none-eabi\include\c++\10.2.1\cmath ****   cos(long double __x)
 189:c:\program files\daisytoolchain\arm-none-eabi\include\c++\10.2.1\cmath ****   { return __builtin_cosl(__x); }
 190:c:\program files\daisytoolchain\arm-none-eabi\include\c++\10.2.1\cmath **** #endif
 191:c:\program files\daisytoolchain\arm-none-eabi\include\c++\10.2.1\cmath **** 
 192:c:\program files\daisytoolchain\arm-none-eabi\include\c++\10.2.1\cmath ****   template<typename _Tp>
 193:c:\program files\daisytoolchain\arm-none-eabi\include\c++\10.2.1\cmath ****     inline _GLIBCXX_CONSTEXPR
 194:c:\program files\daisytoolchain\arm-none-eabi\include\c++\10.2.1\cmath ****     typename __gnu_cxx::__enable_if<__is_integer<_Tp>::__value,
 195:c:\program files\daisytoolchain\arm-none-eabi\include\c++\10.2.1\cmath ****                                     double>::__type
 196:c:\program files\daisytoolchain\arm-none-eabi\include\c++\10.2.1\cmath ****     cos(_Tp __x)
 197:c:\program files\daisytoolchain\arm-none-eabi\include\c++\10.2.1\cmath ****     { return __builtin_cos(__x); }
 198:c:\program files\daisytoolchain\arm-none-eabi\include\c++\10.2.1\cmath **** 
 199:c:\program files\daisytoolchain\arm-none-eabi\include\c++\10.2.1\cmath ****   using ::cosh;
 200:c:\program files\daisytoolchain\arm-none-eabi\include\c++\10.2.1\cmath **** 
 201:c:\program files\daisytoolchain\arm-none-eabi\include\c++\10.2.1\cmath **** #ifndef __CORRECT_ISO_CPP_MATH_H_PROTO
 202:c:\program files\daisytoolchain\arm-none-eabi\include\c++\10.2.1\cmath ****   inline _GLIBCXX_CONSTEXPR float
 203:c:\program files\daisytoolchain\arm-none-eabi\include\c++\10.2.1\cmath ****   cosh(float __x)
 204:c:\program files\daisytoolchain\arm-none-eabi\include\c++\10.2.1\cmath ****   { return __builtin_coshf(__x); }
 205:c:\program files\daisytoolchain\arm-none-eabi\include\c++\10.2.1\cmath **** 
ARM GAS  C:\Users\FINNDY~1\AppData\Local\Temp\ccAKb7Rb.s 			page 112


 206:c:\program files\daisytoolchain\arm-none-eabi\include\c++\10.2.1\cmath ****   inline _GLIBCXX_CONSTEXPR long double
 207:c:\program files\daisytoolchain\arm-none-eabi\include\c++\10.2.1\cmath ****   cosh(long double __x)
 208:c:\program files\daisytoolchain\arm-none-eabi\include\c++\10.2.1\cmath ****   { return __builtin_coshl(__x); }
 209:c:\program files\daisytoolchain\arm-none-eabi\include\c++\10.2.1\cmath **** #endif
 210:c:\program files\daisytoolchain\arm-none-eabi\include\c++\10.2.1\cmath **** 
 211:c:\program files\daisytoolchain\arm-none-eabi\include\c++\10.2.1\cmath ****   template<typename _Tp>
 212:c:\program files\daisytoolchain\arm-none-eabi\include\c++\10.2.1\cmath ****     inline _GLIBCXX_CONSTEXPR
 213:c:\program files\daisytoolchain\arm-none-eabi\include\c++\10.2.1\cmath ****     typename __gnu_cxx::__enable_if<__is_integer<_Tp>::__value,
 214:c:\program files\daisytoolchain\arm-none-eabi\include\c++\10.2.1\cmath ****                                     double>::__type
 215:c:\program files\daisytoolchain\arm-none-eabi\include\c++\10.2.1\cmath ****     cosh(_Tp __x)
 216:c:\program files\daisytoolchain\arm-none-eabi\include\c++\10.2.1\cmath ****     { return __builtin_cosh(__x); }
 217:c:\program files\daisytoolchain\arm-none-eabi\include\c++\10.2.1\cmath **** 
 218:c:\program files\daisytoolchain\arm-none-eabi\include\c++\10.2.1\cmath ****   using ::exp;
 219:c:\program files\daisytoolchain\arm-none-eabi\include\c++\10.2.1\cmath **** 
 220:c:\program files\daisytoolchain\arm-none-eabi\include\c++\10.2.1\cmath **** #ifndef __CORRECT_ISO_CPP_MATH_H_PROTO
 221:c:\program files\daisytoolchain\arm-none-eabi\include\c++\10.2.1\cmath ****   inline _GLIBCXX_CONSTEXPR float
 222:c:\program files\daisytoolchain\arm-none-eabi\include\c++\10.2.1\cmath ****   exp(float __x)
 223:c:\program files\daisytoolchain\arm-none-eabi\include\c++\10.2.1\cmath ****   { return __builtin_expf(__x); }
 224:c:\program files\daisytoolchain\arm-none-eabi\include\c++\10.2.1\cmath **** 
 225:c:\program files\daisytoolchain\arm-none-eabi\include\c++\10.2.1\cmath ****   inline _GLIBCXX_CONSTEXPR long double
 226:c:\program files\daisytoolchain\arm-none-eabi\include\c++\10.2.1\cmath ****   exp(long double __x)
 227:c:\program files\daisytoolchain\arm-none-eabi\include\c++\10.2.1\cmath ****   { return __builtin_expl(__x); }
 228:c:\program files\daisytoolchain\arm-none-eabi\include\c++\10.2.1\cmath **** #endif
 229:c:\program files\daisytoolchain\arm-none-eabi\include\c++\10.2.1\cmath **** 
 230:c:\program files\daisytoolchain\arm-none-eabi\include\c++\10.2.1\cmath ****   template<typename _Tp>
 231:c:\program files\daisytoolchain\arm-none-eabi\include\c++\10.2.1\cmath ****     inline _GLIBCXX_CONSTEXPR
 232:c:\program files\daisytoolchain\arm-none-eabi\include\c++\10.2.1\cmath ****     typename __gnu_cxx::__enable_if<__is_integer<_Tp>::__value,
 233:c:\program files\daisytoolchain\arm-none-eabi\include\c++\10.2.1\cmath ****                                     double>::__type
 234:c:\program files\daisytoolchain\arm-none-eabi\include\c++\10.2.1\cmath ****     exp(_Tp __x)
 235:c:\program files\daisytoolchain\arm-none-eabi\include\c++\10.2.1\cmath ****     { return __builtin_exp(__x); }
 236:c:\program files\daisytoolchain\arm-none-eabi\include\c++\10.2.1\cmath **** 
 237:c:\program files\daisytoolchain\arm-none-eabi\include\c++\10.2.1\cmath ****   using ::fabs;
 238:c:\program files\daisytoolchain\arm-none-eabi\include\c++\10.2.1\cmath **** 
 239:c:\program files\daisytoolchain\arm-none-eabi\include\c++\10.2.1\cmath **** #ifndef __CORRECT_ISO_CPP_MATH_H_PROTO
 240:c:\program files\daisytoolchain\arm-none-eabi\include\c++\10.2.1\cmath ****   inline _GLIBCXX_CONSTEXPR float
 241:c:\program files\daisytoolchain\arm-none-eabi\include\c++\10.2.1\cmath ****   fabs(float __x)
 242:c:\program files\daisytoolchain\arm-none-eabi\include\c++\10.2.1\cmath ****   { return __builtin_fabsf(__x); }
 243:c:\program files\daisytoolchain\arm-none-eabi\include\c++\10.2.1\cmath **** 
 244:c:\program files\daisytoolchain\arm-none-eabi\include\c++\10.2.1\cmath ****   inline _GLIBCXX_CONSTEXPR long double
 245:c:\program files\daisytoolchain\arm-none-eabi\include\c++\10.2.1\cmath ****   fabs(long double __x)
 246:c:\program files\daisytoolchain\arm-none-eabi\include\c++\10.2.1\cmath ****   { return __builtin_fabsl(__x); }
 247:c:\program files\daisytoolchain\arm-none-eabi\include\c++\10.2.1\cmath **** #endif
 248:c:\program files\daisytoolchain\arm-none-eabi\include\c++\10.2.1\cmath **** 
 249:c:\program files\daisytoolchain\arm-none-eabi\include\c++\10.2.1\cmath ****   template<typename _Tp>
 250:c:\program files\daisytoolchain\arm-none-eabi\include\c++\10.2.1\cmath ****     inline _GLIBCXX_CONSTEXPR
 251:c:\program files\daisytoolchain\arm-none-eabi\include\c++\10.2.1\cmath ****     typename __gnu_cxx::__enable_if<__is_integer<_Tp>::__value,
 252:c:\program files\daisytoolchain\arm-none-eabi\include\c++\10.2.1\cmath ****                                     double>::__type
 253:c:\program files\daisytoolchain\arm-none-eabi\include\c++\10.2.1\cmath ****     fabs(_Tp __x)
 254:c:\program files\daisytoolchain\arm-none-eabi\include\c++\10.2.1\cmath ****     { return __builtin_fabs(__x); }
 255:c:\program files\daisytoolchain\arm-none-eabi\include\c++\10.2.1\cmath **** 
 256:c:\program files\daisytoolchain\arm-none-eabi\include\c++\10.2.1\cmath ****   using ::floor;
 257:c:\program files\daisytoolchain\arm-none-eabi\include\c++\10.2.1\cmath **** 
 258:c:\program files\daisytoolchain\arm-none-eabi\include\c++\10.2.1\cmath **** #ifndef __CORRECT_ISO_CPP_MATH_H_PROTO
 259:c:\program files\daisytoolchain\arm-none-eabi\include\c++\10.2.1\cmath ****   inline _GLIBCXX_CONSTEXPR float
 260:c:\program files\daisytoolchain\arm-none-eabi\include\c++\10.2.1\cmath ****   floor(float __x)
 261:c:\program files\daisytoolchain\arm-none-eabi\include\c++\10.2.1\cmath ****   { return __builtin_floorf(__x); }
 262:c:\program files\daisytoolchain\arm-none-eabi\include\c++\10.2.1\cmath **** 
ARM GAS  C:\Users\FINNDY~1\AppData\Local\Temp\ccAKb7Rb.s 			page 113


 263:c:\program files\daisytoolchain\arm-none-eabi\include\c++\10.2.1\cmath ****   inline _GLIBCXX_CONSTEXPR long double
 264:c:\program files\daisytoolchain\arm-none-eabi\include\c++\10.2.1\cmath ****   floor(long double __x)
 265:c:\program files\daisytoolchain\arm-none-eabi\include\c++\10.2.1\cmath ****   { return __builtin_floorl(__x); }
 266:c:\program files\daisytoolchain\arm-none-eabi\include\c++\10.2.1\cmath **** #endif
 267:c:\program files\daisytoolchain\arm-none-eabi\include\c++\10.2.1\cmath **** 
 268:c:\program files\daisytoolchain\arm-none-eabi\include\c++\10.2.1\cmath ****   template<typename _Tp>
 269:c:\program files\daisytoolchain\arm-none-eabi\include\c++\10.2.1\cmath ****     inline _GLIBCXX_CONSTEXPR
 270:c:\program files\daisytoolchain\arm-none-eabi\include\c++\10.2.1\cmath ****     typename __gnu_cxx::__enable_if<__is_integer<_Tp>::__value,
 271:c:\program files\daisytoolchain\arm-none-eabi\include\c++\10.2.1\cmath ****                                     double>::__type
 272:c:\program files\daisytoolchain\arm-none-eabi\include\c++\10.2.1\cmath ****     floor(_Tp __x)
 273:c:\program files\daisytoolchain\arm-none-eabi\include\c++\10.2.1\cmath ****     { return __builtin_floor(__x); }
 274:c:\program files\daisytoolchain\arm-none-eabi\include\c++\10.2.1\cmath **** 
 275:c:\program files\daisytoolchain\arm-none-eabi\include\c++\10.2.1\cmath ****   using ::fmod;
 276:c:\program files\daisytoolchain\arm-none-eabi\include\c++\10.2.1\cmath **** 
 277:c:\program files\daisytoolchain\arm-none-eabi\include\c++\10.2.1\cmath **** #ifndef __CORRECT_ISO_CPP_MATH_H_PROTO
 278:c:\program files\daisytoolchain\arm-none-eabi\include\c++\10.2.1\cmath ****   inline _GLIBCXX_CONSTEXPR float
 279:c:\program files\daisytoolchain\arm-none-eabi\include\c++\10.2.1\cmath ****   fmod(float __x, float __y)
 280:c:\program files\daisytoolchain\arm-none-eabi\include\c++\10.2.1\cmath ****   { return __builtin_fmodf(__x, __y); }
 281:c:\program files\daisytoolchain\arm-none-eabi\include\c++\10.2.1\cmath **** 
 282:c:\program files\daisytoolchain\arm-none-eabi\include\c++\10.2.1\cmath ****   inline _GLIBCXX_CONSTEXPR long double
 283:c:\program files\daisytoolchain\arm-none-eabi\include\c++\10.2.1\cmath ****   fmod(long double __x, long double __y)
 284:c:\program files\daisytoolchain\arm-none-eabi\include\c++\10.2.1\cmath ****   { return __builtin_fmodl(__x, __y); }
 285:c:\program files\daisytoolchain\arm-none-eabi\include\c++\10.2.1\cmath **** #endif
 286:c:\program files\daisytoolchain\arm-none-eabi\include\c++\10.2.1\cmath **** 
 287:c:\program files\daisytoolchain\arm-none-eabi\include\c++\10.2.1\cmath ****   template<typename _Tp, typename _Up>
 288:c:\program files\daisytoolchain\arm-none-eabi\include\c++\10.2.1\cmath ****     inline _GLIBCXX_CONSTEXPR
 289:c:\program files\daisytoolchain\arm-none-eabi\include\c++\10.2.1\cmath ****     typename __gnu_cxx::__promote_2<_Tp, _Up>::__type
 290:c:\program files\daisytoolchain\arm-none-eabi\include\c++\10.2.1\cmath ****     fmod(_Tp __x, _Up __y)
 291:c:\program files\daisytoolchain\arm-none-eabi\include\c++\10.2.1\cmath ****     {
 292:c:\program files\daisytoolchain\arm-none-eabi\include\c++\10.2.1\cmath ****       typedef typename __gnu_cxx::__promote_2<_Tp, _Up>::__type __type;
 293:c:\program files\daisytoolchain\arm-none-eabi\include\c++\10.2.1\cmath ****       return fmod(__type(__x), __type(__y));
 294:c:\program files\daisytoolchain\arm-none-eabi\include\c++\10.2.1\cmath ****     }
 295:c:\program files\daisytoolchain\arm-none-eabi\include\c++\10.2.1\cmath **** 
 296:c:\program files\daisytoolchain\arm-none-eabi\include\c++\10.2.1\cmath ****   using ::frexp;
 297:c:\program files\daisytoolchain\arm-none-eabi\include\c++\10.2.1\cmath **** 
 298:c:\program files\daisytoolchain\arm-none-eabi\include\c++\10.2.1\cmath **** #ifndef __CORRECT_ISO_CPP_MATH_H_PROTO
 299:c:\program files\daisytoolchain\arm-none-eabi\include\c++\10.2.1\cmath ****   inline float
 300:c:\program files\daisytoolchain\arm-none-eabi\include\c++\10.2.1\cmath ****   frexp(float __x, int* __exp)
 301:c:\program files\daisytoolchain\arm-none-eabi\include\c++\10.2.1\cmath ****   { return __builtin_frexpf(__x, __exp); }
 302:c:\program files\daisytoolchain\arm-none-eabi\include\c++\10.2.1\cmath **** 
 303:c:\program files\daisytoolchain\arm-none-eabi\include\c++\10.2.1\cmath ****   inline long double
 304:c:\program files\daisytoolchain\arm-none-eabi\include\c++\10.2.1\cmath ****   frexp(long double __x, int* __exp)
 305:c:\program files\daisytoolchain\arm-none-eabi\include\c++\10.2.1\cmath ****   { return __builtin_frexpl(__x, __exp); }
 306:c:\program files\daisytoolchain\arm-none-eabi\include\c++\10.2.1\cmath **** #endif
 307:c:\program files\daisytoolchain\arm-none-eabi\include\c++\10.2.1\cmath **** 
 308:c:\program files\daisytoolchain\arm-none-eabi\include\c++\10.2.1\cmath ****   template<typename _Tp>
 309:c:\program files\daisytoolchain\arm-none-eabi\include\c++\10.2.1\cmath ****     inline _GLIBCXX_CONSTEXPR
 310:c:\program files\daisytoolchain\arm-none-eabi\include\c++\10.2.1\cmath ****     typename __gnu_cxx::__enable_if<__is_integer<_Tp>::__value, 
 311:c:\program files\daisytoolchain\arm-none-eabi\include\c++\10.2.1\cmath ****                                     double>::__type
 312:c:\program files\daisytoolchain\arm-none-eabi\include\c++\10.2.1\cmath ****     frexp(_Tp __x, int* __exp)
 313:c:\program files\daisytoolchain\arm-none-eabi\include\c++\10.2.1\cmath ****     { return __builtin_frexp(__x, __exp); }
 314:c:\program files\daisytoolchain\arm-none-eabi\include\c++\10.2.1\cmath **** 
 315:c:\program files\daisytoolchain\arm-none-eabi\include\c++\10.2.1\cmath ****   using ::ldexp;
 316:c:\program files\daisytoolchain\arm-none-eabi\include\c++\10.2.1\cmath **** 
 317:c:\program files\daisytoolchain\arm-none-eabi\include\c++\10.2.1\cmath **** #ifndef __CORRECT_ISO_CPP_MATH_H_PROTO
 318:c:\program files\daisytoolchain\arm-none-eabi\include\c++\10.2.1\cmath ****   inline _GLIBCXX_CONSTEXPR float
 319:c:\program files\daisytoolchain\arm-none-eabi\include\c++\10.2.1\cmath ****   ldexp(float __x, int __exp)
ARM GAS  C:\Users\FINNDY~1\AppData\Local\Temp\ccAKb7Rb.s 			page 114


 320:c:\program files\daisytoolchain\arm-none-eabi\include\c++\10.2.1\cmath ****   { return __builtin_ldexpf(__x, __exp); }
 321:c:\program files\daisytoolchain\arm-none-eabi\include\c++\10.2.1\cmath **** 
 322:c:\program files\daisytoolchain\arm-none-eabi\include\c++\10.2.1\cmath ****   inline _GLIBCXX_CONSTEXPR long double
 323:c:\program files\daisytoolchain\arm-none-eabi\include\c++\10.2.1\cmath ****   ldexp(long double __x, int __exp)
 324:c:\program files\daisytoolchain\arm-none-eabi\include\c++\10.2.1\cmath ****   { return __builtin_ldexpl(__x, __exp); }
 325:c:\program files\daisytoolchain\arm-none-eabi\include\c++\10.2.1\cmath **** #endif
 326:c:\program files\daisytoolchain\arm-none-eabi\include\c++\10.2.1\cmath **** 
 327:c:\program files\daisytoolchain\arm-none-eabi\include\c++\10.2.1\cmath ****   template<typename _Tp>
 328:c:\program files\daisytoolchain\arm-none-eabi\include\c++\10.2.1\cmath ****     inline _GLIBCXX_CONSTEXPR
 329:c:\program files\daisytoolchain\arm-none-eabi\include\c++\10.2.1\cmath ****     typename __gnu_cxx::__enable_if<__is_integer<_Tp>::__value, 
 330:c:\program files\daisytoolchain\arm-none-eabi\include\c++\10.2.1\cmath ****                                     double>::__type
 331:c:\program files\daisytoolchain\arm-none-eabi\include\c++\10.2.1\cmath ****     ldexp(_Tp __x, int __exp)
 332:c:\program files\daisytoolchain\arm-none-eabi\include\c++\10.2.1\cmath ****     { return __builtin_ldexp(__x, __exp); }
 333:c:\program files\daisytoolchain\arm-none-eabi\include\c++\10.2.1\cmath **** 
 334:c:\program files\daisytoolchain\arm-none-eabi\include\c++\10.2.1\cmath ****   using ::log;
 335:c:\program files\daisytoolchain\arm-none-eabi\include\c++\10.2.1\cmath **** 
 336:c:\program files\daisytoolchain\arm-none-eabi\include\c++\10.2.1\cmath **** #ifndef __CORRECT_ISO_CPP_MATH_H_PROTO
 337:c:\program files\daisytoolchain\arm-none-eabi\include\c++\10.2.1\cmath ****   inline _GLIBCXX_CONSTEXPR float
 338:c:\program files\daisytoolchain\arm-none-eabi\include\c++\10.2.1\cmath ****   log(float __x)
 339:c:\program files\daisytoolchain\arm-none-eabi\include\c++\10.2.1\cmath ****   { return __builtin_logf(__x); }
 340:c:\program files\daisytoolchain\arm-none-eabi\include\c++\10.2.1\cmath **** 
 341:c:\program files\daisytoolchain\arm-none-eabi\include\c++\10.2.1\cmath ****   inline _GLIBCXX_CONSTEXPR long double
 342:c:\program files\daisytoolchain\arm-none-eabi\include\c++\10.2.1\cmath ****   log(long double __x)
 343:c:\program files\daisytoolchain\arm-none-eabi\include\c++\10.2.1\cmath ****   { return __builtin_logl(__x); }
 344:c:\program files\daisytoolchain\arm-none-eabi\include\c++\10.2.1\cmath **** #endif
 345:c:\program files\daisytoolchain\arm-none-eabi\include\c++\10.2.1\cmath **** 
 346:c:\program files\daisytoolchain\arm-none-eabi\include\c++\10.2.1\cmath ****   template<typename _Tp>
 347:c:\program files\daisytoolchain\arm-none-eabi\include\c++\10.2.1\cmath ****     inline _GLIBCXX_CONSTEXPR
 348:c:\program files\daisytoolchain\arm-none-eabi\include\c++\10.2.1\cmath ****     typename __gnu_cxx::__enable_if<__is_integer<_Tp>::__value, 
 349:c:\program files\daisytoolchain\arm-none-eabi\include\c++\10.2.1\cmath ****                                     double>::__type
 350:c:\program files\daisytoolchain\arm-none-eabi\include\c++\10.2.1\cmath ****     log(_Tp __x)
 351:c:\program files\daisytoolchain\arm-none-eabi\include\c++\10.2.1\cmath ****     { return __builtin_log(__x); }
 352:c:\program files\daisytoolchain\arm-none-eabi\include\c++\10.2.1\cmath **** 
 353:c:\program files\daisytoolchain\arm-none-eabi\include\c++\10.2.1\cmath ****   using ::log10;
 354:c:\program files\daisytoolchain\arm-none-eabi\include\c++\10.2.1\cmath **** 
 355:c:\program files\daisytoolchain\arm-none-eabi\include\c++\10.2.1\cmath **** #ifndef __CORRECT_ISO_CPP_MATH_H_PROTO
 356:c:\program files\daisytoolchain\arm-none-eabi\include\c++\10.2.1\cmath ****   inline _GLIBCXX_CONSTEXPR float
 357:c:\program files\daisytoolchain\arm-none-eabi\include\c++\10.2.1\cmath ****   log10(float __x)
 358:c:\program files\daisytoolchain\arm-none-eabi\include\c++\10.2.1\cmath ****   { return __builtin_log10f(__x); }
 359:c:\program files\daisytoolchain\arm-none-eabi\include\c++\10.2.1\cmath **** 
 360:c:\program files\daisytoolchain\arm-none-eabi\include\c++\10.2.1\cmath ****   inline _GLIBCXX_CONSTEXPR long double
 361:c:\program files\daisytoolchain\arm-none-eabi\include\c++\10.2.1\cmath ****   log10(long double __x)
 362:c:\program files\daisytoolchain\arm-none-eabi\include\c++\10.2.1\cmath ****   { return __builtin_log10l(__x); }
 363:c:\program files\daisytoolchain\arm-none-eabi\include\c++\10.2.1\cmath **** #endif
 364:c:\program files\daisytoolchain\arm-none-eabi\include\c++\10.2.1\cmath **** 
 365:c:\program files\daisytoolchain\arm-none-eabi\include\c++\10.2.1\cmath ****   template<typename _Tp>
 366:c:\program files\daisytoolchain\arm-none-eabi\include\c++\10.2.1\cmath ****     inline _GLIBCXX_CONSTEXPR
 367:c:\program files\daisytoolchain\arm-none-eabi\include\c++\10.2.1\cmath ****     typename __gnu_cxx::__enable_if<__is_integer<_Tp>::__value,
 368:c:\program files\daisytoolchain\arm-none-eabi\include\c++\10.2.1\cmath ****                                     double>::__type
 369:c:\program files\daisytoolchain\arm-none-eabi\include\c++\10.2.1\cmath ****     log10(_Tp __x)
 370:c:\program files\daisytoolchain\arm-none-eabi\include\c++\10.2.1\cmath ****     { return __builtin_log10(__x); }
 371:c:\program files\daisytoolchain\arm-none-eabi\include\c++\10.2.1\cmath **** 
 372:c:\program files\daisytoolchain\arm-none-eabi\include\c++\10.2.1\cmath ****   using ::modf;
 373:c:\program files\daisytoolchain\arm-none-eabi\include\c++\10.2.1\cmath **** 
 374:c:\program files\daisytoolchain\arm-none-eabi\include\c++\10.2.1\cmath **** #ifndef __CORRECT_ISO_CPP_MATH_H_PROTO
 375:c:\program files\daisytoolchain\arm-none-eabi\include\c++\10.2.1\cmath ****   inline float
 376:c:\program files\daisytoolchain\arm-none-eabi\include\c++\10.2.1\cmath ****   modf(float __x, float* __iptr)
ARM GAS  C:\Users\FINNDY~1\AppData\Local\Temp\ccAKb7Rb.s 			page 115


 377:c:\program files\daisytoolchain\arm-none-eabi\include\c++\10.2.1\cmath ****   { return __builtin_modff(__x, __iptr); }
 378:c:\program files\daisytoolchain\arm-none-eabi\include\c++\10.2.1\cmath **** 
 379:c:\program files\daisytoolchain\arm-none-eabi\include\c++\10.2.1\cmath ****   inline long double
 380:c:\program files\daisytoolchain\arm-none-eabi\include\c++\10.2.1\cmath ****   modf(long double __x, long double* __iptr)
 381:c:\program files\daisytoolchain\arm-none-eabi\include\c++\10.2.1\cmath ****   { return __builtin_modfl(__x, __iptr); }
 382:c:\program files\daisytoolchain\arm-none-eabi\include\c++\10.2.1\cmath **** #endif
 383:c:\program files\daisytoolchain\arm-none-eabi\include\c++\10.2.1\cmath **** 
 384:c:\program files\daisytoolchain\arm-none-eabi\include\c++\10.2.1\cmath ****   using ::pow;
 385:c:\program files\daisytoolchain\arm-none-eabi\include\c++\10.2.1\cmath **** 
 386:c:\program files\daisytoolchain\arm-none-eabi\include\c++\10.2.1\cmath **** #ifndef __CORRECT_ISO_CPP_MATH_H_PROTO
 387:c:\program files\daisytoolchain\arm-none-eabi\include\c++\10.2.1\cmath ****   inline _GLIBCXX_CONSTEXPR float
 388:c:\program files\daisytoolchain\arm-none-eabi\include\c++\10.2.1\cmath ****   pow(float __x, float __y)
 389:c:\program files\daisytoolchain\arm-none-eabi\include\c++\10.2.1\cmath ****   { return __builtin_powf(__x, __y); }
 390:c:\program files\daisytoolchain\arm-none-eabi\include\c++\10.2.1\cmath **** 
 391:c:\program files\daisytoolchain\arm-none-eabi\include\c++\10.2.1\cmath ****   inline _GLIBCXX_CONSTEXPR long double
 392:c:\program files\daisytoolchain\arm-none-eabi\include\c++\10.2.1\cmath ****   pow(long double __x, long double __y)
 393:c:\program files\daisytoolchain\arm-none-eabi\include\c++\10.2.1\cmath ****   { return __builtin_powl(__x, __y); }
 394:c:\program files\daisytoolchain\arm-none-eabi\include\c++\10.2.1\cmath **** 
 395:c:\program files\daisytoolchain\arm-none-eabi\include\c++\10.2.1\cmath **** #if __cplusplus < 201103L
 396:c:\program files\daisytoolchain\arm-none-eabi\include\c++\10.2.1\cmath ****   // _GLIBCXX_RESOLVE_LIB_DEFECTS
 397:c:\program files\daisytoolchain\arm-none-eabi\include\c++\10.2.1\cmath ****   // DR 550. What should the return type of pow(float,int) be?
 398:c:\program files\daisytoolchain\arm-none-eabi\include\c++\10.2.1\cmath ****   inline double
 399:c:\program files\daisytoolchain\arm-none-eabi\include\c++\10.2.1\cmath ****   pow(double __x, int __i)
 400:c:\program files\daisytoolchain\arm-none-eabi\include\c++\10.2.1\cmath ****   { return __builtin_powi(__x, __i); }
 401:c:\program files\daisytoolchain\arm-none-eabi\include\c++\10.2.1\cmath **** 
 402:c:\program files\daisytoolchain\arm-none-eabi\include\c++\10.2.1\cmath ****   inline float
 403:c:\program files\daisytoolchain\arm-none-eabi\include\c++\10.2.1\cmath ****   pow(float __x, int __n)
 404:c:\program files\daisytoolchain\arm-none-eabi\include\c++\10.2.1\cmath ****   { return __builtin_powif(__x, __n); }
 405:c:\program files\daisytoolchain\arm-none-eabi\include\c++\10.2.1\cmath **** 
 406:c:\program files\daisytoolchain\arm-none-eabi\include\c++\10.2.1\cmath ****   inline long double
 407:c:\program files\daisytoolchain\arm-none-eabi\include\c++\10.2.1\cmath ****   pow(long double __x, int __n)
 408:c:\program files\daisytoolchain\arm-none-eabi\include\c++\10.2.1\cmath ****   { return __builtin_powil(__x, __n); }
 409:c:\program files\daisytoolchain\arm-none-eabi\include\c++\10.2.1\cmath **** #endif
 410:c:\program files\daisytoolchain\arm-none-eabi\include\c++\10.2.1\cmath **** #endif
 411:c:\program files\daisytoolchain\arm-none-eabi\include\c++\10.2.1\cmath **** 
 412:c:\program files\daisytoolchain\arm-none-eabi\include\c++\10.2.1\cmath ****   template<typename _Tp, typename _Up>
 413:c:\program files\daisytoolchain\arm-none-eabi\include\c++\10.2.1\cmath ****     inline _GLIBCXX_CONSTEXPR
 414:c:\program files\daisytoolchain\arm-none-eabi\include\c++\10.2.1\cmath ****     typename __gnu_cxx::__promote_2<_Tp, _Up>::__type
 415:c:\program files\daisytoolchain\arm-none-eabi\include\c++\10.2.1\cmath ****     pow(_Tp __x, _Up __y)
 416:c:\program files\daisytoolchain\arm-none-eabi\include\c++\10.2.1\cmath ****     {
 417:c:\program files\daisytoolchain\arm-none-eabi\include\c++\10.2.1\cmath ****       typedef typename __gnu_cxx::__promote_2<_Tp, _Up>::__type __type;
 418:c:\program files\daisytoolchain\arm-none-eabi\include\c++\10.2.1\cmath ****       return pow(__type(__x), __type(__y));
 419:c:\program files\daisytoolchain\arm-none-eabi\include\c++\10.2.1\cmath ****     }
 420:c:\program files\daisytoolchain\arm-none-eabi\include\c++\10.2.1\cmath **** 
 421:c:\program files\daisytoolchain\arm-none-eabi\include\c++\10.2.1\cmath ****   using ::sin;
 422:c:\program files\daisytoolchain\arm-none-eabi\include\c++\10.2.1\cmath **** 
 423:c:\program files\daisytoolchain\arm-none-eabi\include\c++\10.2.1\cmath **** #ifndef __CORRECT_ISO_CPP_MATH_H_PROTO
 424:c:\program files\daisytoolchain\arm-none-eabi\include\c++\10.2.1\cmath ****   inline _GLIBCXX_CONSTEXPR float
 425:c:\program files\daisytoolchain\arm-none-eabi\include\c++\10.2.1\cmath ****   sin(float __x)
 426:c:\program files\daisytoolchain\arm-none-eabi\include\c++\10.2.1\cmath ****   { return __builtin_sinf(__x); }
 3901              		.loc 11 426 26 view .LVU890
 3902 0068 B0EE680A 		vmov.f32	s0, s17
 3903 006c FFF7FEFF 		bl	sinf
 3904              	.LVL263:
 3905              	.LBE1140:
 3906              	.LBE1139:
 316:../../libDaisy/src/hid/disp/display.h ****         end_x   = cos(end_angle_rad) * radius;
ARM GAS  C:\Users\FINNDY~1\AppData\Local\Temp\ccAKb7Rb.s 			page 116


 3907              		.loc 8 316 17 view .LVU891
 3908 0070 60EE698A 		vnmul.f32	s17, s0, s19
 3909              	.LVL264:
 3910              	.LBB1142:
 3911              	.LBB1143:
 185:c:\program files\daisytoolchain\arm-none-eabi\include\c++\10.2.1\cmath **** 
 3912              		.loc 11 185 26 view .LVU892
 3913 0074 B0EE4A0A 		vmov.f32	s0, s20
 3914 0078 FFF7FEFF 		bl	cosf
 3915              	.LVL265:
 3916 007c B0EE409A 		vmov.f32	s18, s0
 3917              	.LBE1143:
 3918              	.LBE1142:
 3919              	.LBB1145:
 3920              	.LBB1146:
 3921              		.loc 11 426 26 view .LVU893
 3922 0080 B0EE4A0A 		vmov.f32	s0, s20
 3923 0084 FFF7FEFF 		bl	sinf
 3924              	.LVL266:
 3925              	.LBE1146:
 3926              	.LBE1145:
 318:../../libDaisy/src/hid/disp/display.h **** 
 3927              		.loc 8 318 17 view .LVU894
 3928 0088 20EE690A 		vnmul.f32	s0, s0, s19
 315:../../libDaisy/src/hid/disp/display.h ****         start_y = -sin(start_angle_rad) * radius;
 3929              		.loc 8 315 17 view .LVU895
 3930 008c 29EE888A 		vmul.f32	s16, s19, s16
 3931              	.LVL267:
 3932              	.LBB1148:
 3933              	.LBI1139:
 425:c:\program files\daisytoolchain\arm-none-eabi\include\c++\10.2.1\cmath ****   { return __builtin_sinf(__x); }
 3934              		.loc 11 425 3 is_stmt 1 view .LVU896
 3935              	.LBB1141:
 3936              		.loc 11 426 5 view .LVU897
 3937              		.loc 11 426 5 is_stmt 0 view .LVU898
 3938              	.LBE1141:
 3939              	.LBE1148:
 3940              	.LBB1149:
 3941              	.LBI1142:
 184:c:\program files\daisytoolchain\arm-none-eabi\include\c++\10.2.1\cmath ****   { return __builtin_cosf(__x); }
 3942              		.loc 11 184 3 is_stmt 1 view .LVU899
 3943              	.LBB1144:
 185:c:\program files\daisytoolchain\arm-none-eabi\include\c++\10.2.1\cmath **** 
 3944              		.loc 11 185 5 view .LVU900
 185:c:\program files\daisytoolchain\arm-none-eabi\include\c++\10.2.1\cmath **** 
 3945              		.loc 11 185 5 is_stmt 0 view .LVU901
 3946              	.LBE1144:
 3947              	.LBE1149:
 317:../../libDaisy/src/hid/disp/display.h ****         end_y   = -sin(end_angle_rad) * radius;
 3948              		.loc 8 317 17 view .LVU902
 3949 0090 29EE899A 		vmul.f32	s18, s19, s18
 3950              	.LVL268:
 3951              	.LBB1150:
 3952              	.LBI1145:
 425:c:\program files\daisytoolchain\arm-none-eabi\include\c++\10.2.1\cmath ****   { return __builtin_sinf(__x); }
 3953              		.loc 11 425 3 is_stmt 1 view .LVU903
 3954              	.LBB1147:
ARM GAS  C:\Users\FINNDY~1\AppData\Local\Temp\ccAKb7Rb.s 			page 117


 3955              		.loc 11 426 5 view .LVU904
 3956              		.loc 11 426 5 is_stmt 0 view .LVU905
 3957              	.LBE1147:
 3958              	.LBE1150:
 322:../../libDaisy/src/hid/disp/display.h ****            < 2.0f)
 3959              		.loc 8 322 25 view .LVU906
 3960 0094 70EE687A 		vsub.f32	s15, s0, s17
 321:../../libDaisy/src/hid/disp/display.h ****                + (end_y - start_y) * (end_y - start_y)
 3961              		.loc 8 321 9 view .LVU907
 3962 0098 F0EE006A 		vmov.f32	s13, #2.0e+0
 321:../../libDaisy/src/hid/disp/display.h ****                + (end_y - start_y) * (end_y - start_y)
 3963              		.loc 8 321 19 view .LVU908
 3964 009c 39EE487A 		vsub.f32	s14, s18, s16
 322:../../libDaisy/src/hid/disp/display.h ****            < 2.0f)
 3965              		.loc 8 322 36 view .LVU909
 3966 00a0 67EEA77A 		vmul.f32	s15, s15, s15
 322:../../libDaisy/src/hid/disp/display.h ****            < 2.0f)
 3967              		.loc 8 322 16 view .LVU910
 3968 00a4 E7EE077A 		vfma.f32	s15, s14, s14
 321:../../libDaisy/src/hid/disp/display.h ****                + (end_y - start_y) * (end_y - start_y)
 3969              		.loc 8 321 9 view .LVU911
 3970 00a8 F4EEE67A 		vcmpe.f32	s15, s13
 3971 00ac F1EE10FA 		vmrs	APSR_nzcv, FPSCR
 3972 00b0 06D5     		bpl	.L311
 325:../../libDaisy/src/hid/disp/display.h ****                 circle = true;
 3973              		.loc 8 325 13 view .LVU912
 3974 00b2 139B     		ldr	r3, [sp, #76]
 3975 00b4 B42B     		cmp	r3, #180
 3976 00b6 40F39680 		ble	.L252
 326:../../libDaisy/src/hid/disp/display.h ****             else
 3977              		.loc 8 326 24 view .LVU913
 3978 00ba 4FF00109 		mov	r9, #1
 3979 00be 01E0     		b	.L255
 3980              	.L311:
 304:../../libDaisy/src/hid/disp/display.h **** 
 3981              		.loc 8 304 14 view .LVU914
 3982 00c0 4FF00009 		mov	r9, #0
 3983              	.L255:
 3984              	.LVL269:
 302:../../libDaisy/src/hid/disp/display.h **** 
 3985              		.loc 8 302 27 view .LVU915
 3986 00c4 0124     		movs	r4, #1
 332:../../libDaisy/src/hid/disp/display.h ****         t_y = 0;
 3987              		.loc 8 332 13 view .LVU916
 3988 00c6 7842     		rsbs	r0, r7, #0
 3989              	.LVL270:
 333:../../libDaisy/src/hid/disp/display.h ****         err = 2 - 2 * radius;
 3990              		.loc 8 333 13 view .LVU917
 3991 00c8 4FF0000C 		mov	ip, #0
 3992 00cc 0095     		str	r5, [sp]
 334:../../libDaisy/src/hid/disp/display.h **** 
 3993              		.loc 8 334 17 view .LVU918
 3994 00ce E31B     		subs	r3, r4, r7
 302:../../libDaisy/src/hid/disp/display.h **** 
 3995              		.loc 8 302 17 view .LVU919
 3996 00d0 2146     		mov	r1, r4
 302:../../libDaisy/src/hid/disp/display.h **** 
ARM GAS  C:\Users\FINNDY~1\AppData\Local\Temp\ccAKb7Rb.s 			page 118


 3997              		.loc 8 302 22 view .LVU920
 3998 00d2 2746     		mov	r7, r4
 3999              	.LVL271:
 302:../../libDaisy/src/hid/disp/display.h **** 
 4000              		.loc 8 302 12 view .LVU921
 4001 00d4 2246     		mov	r2, r4
 334:../../libDaisy/src/hid/disp/display.h **** 
 4002              		.loc 8 334 17 view .LVU922
 4003 00d6 A340     		lsls	r3, r3, r4
 4004              	.LVL272:
 4005              	.L281:
 338:../../libDaisy/src/hid/disp/display.h ****             {
 4006              		.loc 8 338 13 view .LVU923
 4007 00d8 B9F1000F 		cmp	r9, #0
 4008 00dc 6AD1     		bne	.L257
 343:../../libDaisy/src/hid/disp/display.h ****                 t_exy  = end_x * t_y;
 4009              		.loc 8 343 34 view .LVU924
 4010 00de 4242     		rsbs	r2, r0, #0
 4011              	.LVL273:
 340:../../libDaisy/src/hid/disp/display.h ****                 t_syx  = start_y * t_x;
 4012              		.loc 8 340 24 view .LVU925
 4013 00e0 06EE90CA 		vmov	s13, ip	@ int
 342:../../libDaisy/src/hid/disp/display.h ****                 t_synx = start_y * -t_x;
 4014              		.loc 8 342 34 view .LVU926
 4015 00e4 CCF10001 		rsb	r1, ip, #0
 4016              	.LVL274:
 343:../../libDaisy/src/hid/disp/display.h ****                 t_exy  = end_x * t_y;
 4017              		.loc 8 343 34 view .LVU927
 4018 00e8 07EE102A 		vmov	s14, r2	@ int
 340:../../libDaisy/src/hid/disp/display.h ****                 t_syx  = start_y * t_x;
 4019              		.loc 8 340 24 view .LVU928
 4020 00ec B8EEE66A 		vcvt.f32.s32	s12, s13
 342:../../libDaisy/src/hid/disp/display.h ****                 t_synx = start_y * -t_x;
 4021              		.loc 8 342 34 view .LVU929
 4022 00f0 07EE901A 		vmov	s15, r1	@ int
 341:../../libDaisy/src/hid/disp/display.h ****                 t_sxny = start_x * -t_y;
 4023              		.loc 8 341 24 view .LVU930
 4024 00f4 06EE900A 		vmov	s13, r0	@ int
 343:../../libDaisy/src/hid/disp/display.h ****                 t_exy  = end_x * t_y;
 4025              		.loc 8 343 34 view .LVU931
 4026 00f8 B8EEC77A 		vcvt.f32.s32	s14, s14
 349:../../libDaisy/src/hid/disp/display.h ****                 {
 4027              		.loc 8 349 17 view .LVU932
 4028 00fc 139A     		ldr	r2, [sp, #76]
 340:../../libDaisy/src/hid/disp/display.h ****                 t_syx  = start_y * t_x;
 4029              		.loc 8 340 24 view .LVU933
 4030 00fe 66EE084A 		vmul.f32	s9, s12, s16
 4031              	.LVL275:
 342:../../libDaisy/src/hid/disp/display.h ****                 t_synx = start_y * -t_x;
 4032              		.loc 8 342 34 view .LVU934
 4033 0102 F8EEE77A 		vcvt.f32.s32	s15, s15
 349:../../libDaisy/src/hid/disp/display.h ****                 {
 4034              		.loc 8 349 17 view .LVU935
 4035 0106 B42A     		cmp	r2, #180
 343:../../libDaisy/src/hid/disp/display.h ****                 t_exy  = end_x * t_y;
 4036              		.loc 8 343 24 view .LVU936
 4037 0108 27EE284A 		vmul.f32	s8, s14, s17
ARM GAS  C:\Users\FINNDY~1\AppData\Local\Temp\ccAKb7Rb.s 			page 119


 341:../../libDaisy/src/hid/disp/display.h ****                 t_sxny = start_x * -t_y;
 4038              		.loc 8 341 24 view .LVU937
 4039 010c F8EEE66A 		vcvt.f32.s32	s13, s13
 342:../../libDaisy/src/hid/disp/display.h ****                 t_synx = start_y * -t_x;
 4040              		.loc 8 342 24 view .LVU938
 4041 0110 67EE885A 		vmul.f32	s11, s15, s16
 351:../../libDaisy/src/hid/disp/display.h ****                     d2 = (t_sxy - t_syx < 0 || t_exy - t_eyx > 0);
 4042              		.loc 8 351 33 view .LVU939
 4043 0114 74EEC43A 		vsub.f32	s7, s9, s8
 341:../../libDaisy/src/hid/disp/display.h ****                 t_sxny = start_x * -t_y;
 4044              		.loc 8 341 24 view .LVU940
 4045 0118 26EEA85A 		vmul.f32	s10, s13, s17
 4046              	.LVL276:
 344:../../libDaisy/src/hid/disp/display.h ****                 t_eyx  = end_y * t_x;
 4047              		.loc 8 344 24 view .LVU941
 4048 011c 26EE096A 		vmul.f32	s12, s12, s18
 4049              	.LVL277:
 345:../../libDaisy/src/hid/disp/display.h ****                 t_exny = end_x * -t_y;
 4050              		.loc 8 345 24 view .LVU942
 4051 0120 66EE806A 		vmul.f32	s13, s13, s0
 4052              	.LVL278:
 346:../../libDaisy/src/hid/disp/display.h ****                 t_eynx = end_y * -t_x;
 4053              		.loc 8 346 24 view .LVU943
 4054 0124 67EE897A 		vmul.f32	s15, s15, s18
 4055              	.LVL279:
 347:../../libDaisy/src/hid/disp/display.h **** 
 4056              		.loc 8 347 24 view .LVU944
 4057 0128 27EE007A 		vmul.f32	s14, s14, s0
 4058              	.LVL280:
 351:../../libDaisy/src/hid/disp/display.h ****                     d2 = (t_sxy - t_syx < 0 || t_exy - t_eyx > 0);
 4059              		.loc 8 351 46 view .LVU945
 4060 012c F5EEC03A 		vcmpe.f32	s7, #0
 349:../../libDaisy/src/hid/disp/display.h ****                 {
 4061              		.loc 8 349 17 view .LVU946
 4062 0130 40F3F280 		ble	.L258
 351:../../libDaisy/src/hid/disp/display.h ****                     d2 = (t_sxy - t_syx < 0 || t_exy - t_eyx > 0);
 4063              		.loc 8 351 46 view .LVU947
 4064 0134 F1EE10FA 		vmrs	APSR_nzcv, FPSCR
 4065 0138 00F17F81 		bmi	.L284
 351:../../libDaisy/src/hid/disp/display.h ****                     d2 = (t_sxy - t_syx < 0 || t_exy - t_eyx > 0);
 4066              		.loc 8 351 55 discriminator 2 view .LVU948
 4067 013c 76EE473A 		vsub.f32	s7, s12, s14
 352:../../libDaisy/src/hid/disp/display.h ****                     d3 = (t_sxny - t_syx < 0 || t_exny - t_eyx > 0);
 4068              		.loc 8 352 33 discriminator 2 view .LVU949
 4069 0140 74EEC54A 		vsub.f32	s9, s9, s10
 4070              	.LVL281:
 351:../../libDaisy/src/hid/disp/display.h ****                     d2 = (t_sxy - t_syx < 0 || t_exy - t_eyx > 0);
 4071              		.loc 8 351 46 discriminator 2 view .LVU950
 4072 0144 F5EEC03A 		vcmpe.f32	s7, #0
 4073 0148 F1EE10FA 		vmrs	APSR_nzcv, FPSCR
 352:../../libDaisy/src/hid/disp/display.h ****                     d3 = (t_sxny - t_syx < 0 || t_exny - t_eyx > 0);
 4074              		.loc 8 352 45 discriminator 2 view .LVU951
 4075 014c F5EEC04A 		vcmpe.f32	s9, #0
 351:../../libDaisy/src/hid/disp/display.h ****                     d2 = (t_sxy - t_syx < 0 || t_exy - t_eyx > 0);
 4076              		.loc 8 351 46 discriminator 2 view .LVU952
 4077 0150 CCBF     		ite	gt
 4078 0152 0122     		movgt	r2, #1
ARM GAS  C:\Users\FINNDY~1\AppData\Local\Temp\ccAKb7Rb.s 			page 120


 4079 0154 0022     		movle	r2, #0
 4080              	.LVL282:
 352:../../libDaisy/src/hid/disp/display.h ****                     d3 = (t_sxny - t_syx < 0 || t_exny - t_eyx > 0);
 4081              		.loc 8 352 45 discriminator 2 view .LVU953
 4082 0156 F1EE10FA 		vmrs	APSR_nzcv, FPSCR
 4083 015a 00F17781 		bmi	.L285
 4084              	.L327:
 352:../../libDaisy/src/hid/disp/display.h ****                     d3 = (t_sxny - t_syx < 0 || t_exny - t_eyx > 0);
 4085              		.loc 8 352 54 discriminator 2 view .LVU954
 4086 015e 36EE666A 		vsub.f32	s12, s12, s13
 4087              	.LVL283:
 353:../../libDaisy/src/hid/disp/display.h ****                     d4 = (t_sxny - t_synx < 0 || t_exny - t_eynx > 0);
 4088              		.loc 8 353 34 discriminator 2 view .LVU955
 4089 0162 35EEC55A 		vsub.f32	s10, s11, s10
 4090              	.LVL284:
 352:../../libDaisy/src/hid/disp/display.h ****                     d3 = (t_sxny - t_syx < 0 || t_exny - t_eyx > 0);
 4091              		.loc 8 352 45 discriminator 2 view .LVU956
 4092 0166 B5EEC06A 		vcmpe.f32	s12, #0
 4093 016a F1EE10FA 		vmrs	APSR_nzcv, FPSCR
 353:../../libDaisy/src/hid/disp/display.h ****                     d4 = (t_sxny - t_synx < 0 || t_exny - t_eynx > 0);
 4094              		.loc 8 353 46 discriminator 2 view .LVU957
 4095 016e B5EEC05A 		vcmpe.f32	s10, #0
 352:../../libDaisy/src/hid/disp/display.h ****                     d3 = (t_sxny - t_syx < 0 || t_exny - t_eyx > 0);
 4096              		.loc 8 352 45 discriminator 2 view .LVU958
 4097 0172 CCBF     		ite	gt
 4098 0174 0121     		movgt	r1, #1
 4099 0176 0021     		movle	r1, #0
 4100              	.LVL285:
 353:../../libDaisy/src/hid/disp/display.h ****                     d4 = (t_sxny - t_synx < 0 || t_exny - t_eynx > 0);
 4101              		.loc 8 353 46 discriminator 2 view .LVU959
 4102 0178 F1EE10FA 		vmrs	APSR_nzcv, FPSCR
 4103 017c 00F16F81 		bmi	.L286
 4104              	.L328:
 353:../../libDaisy/src/hid/disp/display.h ****                     d4 = (t_sxny - t_synx < 0 || t_exny - t_eynx > 0);
 4105              		.loc 8 353 56 discriminator 2 view .LVU960
 4106 0180 77EEE66A 		vsub.f32	s13, s15, s13
 4107              	.LVL286:
 353:../../libDaisy/src/hid/disp/display.h ****                     d4 = (t_sxny - t_synx < 0 || t_exny - t_eynx > 0);
 4108              		.loc 8 353 46 discriminator 2 view .LVU961
 4109 0184 F5EEC06A 		vcmpe.f32	s13, #0
 4110 0188 F1EE10FA 		vmrs	APSR_nzcv, FPSCR
 4111 018c CCBF     		ite	gt
 4112 018e 0127     		movgt	r7, #1
 4113              	.LVL287:
 353:../../libDaisy/src/hid/disp/display.h ****                     d4 = (t_sxny - t_synx < 0 || t_exny - t_eynx > 0);
 4114              		.loc 8 353 46 discriminator 2 view .LVU962
 4115 0190 0027     		movle	r7, #0
 4116              	.L261:
 4117              	.LVL288:
 354:../../libDaisy/src/hid/disp/display.h ****                 }
 4118              		.loc 8 354 34 discriminator 6 view .LVU963
 4119 0192 75EEC45A 		vsub.f32	s11, s11, s8
 4120              	.LVL289:
 354:../../libDaisy/src/hid/disp/display.h ****                 }
 4121              		.loc 8 354 47 discriminator 6 view .LVU964
 4122 0196 F5EEC05A 		vcmpe.f32	s11, #0
 4123 019a F1EE10FA 		vmrs	APSR_nzcv, FPSCR
ARM GAS  C:\Users\FINNDY~1\AppData\Local\Temp\ccAKb7Rb.s 			page 121


 4124 019e 00F14781 		bmi	.L287
 4125              	.L317:
 361:../../libDaisy/src/hid/disp/display.h ****                 }
 4126              		.loc 8 361 57 discriminator 1 view .LVU965
 4127 01a2 77EEC77A 		vsub.f32	s15, s15, s14
 4128              	.LVL290:
 361:../../libDaisy/src/hid/disp/display.h ****                 }
 4129              		.loc 8 361 47 discriminator 1 view .LVU966
 4130 01a6 F5EEC07A 		vcmpe.f32	s15, #0
 4131 01aa F1EE10FA 		vmrs	APSR_nzcv, FPSCR
 4132 01ae CCBF     		ite	gt
 4133 01b0 0124     		movgt	r4, #1
 4134              	.LVL291:
 361:../../libDaisy/src/hid/disp/display.h ****                 }
 4135              		.loc 8 361 47 discriminator 1 view .LVU967
 4136 01b2 0024     		movle	r4, #0
 4137              	.LVL292:
 4138              	.L257:
 365:../../libDaisy/src/hid/disp/display.h ****                 ((ChildType*)(this))
 4139              		.loc 8 365 13 view .LVU968
 4140 01b4 002A     		cmp	r2, #0
 4141 01b6 40F08A80 		bne	.L318
 4142              	.L269:
 368:../../libDaisy/src/hid/disp/display.h ****                 ((ChildType*)(this))
 4143              		.loc 8 368 13 view .LVU969
 4144 01ba 0029     		cmp	r1, #0
 4145 01bc 64D1     		bne	.L319
 4146              	.L271:
 371:../../libDaisy/src/hid/disp/display.h ****                 ((ChildType*)(this))
 4147              		.loc 8 371 13 view .LVU970
 4148 01be BFB9     		cbnz	r7, .L320
 4149              	.L273:
 374:../../libDaisy/src/hid/disp/display.h ****                 ((ChildType*)(this))
 4150              		.loc 8 374 13 view .LVU971
 4151 01c0 C4BB     		cbnz	r4, .L321
 4152              	.L275:
 4153              	.LVL293:
 379:../../libDaisy/src/hid/disp/display.h ****             {
 4154              		.loc 8 379 13 view .LVU972
 4155 01c2 9C45     		cmp	ip, r3
 4156 01c4 58DB     		blt	.L292
 4157              	.L323:
 381:../../libDaisy/src/hid/disp/display.h ****                 err = err + (t_y * 2 + 1);
 4158              		.loc 8 381 17 view .LVU973
 4159 01c6 0CF1010C 		add	ip, ip, #1
 4160              	.LVL294:
 382:../../libDaisy/src/hid/disp/display.h ****                 if(-t_x == t_y && e2 <= t_x)
 4161              		.loc 8 382 38 view .LVU974
 4162 01ca 03EB4C0E 		add	lr, r3, ip, lsl #1
 383:../../libDaisy/src/hid/disp/display.h ****                 {
 4163              		.loc 8 383 17 view .LVU975
 4164 01ce 1CEB000F 		cmn	ip, r0
 382:../../libDaisy/src/hid/disp/display.h ****                 if(-t_x == t_y && e2 <= t_x)
 4165              		.loc 8 382 21 view .LVU976
 4166 01d2 0EF1010E 		add	lr, lr, #1
 4167              	.LVL295:
 383:../../libDaisy/src/hid/disp/display.h ****                 {
ARM GAS  C:\Users\FINNDY~1\AppData\Local\Temp\ccAKb7Rb.s 			page 122


 4168              		.loc 8 383 17 view .LVU977
 4169 01d6 00F0C080 		beq	.L322
 4170              	.LVL296:
 4171              	.L277:
 388:../../libDaisy/src/hid/disp/display.h ****             {
 4172              		.loc 8 388 13 view .LVU978
 4173 01da 9842     		cmp	r0, r3
 4174 01dc 4FDB     		blt	.L278
 4175              	.L293:
 388:../../libDaisy/src/hid/disp/display.h ****             {
 4176              		.loc 8 388 13 view .LVU979
 4177 01de 7346     		mov	r3, lr
 4178              	.LVL297:
 4179              	.L279:
 393:../../libDaisy/src/hid/disp/display.h ****     }
 4180              		.loc 8 393 21 is_stmt 1 view .LVU980
 4181 01e0 0028     		cmp	r0, #0
 4182 01e2 7FF779AF 		ble	.L281
 4183              	.LVL298:
 4184              	.L252:
 394:../../libDaisy/src/hid/disp/display.h **** 
 4185              		.loc 8 394 5 is_stmt 0 view .LVU981
 4186 01e6 03B0     		add	sp, sp, #12
 4187              		.cfi_remember_state
 4188              		.cfi_def_cfa_offset 60
 4189              		@ sp needed
 4190 01e8 BDEC068B 		vldm	sp!, {d8-d10}
 4191              		.cfi_restore 84
 4192              		.cfi_restore 85
 4193              		.cfi_restore 82
 4194              		.cfi_restore 83
 4195              		.cfi_restore 80
 4196              		.cfi_restore 81
 4197              		.cfi_def_cfa_offset 36
 4198              	.LVL299:
 394:../../libDaisy/src/hid/disp/display.h **** 
 4199              		.loc 8 394 5 view .LVU982
 4200 01ec BDE8F08F 		pop	{r4, r5, r6, r7, r8, r9, r10, fp, pc}
 4201              	.LVL300:
 4202              	.L320:
 4203              		.cfi_restore_state
 373:../../libDaisy/src/hid/disp/display.h ****             if(d4)
 4204              		.loc 8 373 43 view .LVU983
 4205 01f0 009D     		ldr	r5, [sp]
 4206 01f2 A6EB0C0E 		sub	lr, r6, ip
 4207 01f6 00EB050A 		add	r10, r0, r5
 4208              	.LVL301:
 4209              	.LBB1151:
 4210              	.LBI1151:
  42:../../libDaisy/src/hid/disp/oled_display.h ****     {
 4211              		.loc 6 42 10 is_stmt 1 view .LVU984
 4212              	.LBB1152:
 4213              	.LBI1152:
 352:../../libDaisy/src/dev/oled_ssd130x.h ****     {
 4214              		.loc 7 352 10 view .LVU985
 4215              	.LBB1153:
 354:../../libDaisy/src/dev/oled_ssd130x.h ****             return;
ARM GAS  C:\Users\FINNDY~1\AppData\Local\Temp\ccAKb7Rb.s 			page 123


 4216              		.loc 7 354 9 is_stmt 0 view .LVU986
 4217 01fa BAF17F0F 		cmp	r10, #127
 4218 01fe DFD8     		bhi	.L273
 4219 0200 BEF13F0F 		cmp	lr, #63
 4220 0204 DCD8     		bhi	.L273
 357:../../libDaisy/src/dev/oled_ssd130x.h ****         else
 4221              		.loc 7 357 28 view .LVU987
 4222 0206 4FEADE0B 		lsr	fp, lr, #3
 356:../../libDaisy/src/dev/oled_ssd130x.h ****             buffer_[x + (y / 8) * width] |= (1 << (y % 8));
 4223              		.loc 7 356 9 view .LVU988
 4224 020a 019D     		ldr	r5, [sp, #4]
 357:../../libDaisy/src/dev/oled_ssd130x.h ****         else
 4225              		.loc 7 357 42 view .LVU989
 4226 020c 0AEBCB1A 		add	r10, r10, fp, lsl #7
 4227              	.LVL302:
 356:../../libDaisy/src/dev/oled_ssd130x.h ****             buffer_[x + (y / 8) * width] |= (1 << (y % 8));
 4228              		.loc 7 356 9 view .LVU990
 4229 0210 002D     		cmp	r5, #0
 4230 0212 00F0B180 		beq	.L274
 357:../../libDaisy/src/dev/oled_ssd130x.h ****         else
 4231              		.loc 7 357 54 view .LVU991
 4232 0216 0EF0070B 		and	fp, lr, #7
 357:../../libDaisy/src/dev/oled_ssd130x.h ****         else
 4233              		.loc 7 357 42 view .LVU992
 4234 021a C244     		add	r10, r10, r8
 357:../../libDaisy/src/dev/oled_ssd130x.h ****         else
 4235              		.loc 7 357 48 view .LVU993
 4236 021c 4FF0010E 		mov	lr, #1
 4237              	.LVL303:
 357:../../libDaisy/src/dev/oled_ssd130x.h ****         else
 4238              		.loc 7 357 48 view .LVU994
 4239 0220 0EFA0BFE 		lsl	lr, lr, fp
 357:../../libDaisy/src/dev/oled_ssd130x.h ****         else
 4240              		.loc 7 357 42 view .LVU995
 4241 0224 9AF810B0 		ldrb	fp, [r10, #16]	@ zero_extendqisi2
 4242 0228 4EEA0B0E 		orr	lr, lr, fp
 4243 022c 8AF810E0 		strb	lr, [r10, #16]
 4244              	.LVL304:
 357:../../libDaisy/src/dev/oled_ssd130x.h ****         else
 4245              		.loc 7 357 42 view .LVU996
 4246              	.LBE1153:
 4247              	.LBE1152:
 4248              	.LBE1151:
 374:../../libDaisy/src/hid/disp/display.h ****                 ((ChildType*)(this))
 4249              		.loc 8 374 13 view .LVU997
 4250 0230 002C     		cmp	r4, #0
 4251 0232 C6D0     		beq	.L275
 4252              	.L321:
 376:../../libDaisy/src/hid/disp/display.h **** 
 4253              		.loc 8 376 43 view .LVU998
 4254 0234 009D     		ldr	r5, [sp]
 4255 0236 A6EB0C0E 		sub	lr, r6, ip
 4256 023a A5EB000A 		sub	r10, r5, r0
 4257              	.LVL305:
 4258              	.LBB1158:
 4259              	.LBI1158:
  42:../../libDaisy/src/hid/disp/oled_display.h ****     {
ARM GAS  C:\Users\FINNDY~1\AppData\Local\Temp\ccAKb7Rb.s 			page 124


 4260              		.loc 6 42 10 is_stmt 1 view .LVU999
 4261              	.LBB1159:
 4262              	.LBI1159:
 352:../../libDaisy/src/dev/oled_ssd130x.h ****     {
 4263              		.loc 7 352 10 view .LVU1000
 4264              	.LBB1160:
 354:../../libDaisy/src/dev/oled_ssd130x.h ****             return;
 4265              		.loc 7 354 9 is_stmt 0 view .LVU1001
 4266 023e BAF17F0F 		cmp	r10, #127
 4267 0242 BED8     		bhi	.L275
 4268 0244 BEF13F0F 		cmp	lr, #63
 4269 0248 BBD8     		bhi	.L275
 357:../../libDaisy/src/dev/oled_ssd130x.h ****         else
 4270              		.loc 7 357 28 view .LVU1002
 4271 024a 4FEADE0B 		lsr	fp, lr, #3
 356:../../libDaisy/src/dev/oled_ssd130x.h ****             buffer_[x + (y / 8) * width] |= (1 << (y % 8));
 4272              		.loc 7 356 9 view .LVU1003
 4273 024e 019D     		ldr	r5, [sp, #4]
 357:../../libDaisy/src/dev/oled_ssd130x.h ****         else
 4274              		.loc 7 357 42 view .LVU1004
 4275 0250 0AEBCB1A 		add	r10, r10, fp, lsl #7
 4276              	.LVL306:
 356:../../libDaisy/src/dev/oled_ssd130x.h ****             buffer_[x + (y / 8) * width] |= (1 << (y % 8));
 4277              		.loc 7 356 9 view .LVU1005
 4278 0254 002D     		cmp	r5, #0
 4279 0256 00F0AE80 		beq	.L276
 357:../../libDaisy/src/dev/oled_ssd130x.h ****         else
 4280              		.loc 7 357 54 view .LVU1006
 4281 025a 0EF0070B 		and	fp, lr, #7
 357:../../libDaisy/src/dev/oled_ssd130x.h ****         else
 4282              		.loc 7 357 42 view .LVU1007
 4283 025e C244     		add	r10, r10, r8
 357:../../libDaisy/src/dev/oled_ssd130x.h ****         else
 4284              		.loc 7 357 48 view .LVU1008
 4285 0260 4FF0010E 		mov	lr, #1
 4286              	.LVL307:
 357:../../libDaisy/src/dev/oled_ssd130x.h ****         else
 4287              		.loc 7 357 48 view .LVU1009
 4288              	.LBE1160:
 4289              	.LBE1159:
 4290              	.LBE1158:
 379:../../libDaisy/src/hid/disp/display.h ****             {
 4291              		.loc 8 379 13 view .LVU1010
 4292 0264 9C45     		cmp	ip, r3
 4293              	.LBB1167:
 4294              	.LBB1165:
 4295              	.LBB1163:
 357:../../libDaisy/src/dev/oled_ssd130x.h ****         else
 4296              		.loc 7 357 48 view .LVU1011
 4297 0266 0EFA0BFE 		lsl	lr, lr, fp
 357:../../libDaisy/src/dev/oled_ssd130x.h ****         else
 4298              		.loc 7 357 42 view .LVU1012
 4299 026a 9AF810B0 		ldrb	fp, [r10, #16]	@ zero_extendqisi2
 4300 026e 4EEA0B0E 		orr	lr, lr, fp
 4301 0272 8AF810E0 		strb	lr, [r10, #16]
 4302              	.LVL308:
 357:../../libDaisy/src/dev/oled_ssd130x.h ****         else
ARM GAS  C:\Users\FINNDY~1\AppData\Local\Temp\ccAKb7Rb.s 			page 125


 4303              		.loc 7 357 42 view .LVU1013
 4304              	.LBE1163:
 4305              	.LBE1165:
 4306              	.LBE1167:
 379:../../libDaisy/src/hid/disp/display.h ****             {
 4307              		.loc 8 379 13 view .LVU1014
 4308 0276 A6DA     		bge	.L323
 4309              	.L292:
 388:../../libDaisy/src/hid/disp/display.h ****             {
 4310              		.loc 8 388 13 view .LVU1015
 4311 0278 9842     		cmp	r0, r3
 4312 027a 9E46     		mov	lr, r3
 4313              	.LVL309:
 388:../../libDaisy/src/hid/disp/display.h ****             {
 4314              		.loc 8 388 13 view .LVU1016
 4315 027c AFDA     		bge	.L293
 4316              	.LVL310:
 4317              	.L278:
 390:../../libDaisy/src/hid/disp/display.h ****                 err = err + (t_x * 2 + 1);
 4318              		.loc 8 390 17 view .LVU1017
 4319 027e 0130     		adds	r0, r0, #1
 4320              	.LVL311:
 391:../../libDaisy/src/hid/disp/display.h ****             }
 4321              		.loc 8 391 38 view .LVU1018
 4322 0280 0EEB4003 		add	r3, lr, r0, lsl #1
 391:../../libDaisy/src/hid/disp/display.h ****             }
 4323              		.loc 8 391 21 view .LVU1019
 4324 0284 0133     		adds	r3, r3, #1
 4325              	.LVL312:
 391:../../libDaisy/src/hid/disp/display.h ****             }
 4326              		.loc 8 391 21 view .LVU1020
 4327 0286 ABE7     		b	.L279
 4328              	.L319:
 370:../../libDaisy/src/hid/disp/display.h ****             if(d3)
 4329              		.loc 8 370 43 view .LVU1021
 4330 0288 009D     		ldr	r5, [sp]
 4331 028a 0CEB060E 		add	lr, ip, r6
 4332 028e 00EB050A 		add	r10, r0, r5
 4333              	.LVL313:
 4334              	.LBB1168:
 4335              	.LBI1168:
  42:../../libDaisy/src/hid/disp/oled_display.h ****     {
 4336              		.loc 6 42 10 is_stmt 1 view .LVU1022
 4337              	.LBB1169:
 4338              	.LBI1169:
 352:../../libDaisy/src/dev/oled_ssd130x.h ****     {
 4339              		.loc 7 352 10 view .LVU1023
 4340              	.LBB1170:
 354:../../libDaisy/src/dev/oled_ssd130x.h ****             return;
 4341              		.loc 7 354 9 is_stmt 0 view .LVU1024
 4342 0292 BAF17F0F 		cmp	r10, #127
 4343 0296 92D8     		bhi	.L271
 4344 0298 BEF13F0F 		cmp	lr, #63
 4345 029c 8FD8     		bhi	.L271
 357:../../libDaisy/src/dev/oled_ssd130x.h ****         else
 4346              		.loc 7 357 28 view .LVU1025
 4347 029e 4FEADE0B 		lsr	fp, lr, #3
ARM GAS  C:\Users\FINNDY~1\AppData\Local\Temp\ccAKb7Rb.s 			page 126


 356:../../libDaisy/src/dev/oled_ssd130x.h ****             buffer_[x + (y / 8) * width] |= (1 << (y % 8));
 4348              		.loc 7 356 9 view .LVU1026
 4349 02a2 019D     		ldr	r5, [sp, #4]
 357:../../libDaisy/src/dev/oled_ssd130x.h ****         else
 4350              		.loc 7 357 42 view .LVU1027
 4351 02a4 0AEBCB1A 		add	r10, r10, fp, lsl #7
 4352              	.LVL314:
 356:../../libDaisy/src/dev/oled_ssd130x.h ****             buffer_[x + (y / 8) * width] |= (1 << (y % 8));
 4353              		.loc 7 356 9 view .LVU1028
 4354 02a8 002D     		cmp	r5, #0
 4355 02aa 73D0     		beq	.L272
 357:../../libDaisy/src/dev/oled_ssd130x.h ****         else
 4356              		.loc 7 357 54 view .LVU1029
 4357 02ac 0EF0070B 		and	fp, lr, #7
 357:../../libDaisy/src/dev/oled_ssd130x.h ****         else
 4358              		.loc 7 357 42 view .LVU1030
 4359 02b0 C244     		add	r10, r10, r8
 357:../../libDaisy/src/dev/oled_ssd130x.h ****         else
 4360              		.loc 7 357 48 view .LVU1031
 4361 02b2 4FF0010E 		mov	lr, #1
 4362              	.LVL315:
 357:../../libDaisy/src/dev/oled_ssd130x.h ****         else
 4363              		.loc 7 357 48 view .LVU1032
 4364 02b6 0EFA0BFE 		lsl	lr, lr, fp
 357:../../libDaisy/src/dev/oled_ssd130x.h ****         else
 4365              		.loc 7 357 42 view .LVU1033
 4366 02ba 9AF810B0 		ldrb	fp, [r10, #16]	@ zero_extendqisi2
 4367 02be 4EEA0B0E 		orr	lr, lr, fp
 4368 02c2 8AF810E0 		strb	lr, [r10, #16]
 4369              	.LVL316:
 357:../../libDaisy/src/dev/oled_ssd130x.h ****         else
 4370              		.loc 7 357 42 view .LVU1034
 4371              	.LBE1170:
 4372              	.LBE1169:
 4373              	.LBE1168:
 371:../../libDaisy/src/hid/disp/display.h ****                 ((ChildType*)(this))
 4374              		.loc 8 371 13 view .LVU1035
 4375 02c6 002F     		cmp	r7, #0
 4376 02c8 3FF47AAF 		beq	.L273
 4377 02cc 90E7     		b	.L320
 4378              	.L318:
 367:../../libDaisy/src/hid/disp/display.h ****             if(d2)
 4379              		.loc 8 367 43 view .LVU1036
 4380 02ce 009D     		ldr	r5, [sp]
 4381 02d0 0CEB060E 		add	lr, ip, r6
 4382 02d4 A5EB000A 		sub	r10, r5, r0
 4383              	.LVL317:
 4384              	.LBB1175:
 4385              	.LBI1175:
  42:../../libDaisy/src/hid/disp/oled_display.h ****     {
 4386              		.loc 6 42 10 is_stmt 1 view .LVU1037
 4387              	.LBB1176:
 4388              	.LBI1176:
 352:../../libDaisy/src/dev/oled_ssd130x.h ****     {
 4389              		.loc 7 352 10 view .LVU1038
 4390              	.LBB1177:
 354:../../libDaisy/src/dev/oled_ssd130x.h ****             return;
ARM GAS  C:\Users\FINNDY~1\AppData\Local\Temp\ccAKb7Rb.s 			page 127


 4391              		.loc 7 354 9 is_stmt 0 view .LVU1039
 4392 02d8 BAF17F0F 		cmp	r10, #127
 4393 02dc 3FF66DAF 		bhi	.L269
 4394 02e0 BEF13F0F 		cmp	lr, #63
 4395 02e4 3FF669AF 		bhi	.L269
 357:../../libDaisy/src/dev/oled_ssd130x.h ****         else
 4396              		.loc 7 357 28 view .LVU1040
 4397 02e8 4FEADE0B 		lsr	fp, lr, #3
 356:../../libDaisy/src/dev/oled_ssd130x.h ****             buffer_[x + (y / 8) * width] |= (1 << (y % 8));
 4398              		.loc 7 356 9 view .LVU1041
 4399 02ec 019D     		ldr	r5, [sp, #4]
 357:../../libDaisy/src/dev/oled_ssd130x.h ****         else
 4400              		.loc 7 357 42 view .LVU1042
 4401 02ee 0AEBCB1A 		add	r10, r10, fp, lsl #7
 4402              	.LVL318:
 356:../../libDaisy/src/dev/oled_ssd130x.h ****             buffer_[x + (y / 8) * width] |= (1 << (y % 8));
 4403              		.loc 7 356 9 view .LVU1043
 4404 02f2 002D     		cmp	r5, #0
 4405 02f4 6DD0     		beq	.L270
 357:../../libDaisy/src/dev/oled_ssd130x.h ****         else
 4406              		.loc 7 357 54 view .LVU1044
 4407 02f6 0EF0070B 		and	fp, lr, #7
 357:../../libDaisy/src/dev/oled_ssd130x.h ****         else
 4408              		.loc 7 357 42 view .LVU1045
 4409 02fa C244     		add	r10, r10, r8
 357:../../libDaisy/src/dev/oled_ssd130x.h ****         else
 4410              		.loc 7 357 48 view .LVU1046
 4411 02fc 4FF0010E 		mov	lr, #1
 4412              	.LVL319:
 357:../../libDaisy/src/dev/oled_ssd130x.h ****         else
 4413              		.loc 7 357 48 view .LVU1047
 4414 0300 0EFA0BFE 		lsl	lr, lr, fp
 357:../../libDaisy/src/dev/oled_ssd130x.h ****         else
 4415              		.loc 7 357 42 view .LVU1048
 4416 0304 9AF810B0 		ldrb	fp, [r10, #16]	@ zero_extendqisi2
 4417 0308 4EEA0B0E 		orr	lr, lr, fp
 4418 030c 8AF810E0 		strb	lr, [r10, #16]
 4419              	.LVL320:
 357:../../libDaisy/src/dev/oled_ssd130x.h ****         else
 4420              		.loc 7 357 42 view .LVU1049
 4421              	.LBE1177:
 4422              	.LBE1176:
 4423              	.LBE1175:
 368:../../libDaisy/src/hid/disp/display.h ****                 ((ChildType*)(this))
 4424              		.loc 8 368 13 view .LVU1050
 4425 0310 0029     		cmp	r1, #0
 4426 0312 3FF454AF 		beq	.L271
 4427 0316 B7E7     		b	.L319
 4428              	.LVL321:
 4429              	.L258:
 358:../../libDaisy/src/hid/disp/display.h ****                     d2 = (t_sxy - t_syx < 0 && t_exy - t_eyx > 0);
 4430              		.loc 8 358 46 view .LVU1051
 4431 0318 F1EE10FA 		vmrs	APSR_nzcv, FPSCR
 4432 031c 7ED4     		bmi	.L324
 4433 031e 4A46     		mov	r2, r9
 4434              	.L262:
 4435              	.LVL322:
ARM GAS  C:\Users\FINNDY~1\AppData\Local\Temp\ccAKb7Rb.s 			page 128


 359:../../libDaisy/src/hid/disp/display.h ****                     d3 = (t_sxny - t_syx < 0 && t_exny - t_eyx > 0);
 4436              		.loc 8 359 33 discriminator 6 view .LVU1052
 4437 0320 74EEC54A 		vsub.f32	s9, s9, s10
 4438              	.LVL323:
 359:../../libDaisy/src/hid/disp/display.h ****                     d3 = (t_sxny - t_syx < 0 && t_exny - t_eyx > 0);
 4439              		.loc 8 359 45 discriminator 6 view .LVU1053
 4440 0324 F5EEC04A 		vcmpe.f32	s9, #0
 4441 0328 F1EE10FA 		vmrs	APSR_nzcv, FPSCR
 4442 032c 6CD4     		bmi	.L325
 359:../../libDaisy/src/hid/disp/display.h ****                     d3 = (t_sxny - t_syx < 0 && t_exny - t_eyx > 0);
 4443              		.loc 8 359 45 view .LVU1054
 4444 032e 0021     		movs	r1, #0
 4445              	.LVL324:
 4446              	.L264:
 360:../../libDaisy/src/hid/disp/display.h ****                     d4 = (t_sxny - t_synx < 0 && t_exny - t_eynx > 0);
 4447              		.loc 8 360 34 discriminator 6 view .LVU1055
 4448 0330 35EEC55A 		vsub.f32	s10, s11, s10
 4449              	.LVL325:
 360:../../libDaisy/src/hid/disp/display.h ****                     d4 = (t_sxny - t_synx < 0 && t_exny - t_eynx > 0);
 4450              		.loc 8 360 46 discriminator 6 view .LVU1056
 4451 0334 B5EEC05A 		vcmpe.f32	s10, #0
 4452 0338 F1EE10FA 		vmrs	APSR_nzcv, FPSCR
 4453 033c 5AD4     		bmi	.L326
 360:../../libDaisy/src/hid/disp/display.h ****                     d4 = (t_sxny - t_synx < 0 && t_exny - t_eynx > 0);
 4454              		.loc 8 360 46 view .LVU1057
 4455 033e 0027     		movs	r7, #0
 4456              	.LVL326:
 4457              	.L266:
 361:../../libDaisy/src/hid/disp/display.h ****                 }
 4458              		.loc 8 361 34 discriminator 6 view .LVU1058
 4459 0340 75EEC45A 		vsub.f32	s11, s11, s8
 4460              	.LVL327:
 361:../../libDaisy/src/hid/disp/display.h ****                 }
 4461              		.loc 8 361 47 discriminator 6 view .LVU1059
 4462 0344 F5EEC05A 		vcmpe.f32	s11, #0
 4463 0348 F1EE10FA 		vmrs	APSR_nzcv, FPSCR
 4464 034c 3FF529AF 		bmi	.L317
 361:../../libDaisy/src/hid/disp/display.h ****                 }
 4465              		.loc 8 361 47 view .LVU1060
 4466 0350 0024     		movs	r4, #0
 4467              	.LVL328:
 365:../../libDaisy/src/hid/disp/display.h ****                 ((ChildType*)(this))
 4468              		.loc 8 365 13 view .LVU1061
 4469 0352 002A     		cmp	r2, #0
 4470 0354 3FF431AF 		beq	.L269
 4471 0358 B9E7     		b	.L318
 4472              	.LVL329:
 4473              	.L322:
 383:../../libDaisy/src/hid/disp/display.h ****                 {
 4474              		.loc 8 383 32 discriminator 1 view .LVU1062
 4475 035a 9842     		cmp	r0, r3
 4476 035c 8FDB     		blt	.L278
 385:../../libDaisy/src/hid/disp/display.h ****                 }
 4477              		.loc 8 385 24 view .LVU1063
 4478 035e 0023     		movs	r3, #0
 4479              	.LVL330:
 385:../../libDaisy/src/hid/disp/display.h ****                 }
ARM GAS  C:\Users\FINNDY~1\AppData\Local\Temp\ccAKb7Rb.s 			page 129


 4480              		.loc 8 385 24 view .LVU1064
 4481 0360 3BE7     		b	.L277
 4482              	.L330:
 4483 0362 00BFAFF3 		.align	3
 4483      0080
 4484              	.L329:
 4485 0368 7A008BFC 		.word	-57999238
 4486 036c FA210940 		.word	1074340346
 4487 0370 00000000 		.word	0
 4488 0374 00806640 		.word	1080459264
 4489              	.LVL331:
 4490              	.L274:
 4491              	.LBB1182:
 4492              	.LBB1157:
 4493              	.LBB1156:
 4494              	.LBB1154:
 4495              	.LBI1154:
 352:../../libDaisy/src/dev/oled_ssd130x.h ****     {
 4496              		.loc 7 352 10 is_stmt 1 view .LVU1065
 4497              	.LBB1155:
 359:../../libDaisy/src/dev/oled_ssd130x.h ****     }
 4498              		.loc 7 359 42 is_stmt 0 view .LVU1066
 4499 0378 C244     		add	r10, r10, r8
 4500              	.LVL332:
 359:../../libDaisy/src/dev/oled_ssd130x.h ****     }
 4501              		.loc 7 359 49 view .LVU1067
 4502 037a 4FF0010B 		mov	fp, #1
 4503              	.LVL333:
 359:../../libDaisy/src/dev/oled_ssd130x.h ****     }
 4504              		.loc 7 359 55 view .LVU1068
 4505 037e 0EF0070E 		and	lr, lr, #7
 4506              	.LVL334:
 359:../../libDaisy/src/dev/oled_ssd130x.h ****     }
 4507              		.loc 7 359 49 view .LVU1069
 4508 0382 0BFA0EFE 		lsl	lr, fp, lr
 359:../../libDaisy/src/dev/oled_ssd130x.h ****     }
 4509              		.loc 7 359 42 view .LVU1070
 4510 0386 9AF810B0 		ldrb	fp, [r10, #16]	@ zero_extendqisi2
 4511 038a 2BEA0E0E 		bic	lr, fp, lr
 4512 038e 8AF810E0 		strb	lr, [r10, #16]
 4513              	.LVL335:
 359:../../libDaisy/src/dev/oled_ssd130x.h ****     }
 4514              		.loc 7 359 42 view .LVU1071
 4515 0392 15E7     		b	.L273
 4516              	.LVL336:
 4517              	.L272:
 359:../../libDaisy/src/dev/oled_ssd130x.h ****     }
 4518              		.loc 7 359 42 view .LVU1072
 4519              	.LBE1155:
 4520              	.LBE1154:
 4521              	.LBE1156:
 4522              	.LBE1157:
 4523              	.LBE1182:
 4524              	.LBB1183:
 4525              	.LBB1174:
 4526              	.LBB1173:
 4527              	.LBB1171:
ARM GAS  C:\Users\FINNDY~1\AppData\Local\Temp\ccAKb7Rb.s 			page 130


 4528              	.LBI1171:
 352:../../libDaisy/src/dev/oled_ssd130x.h ****     {
 4529              		.loc 7 352 10 is_stmt 1 view .LVU1073
 4530              	.LBB1172:
 359:../../libDaisy/src/dev/oled_ssd130x.h ****     }
 4531              		.loc 7 359 42 is_stmt 0 view .LVU1074
 4532 0394 C244     		add	r10, r10, r8
 4533              	.LVL337:
 359:../../libDaisy/src/dev/oled_ssd130x.h ****     }
 4534              		.loc 7 359 49 view .LVU1075
 4535 0396 4FF0010B 		mov	fp, #1
 4536              	.LVL338:
 359:../../libDaisy/src/dev/oled_ssd130x.h ****     }
 4537              		.loc 7 359 55 view .LVU1076
 4538 039a 0EF0070E 		and	lr, lr, #7
 4539              	.LVL339:
 359:../../libDaisy/src/dev/oled_ssd130x.h ****     }
 4540              		.loc 7 359 49 view .LVU1077
 4541 039e 0BFA0EFE 		lsl	lr, fp, lr
 359:../../libDaisy/src/dev/oled_ssd130x.h ****     }
 4542              		.loc 7 359 42 view .LVU1078
 4543 03a2 9AF810B0 		ldrb	fp, [r10, #16]	@ zero_extendqisi2
 4544 03a6 2BEA0E0E 		bic	lr, fp, lr
 4545 03aa 8AF810E0 		strb	lr, [r10, #16]
 4546              	.LVL340:
 359:../../libDaisy/src/dev/oled_ssd130x.h ****     }
 4547              		.loc 7 359 42 view .LVU1079
 4548              	.LBE1172:
 4549              	.LBE1171:
 4550              	.LBE1173:
 4551              	.LBE1174:
 4552              	.LBE1183:
 371:../../libDaisy/src/hid/disp/display.h ****                 ((ChildType*)(this))
 4553              		.loc 8 371 13 view .LVU1080
 4554 03ae 002F     		cmp	r7, #0
 4555 03b0 3FF406AF 		beq	.L273
 4556 03b4 1CE7     		b	.L320
 4557              	.LVL341:
 4558              	.L276:
 4559              	.LBB1184:
 4560              	.LBB1166:
 4561              	.LBB1164:
 4562              	.LBB1161:
 4563              	.LBI1161:
 352:../../libDaisy/src/dev/oled_ssd130x.h ****     {
 4564              		.loc 7 352 10 is_stmt 1 view .LVU1081
 4565              	.LBB1162:
 359:../../libDaisy/src/dev/oled_ssd130x.h ****     }
 4566              		.loc 7 359 42 is_stmt 0 view .LVU1082
 4567 03b6 C244     		add	r10, r10, r8
 4568              	.LVL342:
 359:../../libDaisy/src/dev/oled_ssd130x.h ****     }
 4569              		.loc 7 359 49 view .LVU1083
 4570 03b8 4FF0010B 		mov	fp, #1
 4571              	.LVL343:
 359:../../libDaisy/src/dev/oled_ssd130x.h ****     }
 4572              		.loc 7 359 55 view .LVU1084
ARM GAS  C:\Users\FINNDY~1\AppData\Local\Temp\ccAKb7Rb.s 			page 131


 4573 03bc 0EF0070E 		and	lr, lr, #7
 4574              	.LVL344:
 359:../../libDaisy/src/dev/oled_ssd130x.h ****     }
 4575              		.loc 7 359 49 view .LVU1085
 4576 03c0 0BFA0EFE 		lsl	lr, fp, lr
 359:../../libDaisy/src/dev/oled_ssd130x.h ****     }
 4577              		.loc 7 359 42 view .LVU1086
 4578 03c4 9AF810B0 		ldrb	fp, [r10, #16]	@ zero_extendqisi2
 4579 03c8 2BEA0E0E 		bic	lr, fp, lr
 4580 03cc 8AF810E0 		strb	lr, [r10, #16]
 4581              	.LVL345:
 359:../../libDaisy/src/dev/oled_ssd130x.h ****     }
 4582              		.loc 7 359 42 view .LVU1087
 4583 03d0 F7E6     		b	.L275
 4584              	.LVL346:
 4585              	.L270:
 359:../../libDaisy/src/dev/oled_ssd130x.h ****     }
 4586              		.loc 7 359 42 view .LVU1088
 4587              	.LBE1162:
 4588              	.LBE1161:
 4589              	.LBE1164:
 4590              	.LBE1166:
 4591              	.LBE1184:
 4592              	.LBB1185:
 4593              	.LBB1181:
 4594              	.LBB1180:
 4595              	.LBB1178:
 4596              	.LBI1178:
 352:../../libDaisy/src/dev/oled_ssd130x.h ****     {
 4597              		.loc 7 352 10 is_stmt 1 view .LVU1089
 4598              	.LBB1179:
 359:../../libDaisy/src/dev/oled_ssd130x.h ****     }
 4599              		.loc 7 359 42 is_stmt 0 view .LVU1090
 4600 03d2 C244     		add	r10, r10, r8
 4601              	.LVL347:
 359:../../libDaisy/src/dev/oled_ssd130x.h ****     }
 4602              		.loc 7 359 49 view .LVU1091
 4603 03d4 4FF0010B 		mov	fp, #1
 4604              	.LVL348:
 359:../../libDaisy/src/dev/oled_ssd130x.h ****     }
 4605              		.loc 7 359 55 view .LVU1092
 4606 03d8 0EF0070E 		and	lr, lr, #7
 4607              	.LVL349:
 359:../../libDaisy/src/dev/oled_ssd130x.h ****     }
 4608              		.loc 7 359 49 view .LVU1093
 4609 03dc 0BFA0EFE 		lsl	lr, fp, lr
 359:../../libDaisy/src/dev/oled_ssd130x.h ****     }
 4610              		.loc 7 359 42 view .LVU1094
 4611 03e0 9AF810B0 		ldrb	fp, [r10, #16]	@ zero_extendqisi2
 4612 03e4 2BEA0E0E 		bic	lr, fp, lr
 4613 03e8 8AF810E0 		strb	lr, [r10, #16]
 4614              	.LVL350:
 359:../../libDaisy/src/dev/oled_ssd130x.h ****     }
 4615              		.loc 7 359 42 view .LVU1095
 4616              	.LBE1179:
 4617              	.LBE1178:
 4618              	.LBE1180:
ARM GAS  C:\Users\FINNDY~1\AppData\Local\Temp\ccAKb7Rb.s 			page 132


 4619              	.LBE1181:
 4620              	.LBE1185:
 368:../../libDaisy/src/hid/disp/display.h ****                 ((ChildType*)(this))
 4621              		.loc 8 368 13 view .LVU1096
 4622 03ec 0029     		cmp	r1, #0
 4623 03ee 3FF4E6AE 		beq	.L271
 4624 03f2 49E7     		b	.L319
 4625              	.LVL351:
 4626              	.L326:
 360:../../libDaisy/src/hid/disp/display.h ****                     d4 = (t_sxny - t_synx < 0 && t_exny - t_eynx > 0);
 4627              		.loc 8 360 56 discriminator 1 view .LVU1097
 4628 03f4 77EEE66A 		vsub.f32	s13, s15, s13
 4629              	.LVL352:
 360:../../libDaisy/src/hid/disp/display.h ****                     d4 = (t_sxny - t_synx < 0 && t_exny - t_eynx > 0);
 4630              		.loc 8 360 46 discriminator 1 view .LVU1098
 4631 03f8 F5EEC06A 		vcmpe.f32	s13, #0
 4632 03fc F1EE10FA 		vmrs	APSR_nzcv, FPSCR
 4633 0400 CCBF     		ite	gt
 4634 0402 0127     		movgt	r7, #1
 4635              	.LVL353:
 360:../../libDaisy/src/hid/disp/display.h ****                     d4 = (t_sxny - t_synx < 0 && t_exny - t_eynx > 0);
 4636              		.loc 8 360 46 discriminator 1 view .LVU1099
 4637 0404 0027     		movle	r7, #0
 4638 0406 9BE7     		b	.L266
 4639              	.LVL354:
 4640              	.L325:
 359:../../libDaisy/src/hid/disp/display.h ****                     d3 = (t_sxny - t_syx < 0 && t_exny - t_eyx > 0);
 4641              		.loc 8 359 54 discriminator 1 view .LVU1100
 4642 0408 36EE666A 		vsub.f32	s12, s12, s13
 4643              	.LVL355:
 359:../../libDaisy/src/hid/disp/display.h ****                     d3 = (t_sxny - t_syx < 0 && t_exny - t_eyx > 0);
 4644              		.loc 8 359 45 discriminator 1 view .LVU1101
 4645 040c B5EEC06A 		vcmpe.f32	s12, #0
 4646 0410 F1EE10FA 		vmrs	APSR_nzcv, FPSCR
 4647 0414 CCBF     		ite	gt
 4648 0416 0121     		movgt	r1, #1
 4649 0418 0021     		movle	r1, #0
 4650 041a 89E7     		b	.L264
 4651              	.LVL356:
 4652              	.L324:
 358:../../libDaisy/src/hid/disp/display.h ****                     d2 = (t_sxy - t_syx < 0 && t_exy - t_eyx > 0);
 4653              		.loc 8 358 55 discriminator 1 view .LVU1102
 4654 041c 76EE473A 		vsub.f32	s7, s12, s14
 358:../../libDaisy/src/hid/disp/display.h ****                     d2 = (t_sxy - t_syx < 0 && t_exy - t_eyx > 0);
 4655              		.loc 8 358 46 discriminator 1 view .LVU1103
 4656 0420 F5EEC03A 		vcmpe.f32	s7, #0
 4657 0424 F1EE10FA 		vmrs	APSR_nzcv, FPSCR
 4658 0428 CCBF     		ite	gt
 4659 042a 0122     		movgt	r2, #1
 4660 042c 0022     		movle	r2, #0
 4661 042e 77E7     		b	.L262
 4662              	.LVL357:
 4663              	.L287:
 354:../../libDaisy/src/hid/disp/display.h ****                 }
 4664              		.loc 8 354 47 view .LVU1104
 4665 0430 0124     		movs	r4, #1
 4666              	.LVL358:
ARM GAS  C:\Users\FINNDY~1\AppData\Local\Temp\ccAKb7Rb.s 			page 133


 365:../../libDaisy/src/hid/disp/display.h ****                 ((ChildType*)(this))
 4667              		.loc 8 365 13 view .LVU1105
 4668 0432 002A     		cmp	r2, #0
 4669 0434 3FF4C1AE 		beq	.L269
 365:../../libDaisy/src/hid/disp/display.h ****                 ((ChildType*)(this))
 4670              		.loc 8 365 13 view .LVU1106
 4671 0438 49E7     		b	.L318
 4672              	.LVL359:
 4673              	.L284:
 352:../../libDaisy/src/hid/disp/display.h ****                     d3 = (t_sxny - t_syx < 0 || t_exny - t_eyx > 0);
 4674              		.loc 8 352 33 view .LVU1107
 4675 043a 74EEC54A 		vsub.f32	s9, s9, s10
 4676              	.LVL360:
 351:../../libDaisy/src/hid/disp/display.h ****                     d2 = (t_sxy - t_syx < 0 || t_exy - t_eyx > 0);
 4677              		.loc 8 351 46 view .LVU1108
 4678 043e 0122     		movs	r2, #1
 4679              	.LVL361:
 352:../../libDaisy/src/hid/disp/display.h ****                     d3 = (t_sxny - t_syx < 0 || t_exny - t_eyx > 0);
 4680              		.loc 8 352 45 view .LVU1109
 4681 0440 F5EEC04A 		vcmpe.f32	s9, #0
 4682 0444 F1EE10FA 		vmrs	APSR_nzcv, FPSCR
 4683 0448 7FF589AE 		bpl	.L327
 4684              	.L285:
 353:../../libDaisy/src/hid/disp/display.h ****                     d4 = (t_sxny - t_synx < 0 || t_exny - t_eynx > 0);
 4685              		.loc 8 353 34 view .LVU1110
 4686 044c 35EEC55A 		vsub.f32	s10, s11, s10
 4687              	.LVL362:
 352:../../libDaisy/src/hid/disp/display.h ****                     d3 = (t_sxny - t_syx < 0 || t_exny - t_eyx > 0);
 4688              		.loc 8 352 45 view .LVU1111
 4689 0450 0121     		movs	r1, #1
 4690              	.LVL363:
 353:../../libDaisy/src/hid/disp/display.h ****                     d4 = (t_sxny - t_synx < 0 || t_exny - t_eynx > 0);
 4691              		.loc 8 353 46 view .LVU1112
 4692 0452 B5EEC05A 		vcmpe.f32	s10, #0
 4693 0456 F1EE10FA 		vmrs	APSR_nzcv, FPSCR
 4694 045a 7FF591AE 		bpl	.L328
 4695              	.LVL364:
 4696              	.L286:
 353:../../libDaisy/src/hid/disp/display.h ****                     d4 = (t_sxny - t_synx < 0 || t_exny - t_eynx > 0);
 4697              		.loc 8 353 46 view .LVU1113
 4698 045e 0127     		movs	r7, #1
 4699              	.LVL365:
 353:../../libDaisy/src/hid/disp/display.h ****                     d4 = (t_sxny - t_synx < 0 || t_exny - t_eynx > 0);
 4700              		.loc 8 353 46 view .LVU1114
 4701 0460 97E6     		b	.L261
 4702              	.LVL366:
 4703              	.L253:
 308:../../libDaisy/src/hid/disp/display.h ****             sweep = -sweep;
 4704              		.loc 8 308 25 view .LVU1115
 4705 0462 DDE91223 		ldrd	r2, r3, [sp, #72]
 4706              	.LVL367:
 308:../../libDaisy/src/hid/disp/display.h ****             sweep = -sweep;
 4707              		.loc 8 308 25 view .LVU1116
 4708 0466 1344     		add	r3, r3, r2
 4709              	.LVL368:
 308:../../libDaisy/src/hid/disp/display.h ****             sweep = -sweep;
 4710              		.loc 8 308 25 view .LVU1117
ARM GAS  C:\Users\FINNDY~1\AppData\Local\Temp\ccAKb7Rb.s 			page 134


 4711 0468 06EE102A 		vmov	s12, r2	@ int
 4712 046c 1293     		str	r3, [sp, #72]
 4713 046e 139B     		ldr	r3, [sp, #76]
 4714              	.LVL369:
 308:../../libDaisy/src/hid/disp/display.h ****             sweep = -sweep;
 4715              		.loc 8 308 25 view .LVU1118
 4716 0470 5B42     		rsbs	r3, r3, #0
 4717 0472 1393     		str	r3, [sp, #76]
 4718              	.LVL370:
 308:../../libDaisy/src/hid/disp/display.h ****             sweep = -sweep;
 4719              		.loc 8 308 25 view .LVU1119
 4720 0474 D8E5     		b	.L254
 4721              		.cfi_endproc
 4722              	.LFE7621:
 4724 0476 00BF     		.section	.text._ZN5daisy25OneBitGraphicsDisplayImplINS_11OledDisplayINS_13SSD130xDriverILj128ELj64
 4725              		.align	1
 4726              		.p2align 2,,3
 4727              		.weak	_ZN5daisy25OneBitGraphicsDisplayImplINS_11OledDisplayINS_13SSD130xDriverILj128ELj64ENS_19SSD
 4728              		.syntax unified
 4729              		.thumb
 4730              		.thumb_func
 4731              		.fpu fpv5-d16
 4733              	_ZN5daisy25OneBitGraphicsDisplayImplINS_11OledDisplayINS_13SSD130xDriverILj128ELj64ENS_19SSD130xI2C
 4734              	.LVL371:
 4735              	.LFB7620:
 257:../../libDaisy/src/hid/disp/display.h ****                   uint_fast8_t y1,
 4736              		.loc 8 257 10 is_stmt 1 view -0
 4737              		.cfi_startproc
 4738              		@ args = 12, pretend = 0, frame = 24
 4739              		@ frame_needed = 0, uses_anonymous_args = 0
 257:../../libDaisy/src/hid/disp/display.h ****                   uint_fast8_t y1,
 4740              		.loc 8 257 10 is_stmt 0 view .LVU1121
 4741 0000 2DE9F04F 		push	{r4, r5, r6, r7, r8, r9, r10, fp, lr}
 4742              		.cfi_def_cfa_offset 36
 4743              		.cfi_offset 4, -36
 4744              		.cfi_offset 5, -32
 4745              		.cfi_offset 6, -28
 4746              		.cfi_offset 7, -24
 4747              		.cfi_offset 8, -20
 4748              		.cfi_offset 9, -16
 4749              		.cfi_offset 10, -12
 4750              		.cfi_offset 11, -8
 4751              		.cfi_offset 14, -4
 4752 0004 87B0     		sub	sp, sp, #28
 4753              		.cfi_def_cfa_offset 64
 257:../../libDaisy/src/hid/disp/display.h ****                   uint_fast8_t y1,
 4754              		.loc 8 257 10 view .LVU1122
 4755 0006 9DF84850 		ldrb	r5, [sp, #72]	@ zero_extendqisi2
 4756 000a 109C     		ldr	r4, [sp, #64]
 4757 000c 2E46     		mov	r6, r5
 4758 000e 0195     		str	r5, [sp, #4]
 4759 0010 9DF84450 		ldrb	r5, [sp, #68]	@ zero_extendqisi2
 4760              	.LBB1255:
 264:../../libDaisy/src/hid/disp/display.h ****         {
 4761              		.loc 8 264 9 view .LVU1123
 4762 0014 9EB3     		cbz	r6, .L332
 4763              	.LVL372:
ARM GAS  C:\Users\FINNDY~1\AppData\Local\Temp\ccAKb7Rb.s 			page 135


 264:../../libDaisy/src/hid/disp/display.h ****         {
 4764              		.loc 8 264 9 view .LVU1124
 4765              	.LBE1255:
 4766              	.LBB1377:
 4767              	.LBB1378:
 266:../../libDaisy/src/hid/disp/display.h ****             {
 4768              		.loc 8 266 40 is_stmt 1 view .LVU1125
 4769 0016 9942     		cmp	r1, r3
 4770 0018 2ED8     		bhi	.L331
 4771 001a 9946     		mov	r9, r3
 4772              	.LVL373:
 4773              	.L335:
 4774              	.LBB1379:
 268:../../libDaisy/src/hid/disp/display.h ****                 {
 4775              		.loc 8 268 44 view .LVU1126
 4776 001c A242     		cmp	r2, r4
 4777 001e 28D8     		bhi	.L338
 4778              	.LBB1380:
 4779              	.LBB1381:
 4780              	.LBB1382:
 354:../../libDaisy/src/dev/oled_ssd130x.h ****             return;
 4781              		.loc 7 354 14 is_stmt 0 view .LVU1127
 4782 0020 7F29     		cmp	r1, #127
 4783 0022 1646     		mov	r6, r2
 4784 0024 94BF     		ite	ls
 4785 0026 0023     		movls	r3, #0
 4786 0028 0123     		movhi	r3, #1
 4787 002a 08E0     		b	.L339
 4788              	.LVL374:
 4789              	.L422:
 357:../../libDaisy/src/dev/oled_ssd130x.h ****         else
 4790              		.loc 7 357 42 view .LVU1128
 4791 002c 9CF81080 		ldrb	r8, [ip, #16]	@ zero_extendqisi2
 4792 0030 4EEA080E 		orr	lr, lr, r8
 4793 0034 8CF810E0 		strb	lr, [ip, #16]
 4794              	.LVL375:
 4795              	.L336:
 357:../../libDaisy/src/dev/oled_ssd130x.h ****         else
 4796              		.loc 7 357 42 view .LVU1129
 4797              	.LBE1382:
 4798              	.LBE1381:
 4799              	.LBE1380:
 268:../../libDaisy/src/hid/disp/display.h ****                 {
 4800              		.loc 8 268 17 is_stmt 1 view .LVU1130
 4801 0038 0136     		adds	r6, r6, #1
 4802              	.LVL376:
 268:../../libDaisy/src/hid/disp/display.h ****                 {
 4803              		.loc 8 268 44 view .LVU1131
 4804 003a B442     		cmp	r4, r6
 4805 003c 19D3     		bcc	.L338
 4806              	.L339:
 4807              	.LVL377:
 4808              	.LBB1396:
 4809              	.LBI1380:
  42:../../libDaisy/src/hid/disp/oled_display.h ****     {
 4810              		.loc 6 42 10 view .LVU1132
 4811              	.LBB1393:
ARM GAS  C:\Users\FINNDY~1\AppData\Local\Temp\ccAKb7Rb.s 			page 136


 4812              	.LBI1381:
 352:../../libDaisy/src/dev/oled_ssd130x.h ****     {
 4813              		.loc 7 352 10 view .LVU1133
 4814              	.LBB1390:
 354:../../libDaisy/src/dev/oled_ssd130x.h ****             return;
 4815              		.loc 7 354 9 is_stmt 0 view .LVU1134
 4816 003e 3F2E     		cmp	r6, #63
 4817 0040 FAD8     		bhi	.L336
 354:../../libDaisy/src/dev/oled_ssd130x.h ****             return;
 4818              		.loc 7 354 9 view .LVU1135
 4819 0042 002B     		cmp	r3, #0
 4820 0044 F8D1     		bne	.L336
 4821              	.LVL378:
 4822              	.LBB1383:
 4823              	.LBI1383:
 352:../../libDaisy/src/dev/oled_ssd130x.h ****     {
 4824              		.loc 7 352 10 is_stmt 1 view .LVU1136
 352:../../libDaisy/src/dev/oled_ssd130x.h ****     {
 4825              		.loc 7 352 10 is_stmt 0 view .LVU1137
 4826              	.LBE1383:
 357:../../libDaisy/src/dev/oled_ssd130x.h ****         else
 4827              		.loc 7 357 28 view .LVU1138
 4828 0046 4FEAD60C 		lsr	ip, r6, #3
 357:../../libDaisy/src/dev/oled_ssd130x.h ****         else
 4829              		.loc 7 357 54 view .LVU1139
 4830 004a 06F0070E 		and	lr, r6, #7
 357:../../libDaisy/src/dev/oled_ssd130x.h ****         else
 4831              		.loc 7 357 48 view .LVU1140
 4832 004e 4FF00108 		mov	r8, #1
 357:../../libDaisy/src/dev/oled_ssd130x.h ****         else
 4833              		.loc 7 357 42 view .LVU1141
 4834 0052 01EBCC1C 		add	ip, r1, ip, lsl #7
 357:../../libDaisy/src/dev/oled_ssd130x.h ****         else
 4835              		.loc 7 357 48 view .LVU1142
 4836 0056 08FA0EFE 		lsl	lr, r8, lr
 357:../../libDaisy/src/dev/oled_ssd130x.h ****         else
 4837              		.loc 7 357 42 view .LVU1143
 4838 005a 8444     		add	ip, ip, r0
 356:../../libDaisy/src/dev/oled_ssd130x.h ****             buffer_[x + (y / 8) * width] |= (1 << (y % 8));
 4839              		.loc 7 356 9 view .LVU1144
 4840 005c 002D     		cmp	r5, #0
 4841 005e E5D1     		bne	.L422
 4842              	.LBB1387:
 4843              	.LBB1384:
 359:../../libDaisy/src/dev/oled_ssd130x.h ****     }
 4844              		.loc 7 359 42 view .LVU1145
 4845 0060 9CF810B0 		ldrb	fp, [ip, #16]	@ zero_extendqisi2
 4846              	.LBE1384:
 4847              	.LBE1387:
 4848              	.LBE1390:
 4849              	.LBE1393:
 4850              	.LBE1396:
 268:../../libDaisy/src/hid/disp/display.h ****                 {
 4851              		.loc 8 268 17 view .LVU1146
 4852 0064 0136     		adds	r6, r6, #1
 4853              	.LVL379:
 4854              	.LBB1397:
ARM GAS  C:\Users\FINNDY~1\AppData\Local\Temp\ccAKb7Rb.s 			page 137


 4855              	.LBB1394:
 4856              	.LBB1391:
 4857              	.LBB1388:
 4858              	.LBB1385:
 359:../../libDaisy/src/dev/oled_ssd130x.h ****     }
 4859              		.loc 7 359 42 view .LVU1147
 4860 0066 2BEA0E0A 		bic	r10, fp, lr
 4861              	.LBE1385:
 4862              	.LBE1388:
 4863              	.LBE1391:
 4864              	.LBE1394:
 4865              	.LBE1397:
 268:../../libDaisy/src/hid/disp/display.h ****                 {
 4866              		.loc 8 268 44 view .LVU1148
 4867 006a B442     		cmp	r4, r6
 4868              	.LBB1398:
 4869              	.LBB1395:
 4870              	.LBB1392:
 4871              	.LBB1389:
 4872              	.LBB1386:
 359:../../libDaisy/src/dev/oled_ssd130x.h ****     }
 4873              		.loc 7 359 42 view .LVU1149
 4874 006c 8CF810A0 		strb	r10, [ip, #16]
 4875              	.LVL380:
 359:../../libDaisy/src/dev/oled_ssd130x.h ****     }
 4876              		.loc 7 359 42 view .LVU1150
 4877              	.LBE1386:
 4878              	.LBE1389:
 4879              	.LBE1392:
 4880              	.LBE1395:
 4881              	.LBE1398:
 268:../../libDaisy/src/hid/disp/display.h ****                 {
 4882              		.loc 8 268 17 is_stmt 1 view .LVU1151
 268:../../libDaisy/src/hid/disp/display.h ****                 {
 4883              		.loc 8 268 44 view .LVU1152
 4884 0070 E5D2     		bcs	.L339
 4885              	.LVL381:
 4886              	.L338:
 268:../../libDaisy/src/hid/disp/display.h ****                 {
 4887              		.loc 8 268 44 is_stmt 0 view .LVU1153
 4888              	.LBE1379:
 266:../../libDaisy/src/hid/disp/display.h ****             {
 4889              		.loc 8 266 13 is_stmt 1 view .LVU1154
 4890 0072 0131     		adds	r1, r1, #1
 4891              	.LVL382:
 266:../../libDaisy/src/hid/disp/display.h ****             {
 4892              		.loc 8 266 40 view .LVU1155
 4893 0074 8945     		cmp	r9, r1
 4894 0076 D1D2     		bcs	.L335
 4895              	.LVL383:
 4896              	.L331:
 266:../../libDaisy/src/hid/disp/display.h ****             {
 4897              		.loc 8 266 40 is_stmt 0 view .LVU1156
 4898              	.LBE1378:
 4899              	.LBE1377:
 281:../../libDaisy/src/hid/disp/display.h **** 
 4900              		.loc 8 281 5 view .LVU1157
ARM GAS  C:\Users\FINNDY~1\AppData\Local\Temp\ccAKb7Rb.s 			page 138


 4901 0078 07B0     		add	sp, sp, #28
 4902              		.cfi_remember_state
 4903              		.cfi_def_cfa_offset 36
 4904              		@ sp needed
 4905 007a BDE8F08F 		pop	{r4, r5, r6, r7, r8, r9, r10, fp, pc}
 4906              	.LVL384:
 4907              	.L332:
 4908              		.cfi_restore_state
 4909              	.LBB1399:
 4910              	.LBB1256:
 4911              	.LBI1256:
 221:../../libDaisy/src/hid/disp/display.h ****                   uint_fast8_t y1,
 4912              		.loc 8 221 10 is_stmt 1 view .LVU1158
 4913              	.LBB1257:
 227:../../libDaisy/src/hid/disp/display.h ****         int_fast16_t deltaY = abs((int_fast16_t)y2 - (int_fast16_t)y1);
 4914              		.loc 8 227 52 is_stmt 0 view .LVU1159
 4915 007e A3EB0108 		sub	r8, r3, r1
 227:../../libDaisy/src/hid/disp/display.h ****         int_fast16_t deltaY = abs((int_fast16_t)y2 - (int_fast16_t)y1);
 4916              		.loc 8 227 22 view .LVU1160
 4917 0082 B8F1000F 		cmp	r8, #0
 4918 0086 B8BF     		it	lt
 4919 0088 C8F10008 		rsblt	r8, r8, #0
 4920              	.LVL385:
 229:../../libDaisy/src/hid/disp/display.h ****         int_fast16_t signY  = ((y1 < y2) ? 1 : -1);
 4921              		.loc 8 229 42 view .LVU1161
 4922 008c 9942     		cmp	r1, r3
 4923 008e C0F04E81 		bcc	.L340
 4924              	.LVL386:
 4925              	.LBB1258:
 4926              	.LBI1258:
  42:../../libDaisy/src/hid/disp/oled_display.h ****     {
 4927              		.loc 6 42 10 is_stmt 1 view .LVU1162
 4928              	.LBB1259:
 4929              	.LBI1259:
 352:../../libDaisy/src/dev/oled_ssd130x.h ****     {
 4930              		.loc 7 352 10 view .LVU1163
 4931              	.LBB1260:
 354:../../libDaisy/src/dev/oled_ssd130x.h ****             return;
 4932              		.loc 7 354 14 is_stmt 0 view .LVU1164
 4933 0092 7F2B     		cmp	r3, #127
 4934              	.LBE1260:
 4935              	.LBE1259:
 4936              	.LBE1258:
 229:../../libDaisy/src/hid/disp/display.h ****         int_fast16_t signY  = ((y1 < y2) ? 1 : -1);
 4937              		.loc 8 229 42 view .LVU1165
 4938 0094 4FF0FF3A 		mov	r10, #-1
 4939              	.LBB1271:
 4940              	.LBB1267:
 4941              	.LBB1263:
 354:../../libDaisy/src/dev/oled_ssd130x.h ****             return;
 4942              		.loc 7 354 14 view .LVU1166
 4943 0098 94BF     		ite	ls
 4944 009a 0026     		movls	r6, #0
 4945 009c 0126     		movhi	r6, #1
 354:../../libDaisy/src/dev/oled_ssd130x.h ****             return;
 4946              		.loc 7 354 28 view .LVU1167
 4947 009e 3F2A     		cmp	r2, #63
ARM GAS  C:\Users\FINNDY~1\AppData\Local\Temp\ccAKb7Rb.s 			page 139


 354:../../libDaisy/src/dev/oled_ssd130x.h ****             return;
 4948              		.loc 7 354 14 view .LVU1168
 4949 00a0 0096     		str	r6, [sp]
 354:../../libDaisy/src/dev/oled_ssd130x.h ****             return;
 4950              		.loc 7 354 28 view .LVU1169
 4951 00a2 94BF     		ite	ls
 4952 00a4 0027     		movls	r7, #0
 4953 00a6 0127     		movhi	r7, #1
 4954 00a8 0297     		str	r7, [sp, #8]
 354:../../libDaisy/src/dev/oled_ssd130x.h ****             return;
 4955              		.loc 7 354 9 view .LVU1170
 4956 00aa A6B9     		cbnz	r6, .L341
 4957 00ac 9FB9     		cbnz	r7, .L341
 4958              	.LVL387:
 4959              	.L382:
 357:../../libDaisy/src/dev/oled_ssd130x.h ****         else
 4960              		.loc 7 357 28 view .LVU1171
 4961 00ae D608     		lsrs	r6, r2, #3
 357:../../libDaisy/src/dev/oled_ssd130x.h ****         else
 4962              		.loc 7 357 54 view .LVU1172
 4963 00b0 02F0070C 		and	ip, r2, #7
 357:../../libDaisy/src/dev/oled_ssd130x.h ****         else
 4964              		.loc 7 357 48 view .LVU1173
 4965 00b4 0127     		movs	r7, #1
 357:../../libDaisy/src/dev/oled_ssd130x.h ****         else
 4966              		.loc 7 357 42 view .LVU1174
 4967 00b6 03EBC616 		add	r6, r3, r6, lsl #7
 4968 00ba 0644     		add	r6, r6, r0
 356:../../libDaisy/src/dev/oled_ssd130x.h ****             buffer_[x + (y / 8) * width] |= (1 << (y % 8));
 4969              		.loc 7 356 9 view .LVU1175
 4970 00bc 002D     		cmp	r5, #0
 4971 00be 00F09481 		beq	.L342
 357:../../libDaisy/src/dev/oled_ssd130x.h ****         else
 4972              		.loc 7 357 48 view .LVU1176
 4973 00c2 07FA0CF7 		lsl	r7, r7, ip
 357:../../libDaisy/src/dev/oled_ssd130x.h ****         else
 4974              		.loc 7 357 42 view .LVU1177
 4975 00c6 96F810C0 		ldrb	ip, [r6, #16]	@ zero_extendqisi2
 4976 00ca 47EA0C07 		orr	r7, r7, ip
 4977 00ce 3774     		strb	r7, [r6, #16]
 4978 00d0 0026     		movs	r6, #0
 4979 00d2 0296     		str	r6, [sp, #8]
 4980 00d4 0096     		str	r6, [sp]
 4981              	.L341:
 4982              	.LVL388:
 357:../../libDaisy/src/dev/oled_ssd130x.h ****         else
 4983              		.loc 7 357 42 view .LVU1178
 4984              	.LBE1263:
 4985              	.LBE1267:
 4986              	.LBE1271:
 239:../../libDaisy/src/hid/disp/display.h ****         {
 4987              		.loc 8 239 26 is_stmt 1 view .LVU1179
 4988 00d6 9942     		cmp	r1, r3
 4989 00d8 00F09781 		beq	.L423
 4990              	.L344:
 4991              	.LVL389:
 227:../../libDaisy/src/hid/disp/display.h ****         int_fast16_t deltaY = abs((int_fast16_t)y2 - (int_fast16_t)y1);
ARM GAS  C:\Users\FINNDY~1\AppData\Local\Temp\ccAKb7Rb.s 			page 140


 4992              		.loc 8 227 22 is_stmt 0 view .LVU1180
 4993 00dc 4646     		mov	r6, r8
 4994 00de 9446     		mov	ip, r2
 4995 00e0 8E46     		mov	lr, r1
 4996              	.LVL390:
 4997              	.L346:
 4998              	.LBB1272:
 4999              	.LBI1272:
  42:../../libDaisy/src/hid/disp/oled_display.h ****     {
 5000              		.loc 6 42 10 is_stmt 1 view .LVU1181
 5001              	.LBB1273:
 5002              	.LBI1273:
 352:../../libDaisy/src/dev/oled_ssd130x.h ****     {
 5003              		.loc 7 352 10 view .LVU1182
 5004              	.LBB1274:
 354:../../libDaisy/src/dev/oled_ssd130x.h ****             return;
 5005              		.loc 7 354 9 is_stmt 0 view .LVU1183
 5006 00e2 BEF17F0F 		cmp	lr, #127
 5007 00e6 16D8     		bhi	.L347
 5008 00e8 BCF13F0F 		cmp	ip, #63
 5009 00ec 13D8     		bhi	.L347
 357:../../libDaisy/src/dev/oled_ssd130x.h ****         else
 5010              		.loc 7 357 28 view .LVU1184
 5011 00ee 4FEADC07 		lsr	r7, ip, #3
 357:../../libDaisy/src/dev/oled_ssd130x.h ****         else
 5012              		.loc 7 357 54 view .LVU1185
 5013 00f2 0CF0070B 		and	fp, ip, #7
 357:../../libDaisy/src/dev/oled_ssd130x.h ****         else
 5014              		.loc 7 357 48 view .LVU1186
 5015 00f6 4FF00109 		mov	r9, #1
 357:../../libDaisy/src/dev/oled_ssd130x.h ****         else
 5016              		.loc 7 357 42 view .LVU1187
 5017 00fa 0EEBC717 		add	r7, lr, r7, lsl #7
 5018 00fe 0744     		add	r7, r7, r0
 356:../../libDaisy/src/dev/oled_ssd130x.h ****             buffer_[x + (y / 8) * width] |= (1 << (y % 8));
 5019              		.loc 7 356 9 view .LVU1188
 5020 0100 002D     		cmp	r5, #0
 5021 0102 00F03981 		beq	.L348
 357:../../libDaisy/src/dev/oled_ssd130x.h ****         else
 5022              		.loc 7 357 48 view .LVU1189
 5023 0106 09FA0BF9 		lsl	r9, r9, fp
 357:../../libDaisy/src/dev/oled_ssd130x.h ****         else
 5024              		.loc 7 357 42 view .LVU1190
 5025 010a 97F810B0 		ldrb	fp, [r7, #16]	@ zero_extendqisi2
 5026 010e 49EA0B09 		orr	r9, r9, fp
 5027 0112 87F81090 		strb	r9, [r7, #16]
 5028              	.L347:
 5029              	.LVL391:
 357:../../libDaisy/src/dev/oled_ssd130x.h ****         else
 5030              		.loc 7 357 42 view .LVU1191
 5031              	.LBE1274:
 5032              	.LBE1273:
 5033              	.LBE1272:
 243:../../libDaisy/src/hid/disp/display.h ****             {
 5034              		.loc 8 243 13 view .LVU1192
 5035 0116 7700     		lsls	r7, r6, #1
 5036              	.LVL392:
ARM GAS  C:\Users\FINNDY~1\AppData\Local\Temp\ccAKb7Rb.s 			page 141


 246:../../libDaisy/src/hid/disp/display.h ****             }
 5037              		.loc 8 246 20 view .LVU1193
 5038 0118 18BF     		it	ne
 5039 011a D644     		addne	lr, lr, r10
 5040              	.LVL393:
 249:../../libDaisy/src/hid/disp/display.h ****             {
 5041              		.loc 8 249 13 view .LVU1194
 5042 011c B845     		cmp	r8, r7
 5043 011e 02DD     		ble	.L350
 251:../../libDaisy/src/hid/disp/display.h ****                 y1 += signY;
 5044              		.loc 8 251 23 view .LVU1195
 5045 0120 4644     		add	r6, r6, r8
 5046              	.LVL394:
 252:../../libDaisy/src/hid/disp/display.h ****             }
 5047              		.loc 8 252 20 view .LVU1196
 5048 0122 0CF1FF3C 		add	ip, ip, #-1
 5049              	.LVL395:
 5050              	.L350:
 239:../../libDaisy/src/hid/disp/display.h ****         {
 5051              		.loc 8 239 26 is_stmt 1 view .LVU1197
 5052 0126 7345     		cmp	r3, lr
 5053 0128 DBD1     		bne	.L346
 239:../../libDaisy/src/hid/disp/display.h ****         {
 5054              		.loc 8 239 26 is_stmt 0 view .LVU1198
 5055 012a 6245     		cmp	r2, ip
 5056 012c D9D1     		bne	.L346
 5057 012e 0026     		movs	r6, #0
 5058              	.LVL396:
 239:../../libDaisy/src/hid/disp/display.h ****         {
 5059              		.loc 8 239 26 view .LVU1199
 5060 0130 0496     		str	r6, [sp, #16]
 5061              	.LVL397:
 5062              	.L343:
 239:../../libDaisy/src/hid/disp/display.h ****         {
 5063              		.loc 8 239 26 view .LVU1200
 5064              	.LBE1257:
 5065              	.LBE1256:
 5066              	.LBB1287:
 5067              	.LBI1287:
 221:../../libDaisy/src/hid/disp/display.h ****                   uint_fast8_t y1,
 5068              		.loc 8 221 10 is_stmt 1 view .LVU1201
 5069              	.LBB1288:
 228:../../libDaisy/src/hid/disp/display.h ****         int_fast16_t signX  = ((x1 < x2) ? 1 : -1);
 5070              		.loc 8 228 52 is_stmt 0 view .LVU1202
 5071 0132 A4EB0209 		sub	r9, r4, r2
 5072              	.LBB1289:
 5073              	.LBB1290:
 5074              	.LBB1291:
 354:../../libDaisy/src/dev/oled_ssd130x.h ****             return;
 5075              		.loc 7 354 9 view .LVU1203
 5076 0136 009F     		ldr	r7, [sp]
 5077              	.LBE1291:
 5078              	.LBE1290:
 5079              	.LBE1289:
 228:../../libDaisy/src/hid/disp/display.h ****         int_fast16_t signX  = ((x1 < x2) ? 1 : -1);
 5080              		.loc 8 228 22 view .LVU1204
 5081 0138 B9F1000F 		cmp	r9, #0
ARM GAS  C:\Users\FINNDY~1\AppData\Local\Temp\ccAKb7Rb.s 			page 142


 5082 013c B8BF     		it	lt
 5083 013e C9F10009 		rsblt	r9, r9, #0
 5084              	.LVL398:
 5085              	.LBB1306:
 5086              	.LBB1300:
 5087              	.LBB1294:
 354:../../libDaisy/src/dev/oled_ssd130x.h ****             return;
 5088              		.loc 7 354 28 view .LVU1205
 5089 0142 3F2C     		cmp	r4, #63
 5090 0144 94BF     		ite	ls
 5091 0146 0026     		movls	r6, #0
 5092 0148 0126     		movhi	r6, #1
 5093              	.LBE1294:
 5094              	.LBE1300:
 5095              	.LBE1306:
 230:../../libDaisy/src/hid/disp/display.h ****         int_fast16_t error  = deltaX - deltaY;
 5096              		.loc 8 230 42 view .LVU1206
 5097 014a A242     		cmp	r2, r4
 231:../../libDaisy/src/hid/disp/display.h ****         int_fast16_t error2;
 5098              		.loc 8 231 22 view .LVU1207
 5099 014c C9F10008 		rsb	r8, r9, #0
 5100              	.LVL399:
 5101              	.LBB1307:
 5102              	.LBI1289:
  42:../../libDaisy/src/hid/disp/oled_display.h ****     {
 5103              		.loc 6 42 10 is_stmt 1 view .LVU1208
 5104              	.LBB1301:
 5105              	.LBI1290:
 352:../../libDaisy/src/dev/oled_ssd130x.h ****     {
 5106              		.loc 7 352 10 view .LVU1209
 5107              	.LBB1295:
 354:../../libDaisy/src/dev/oled_ssd130x.h ****             return;
 5108              		.loc 7 354 28 is_stmt 0 view .LVU1210
 5109 0150 0396     		str	r6, [sp, #12]
 5110              	.LBE1295:
 5111              	.LBE1301:
 5112              	.LBE1307:
 230:../../libDaisy/src/hid/disp/display.h ****         int_fast16_t error  = deltaX - deltaY;
 5113              		.loc 8 230 42 view .LVU1211
 5114 0152 C0F02381 		bcc	.L351
 5115              	.LVL400:
 5116              	.LBB1308:
 5117              	.LBB1302:
 5118              	.LBB1296:
 354:../../libDaisy/src/dev/oled_ssd130x.h ****             return;
 5119              		.loc 7 354 9 view .LVU1212
 5120 0156 002F     		cmp	r7, #0
 5121 0158 40F05081 		bne	.L386
 5122 015c 002E     		cmp	r6, #0
 5123 015e 40F04D81 		bne	.L386
 5124              	.LBE1296:
 5125              	.LBE1302:
 5126              	.LBE1308:
 230:../../libDaisy/src/hid/disp/display.h ****         int_fast16_t error  = deltaX - deltaY;
 5127              		.loc 8 230 42 view .LVU1213
 5128 0162 4FF0FF36 		mov	r6, #-1
 5129 0166 0096     		str	r6, [sp]
ARM GAS  C:\Users\FINNDY~1\AppData\Local\Temp\ccAKb7Rb.s 			page 143


 5130              	.LBB1309:
 5131              	.LBB1303:
 5132              	.LBB1297:
 357:../../libDaisy/src/dev/oled_ssd130x.h ****         else
 5133              		.loc 7 357 28 view .LVU1214
 5134 0168 E608     		lsrs	r6, r4, #3
 357:../../libDaisy/src/dev/oled_ssd130x.h ****         else
 5135              		.loc 7 357 42 view .LVU1215
 5136 016a 03EBC616 		add	r6, r3, r6, lsl #7
 5137 016e 0644     		add	r6, r6, r0
 356:../../libDaisy/src/dev/oled_ssd130x.h ****             buffer_[x + (y / 8) * width] |= (1 << (y % 8));
 5138              		.loc 7 356 9 view .LVU1216
 5139 0170 002D     		cmp	r5, #0
 5140 0172 00F01E81 		beq	.L353
 5141              	.LVL401:
 5142              	.L425:
 357:../../libDaisy/src/dev/oled_ssd130x.h ****         else
 5143              		.loc 7 357 48 view .LVU1217
 5144 0176 4FF0010C 		mov	ip, #1
 357:../../libDaisy/src/dev/oled_ssd130x.h ****         else
 5145              		.loc 7 357 54 view .LVU1218
 5146 017a 04F00707 		and	r7, r4, #7
 357:../../libDaisy/src/dev/oled_ssd130x.h ****         else
 5147              		.loc 7 357 48 view .LVU1219
 5148 017e 0CFA07F7 		lsl	r7, ip, r7
 357:../../libDaisy/src/dev/oled_ssd130x.h ****         else
 5149              		.loc 7 357 42 view .LVU1220
 5150 0182 96F810C0 		ldrb	ip, [r6, #16]	@ zero_extendqisi2
 5151 0186 47EA0C07 		orr	r7, r7, ip
 5152 018a 3774     		strb	r7, [r6, #16]
 5153 018c 0026     		movs	r6, #0
 5154 018e 0396     		str	r6, [sp, #12]
 5155              	.L352:
 5156              	.LVL402:
 357:../../libDaisy/src/dev/oled_ssd130x.h ****         else
 5157              		.loc 7 357 42 view .LVU1221
 5158              	.LBE1297:
 5159              	.LBE1303:
 5160              	.LBE1309:
 239:../../libDaisy/src/hid/disp/display.h ****         {
 5161              		.loc 8 239 26 is_stmt 1 view .LVU1222
 5162 0190 A242     		cmp	r2, r4
 5163 0192 00F03D81 		beq	.L424
 5164              	.L355:
 5165              	.LVL403:
 230:../../libDaisy/src/hid/disp/display.h ****         int_fast16_t error  = deltaX - deltaY;
 5166              		.loc 8 230 42 is_stmt 0 view .LVU1223
 5167 0196 C446     		mov	ip, r8
 5168 0198 1646     		mov	r6, r2
 5169 019a 1F46     		mov	r7, r3
 5170 019c 0592     		str	r2, [sp, #20]
 5171              	.LVL404:
 5172              	.L357:
 5173              	.LBB1310:
 5174              	.LBI1310:
  42:../../libDaisy/src/hid/disp/oled_display.h ****     {
 5175              		.loc 6 42 10 is_stmt 1 view .LVU1224
ARM GAS  C:\Users\FINNDY~1\AppData\Local\Temp\ccAKb7Rb.s 			page 144


 5176              	.LBB1311:
 5177              	.LBI1311:
 352:../../libDaisy/src/dev/oled_ssd130x.h ****     {
 5178              		.loc 7 352 10 view .LVU1225
 5179              	.LBB1312:
 354:../../libDaisy/src/dev/oled_ssd130x.h ****             return;
 5180              		.loc 7 354 9 is_stmt 0 view .LVU1226
 5181 019e 7F2F     		cmp	r7, #127
 5182 01a0 15D8     		bhi	.L358
 5183 01a2 3F2E     		cmp	r6, #63
 5184 01a4 13D8     		bhi	.L358
 357:../../libDaisy/src/dev/oled_ssd130x.h ****         else
 5185              		.loc 7 357 28 view .LVU1227
 5186 01a6 4FEAD60E 		lsr	lr, r6, #3
 357:../../libDaisy/src/dev/oled_ssd130x.h ****         else
 5187              		.loc 7 357 54 view .LVU1228
 5188 01aa 06F0070B 		and	fp, r6, #7
 357:../../libDaisy/src/dev/oled_ssd130x.h ****         else
 5189              		.loc 7 357 48 view .LVU1229
 5190 01ae 4FF0010A 		mov	r10, #1
 357:../../libDaisy/src/dev/oled_ssd130x.h ****         else
 5191              		.loc 7 357 42 view .LVU1230
 5192 01b2 07EBCE1E 		add	lr, r7, lr, lsl #7
 5193 01b6 8644     		add	lr, lr, r0
 356:../../libDaisy/src/dev/oled_ssd130x.h ****             buffer_[x + (y / 8) * width] |= (1 << (y % 8));
 5194              		.loc 7 356 9 view .LVU1231
 5195 01b8 002D     		cmp	r5, #0
 5196 01ba 00F0E680 		beq	.L359
 357:../../libDaisy/src/dev/oled_ssd130x.h ****         else
 5197              		.loc 7 357 48 view .LVU1232
 5198 01be 0AFA0BFA 		lsl	r10, r10, fp
 357:../../libDaisy/src/dev/oled_ssd130x.h ****         else
 5199              		.loc 7 357 42 view .LVU1233
 5200 01c2 9EF810B0 		ldrb	fp, [lr, #16]	@ zero_extendqisi2
 5201 01c6 4AEA0B0A 		orr	r10, r10, fp
 5202 01ca 8EF810A0 		strb	r10, [lr, #16]
 5203              	.L358:
 5204              	.LVL405:
 357:../../libDaisy/src/dev/oled_ssd130x.h ****         else
 5205              		.loc 7 357 42 view .LVU1234
 5206              	.LBE1312:
 5207              	.LBE1311:
 5208              	.LBE1310:
 243:../../libDaisy/src/hid/disp/display.h ****             {
 5209              		.loc 8 243 13 view .LVU1235
 5210 01ce B8EB4C0F 		cmp	r8, ip, lsl #1
 242:../../libDaisy/src/hid/disp/display.h ****             if(error2 > -deltaY)
 5211              		.loc 8 242 20 view .LVU1236
 5212 01d2 4FEA4C0E 		lsl	lr, ip, #1
 5213              	.LVL406:
 243:../../libDaisy/src/hid/disp/display.h ****             {
 5214              		.loc 8 243 13 view .LVU1237
 5215 01d6 02DA     		bge	.L360
 245:../../libDaisy/src/hid/disp/display.h ****                 x1 += signX;
 5216              		.loc 8 245 23 view .LVU1238
 5217 01d8 ACEB090C 		sub	ip, ip, r9
 5218              	.LVL407:
ARM GAS  C:\Users\FINNDY~1\AppData\Local\Temp\ccAKb7Rb.s 			page 145


 246:../../libDaisy/src/hid/disp/display.h ****             }
 5219              		.loc 8 246 20 view .LVU1239
 5220 01dc 013F     		subs	r7, r7, #1
 5221              	.LVL408:
 5222              	.L360:
 249:../../libDaisy/src/hid/disp/display.h ****             {
 5223              		.loc 8 249 13 view .LVU1240
 5224 01de BEF1000F 		cmp	lr, #0
 5225 01e2 01D0     		beq	.L361
 252:../../libDaisy/src/hid/disp/display.h ****             }
 5226              		.loc 8 252 20 view .LVU1241
 5227 01e4 009A     		ldr	r2, [sp]
 5228 01e6 1644     		add	r6, r6, r2
 5229              	.LVL409:
 5230              	.L361:
 239:../../libDaisy/src/hid/disp/display.h ****         {
 5231              		.loc 8 239 26 is_stmt 1 view .LVU1242
 5232 01e8 BB42     		cmp	r3, r7
 5233 01ea D8D1     		bne	.L357
 239:../../libDaisy/src/hid/disp/display.h ****         {
 5234              		.loc 8 239 26 is_stmt 0 view .LVU1243
 5235 01ec B442     		cmp	r4, r6
 5236 01ee D6D1     		bne	.L357
 5237 01f0 059A     		ldr	r2, [sp, #20]
 5238              	.LVL410:
 5239              	.L354:
 239:../../libDaisy/src/hid/disp/display.h ****         {
 5240              		.loc 8 239 26 view .LVU1244
 5241              	.LBE1288:
 5242              	.LBE1287:
 5243              	.LBB1323:
 5244              	.LBI1323:
 221:../../libDaisy/src/hid/disp/display.h ****                   uint_fast8_t y1,
 5245              		.loc 8 221 10 is_stmt 1 view .LVU1245
 5246              	.LBB1324:
 227:../../libDaisy/src/hid/disp/display.h ****         int_fast16_t deltaY = abs((int_fast16_t)y2 - (int_fast16_t)y1);
 5247              		.loc 8 227 52 is_stmt 0 view .LVU1246
 5248 01f2 A1EB030E 		sub	lr, r1, r3
 227:../../libDaisy/src/hid/disp/display.h ****         int_fast16_t deltaY = abs((int_fast16_t)y2 - (int_fast16_t)y1);
 5249              		.loc 8 227 22 view .LVU1247
 5250 01f6 BEF1000F 		cmp	lr, #0
 5251 01fa B8BF     		it	lt
 5252 01fc CEF1000E 		rsblt	lr, lr, #0
 5253              	.LVL411:
 5254              	.LBB1325:
 5255              	.LBB1326:
 5256              	.LBB1327:
 354:../../libDaisy/src/dev/oled_ssd130x.h ****             return;
 5257              		.loc 7 354 14 view .LVU1248
 5258 0200 7F29     		cmp	r1, #127
 5259 0202 94BF     		ite	ls
 5260 0204 4FF0000A 		movls	r10, #0
 5261 0208 4FF0010A 		movhi	r10, #1
 5262              	.LBE1327:
 5263              	.LBE1326:
 5264              	.LBE1325:
 229:../../libDaisy/src/hid/disp/display.h ****         int_fast16_t signY  = ((y1 < y2) ? 1 : -1);
ARM GAS  C:\Users\FINNDY~1\AppData\Local\Temp\ccAKb7Rb.s 			page 146


 5265              		.loc 8 229 42 view .LVU1249
 5266 020c 9942     		cmp	r1, r3
 5267 020e 8CBF     		ite	hi
 5268 0210 4FF00109 		movhi	r9, #1
 5269 0214 4FF0FF39 		movls	r9, #-1
 5270              	.LVL412:
 5271              	.LBB1334:
 5272              	.LBI1325:
  42:../../libDaisy/src/hid/disp/oled_display.h ****     {
 5273              		.loc 6 42 10 is_stmt 1 view .LVU1250
 5274              	.LBB1332:
 5275              	.LBI1326:
 352:../../libDaisy/src/dev/oled_ssd130x.h ****     {
 5276              		.loc 7 352 10 view .LVU1251
 5277              	.LBB1330:
 354:../../libDaisy/src/dev/oled_ssd130x.h ****             return;
 5278              		.loc 7 354 9 is_stmt 0 view .LVU1252
 5279 0218 BAF1000F 		cmp	r10, #0
 5280 021c 13D1     		bne	.L363
 5281 021e 039E     		ldr	r6, [sp, #12]
 5282 0220 8EB9     		cbnz	r6, .L363
 357:../../libDaisy/src/dev/oled_ssd130x.h ****         else
 5283              		.loc 7 357 28 view .LVU1253
 5284 0222 E608     		lsrs	r6, r4, #3
 357:../../libDaisy/src/dev/oled_ssd130x.h ****         else
 5285              		.loc 7 357 42 view .LVU1254
 5286 0224 01EBC616 		add	r6, r1, r6, lsl #7
 5287 0228 0644     		add	r6, r6, r0
 356:../../libDaisy/src/dev/oled_ssd130x.h ****             buffer_[x + (y / 8) * width] |= (1 << (y % 8));
 5288              		.loc 7 356 9 view .LVU1255
 5289 022a 002D     		cmp	r5, #0
 5290 022c 00F0D380 		beq	.L364
 357:../../libDaisy/src/dev/oled_ssd130x.h ****         else
 5291              		.loc 7 357 48 view .LVU1256
 5292 0230 4FF0010C 		mov	ip, #1
 357:../../libDaisy/src/dev/oled_ssd130x.h ****         else
 5293              		.loc 7 357 54 view .LVU1257
 5294 0234 04F00707 		and	r7, r4, #7
 357:../../libDaisy/src/dev/oled_ssd130x.h ****         else
 5295              		.loc 7 357 48 view .LVU1258
 5296 0238 0CFA07F7 		lsl	r7, ip, r7
 357:../../libDaisy/src/dev/oled_ssd130x.h ****         else
 5297              		.loc 7 357 42 view .LVU1259
 5298 023c 96F810C0 		ldrb	ip, [r6, #16]	@ zero_extendqisi2
 5299 0240 47EA0C07 		orr	r7, r7, ip
 5300 0244 3774     		strb	r7, [r6, #16]
 5301              	.L363:
 5302              	.LVL413:
 357:../../libDaisy/src/dev/oled_ssd130x.h ****         else
 5303              		.loc 7 357 42 view .LVU1260
 5304              	.LBE1330:
 5305              	.LBE1332:
 5306              	.LBE1334:
 239:../../libDaisy/src/hid/disp/display.h ****         {
 5307              		.loc 8 239 26 is_stmt 1 view .LVU1261
 5308 0246 049E     		ldr	r6, [sp, #16]
 5309 0248 26BB     		cbnz	r6, .L365
ARM GAS  C:\Users\FINNDY~1\AppData\Local\Temp\ccAKb7Rb.s 			page 147


 227:../../libDaisy/src/hid/disp/display.h ****         int_fast16_t deltaY = abs((int_fast16_t)y2 - (int_fast16_t)y1);
 5310              		.loc 8 227 22 is_stmt 0 view .LVU1262
 5311 024a 7746     		mov	r7, lr
 239:../../libDaisy/src/hid/disp/display.h ****         {
 5312              		.loc 8 239 26 view .LVU1263
 5313 024c 2646     		mov	r6, r4
 5314              	.LVL414:
 5315              	.L366:
 5316              	.LBB1335:
 5317              	.LBI1335:
  42:../../libDaisy/src/hid/disp/oled_display.h ****     {
 5318              		.loc 6 42 10 is_stmt 1 view .LVU1264
 5319              	.LBB1336:
 5320              	.LBI1336:
 352:../../libDaisy/src/dev/oled_ssd130x.h ****     {
 5321              		.loc 7 352 10 view .LVU1265
 5322              	.LBB1337:
 354:../../libDaisy/src/dev/oled_ssd130x.h ****             return;
 5323              		.loc 7 354 9 is_stmt 0 view .LVU1266
 5324 024e 7F2B     		cmp	r3, #127
 5325 0250 14D8     		bhi	.L368
 354:../../libDaisy/src/dev/oled_ssd130x.h ****             return;
 5326              		.loc 7 354 9 view .LVU1267
 5327 0252 3F2E     		cmp	r6, #63
 5328 0254 12D8     		bhi	.L368
 357:../../libDaisy/src/dev/oled_ssd130x.h ****         else
 5329              		.loc 7 357 28 view .LVU1268
 5330 0256 4FEAD60C 		lsr	ip, r6, #3
 357:../../libDaisy/src/dev/oled_ssd130x.h ****         else
 5331              		.loc 7 357 54 view .LVU1269
 5332 025a 06F0070B 		and	fp, r6, #7
 357:../../libDaisy/src/dev/oled_ssd130x.h ****         else
 5333              		.loc 7 357 48 view .LVU1270
 5334 025e 4FF00108 		mov	r8, #1
 357:../../libDaisy/src/dev/oled_ssd130x.h ****         else
 5335              		.loc 7 357 42 view .LVU1271
 5336 0262 03EBCC1C 		add	ip, r3, ip, lsl #7
 5337 0266 8444     		add	ip, ip, r0
 356:../../libDaisy/src/dev/oled_ssd130x.h ****             buffer_[x + (y / 8) * width] |= (1 << (y % 8));
 5338              		.loc 7 356 9 view .LVU1272
 5339 0268 002D     		cmp	r5, #0
 5340 026a 73D0     		beq	.L369
 357:../../libDaisy/src/dev/oled_ssd130x.h ****         else
 5341              		.loc 7 357 48 view .LVU1273
 5342 026c 08FA0BF8 		lsl	r8, r8, fp
 357:../../libDaisy/src/dev/oled_ssd130x.h ****         else
 5343              		.loc 7 357 42 view .LVU1274
 5344 0270 9CF810B0 		ldrb	fp, [ip, #16]	@ zero_extendqisi2
 5345 0274 48EA0B08 		orr	r8, r8, fp
 5346 0278 8CF81080 		strb	r8, [ip, #16]
 5347              	.L368:
 5348              	.LVL415:
 357:../../libDaisy/src/dev/oled_ssd130x.h ****         else
 5349              		.loc 7 357 42 view .LVU1275
 5350              	.LBE1337:
 5351              	.LBE1336:
 5352              	.LBE1335:
ARM GAS  C:\Users\FINNDY~1\AppData\Local\Temp\ccAKb7Rb.s 			page 148


 243:../../libDaisy/src/hid/disp/display.h ****             {
 5353              		.loc 8 243 13 view .LVU1276
 5354 027c 5FEA470C 		lsls	ip, r7, #1
 5355              	.LVL416:
 246:../../libDaisy/src/hid/disp/display.h ****             }
 5356              		.loc 8 246 20 view .LVU1277
 5357 0280 18BF     		it	ne
 5358 0282 4B44     		addne	r3, r3, r9
 5359              	.LVL417:
 249:../../libDaisy/src/hid/disp/display.h ****             {
 5360              		.loc 8 249 13 view .LVU1278
 5361 0284 E645     		cmp	lr, ip
 5362 0286 01DD     		ble	.L371
 251:../../libDaisy/src/hid/disp/display.h ****                 y1 += signY;
 5363              		.loc 8 251 23 view .LVU1279
 5364 0288 7744     		add	r7, r7, lr
 5365              	.LVL418:
 252:../../libDaisy/src/hid/disp/display.h ****             }
 5366              		.loc 8 252 20 view .LVU1280
 5367 028a 013E     		subs	r6, r6, #1
 5368              	.LVL419:
 5369              	.L371:
 239:../../libDaisy/src/hid/disp/display.h ****         {
 5370              		.loc 8 239 26 is_stmt 1 view .LVU1281
 5371 028c 9942     		cmp	r1, r3
 5372 028e DED1     		bne	.L366
 239:../../libDaisy/src/hid/disp/display.h ****         {
 5373              		.loc 8 239 26 is_stmt 0 view .LVU1282
 5374 0290 B442     		cmp	r4, r6
 5375 0292 DCD1     		bne	.L366
 5376              	.LVL420:
 5377              	.L365:
 239:../../libDaisy/src/hid/disp/display.h ****         {
 5378              		.loc 8 239 26 view .LVU1283
 5379              	.LBE1324:
 5380              	.LBE1323:
 5381              	.LBB1346:
 5382              	.LBI1346:
 221:../../libDaisy/src/hid/disp/display.h ****                   uint_fast8_t y1,
 5383              		.loc 8 221 10 is_stmt 1 view .LVU1284
 5384              	.LBB1347:
 228:../../libDaisy/src/hid/disp/display.h ****         int_fast16_t signX  = ((x1 < x2) ? 1 : -1);
 5385              		.loc 8 228 52 is_stmt 0 view .LVU1285
 5386 0294 A2EB040E 		sub	lr, r2, r4
 228:../../libDaisy/src/hid/disp/display.h ****         int_fast16_t signX  = ((x1 < x2) ? 1 : -1);
 5387              		.loc 8 228 22 view .LVU1286
 5388 0298 BEF1000F 		cmp	lr, #0
 5389 029c B8BF     		it	lt
 5390 029e CEF1000E 		rsblt	lr, lr, #0
 5391              	.LVL421:
 230:../../libDaisy/src/hid/disp/display.h ****         int_fast16_t error  = deltaX - deltaY;
 5392              		.loc 8 230 42 view .LVU1287
 5393 02a2 A242     		cmp	r2, r4
 5394 02a4 8CBF     		ite	hi
 5395 02a6 4FF00108 		movhi	r8, #1
 5396 02aa 4FF0FF38 		movls	r8, #-1
 5397              	.LVL422:
ARM GAS  C:\Users\FINNDY~1\AppData\Local\Temp\ccAKb7Rb.s 			page 149


 231:../../libDaisy/src/hid/disp/display.h ****         int_fast16_t error2;
 5398              		.loc 8 231 22 view .LVU1288
 5399 02ae CEF1000C 		rsb	ip, lr, #0
 5400              	.LVL423:
 5401              	.LBB1348:
 5402              	.LBI1348:
  42:../../libDaisy/src/hid/disp/oled_display.h ****     {
 5403              		.loc 6 42 10 is_stmt 1 view .LVU1289
 5404              	.LBB1349:
 5405              	.LBI1349:
 352:../../libDaisy/src/dev/oled_ssd130x.h ****     {
 5406              		.loc 7 352 10 view .LVU1290
 5407              	.LBB1350:
 354:../../libDaisy/src/dev/oled_ssd130x.h ****             return;
 5408              		.loc 7 354 9 is_stmt 0 view .LVU1291
 5409 02b2 BAF1000F 		cmp	r10, #0
 5410 02b6 0ED1     		bne	.L373
 5411 02b8 029B     		ldr	r3, [sp, #8]
 5412 02ba 63B9     		cbnz	r3, .L373
 357:../../libDaisy/src/dev/oled_ssd130x.h ****         else
 5413              		.loc 7 357 28 view .LVU1292
 5414 02bc D308     		lsrs	r3, r2, #3
 357:../../libDaisy/src/dev/oled_ssd130x.h ****         else
 5415              		.loc 7 357 54 view .LVU1293
 5416 02be 02F00707 		and	r7, r2, #7
 357:../../libDaisy/src/dev/oled_ssd130x.h ****         else
 5417              		.loc 7 357 48 view .LVU1294
 5418 02c2 0126     		movs	r6, #1
 357:../../libDaisy/src/dev/oled_ssd130x.h ****         else
 5419              		.loc 7 357 42 view .LVU1295
 5420 02c4 01EBC313 		add	r3, r1, r3, lsl #7
 5421 02c8 0344     		add	r3, r3, r0
 356:../../libDaisy/src/dev/oled_ssd130x.h ****             buffer_[x + (y / 8) * width] |= (1 << (y % 8));
 5422              		.loc 7 356 9 view .LVU1296
 5423 02ca 002D     		cmp	r5, #0
 5424 02cc 7CD0     		beq	.L374
 357:../../libDaisy/src/dev/oled_ssd130x.h ****         else
 5425              		.loc 7 357 48 view .LVU1297
 5426 02ce BE40     		lsls	r6, r6, r7
 357:../../libDaisy/src/dev/oled_ssd130x.h ****         else
 5427              		.loc 7 357 42 view .LVU1298
 5428 02d0 1F7C     		ldrb	r7, [r3, #16]	@ zero_extendqisi2
 5429 02d2 3E43     		orrs	r6, r6, r7
 5430 02d4 1E74     		strb	r6, [r3, #16]
 5431              	.L373:
 5432              	.LVL424:
 357:../../libDaisy/src/dev/oled_ssd130x.h ****         else
 5433              		.loc 7 357 42 view .LVU1299
 5434              	.LBE1350:
 5435              	.LBE1349:
 5436              	.LBE1348:
 239:../../libDaisy/src/hid/disp/display.h ****         {
 5437              		.loc 8 239 26 is_stmt 1 view .LVU1300
 5438 02d6 019B     		ldr	r3, [sp, #4]
 5439 02d8 002B     		cmp	r3, #0
 5440 02da 7FF4CDAE 		bne	.L331
 5441 02de 6646     		mov	r6, ip
ARM GAS  C:\Users\FINNDY~1\AppData\Local\Temp\ccAKb7Rb.s 			page 150


 5442 02e0 0B46     		mov	r3, r1
 5443              	.LVL425:
 5444              	.L375:
 5445              	.LBB1355:
 5446              	.LBI1355:
  42:../../libDaisy/src/hid/disp/oled_display.h ****     {
 5447              		.loc 6 42 10 view .LVU1301
 5448              	.LBB1356:
 5449              	.LBI1356:
 352:../../libDaisy/src/dev/oled_ssd130x.h ****     {
 5450              		.loc 7 352 10 view .LVU1302
 5451              	.LBB1357:
 354:../../libDaisy/src/dev/oled_ssd130x.h ****             return;
 5452              		.loc 7 354 9 is_stmt 0 view .LVU1303
 5453 02e2 7F2B     		cmp	r3, #127
 5454 02e4 12D8     		bhi	.L377
 354:../../libDaisy/src/dev/oled_ssd130x.h ****             return;
 5455              		.loc 7 354 9 view .LVU1304
 5456 02e6 3F2C     		cmp	r4, #63
 5457 02e8 10D8     		bhi	.L377
 357:../../libDaisy/src/dev/oled_ssd130x.h ****         else
 5458              		.loc 7 357 28 view .LVU1305
 5459 02ea E708     		lsrs	r7, r4, #3
 357:../../libDaisy/src/dev/oled_ssd130x.h ****         else
 5460              		.loc 7 357 54 view .LVU1306
 5461 02ec 04F0070A 		and	r10, r4, #7
 357:../../libDaisy/src/dev/oled_ssd130x.h ****         else
 5462              		.loc 7 357 48 view .LVU1307
 5463 02f0 4FF00109 		mov	r9, #1
 357:../../libDaisy/src/dev/oled_ssd130x.h ****         else
 5464              		.loc 7 357 42 view .LVU1308
 5465 02f4 03EBC717 		add	r7, r3, r7, lsl #7
 5466 02f8 0744     		add	r7, r7, r0
 356:../../libDaisy/src/dev/oled_ssd130x.h ****             buffer_[x + (y / 8) * width] |= (1 << (y % 8));
 5467              		.loc 7 356 9 view .LVU1309
 5468 02fa A5B3     		cbz	r5, .L378
 357:../../libDaisy/src/dev/oled_ssd130x.h ****         else
 5469              		.loc 7 357 48 view .LVU1310
 5470 02fc 09FA0AF9 		lsl	r9, r9, r10
 357:../../libDaisy/src/dev/oled_ssd130x.h ****         else
 5471              		.loc 7 357 42 view .LVU1311
 5472 0300 97F810A0 		ldrb	r10, [r7, #16]	@ zero_extendqisi2
 5473 0304 49EA0A09 		orr	r9, r9, r10
 5474 0308 87F81090 		strb	r9, [r7, #16]
 5475              	.L377:
 5476              	.LVL426:
 357:../../libDaisy/src/dev/oled_ssd130x.h ****         else
 5477              		.loc 7 357 42 view .LVU1312
 5478              	.LBE1357:
 5479              	.LBE1356:
 5480              	.LBE1355:
 243:../../libDaisy/src/hid/disp/display.h ****             {
 5481              		.loc 8 243 13 view .LVU1313
 5482 030c BCEB460F 		cmp	ip, r6, lsl #1
 242:../../libDaisy/src/hid/disp/display.h ****             if(error2 > -deltaY)
 5483              		.loc 8 242 20 view .LVU1314
 5484 0310 4FEA4607 		lsl	r7, r6, #1
ARM GAS  C:\Users\FINNDY~1\AppData\Local\Temp\ccAKb7Rb.s 			page 151


 5485              	.LVL427:
 243:../../libDaisy/src/hid/disp/display.h ****             {
 5486              		.loc 8 243 13 view .LVU1315
 5487 0314 02DA     		bge	.L379
 245:../../libDaisy/src/hid/disp/display.h ****                 x1 += signX;
 5488              		.loc 8 245 23 view .LVU1316
 5489 0316 A6EB0E06 		sub	r6, r6, lr
 5490              	.LVL428:
 246:../../libDaisy/src/hid/disp/display.h ****             }
 5491              		.loc 8 246 20 view .LVU1317
 5492 031a 013B     		subs	r3, r3, #1
 5493              	.LVL429:
 5494              	.L379:
 249:../../libDaisy/src/hid/disp/display.h ****             {
 5495              		.loc 8 249 13 view .LVU1318
 5496 031c 07B1     		cbz	r7, .L380
 252:../../libDaisy/src/hid/disp/display.h ****             }
 5497              		.loc 8 252 20 view .LVU1319
 5498 031e 4444     		add	r4, r4, r8
 5499              	.LVL430:
 5500              	.L380:
 239:../../libDaisy/src/hid/disp/display.h ****         {
 5501              		.loc 8 239 26 is_stmt 1 view .LVU1320
 5502 0320 9942     		cmp	r1, r3
 5503 0322 DED1     		bne	.L375
 239:../../libDaisy/src/hid/disp/display.h ****         {
 5504              		.loc 8 239 26 is_stmt 0 view .LVU1321
 5505 0324 A242     		cmp	r2, r4
 5506 0326 DCD1     		bne	.L375
 5507              	.LBE1347:
 5508              	.LBE1346:
 5509              	.LBE1399:
 281:../../libDaisy/src/hid/disp/display.h **** 
 5510              		.loc 8 281 5 view .LVU1322
 5511 0328 07B0     		add	sp, sp, #28
 5512              		.cfi_remember_state
 5513              		.cfi_def_cfa_offset 36
 5514              		@ sp needed
 5515 032a BDE8F08F 		pop	{r4, r5, r6, r7, r8, r9, r10, fp, pc}
 5516              	.LVL431:
 5517              	.L340:
 5518              		.cfi_restore_state
 5519              	.LBB1400:
 5520              	.LBB1366:
 5521              	.LBB1283:
 5522              	.LBB1279:
  42:../../libDaisy/src/hid/disp/oled_display.h ****     {
 5523              		.loc 6 42 10 is_stmt 1 view .LVU1323
 5524              	.LBB1268:
 352:../../libDaisy/src/dev/oled_ssd130x.h ****     {
 5525              		.loc 7 352 10 view .LVU1324
 5526              	.LBB1264:
 354:../../libDaisy/src/dev/oled_ssd130x.h ****             return;
 5527              		.loc 7 354 28 is_stmt 0 view .LVU1325
 5528 032e 3F2A     		cmp	r2, #63
 5529              	.LBE1264:
 5530              	.LBE1268:
ARM GAS  C:\Users\FINNDY~1\AppData\Local\Temp\ccAKb7Rb.s 			page 152


 5531              	.LBE1279:
 229:../../libDaisy/src/hid/disp/display.h ****         int_fast16_t signY  = ((y1 < y2) ? 1 : -1);
 5532              		.loc 8 229 42 view .LVU1326
 5533 0330 4FF0010A 		mov	r10, #1
 5534              	.LBB1280:
 5535              	.LBB1269:
 5536              	.LBB1265:
 354:../../libDaisy/src/dev/oled_ssd130x.h ****             return;
 5537              		.loc 7 354 28 view .LVU1327
 5538 0334 94BF     		ite	ls
 5539 0336 0026     		movls	r6, #0
 5540 0338 0126     		movhi	r6, #1
 354:../../libDaisy/src/dev/oled_ssd130x.h ****             return;
 5541              		.loc 7 354 14 view .LVU1328
 5542 033a 7F2B     		cmp	r3, #127
 354:../../libDaisy/src/dev/oled_ssd130x.h ****             return;
 5543              		.loc 7 354 28 view .LVU1329
 5544 033c 0296     		str	r6, [sp, #8]
 354:../../libDaisy/src/dev/oled_ssd130x.h ****             return;
 5545              		.loc 7 354 14 view .LVU1330
 5546 033e 94BF     		ite	ls
 5547 0340 0027     		movls	r7, #0
 5548 0342 0127     		movhi	r7, #1
 5549 0344 0097     		str	r7, [sp]
 354:../../libDaisy/src/dev/oled_ssd130x.h ****             return;
 5550              		.loc 7 354 9 view .LVU1331
 5551 0346 002E     		cmp	r6, #0
 5552 0348 7FF4C8AE 		bne	.L344
 5553 034c 002F     		cmp	r7, #0
 5554 034e 3FF4AEAE 		beq	.L382
 5555 0352 C3E6     		b	.L344
 5556              	.LVL432:
 5557              	.L369:
 354:../../libDaisy/src/dev/oled_ssd130x.h ****             return;
 5558              		.loc 7 354 9 view .LVU1332
 5559              	.LBE1265:
 5560              	.LBE1269:
 5561              	.LBE1280:
 5562              	.LBE1283:
 5563              	.LBE1366:
 5564              	.LBB1367:
 5565              	.LBB1344:
 5566              	.LBB1342:
 5567              	.LBB1341:
 5568              	.LBB1340:
 5569              	.LBB1338:
 5570              	.LBI1338:
 352:../../libDaisy/src/dev/oled_ssd130x.h ****     {
 5571              		.loc 7 352 10 is_stmt 1 view .LVU1333
 5572              	.LBB1339:
 359:../../libDaisy/src/dev/oled_ssd130x.h ****     }
 5573              		.loc 7 359 49 is_stmt 0 view .LVU1334
 5574 0354 08FA0BFB 		lsl	fp, r8, fp
 359:../../libDaisy/src/dev/oled_ssd130x.h ****     }
 5575              		.loc 7 359 42 view .LVU1335
 5576 0358 9CF81080 		ldrb	r8, [ip, #16]	@ zero_extendqisi2
 5577 035c 28EA0B08 		bic	r8, r8, fp
ARM GAS  C:\Users\FINNDY~1\AppData\Local\Temp\ccAKb7Rb.s 			page 153


 5578 0360 8CF81080 		strb	r8, [ip, #16]
 5579 0364 8AE7     		b	.L368
 5580              	.LVL433:
 5581              	.L378:
 359:../../libDaisy/src/dev/oled_ssd130x.h ****     }
 5582              		.loc 7 359 42 view .LVU1336
 5583              	.LBE1339:
 5584              	.LBE1338:
 5585              	.LBE1340:
 5586              	.LBE1341:
 5587              	.LBE1342:
 5588              	.LBE1344:
 5589              	.LBE1367:
 5590              	.LBB1368:
 5591              	.LBB1364:
 5592              	.LBB1362:
 5593              	.LBB1361:
 5594              	.LBB1360:
 5595              	.LBB1358:
 5596              	.LBI1358:
 352:../../libDaisy/src/dev/oled_ssd130x.h ****     {
 5597              		.loc 7 352 10 is_stmt 1 view .LVU1337
 5598              	.LBB1359:
 359:../../libDaisy/src/dev/oled_ssd130x.h ****     }
 5599              		.loc 7 359 49 is_stmt 0 view .LVU1338
 5600 0366 09FA0AFA 		lsl	r10, r9, r10
 359:../../libDaisy/src/dev/oled_ssd130x.h ****     }
 5601              		.loc 7 359 42 view .LVU1339
 5602 036a 97F81090 		ldrb	r9, [r7, #16]	@ zero_extendqisi2
 5603 036e 29EA0A09 		bic	r9, r9, r10
 5604 0372 87F81090 		strb	r9, [r7, #16]
 5605 0376 C9E7     		b	.L377
 5606              	.LVL434:
 5607              	.L348:
 359:../../libDaisy/src/dev/oled_ssd130x.h ****     }
 5608              		.loc 7 359 42 view .LVU1340
 5609              	.LBE1359:
 5610              	.LBE1358:
 5611              	.LBE1360:
 5612              	.LBE1361:
 5613              	.LBE1362:
 5614              	.LBE1364:
 5615              	.LBE1368:
 5616              	.LBB1369:
 5617              	.LBB1284:
 5618              	.LBB1281:
 5619              	.LBB1278:
 5620              	.LBB1277:
 5621              	.LBB1275:
 5622              	.LBI1275:
 352:../../libDaisy/src/dev/oled_ssd130x.h ****     {
 5623              		.loc 7 352 10 is_stmt 1 view .LVU1341
 5624              	.LBB1276:
 359:../../libDaisy/src/dev/oled_ssd130x.h ****     }
 5625              		.loc 7 359 49 is_stmt 0 view .LVU1342
 5626 0378 09FA0BFB 		lsl	fp, r9, fp
 359:../../libDaisy/src/dev/oled_ssd130x.h ****     }
ARM GAS  C:\Users\FINNDY~1\AppData\Local\Temp\ccAKb7Rb.s 			page 154


 5627              		.loc 7 359 42 view .LVU1343
 5628 037c 97F81090 		ldrb	r9, [r7, #16]	@ zero_extendqisi2
 5629 0380 29EA0B09 		bic	r9, r9, fp
 5630 0384 87F81090 		strb	r9, [r7, #16]
 5631 0388 C5E6     		b	.L347
 5632              	.LVL435:
 5633              	.L359:
 359:../../libDaisy/src/dev/oled_ssd130x.h ****     }
 5634              		.loc 7 359 42 view .LVU1344
 5635              	.LBE1276:
 5636              	.LBE1275:
 5637              	.LBE1277:
 5638              	.LBE1278:
 5639              	.LBE1281:
 5640              	.LBE1284:
 5641              	.LBE1369:
 5642              	.LBB1370:
 5643              	.LBB1320:
 5644              	.LBB1317:
 5645              	.LBB1316:
 5646              	.LBB1315:
 5647              	.LBB1313:
 5648              	.LBI1313:
 352:../../libDaisy/src/dev/oled_ssd130x.h ****     {
 5649              		.loc 7 352 10 is_stmt 1 view .LVU1345
 5650              	.LBB1314:
 359:../../libDaisy/src/dev/oled_ssd130x.h ****     }
 5651              		.loc 7 359 49 is_stmt 0 view .LVU1346
 5652 038a 0AFA0BFB 		lsl	fp, r10, fp
 359:../../libDaisy/src/dev/oled_ssd130x.h ****     }
 5653              		.loc 7 359 42 view .LVU1347
 5654 038e 9EF810A0 		ldrb	r10, [lr, #16]	@ zero_extendqisi2
 5655 0392 2AEA0B0A 		bic	r10, r10, fp
 5656 0396 8EF810A0 		strb	r10, [lr, #16]
 5657 039a 18E7     		b	.L358
 5658              	.LVL436:
 5659              	.L351:
 359:../../libDaisy/src/dev/oled_ssd130x.h ****     }
 5660              		.loc 7 359 42 view .LVU1348
 5661              	.LBE1314:
 5662              	.LBE1313:
 5663              	.LBE1315:
 5664              	.LBE1316:
 5665              	.LBE1317:
 5666              	.LBB1318:
 5667              	.LBB1304:
 5668              	.LBB1298:
 354:../../libDaisy/src/dev/oled_ssd130x.h ****             return;
 5669              		.loc 7 354 9 view .LVU1349
 5670 039c 97BB     		cbnz	r7, .L390
 5671 039e 8EBB     		cbnz	r6, .L390
 5672              	.LBE1298:
 5673              	.LBE1304:
 5674              	.LBE1318:
 230:../../libDaisy/src/hid/disp/display.h ****         int_fast16_t error  = deltaX - deltaY;
 5675              		.loc 8 230 42 view .LVU1350
 5676 03a0 0126     		movs	r6, #1
ARM GAS  C:\Users\FINNDY~1\AppData\Local\Temp\ccAKb7Rb.s 			page 155


 5677 03a2 0096     		str	r6, [sp]
 5678              	.LBB1319:
 5679              	.LBB1305:
 5680              	.LBB1299:
 357:../../libDaisy/src/dev/oled_ssd130x.h ****         else
 5681              		.loc 7 357 28 view .LVU1351
 5682 03a4 E608     		lsrs	r6, r4, #3
 357:../../libDaisy/src/dev/oled_ssd130x.h ****         else
 5683              		.loc 7 357 42 view .LVU1352
 5684 03a6 03EBC616 		add	r6, r3, r6, lsl #7
 5685 03aa 0644     		add	r6, r6, r0
 356:../../libDaisy/src/dev/oled_ssd130x.h ****             buffer_[x + (y / 8) * width] |= (1 << (y % 8));
 5686              		.loc 7 356 9 view .LVU1353
 5687 03ac 002D     		cmp	r5, #0
 5688 03ae 7FF4E2AE 		bne	.L425
 5689              	.LVL437:
 5690              	.L353:
 5691              	.LBB1292:
 5692              	.LBI1292:
 352:../../libDaisy/src/dev/oled_ssd130x.h ****     {
 5693              		.loc 7 352 10 is_stmt 1 view .LVU1354
 5694              	.LBB1293:
 359:../../libDaisy/src/dev/oled_ssd130x.h ****     }
 5695              		.loc 7 359 49 is_stmt 0 view .LVU1355
 5696 03b2 0127     		movs	r7, #1
 359:../../libDaisy/src/dev/oled_ssd130x.h ****     }
 5697              		.loc 7 359 55 view .LVU1356
 5698 03b4 04F0070C 		and	ip, r4, #7
 359:../../libDaisy/src/dev/oled_ssd130x.h ****     }
 5699              		.loc 7 359 42 view .LVU1357
 5700 03b8 0395     		str	r5, [sp, #12]
 359:../../libDaisy/src/dev/oled_ssd130x.h ****     }
 5701              		.loc 7 359 49 view .LVU1358
 5702 03ba 07FA0CFC 		lsl	ip, r7, ip
 359:../../libDaisy/src/dev/oled_ssd130x.h ****     }
 5703              		.loc 7 359 42 view .LVU1359
 5704 03be 377C     		ldrb	r7, [r6, #16]	@ zero_extendqisi2
 5705 03c0 27EA0C07 		bic	r7, r7, ip
 5706 03c4 3774     		strb	r7, [r6, #16]
 5707 03c6 E3E6     		b	.L352
 5708              	.LVL438:
 5709              	.L374:
 359:../../libDaisy/src/dev/oled_ssd130x.h ****     }
 5710              		.loc 7 359 42 view .LVU1360
 5711              	.LBE1293:
 5712              	.LBE1292:
 5713              	.LBE1299:
 5714              	.LBE1305:
 5715              	.LBE1319:
 5716              	.LBE1320:
 5717              	.LBE1370:
 5718              	.LBB1371:
 5719              	.LBB1365:
 5720              	.LBB1363:
 5721              	.LBB1354:
 5722              	.LBB1353:
 5723              	.LBB1351:
ARM GAS  C:\Users\FINNDY~1\AppData\Local\Temp\ccAKb7Rb.s 			page 156


 5724              	.LBI1351:
 352:../../libDaisy/src/dev/oled_ssd130x.h ****     {
 5725              		.loc 7 352 10 is_stmt 1 view .LVU1361
 5726              	.LBB1352:
 359:../../libDaisy/src/dev/oled_ssd130x.h ****     }
 5727              		.loc 7 359 49 is_stmt 0 view .LVU1362
 5728 03c8 06FA07F7 		lsl	r7, r6, r7
 359:../../libDaisy/src/dev/oled_ssd130x.h ****     }
 5729              		.loc 7 359 42 view .LVU1363
 5730 03cc 1E7C     		ldrb	r6, [r3, #16]	@ zero_extendqisi2
 5731 03ce 26EA0706 		bic	r6, r6, r7
 5732 03d2 1E74     		strb	r6, [r3, #16]
 5733 03d4 7FE7     		b	.L373
 5734              	.LVL439:
 5735              	.L364:
 359:../../libDaisy/src/dev/oled_ssd130x.h ****     }
 5736              		.loc 7 359 42 view .LVU1364
 5737              	.LBE1352:
 5738              	.LBE1351:
 5739              	.LBE1353:
 5740              	.LBE1354:
 5741              	.LBE1363:
 5742              	.LBE1365:
 5743              	.LBE1371:
 5744              	.LBB1372:
 5745              	.LBB1345:
 5746              	.LBB1343:
 5747              	.LBB1333:
 5748              	.LBB1331:
 5749              	.LBB1328:
 5750              	.LBI1328:
 352:../../libDaisy/src/dev/oled_ssd130x.h ****     {
 5751              		.loc 7 352 10 is_stmt 1 view .LVU1365
 5752              	.LBB1329:
 359:../../libDaisy/src/dev/oled_ssd130x.h ****     }
 5753              		.loc 7 359 49 is_stmt 0 view .LVU1366
 5754 03d6 0127     		movs	r7, #1
 359:../../libDaisy/src/dev/oled_ssd130x.h ****     }
 5755              		.loc 7 359 55 view .LVU1367
 5756 03d8 04F0070C 		and	ip, r4, #7
 359:../../libDaisy/src/dev/oled_ssd130x.h ****     }
 5757              		.loc 7 359 49 view .LVU1368
 5758 03dc 07FA0CFC 		lsl	ip, r7, ip
 359:../../libDaisy/src/dev/oled_ssd130x.h ****     }
 5759              		.loc 7 359 42 view .LVU1369
 5760 03e0 377C     		ldrb	r7, [r6, #16]	@ zero_extendqisi2
 5761 03e2 27EA0C07 		bic	r7, r7, ip
 5762 03e6 3774     		strb	r7, [r6, #16]
 5763 03e8 2DE7     		b	.L363
 5764              	.LVL440:
 5765              	.L342:
 359:../../libDaisy/src/dev/oled_ssd130x.h ****     }
 5766              		.loc 7 359 42 view .LVU1370
 5767              	.LBE1329:
 5768              	.LBE1328:
 5769              	.LBE1331:
 5770              	.LBE1333:
ARM GAS  C:\Users\FINNDY~1\AppData\Local\Temp\ccAKb7Rb.s 			page 157


 5771              	.LBE1343:
 5772              	.LBE1345:
 5773              	.LBE1372:
 5774              	.LBB1373:
 5775              	.LBB1285:
 5776              	.LBB1282:
 5777              	.LBB1270:
 5778              	.LBB1266:
 5779              	.LBB1261:
 5780              	.LBI1261:
 352:../../libDaisy/src/dev/oled_ssd130x.h ****     {
 5781              		.loc 7 352 10 is_stmt 1 view .LVU1371
 5782              	.LBB1262:
 359:../../libDaisy/src/dev/oled_ssd130x.h ****     }
 5783              		.loc 7 359 49 is_stmt 0 view .LVU1372
 5784 03ea 07FA0CFC 		lsl	ip, r7, ip
 359:../../libDaisy/src/dev/oled_ssd130x.h ****     }
 5785              		.loc 7 359 42 view .LVU1373
 5786 03ee 377C     		ldrb	r7, [r6, #16]	@ zero_extendqisi2
 5787 03f0 0295     		str	r5, [sp, #8]
 5788 03f2 27EA0C07 		bic	r7, r7, ip
 5789 03f6 0095     		str	r5, [sp]
 5790 03f8 3774     		strb	r7, [r6, #16]
 5791 03fa 6CE6     		b	.L341
 5792              	.LVL441:
 5793              	.L386:
 359:../../libDaisy/src/dev/oled_ssd130x.h ****     }
 5794              		.loc 7 359 42 view .LVU1374
 5795              	.LBE1262:
 5796              	.LBE1261:
 5797              	.LBE1266:
 5798              	.LBE1270:
 5799              	.LBE1282:
 5800              	.LBE1285:
 5801              	.LBE1373:
 5802              	.LBB1374:
 5803              	.LBB1321:
 230:../../libDaisy/src/hid/disp/display.h ****         int_fast16_t error  = deltaX - deltaY;
 5804              		.loc 8 230 42 view .LVU1375
 5805 03fc 4FF0FF36 		mov	r6, #-1
 5806 0400 0096     		str	r6, [sp]
 5807 0402 C5E6     		b	.L352
 5808              	.LVL442:
 5809              	.L390:
 230:../../libDaisy/src/hid/disp/display.h ****         int_fast16_t error  = deltaX - deltaY;
 5810              		.loc 8 230 42 view .LVU1376
 5811 0404 0126     		movs	r6, #1
 5812 0406 0096     		str	r6, [sp]
 5813 0408 C5E6     		b	.L355
 5814              	.LVL443:
 5815              	.L423:
 230:../../libDaisy/src/hid/disp/display.h ****         int_fast16_t error  = deltaX - deltaY;
 5816              		.loc 8 230 42 view .LVU1377
 5817              	.LBE1321:
 5818              	.LBE1374:
 5819              	.LBB1375:
 5820              	.LBB1286:
ARM GAS  C:\Users\FINNDY~1\AppData\Local\Temp\ccAKb7Rb.s 			page 158


 239:../../libDaisy/src/hid/disp/display.h ****         {
 5821              		.loc 8 239 19 view .LVU1378
 5822 040a 0126     		movs	r6, #1
 5823 040c 0496     		str	r6, [sp, #16]
 5824 040e 90E6     		b	.L343
 5825              	.LVL444:
 5826              	.L424:
 239:../../libDaisy/src/hid/disp/display.h ****         {
 5827              		.loc 8 239 19 view .LVU1379
 5828              	.LBE1286:
 5829              	.LBE1375:
 5830              	.LBB1376:
 5831              	.LBB1322:
 239:../../libDaisy/src/hid/disp/display.h ****         {
 5832              		.loc 8 239 33 view .LVU1380
 5833 0410 0126     		movs	r6, #1
 5834 0412 0196     		str	r6, [sp, #4]
 5835 0414 EDE6     		b	.L354
 5836              	.LBE1322:
 5837              	.LBE1376:
 5838              	.LBE1400:
 5839              		.cfi_endproc
 5840              	.LFE7620:
 5842 0416 00BF     		.section	.text._Z4stepv,"ax",%progbits
 5843              		.align	1
 5844              		.p2align 2,,3
 5845              		.global	_Z4stepv
 5846              		.syntax unified
 5847              		.thumb
 5848              		.thumb_func
 5849              		.fpu fpv5-d16
 5851              	_Z4stepv:
 5852              	.LFB6828:
  74:main.cpp      **** 
  75:main.cpp      **** void draw(void);
  76:main.cpp      **** void step(void);
  77:main.cpp      **** 
  78:main.cpp      **** Display display;
  79:main.cpp      **** 
  80:main.cpp      **** Window* currentWindow;
  81:main.cpp      **** Window* startWindow;
  82:main.cpp      **** 
  83:main.cpp      **** TimerHandle controlsTimerHandle;
  84:main.cpp      **** 
  85:main.cpp      **** int main(void)
  86:main.cpp      **** {
  87:main.cpp      ****     hw.Init();
  88:main.cpp      ****     hw.SetAudioBlockSize(BLOCK_SIZE);
  89:main.cpp      ****     hw.SetAudioSampleRate(SaiHandle::Config::SampleRate::SAI_48KHZ);
  90:main.cpp      **** 
  91:main.cpp      ****     // display
  92:main.cpp      ****     Display::Config dispCfg;
  93:main.cpp      ****     dispCfg.driver_config.transport_config.i2c_address = 0x3C;
  94:main.cpp      ****     dispCfg.driver_config.transport_config.i2c_config.periph = I2CHandle::Config::Peripheral::I2C_1
  95:main.cpp      ****     dispCfg.driver_config.transport_config.i2c_config.speed = I2CHandle::Config::Speed::I2C_400KHZ;
  96:main.cpp      ****     dispCfg.driver_config.transport_config.i2c_config.mode = I2CHandle::Config::Mode::I2C_MASTER;
  97:main.cpp      ****     dispCfg.driver_config.transport_config.i2c_config.pin_config.scl = seed::D11;
ARM GAS  C:\Users\FINNDY~1\AppData\Local\Temp\ccAKb7Rb.s 			page 159


  98:main.cpp      ****     dispCfg.driver_config.transport_config.i2c_config.pin_config.sda = seed::D12;
  99:main.cpp      ****     
 100:main.cpp      ****     display.Init(dispCfg);
 101:main.cpp      **** 
 102:main.cpp      ****     currentWindow = &mainWindow;
 103:main.cpp      ****     startWindow = &mainWindow;
 104:main.cpp      **** 
 105:main.cpp      ****     int bp = 0, fp = 0;
 106:main.cpp      **** 
 107:main.cpp      ****     persistentData.Init({});
 108:main.cpp      **** 
 109:main.cpp      ****     // effects
 110:main.cpp      ****     Looper* looper = new Looper(true);
 111:main.cpp      ****     boolParams[bp++] = &looper->enabled;
 112:main.cpp      ****     boolParams[bp++] = &looper->recordingEnabled;
 113:main.cpp      **** 
 114:main.cpp      ****     Delay* delay = new Delay(true);
 115:main.cpp      ****     boolParams[bp++] = &delay->enabled;
 116:main.cpp      ****     floatParams[fp++] = &delay->delayAmount;
 117:main.cpp      **** 
 118:main.cpp      ****     Tuner* tuner = new Tuner(false);
 119:main.cpp      ****     boolParams[bp++] = &tuner->enabled;
 120:main.cpp      ****     maxFrequency = &tuner->maxFrequency;
 121:main.cpp      ****     tunerWindow.tuner = tuner;
 122:main.cpp      **** 
 123:main.cpp      ****     Reverb* reverb = new Reverb(false);
 124:main.cpp      ****     boolParams[bp++] = &reverb->enabled;
 125:main.cpp      ****     floatParams[fp++] = &reverb->depth;
 126:main.cpp      ****     floatParams[fp++] = &reverb->mix;
 127:main.cpp      ****     floatParams[fp++] = &reverb->gain;
 128:main.cpp      **** 
 129:main.cpp      ****     Chorus* chorus = new Chorus(true, 0.01f);
 130:main.cpp      ****     boolParams[bp++] = &chorus->enabled;
 131:main.cpp      ****     floatParams[fp++] = &chorus->frequency; 
 132:main.cpp      ****     floatParams[fp++] = &chorus->depth;
 133:main.cpp      ****     floatParams[fp++] = &chorus->mix;
 134:main.cpp      **** 
 135:main.cpp      ****     BitCrusher* bitCrusher = new BitCrusher(true);
 136:main.cpp      ****     boolParams[bp++] = &bitCrusher->enabled;
 137:main.cpp      ****     floatParams[fp++] = &bitCrusher->amount;
 138:main.cpp      **** 
 139:main.cpp      ****     Phaser* phaser = new Phaser(true);
 140:main.cpp      ****     boolParams[bp++] = &phaser->enabled;
 141:main.cpp      ****     floatParams[fp++] = &phaser->rate;
 142:main.cpp      ****     floatParams[fp++] = &phaser->depth;
 143:main.cpp      ****     floatParams[fp++] = &phaser->feedback;
 144:main.cpp      **** 
 145:main.cpp      ****     Metronome* metronome = new Metronome();
 146:main.cpp      ****     boolParams[bp++] = &metronome->enabled;
 147:main.cpp      ****     floatParams[fp++] = &metronome->volume;
 148:main.cpp      ****     metronomeWindow.metronome = metronome;
 149:main.cpp      ****     
 150:main.cpp      ****     effects[0] = tuner;
 151:main.cpp      ****     effects[1] = reverb;
 152:main.cpp      ****     effects[2] = bitCrusher;
 153:main.cpp      ****     effects[3] = delay;
 154:main.cpp      ****     effects[4] = chorus;
ARM GAS  C:\Users\FINNDY~1\AppData\Local\Temp\ccAKb7Rb.s 			page 160


 155:main.cpp      ****     effects[5] = phaser;
 156:main.cpp      ****     effects[6] = looper;
 157:main.cpp      ****     effects[7] = metronome;
 158:main.cpp      **** 
 159:main.cpp      ****     char controlNameBuf[9];
 160:main.cpp      ****     // pots
 161:main.cpp      ****     AdcChannelConfig configs[NUM_VARIABLE_CONTROLS];
 162:main.cpp      ****     for (int i = 0; i < NUM_VARIABLE_CONTROLS; i++) {
 163:main.cpp      ****         potentiometers[i] = new VariableControl(&hw, &configs[i], hw.GetPin(15 + i), i);
 164:main.cpp      ****         potentiometers[i]->parameter = nullptr;
 165:main.cpp      **** 
 166:main.cpp      ****         snprintf(controlNameBuf, 7, "Knob %d", i);
 167:main.cpp      **** 
 168:main.cpp      ****         VariableControlScrollElement* el = new VariableControlScrollElement(potentiometers[i]);
 169:main.cpp      ****         el->subWindow = startWindow;
 170:main.cpp      ****         strcpy(el->nameBuf, controlNameBuf);
 171:main.cpp      ****         varControlOptions[i] = el;
 172:main.cpp      ****     }
 173:main.cpp      **** 
 174:main.cpp      ****     hw.adc.Init(configs, NUM_VARIABLE_CONTROLS);
 175:main.cpp      ****     hw.adc.Start();
 176:main.cpp      **** 
 177:main.cpp      ****     // buttons
 178:main.cpp      ****     for (int i = 0; i < NUM_TOGGLE_CONTROLS; i++) {
 179:main.cpp      ****         buttons[i] = new ToggleControl(hw.GetPin(i + 22), i);
 180:main.cpp      ****         buttons[i]->parameter = nullptr;
 181:main.cpp      **** 
 182:main.cpp      ****         snprintf(controlNameBuf, 9, "Button %d", i);
 183:main.cpp      **** 
 184:main.cpp      ****         ToggleControlScrollElement* el = new ToggleControlScrollElement(buttons[i]);
 185:main.cpp      ****         el->subWindow = startWindow;
 186:main.cpp      ****         strcpy(el->nameBuf, controlNameBuf);
 187:main.cpp      ****         toggleControlOptions[i] = el;
 188:main.cpp      ****         
 189:main.cpp      ****     }
 190:main.cpp      **** 
 191:main.cpp      ****     PersistentSettings& localSettings = persistentData.GetSettings();
 192:main.cpp      **** 
 193:main.cpp      ****     for (int i = 0; i < NUM_FLOAT_PARAMETERS; i++) {
 194:main.cpp      ****         parameterOptions[i] = new ParameterScrollElement(floatParams[i]);
 195:main.cpp      ****         floatParams[i]->control = nullptr;
 196:main.cpp      ****         floatParams[i]->load(localSettings.floatParams[i]);
 197:main.cpp      ****     }
 198:main.cpp      **** 
 199:main.cpp      ****     for (int i = 0; i < NUM_BOOL_PARAMETERS; i++) {
 200:main.cpp      ****         parameterOptions[i + NUM_FLOAT_PARAMETERS] = new ParameterScrollElement(boolParams[i]);
 201:main.cpp      ****         boolParams[i]->control = nullptr;
 202:main.cpp      ****         boolParams[i]->load(localSettings.boolParams[i]);
 203:main.cpp      ****     }
 204:main.cpp      **** 
 205:main.cpp      ****     ledRed.value = localSettings.ledR;
 206:main.cpp      ****     ledGreen.value = localSettings.ledG;
 207:main.cpp      ****     ledBlue.value = localSettings.ledB;
 208:main.cpp      **** 
 209:main.cpp      ****     metronome->bpm = localSettings.metronomeBpm;
 210:main.cpp      **** 
 211:main.cpp      **** 
ARM GAS  C:\Users\FINNDY~1\AppData\Local\Temp\ccAKb7Rb.s 			page 161


 212:main.cpp      ****     backButton.Init(seed::D14, 0, Switch::TYPE_MOMENTARY, Switch::POLARITY_INVERTED, Switch::PULL_U
 213:main.cpp      ****     encoder.Init(seed::D4, seed::D3, seed::D5);
 214:main.cpp      **** 
 215:main.cpp      ****     rgbLed.Init(seed::D0, seed::D1, seed::D2, false);
 216:main.cpp      ****     
 217:main.cpp      **** 
 218:main.cpp      ****     TimerHandle::Config timerCfg;
 219:main.cpp      ****     timerCfg.periph = TimerHandle::Config::Peripheral::TIM_5;
 220:main.cpp      ****     timerCfg.dir = TimerHandle::Config::CounterDir::UP;
 221:main.cpp      ****     timerCfg.period = System::GetPClk2Freq() * 2 / CONTOLS_UPDATE_RATE;
 222:main.cpp      ****     timerCfg.enable_irq = true;
 223:main.cpp      **** 
 224:main.cpp      ****     volatile ControlData cd = { 0 };
 225:main.cpp      **** 
 226:main.cpp      ****     controlsTimerHandle.Init(timerCfg);
 227:main.cpp      ****     controlsTimerHandle.SetCallback(ControlsTimerCallback, (void*)&cd);
 228:main.cpp      ****     controlsTimerHandle.Start();
 229:main.cpp      **** 
 230:main.cpp      ****     hw.StartAudio(Callback);
 231:main.cpp      **** 
 232:main.cpp      **** 
 233:main.cpp      ****     while(true) {
 234:main.cpp      **** 
 235:main.cpp      ****         step();
 236:main.cpp      ****         draw();
 237:main.cpp      **** 
 238:main.cpp      ****     }
 239:main.cpp      **** }
 240:main.cpp      **** 
 241:main.cpp      **** void step(void) { // could return a bool for stopping but idk if thats needed
 5853              		.loc 9 241 17 is_stmt 1 view -0
 5854              		.cfi_startproc
 5855              		@ args = 0, pretend = 0, frame = 0
 5856              		@ frame_needed = 0, uses_anonymous_args = 0
 242:main.cpp      **** 
 243:main.cpp      ****     for (int i = 0; i < NUM_EFFECTS; i++) {
 5857              		.loc 9 243 5 view .LVU1382
 5858              	.LVL445:
 5859              	.LBB1401:
 5860              		.loc 9 243 23 view .LVU1383
 5861              	.LBE1401:
 241:main.cpp      **** 
 5862              		.loc 9 241 17 is_stmt 0 view .LVU1384
 5863 0000 F8B5     		push	{r3, r4, r5, r6, r7, lr}
 5864              		.cfi_def_cfa_offset 24
 5865              		.cfi_offset 3, -24
 5866              		.cfi_offset 4, -20
 5867              		.cfi_offset 5, -16
 5868              		.cfi_offset 6, -12
 5869              		.cfi_offset 7, -8
 5870              		.cfi_offset 14, -4
 5871 0002 274C     		ldr	r4, .L443
 5872 0004 04F12005 		add	r5, r4, #32
 5873              	.LVL446:
 5874              	.L427:
 5875              	.LBB1402:
 244:main.cpp      ****         effects[i]->update();
ARM GAS  C:\Users\FINNDY~1\AppData\Local\Temp\ccAKb7Rb.s 			page 162


 5876              		.loc 9 244 9 is_stmt 1 discriminator 2 view .LVU1385
 5877              		.loc 9 244 18 is_stmt 0 discriminator 2 view .LVU1386
 5878 0008 54F8040F 		ldr	r0, [r4, #4]!
 5879              		.loc 9 244 28 discriminator 2 view .LVU1387
 5880 000c 0368     		ldr	r3, [r0]
 5881              		.loc 9 244 27 discriminator 2 view .LVU1388
 5882 000e 5B68     		ldr	r3, [r3, #4]
 5883 0010 9847     		blx	r3
 5884              	.LVL447:
 243:main.cpp      ****         effects[i]->update();
 5885              		.loc 9 243 5 is_stmt 1 discriminator 2 view .LVU1389
 243:main.cpp      ****         effects[i]->update();
 5886              		.loc 9 243 23 discriminator 2 view .LVU1390
 5887 0012 AC42     		cmp	r4, r5
 5888 0014 F8D1     		bne	.L427
 5889 0016 234C     		ldr	r4, .L443+4
 5890 0018 04F11005 		add	r5, r4, #16
 5891              	.L428:
 5892              	.LBE1402:
 5893              	.LBB1403:
 245:main.cpp      ****     }
 246:main.cpp      **** 
 247:main.cpp      ****     // TODO: maybe merge pots and buttons because i have polymorphism now
 248:main.cpp      ****     
 249:main.cpp      ****     for (int i = 0; i < NUM_VARIABLE_CONTROLS; i++) {
 250:main.cpp      ****         potentiometers[i]->update();
 5894              		.loc 9 250 9 discriminator 2 view .LVU1391
 5895              		.loc 9 250 25 is_stmt 0 discriminator 2 view .LVU1392
 5896 001c 54F8040B 		ldr	r0, [r4], #4
 5897              		.loc 9 250 35 discriminator 2 view .LVU1393
 5898 0020 0368     		ldr	r3, [r0]
 5899              		.loc 9 250 34 discriminator 2 view .LVU1394
 5900 0022 1B68     		ldr	r3, [r3]
 5901 0024 9847     		blx	r3
 5902              	.LVL448:
 249:main.cpp      ****         potentiometers[i]->update();
 5903              		.loc 9 249 5 is_stmt 1 discriminator 2 view .LVU1395
 249:main.cpp      ****         potentiometers[i]->update();
 5904              		.loc 9 249 23 discriminator 2 view .LVU1396
 5905 0026 AC42     		cmp	r4, r5
 5906 0028 F8D1     		bne	.L428
 5907 002a 1F4C     		ldr	r4, .L443+8
 5908 002c 04F11005 		add	r5, r4, #16
 5909              	.L429:
 5910              	.LBE1403:
 5911              	.LBB1404:
 251:main.cpp      ****     }
 252:main.cpp      **** 
 253:main.cpp      ****     for (int i = 0; i < NUM_TOGGLE_CONTROLS; i++) {
 254:main.cpp      ****         buttons[i]->update();
 5912              		.loc 9 254 9 discriminator 2 view .LVU1397
 5913              		.loc 9 254 18 is_stmt 0 discriminator 2 view .LVU1398
 5914 0030 54F8040B 		ldr	r0, [r4], #4
 5915              		.loc 9 254 28 discriminator 2 view .LVU1399
 5916 0034 0368     		ldr	r3, [r0]
 5917              		.loc 9 254 27 discriminator 2 view .LVU1400
 5918 0036 1B68     		ldr	r3, [r3]
ARM GAS  C:\Users\FINNDY~1\AppData\Local\Temp\ccAKb7Rb.s 			page 163


 5919 0038 9847     		blx	r3
 5920              	.LVL449:
 253:main.cpp      ****         buttons[i]->update();
 5921              		.loc 9 253 5 is_stmt 1 discriminator 2 view .LVU1401
 253:main.cpp      ****         buttons[i]->update();
 5922              		.loc 9 253 23 discriminator 2 view .LVU1402
 5923 003a A542     		cmp	r5, r4
 5924 003c F8D1     		bne	.L429
 5925              	.LBE1404:
 255:main.cpp      ****     }
 256:main.cpp      **** 
 257:main.cpp      **** 
 258:main.cpp      ****     if (currentWindow != nullptr) {
 5926              		.loc 9 258 5 view .LVU1403
 5927              		.loc 9 258 23 is_stmt 0 view .LVU1404
 5928 003e 1B4C     		ldr	r4, .L443+12
 5929 0040 2068     		ldr	r0, [r4]
 5930              		.loc 9 258 5 view .LVU1405
 5931 0042 00B3     		cbz	r0, .L430
 259:main.cpp      ****         currentWindow->update(encoderPress, encoderMove, &currentWindow);
 5932              		.loc 9 259 9 is_stmt 1 view .LVU1406
 5933              		.loc 9 259 72 is_stmt 0 view .LVU1407
 5934 0044 0368     		ldr	r3, [r0]
 5935              		.loc 9 259 30 view .LVU1408
 5936 0046 1A4D     		ldr	r5, .L443+16
 5937 0048 1A4E     		ldr	r6, .L443+20
 5938 004a 2978     		ldrb	r1, [r5]	@ zero_extendqisi2
 5939 004c 1F68     		ldr	r7, [r3]
 5940 004e 2346     		mov	r3, r4
 5941 0050 3268     		ldr	r2, [r6]
 5942 0052 B847     		blx	r7
 5943              	.LVL450:
 260:main.cpp      ****         if (backPress) currentWindow = currentWindow->previous;
 5944              		.loc 9 260 9 is_stmt 1 view .LVU1409
 5945              		.loc 9 260 13 is_stmt 0 view .LVU1410
 5946 0054 184B     		ldr	r3, .L443+24
 5947 0056 1A78     		ldrb	r2, [r3]	@ zero_extendqisi2
 5948              		.loc 9 260 9 view .LVU1411
 5949 0058 12B1     		cbz	r2, .L432
 5950              		.loc 9 260 24 is_stmt 1 discriminator 1 view .LVU1412
 5951              		.loc 9 260 55 is_stmt 0 discriminator 1 view .LVU1413
 5952 005a 2268     		ldr	r2, [r4]
 5953              		.loc 9 260 38 discriminator 1 view .LVU1414
 5954 005c 5268     		ldr	r2, [r2, #4]
 5955 005e 2260     		str	r2, [r4]
 5956              	.L432:
 261:main.cpp      **** 
 262:main.cpp      ****     } else if (backPress || encoderPress) {
 263:main.cpp      ****         currentWindow = startWindow;
 264:main.cpp      ****     }
 265:main.cpp      **** 
 266:main.cpp      ****     // probably isnt needed
 267:main.cpp      ****     encoderPress = false;
 5957              		.loc 9 267 5 is_stmt 1 view .LVU1415
 268:main.cpp      ****     backPress = false;
 269:main.cpp      ****     encoderMove = 0;
 270:main.cpp      **** 
ARM GAS  C:\Users\FINNDY~1\AppData\Local\Temp\ccAKb7Rb.s 			page 164


 271:main.cpp      ****     rgbLed.Set(ledRed.value, ledGreen.value, ledBlue.value);
 5958              		.loc 9 271 15 is_stmt 0 view .LVU1416
 5959 0060 164A     		ldr	r2, .L443+28
 267:main.cpp      ****     backPress = false;
 5960              		.loc 9 267 18 view .LVU1417
 5961 0062 0024     		movs	r4, #0
 5962              		.loc 9 271 15 view .LVU1418
 5963 0064 1649     		ldr	r1, .L443+32
 5964 0066 D2ED010A 		vldr.32	s1, [r2, #4]
 5965 006a 164A     		ldr	r2, .L443+36
 5966 006c 91ED011A 		vldr.32	s2, [r1, #4]
 5967 0070 1548     		ldr	r0, .L443+40
 5968 0072 92ED010A 		vldr.32	s0, [r2, #4]
 267:main.cpp      ****     backPress = false;
 5969              		.loc 9 267 18 view .LVU1419
 5970 0076 2C70     		strb	r4, [r5]
 268:main.cpp      ****     backPress = false;
 5971              		.loc 9 268 5 is_stmt 1 view .LVU1420
 268:main.cpp      ****     backPress = false;
 5972              		.loc 9 268 15 is_stmt 0 view .LVU1421
 5973 0078 1C70     		strb	r4, [r3]
 269:main.cpp      **** 
 5974              		.loc 9 269 5 is_stmt 1 view .LVU1422
 269:main.cpp      **** 
 5975              		.loc 9 269 17 is_stmt 0 view .LVU1423
 5976 007a 3460     		str	r4, [r6]
 5977              		.loc 9 271 5 is_stmt 1 view .LVU1424
 5978              		.loc 9 271 15 is_stmt 0 view .LVU1425
 5979 007c FFF7FEFF 		bl	_ZN5daisy6RgbLed3SetEfff
 5980              	.LVL451:
 272:main.cpp      **** 
 273:main.cpp      ****     controlUpdateReady = false;
 5981              		.loc 9 273 5 is_stmt 1 view .LVU1426
 5982              		.loc 9 273 24 is_stmt 0 view .LVU1427
 5983 0080 124B     		ldr	r3, .L443+44
 5984 0082 1C70     		strb	r4, [r3]
 274:main.cpp      ****     
 275:main.cpp      **** }
 5985              		.loc 9 275 1 view .LVU1428
 5986 0084 F8BD     		pop	{r3, r4, r5, r6, r7, pc}
 5987              	.L430:
 262:main.cpp      ****         currentWindow = startWindow;
 5988              		.loc 9 262 12 is_stmt 1 view .LVU1429
 262:main.cpp      ****         currentWindow = startWindow;
 5989              		.loc 9 262 16 is_stmt 0 view .LVU1430
 5990 0086 0C4B     		ldr	r3, .L443+24
 5991 0088 094D     		ldr	r5, .L443+16
 5992 008a 1A78     		ldrb	r2, [r3]	@ zero_extendqisi2
 262:main.cpp      ****         currentWindow = startWindow;
 5993              		.loc 9 262 26 view .LVU1431
 5994 008c 1AB9     		cbnz	r2, .L433
 262:main.cpp      ****         currentWindow = startWindow;
 5995              		.loc 9 262 29 discriminator 2 view .LVU1432
 5996 008e 2A78     		ldrb	r2, [r5]	@ zero_extendqisi2
 262:main.cpp      ****         currentWindow = startWindow;
 5997              		.loc 9 262 26 discriminator 2 view .LVU1433
 5998 0090 0AB9     		cbnz	r2, .L433
ARM GAS  C:\Users\FINNDY~1\AppData\Local\Temp\ccAKb7Rb.s 			page 165


 5999 0092 084E     		ldr	r6, .L443+20
 6000 0094 E4E7     		b	.L432
 6001              	.L433:
 263:main.cpp      ****     }
 6002              		.loc 9 263 9 is_stmt 1 view .LVU1434
 263:main.cpp      ****     }
 6003              		.loc 9 263 23 is_stmt 0 view .LVU1435
 6004 0096 0E4A     		ldr	r2, .L443+48
 6005 0098 064E     		ldr	r6, .L443+20
 6006 009a 1268     		ldr	r2, [r2]
 6007 009c 2260     		str	r2, [r4]
 6008 009e DFE7     		b	.L432
 6009              	.L444:
 6010              		.align	2
 6011              	.L443:
 6012 00a0 FCFFFFFF 		.word	.LANCHOR7-4
 6013 00a4 00000000 		.word	potentiometers
 6014 00a8 00000000 		.word	buttons
 6015 00ac 00000000 		.word	.LANCHOR8
 6016 00b0 00000000 		.word	.LANCHOR4
 6017 00b4 00000000 		.word	.LANCHOR6
 6018 00b8 00000000 		.word	.LANCHOR5
 6019 00bc 00000000 		.word	ledGreen
 6020 00c0 00000000 		.word	ledBlue
 6021 00c4 00000000 		.word	ledRed
 6022 00c8 00000000 		.word	.LANCHOR0
 6023 00cc 00000000 		.word	.LANCHOR3
 6024 00d0 00000000 		.word	.LANCHOR9
 6025              		.cfi_endproc
 6026              	.LFE6828:
 6028              		.section	.text._Z4drawv,"ax",%progbits
 6029              		.align	1
 6030              		.p2align 2,,3
 6031              		.global	_Z4drawv
 6032              		.syntax unified
 6033              		.thumb
 6034              		.thumb_func
 6035              		.fpu fpv5-d16
 6037              	_Z4drawv:
 6038              	.LFB6829:
 276:main.cpp      **** 
 277:main.cpp      **** 
 278:main.cpp      **** void draw(void) {
 6039              		.loc 9 278 17 is_stmt 1 view -0
 6040              		.cfi_startproc
 6041              		@ args = 0, pretend = 0, frame = 8
 6042              		@ frame_needed = 0, uses_anonymous_args = 0
 279:main.cpp      **** 
 280:main.cpp      ****     display.Fill(false);
 6043              		.loc 9 280 5 view .LVU1437
 6044              	.LVL452:
 6045              	.LBB1422:
 6046              	.LBI1422:
  34:../../libDaisy/src/hid/disp/oled_display.h **** 
 6047              		.loc 6 34 10 view .LVU1438
 6048              	.LBB1423:
 6049              	.LBI1423:
ARM GAS  C:\Users\FINNDY~1\AppData\Local\Temp\ccAKb7Rb.s 			page 166


 362:../../libDaisy/src/dev/oled_ssd130x.h ****     {
 6050              		.loc 7 362 10 view .LVU1439
 6051              	.LBB1424:
 364:../../libDaisy/src/dev/oled_ssd130x.h ****         {
 6052              		.loc 7 364 29 view .LVU1440
 6053              	.LBE1424:
 6054              	.LBE1423:
 6055              	.LBE1422:
 278:main.cpp      **** 
 6056              		.loc 9 278 17 is_stmt 0 view .LVU1441
 6057 0000 2DE9F043 		push	{r4, r5, r6, r7, r8, r9, lr}
 6058              		.cfi_def_cfa_offset 28
 6059              		.cfi_offset 4, -28
 6060              		.cfi_offset 5, -24
 6061              		.cfi_offset 6, -20
 6062              		.cfi_offset 7, -16
 6063              		.cfi_offset 8, -12
 6064              		.cfi_offset 9, -8
 6065              		.cfi_offset 14, -4
 6066              	.LBB1429:
 6067              	.LBB1427:
 6068              	.LBB1425:
 366:../../libDaisy/src/dev/oled_ssd130x.h ****         }
 6069              		.loc 7 366 24 view .LVU1442
 6070 0004 2D4E     		ldr	r6, .L455
 6071              	.LBE1425:
 6072              	.LBE1427:
 6073              	.LBE1429:
 278:main.cpp      **** 
 6074              		.loc 9 278 17 view .LVU1443
 6075 0006 85B0     		sub	sp, sp, #20
 6076              		.cfi_def_cfa_offset 48
 6077              	.LBB1430:
 6078              	.LBB1428:
 6079              	.LBB1426:
 366:../../libDaisy/src/dev/oled_ssd130x.h ****         }
 6080              		.loc 7 366 24 view .LVU1444
 6081 0008 4FF48062 		mov	r2, #1024
 6082 000c 0021     		movs	r1, #0
 6083 000e 06F11000 		add	r0, r6, #16
 6084 0012 FFF7FEFF 		bl	memset
 6085              	.LVL453:
 366:../../libDaisy/src/dev/oled_ssd130x.h ****         }
 6086              		.loc 7 366 24 view .LVU1445
 6087              	.LBE1426:
 6088              	.LBE1428:
 6089              	.LBE1430:
 281:main.cpp      **** 
 282:main.cpp      ****     if (currentWindow != nullptr) {
 6090              		.loc 9 282 5 is_stmt 1 view .LVU1446
 6091              		.loc 9 282 23 is_stmt 0 view .LVU1447
 6092 0016 2A4B     		ldr	r3, .L455+4
 6093 0018 1868     		ldr	r0, [r3]
 6094              		.loc 9 282 5 view .LVU1448
 6095 001a 18B1     		cbz	r0, .L446
 283:main.cpp      ****         currentWindow->draw(&display);
 6096              		.loc 9 283 9 is_stmt 1 view .LVU1449
ARM GAS  C:\Users\FINNDY~1\AppData\Local\Temp\ccAKb7Rb.s 			page 167


 6097              		.loc 9 283 37 is_stmt 0 view .LVU1450
 6098 001c 0368     		ldr	r3, [r0]
 6099              		.loc 9 283 28 view .LVU1451
 6100 001e 3146     		mov	r1, r6
 6101 0020 5B68     		ldr	r3, [r3, #4]
 6102 0022 9847     		blx	r3
 6103              	.LVL454:
 6104              	.L446:
 6105 0024 274F     		ldr	r7, .L455+8
 278:main.cpp      **** 
 6106              		.loc 9 278 17 view .LVU1452
 6107 0026 4FF0B008 		mov	r8, #176
 6108              	.L448:
 6109              	.LVL455:
 6110              	.LBB1431:
 6111              	.LBB1432:
 6112              	.LBB1433:
 6113              	.LBB1434:
 6114              	.LBI1434:
  42:../../libDaisy/src/dev/oled_ssd130x.h ****     {
 6115              		.loc 7 42 10 is_stmt 1 view .LVU1453
 6116              	.LBB1435:
  44:../../libDaisy/src/dev/oled_ssd130x.h ****         i2c_.TransmitBlocking(i2c_address_, buf, 2, 1000);
 6117              		.loc 7 44 9 view .LVU1454
  45:../../libDaisy/src/dev/oled_ssd130x.h ****     };
 6118              		.loc 7 45 30 is_stmt 0 view .LVU1455
 6119 002a 4FF47A79 		mov	r9, #1000
  44:../../libDaisy/src/dev/oled_ssd130x.h ****         i2c_.TransmitBlocking(i2c_address_, buf, 2, 1000);
 6120              		.loc 7 44 17 view .LVU1456
 6121 002e 0025     		movs	r5, #0
  45:../../libDaisy/src/dev/oled_ssd130x.h ****     };
 6122              		.loc 7 45 30 view .LVU1457
 6123 0030 0223     		movs	r3, #2
 6124 0032 03AA     		add	r2, sp, #12
 6125 0034 317B     		ldrb	r1, [r6, #12]	@ zero_extendqisi2
 6126 0036 A7F18004 		sub	r4, r7, #128
 6127 003a 2348     		ldr	r0, .L455+12
 6128 003c CDF80090 		str	r9, [sp]
  44:../../libDaisy/src/dev/oled_ssd130x.h ****         i2c_.TransmitBlocking(i2c_address_, buf, 2, 1000);
 6129              		.loc 7 44 17 view .LVU1458
 6130 0040 8DF80C50 		strb	r5, [sp, #12]
  44:../../libDaisy/src/dev/oled_ssd130x.h ****         i2c_.TransmitBlocking(i2c_address_, buf, 2, 1000);
 6131              		.loc 7 44 36 view .LVU1459
 6132 0044 8DF80D80 		strb	r8, [sp, #13]
  45:../../libDaisy/src/dev/oled_ssd130x.h ****     };
 6133              		.loc 7 45 9 is_stmt 1 view .LVU1460
  45:../../libDaisy/src/dev/oled_ssd130x.h ****     };
 6134              		.loc 7 45 30 is_stmt 0 view .LVU1461
 6135 0048 FFF7FEFF 		bl	_ZN5daisy9I2CHandle16TransmitBlockingEtPhtm
 6136              	.LVL456:
  45:../../libDaisy/src/dev/oled_ssd130x.h ****     };
 6137              		.loc 7 45 30 view .LVU1462
 6138              	.LBE1435:
 6139              	.LBE1434:
 6140              	.LBB1436:
 6141              	.LBI1436:
  42:../../libDaisy/src/dev/oled_ssd130x.h ****     {
ARM GAS  C:\Users\FINNDY~1\AppData\Local\Temp\ccAKb7Rb.s 			page 168


 6142              		.loc 7 42 10 is_stmt 1 view .LVU1463
 6143              	.LBB1437:
  44:../../libDaisy/src/dev/oled_ssd130x.h ****         i2c_.TransmitBlocking(i2c_address_, buf, 2, 1000);
 6144              		.loc 7 44 9 view .LVU1464
  45:../../libDaisy/src/dev/oled_ssd130x.h ****     };
 6145              		.loc 7 45 30 is_stmt 0 view .LVU1465
 6146 004c 0223     		movs	r3, #2
 6147 004e 03AA     		add	r2, sp, #12
 6148 0050 317B     		ldrb	r1, [r6, #12]	@ zero_extendqisi2
 6149 0052 1D48     		ldr	r0, .L455+12
 6150 0054 CDF80090 		str	r9, [sp]
  44:../../libDaisy/src/dev/oled_ssd130x.h ****         i2c_.TransmitBlocking(i2c_address_, buf, 2, 1000);
 6151              		.loc 7 44 17 view .LVU1466
 6152 0058 8DF80C50 		strb	r5, [sp, #12]
  44:../../libDaisy/src/dev/oled_ssd130x.h ****         i2c_.TransmitBlocking(i2c_address_, buf, 2, 1000);
 6153              		.loc 7 44 36 view .LVU1467
 6154 005c 8DF80D50 		strb	r5, [sp, #13]
  45:../../libDaisy/src/dev/oled_ssd130x.h ****     };
 6155              		.loc 7 45 9 is_stmt 1 view .LVU1468
  45:../../libDaisy/src/dev/oled_ssd130x.h ****     };
 6156              		.loc 7 45 30 is_stmt 0 view .LVU1469
 6157 0060 FFF7FEFF 		bl	_ZN5daisy9I2CHandle16TransmitBlockingEtPhtm
 6158              	.LVL457:
  45:../../libDaisy/src/dev/oled_ssd130x.h ****     };
 6159              		.loc 7 45 30 view .LVU1470
 6160              	.LBE1437:
 6161              	.LBE1436:
 6162              	.LBB1438:
 6163              	.LBI1438:
  42:../../libDaisy/src/dev/oled_ssd130x.h ****     {
 6164              		.loc 7 42 10 is_stmt 1 view .LVU1471
 6165              	.LBB1439:
  44:../../libDaisy/src/dev/oled_ssd130x.h ****         i2c_.TransmitBlocking(i2c_address_, buf, 2, 1000);
 6166              		.loc 7 44 9 view .LVU1472
  44:../../libDaisy/src/dev/oled_ssd130x.h ****         i2c_.TransmitBlocking(i2c_address_, buf, 2, 1000);
 6167              		.loc 7 44 36 is_stmt 0 view .LVU1473
 6168 0064 4FF0100C 		mov	ip, #16
  45:../../libDaisy/src/dev/oled_ssd130x.h ****     };
 6169              		.loc 7 45 30 view .LVU1474
 6170 0068 0223     		movs	r3, #2
 6171 006a 03AA     		add	r2, sp, #12
 6172 006c 317B     		ldrb	r1, [r6, #12]	@ zero_extendqisi2
 6173 006e 1648     		ldr	r0, .L455+12
 6174 0070 CDF80090 		str	r9, [sp]
  44:../../libDaisy/src/dev/oled_ssd130x.h ****         i2c_.TransmitBlocking(i2c_address_, buf, 2, 1000);
 6175              		.loc 7 44 17 view .LVU1475
 6176 0074 8DF80C50 		strb	r5, [sp, #12]
  44:../../libDaisy/src/dev/oled_ssd130x.h ****         i2c_.TransmitBlocking(i2c_address_, buf, 2, 1000);
 6177              		.loc 7 44 36 view .LVU1476
 6178 0078 8DF80DC0 		strb	ip, [sp, #13]
  45:../../libDaisy/src/dev/oled_ssd130x.h ****     };
 6179              		.loc 7 45 9 is_stmt 1 view .LVU1477
  45:../../libDaisy/src/dev/oled_ssd130x.h ****     };
 6180              		.loc 7 45 30 is_stmt 0 view .LVU1478
 6181 007c FFF7FEFF 		bl	_ZN5daisy9I2CHandle16TransmitBlockingEtPhtm
 6182              	.LVL458:
  45:../../libDaisy/src/dev/oled_ssd130x.h ****     };
ARM GAS  C:\Users\FINNDY~1\AppData\Local\Temp\ccAKb7Rb.s 			page 169


 6183              		.loc 7 45 30 view .LVU1479
 6184              	.LBE1439:
 6185              	.LBE1438:
 6186              	.LBB1440:
 6187              	.LBI1440:
  48:../../libDaisy/src/dev/oled_ssd130x.h ****     {
 6188              		.loc 7 48 10 is_stmt 1 view .LVU1480
 6189              	.LBB1441:
  50:../../libDaisy/src/dev/oled_ssd130x.h ****         {
 6190              		.loc 7 50 29 view .LVU1481
 6191              	.L447:
 6192              	.LBB1442:
  52:../../libDaisy/src/dev/oled_ssd130x.h ****             i2c_.TransmitBlocking(i2c_address_, buf, 2, 1000);
 6193              		.loc 7 52 13 view .LVU1482
  53:../../libDaisy/src/dev/oled_ssd130x.h ****         }
 6194              		.loc 7 53 34 is_stmt 0 view .LVU1483
 6195 0080 4FF47A75 		mov	r5, #1000
  52:../../libDaisy/src/dev/oled_ssd130x.h ****             i2c_.TransmitBlocking(i2c_address_, buf, 2, 1000);
 6196              		.loc 7 52 44 view .LVU1484
 6197 0084 14F801CF 		ldrb	ip, [r4, #1]!	@ zero_extendqisi2
 6198              	.LVL459:
  52:../../libDaisy/src/dev/oled_ssd130x.h ****             i2c_.TransmitBlocking(i2c_address_, buf, 2, 1000);
 6199              		.loc 7 52 21 view .LVU1485
 6200 0088 4FF0400E 		mov	lr, #64
  53:../../libDaisy/src/dev/oled_ssd130x.h ****         }
 6201              		.loc 7 53 34 view .LVU1486
 6202 008c 0223     		movs	r3, #2
 6203 008e 03AA     		add	r2, sp, #12
 6204 0090 317B     		ldrb	r1, [r6, #12]	@ zero_extendqisi2
 6205 0092 0D48     		ldr	r0, .L455+12
 6206 0094 0095     		str	r5, [sp]
  52:../../libDaisy/src/dev/oled_ssd130x.h ****             i2c_.TransmitBlocking(i2c_address_, buf, 2, 1000);
 6207              		.loc 7 52 21 view .LVU1487
 6208 0096 8DF80CE0 		strb	lr, [sp, #12]
  52:../../libDaisy/src/dev/oled_ssd130x.h ****             i2c_.TransmitBlocking(i2c_address_, buf, 2, 1000);
 6209              		.loc 7 52 44 view .LVU1488
 6210 009a 8DF80DC0 		strb	ip, [sp, #13]
  53:../../libDaisy/src/dev/oled_ssd130x.h ****         }
 6211              		.loc 7 53 13 is_stmt 1 view .LVU1489
  53:../../libDaisy/src/dev/oled_ssd130x.h ****         }
 6212              		.loc 7 53 34 is_stmt 0 view .LVU1490
 6213 009e FFF7FEFF 		bl	_ZN5daisy9I2CHandle16TransmitBlockingEtPhtm
 6214              	.LVL460:
 6215              	.LBE1442:
  50:../../libDaisy/src/dev/oled_ssd130x.h ****         {
 6216              		.loc 7 50 9 is_stmt 1 view .LVU1491
  50:../../libDaisy/src/dev/oled_ssd130x.h ****         {
 6217              		.loc 7 50 29 view .LVU1492
 6218 00a2 A742     		cmp	r7, r4
 6219 00a4 ECD1     		bne	.L447
 6220              	.LVL461:
  50:../../libDaisy/src/dev/oled_ssd130x.h ****         {
 6221              		.loc 7 50 29 is_stmt 0 view .LVU1493
 6222              	.LBE1441:
 6223              	.LBE1440:
 6224              		.loc 7 383 9 is_stmt 1 view .LVU1494
 6225              		.loc 7 383 22 view .LVU1495
ARM GAS  C:\Users\FINNDY~1\AppData\Local\Temp\ccAKb7Rb.s 			page 170


 6226 00a6 08F10108 		add	r8, r8, #1
 6227              	.LVL462:
 6228              		.loc 7 383 22 is_stmt 0 view .LVU1496
 6229 00aa 8037     		adds	r7, r7, #128
 6230 00ac 5FFA88F8 		uxtb	r8, r8
 6231 00b0 B8F1B80F 		cmp	r8, #184
 6232 00b4 B9D1     		bne	.L448
 6233              	.LBE1433:
 6234              	.LBE1432:
 6235              	.LBE1431:
 284:main.cpp      ****     }
 285:main.cpp      **** 
 286:main.cpp      ****     display.Update();
 287:main.cpp      **** 
 288:main.cpp      **** }
 6236              		.loc 9 288 1 view .LVU1497
 6237 00b6 05B0     		add	sp, sp, #20
 6238              		.cfi_def_cfa_offset 28
 6239              		@ sp needed
 6240 00b8 BDE8F083 		pop	{r4, r5, r6, r7, r8, r9, pc}
 6241              	.L456:
 6242              		.align	2
 6243              	.L455:
 6244 00bc 00000000 		.word	.LANCHOR10
 6245 00c0 00000000 		.word	.LANCHOR8
 6246 00c4 8F000000 		.word	.LANCHOR10+143
 6247 00c8 08000000 		.word	.LANCHOR10+8
 6248              		.cfi_endproc
 6249              	.LFE6829:
 6251              		.section	.text._ZN5daisy13SSD130xDriverILj128ELj64ENS_19SSD130xI2CTransportEE4InitENS2_6ConfigE,"a
 6252              		.align	1
 6253              		.p2align 2,,3
 6254              		.weak	_ZN5daisy13SSD130xDriverILj128ELj64ENS_19SSD130xI2CTransportEE4InitENS2_6ConfigE
 6255              		.syntax unified
 6256              		.thumb
 6257              		.thumb_func
 6258              		.fpu fpv5-d16
 6260              	_ZN5daisy13SSD130xDriverILj128ELj64ENS_19SSD130xI2CTransportEE4InitENS2_6ConfigE:
 6261              	.LVL463:
 6262              	.LFB7387:
 253:../../libDaisy/src/dev/oled_ssd130x.h ****     {
 6263              		.loc 7 253 10 is_stmt 1 view -0
 6264              		.cfi_startproc
 6265              		@ args = 28, pretend = 16, frame = 8
 6266              		@ frame_needed = 0, uses_anonymous_args = 0
 253:../../libDaisy/src/dev/oled_ssd130x.h ****     {
 6267              		.loc 7 253 10 is_stmt 0 view .LVU1499
 6268 0000 84B0     		sub	sp, sp, #16
 6269              		.cfi_def_cfa_offset 16
 6270 0002 70B5     		push	{r4, r5, r6, lr}
 6271              		.cfi_def_cfa_offset 32
 6272              		.cfi_offset 4, -32
 6273              		.cfi_offset 5, -28
 6274              		.cfi_offset 6, -24
 6275              		.cfi_offset 14, -20
 6276 0004 84B0     		sub	sp, sp, #16
 6277              		.cfi_def_cfa_offset 48
ARM GAS  C:\Users\FINNDY~1\AppData\Local\Temp\ccAKb7Rb.s 			page 171


 253:../../libDaisy/src/dev/oled_ssd130x.h ****     {
 6278              		.loc 7 253 10 view .LVU1500
 6279 0006 0446     		mov	r4, r0
 6280              	.LVL464:
 6281              	.LBB1491:
 6282              	.LBI1491:
  37:../../libDaisy/src/dev/oled_ssd130x.h ****     {
 6283              		.loc 7 37 10 is_stmt 1 view .LVU1501
 6284              	.LBB1492:
  39:../../libDaisy/src/dev/oled_ssd130x.h ****         i2c_.Init(config.i2c_config);
 6285              		.loc 7 39 9 view .LVU1502
 6286              	.LBE1492:
 6287              	.LBE1491:
 6288              	.LBB1495:
 6289              	.LBB1496:
  45:../../libDaisy/src/dev/oled_ssd130x.h ****     };
 6290              		.loc 7 45 30 is_stmt 0 view .LVU1503
 6291 0008 4FF47A76 		mov	r6, #1000
 6292              	.LBE1496:
 6293              	.LBE1495:
 253:../../libDaisy/src/dev/oled_ssd130x.h ****     {
 6294              		.loc 7 253 10 view .LVU1504
 6295 000c 09AD     		add	r5, sp, #36
 6296 000e 85E80E00 		stm	r5, {r1, r2, r3}
 6297              	.LBB1499:
 6298              	.LBB1493:
  39:../../libDaisy/src/dev/oled_ssd130x.h ****         i2c_.Init(config.i2c_config);
 6299              		.loc 7 39 22 view .LVU1505
 6300 0012 9DF83830 		ldrb	r3, [sp, #56]	@ zero_extendqisi2
  40:../../libDaisy/src/dev/oled_ssd130x.h ****     };
 6301              		.loc 7 40 18 view .LVU1506
 6302 0016 2946     		mov	r1, r5
 6303              	.LBE1493:
 6304              	.LBE1499:
 6305              	.LBB1500:
 6306              	.LBB1497:
  44:../../libDaisy/src/dev/oled_ssd130x.h ****         i2c_.TransmitBlocking(i2c_address_, buf, 2, 1000);
 6307              		.loc 7 44 17 view .LVU1507
 6308 0018 0025     		movs	r5, #0
 6309              	.LBE1497:
 6310              	.LBE1500:
 6311              	.LBB1501:
 6312              	.LBB1494:
  39:../../libDaisy/src/dev/oled_ssd130x.h ****         i2c_.Init(config.i2c_config);
 6313              		.loc 7 39 22 view .LVU1508
 6314 001a 0371     		strb	r3, [r0, #4]
  40:../../libDaisy/src/dev/oled_ssd130x.h ****     };
 6315              		.loc 7 40 9 is_stmt 1 view .LVU1509
  40:../../libDaisy/src/dev/oled_ssd130x.h ****     };
 6316              		.loc 7 40 18 is_stmt 0 view .LVU1510
 6317 001c FFF7FEFF 		bl	_ZN5daisy9I2CHandle4InitERKNS0_6ConfigE
 6318              	.LVL465:
  40:../../libDaisy/src/dev/oled_ssd130x.h ****     };
 6319              		.loc 7 40 18 view .LVU1511
 6320              	.LBE1494:
 6321              	.LBE1501:
 6322              	.LBB1502:
ARM GAS  C:\Users\FINNDY~1\AppData\Local\Temp\ccAKb7Rb.s 			page 172


 6323              	.LBI1495:
  42:../../libDaisy/src/dev/oled_ssd130x.h ****     {
 6324              		.loc 7 42 10 is_stmt 1 view .LVU1512
 6325              	.LBB1498:
  44:../../libDaisy/src/dev/oled_ssd130x.h ****         i2c_.TransmitBlocking(i2c_address_, buf, 2, 1000);
 6326              		.loc 7 44 9 view .LVU1513
  44:../../libDaisy/src/dev/oled_ssd130x.h ****         i2c_.TransmitBlocking(i2c_address_, buf, 2, 1000);
 6327              		.loc 7 44 36 is_stmt 0 view .LVU1514
 6328 0020 AE23     		movs	r3, #174
  45:../../libDaisy/src/dev/oled_ssd130x.h ****     };
 6329              		.loc 7 45 30 view .LVU1515
 6330 0022 03AA     		add	r2, sp, #12
 6331 0024 0096     		str	r6, [sp]
  44:../../libDaisy/src/dev/oled_ssd130x.h ****         i2c_.TransmitBlocking(i2c_address_, buf, 2, 1000);
 6332              		.loc 7 44 36 view .LVU1516
 6333 0026 8DF80D30 		strb	r3, [sp, #13]
  45:../../libDaisy/src/dev/oled_ssd130x.h ****     };
 6334              		.loc 7 45 9 is_stmt 1 view .LVU1517
  45:../../libDaisy/src/dev/oled_ssd130x.h ****     };
 6335              		.loc 7 45 30 is_stmt 0 view .LVU1518
 6336 002a 2046     		mov	r0, r4
 6337 002c 2179     		ldrb	r1, [r4, #4]	@ zero_extendqisi2
 6338 002e 0223     		movs	r3, #2
  44:../../libDaisy/src/dev/oled_ssd130x.h ****         i2c_.TransmitBlocking(i2c_address_, buf, 2, 1000);
 6339              		.loc 7 44 17 view .LVU1519
 6340 0030 8DF80C50 		strb	r5, [sp, #12]
  45:../../libDaisy/src/dev/oled_ssd130x.h ****     };
 6341              		.loc 7 45 30 view .LVU1520
 6342 0034 FFF7FEFF 		bl	_ZN5daisy9I2CHandle16TransmitBlockingEtPhtm
 6343              	.LVL466:
  45:../../libDaisy/src/dev/oled_ssd130x.h ****     };
 6344              		.loc 7 45 30 view .LVU1521
 6345              	.LBE1498:
 6346              	.LBE1502:
 6347              	.LBB1503:
 6348              	.LBI1503:
  42:../../libDaisy/src/dev/oled_ssd130x.h ****     {
 6349              		.loc 7 42 10 is_stmt 1 view .LVU1522
 6350              	.LBB1504:
  44:../../libDaisy/src/dev/oled_ssd130x.h ****         i2c_.TransmitBlocking(i2c_address_, buf, 2, 1000);
 6351              		.loc 7 44 9 view .LVU1523
  44:../../libDaisy/src/dev/oled_ssd130x.h ****         i2c_.TransmitBlocking(i2c_address_, buf, 2, 1000);
 6352              		.loc 7 44 36 is_stmt 0 view .LVU1524
 6353 0038 D523     		movs	r3, #213
  45:../../libDaisy/src/dev/oled_ssd130x.h ****     };
 6354              		.loc 7 45 30 view .LVU1525
 6355 003a 03AA     		add	r2, sp, #12
 6356 003c 0096     		str	r6, [sp]
 6357 003e 2046     		mov	r0, r4
 6358 0040 2179     		ldrb	r1, [r4, #4]	@ zero_extendqisi2
  44:../../libDaisy/src/dev/oled_ssd130x.h ****         i2c_.TransmitBlocking(i2c_address_, buf, 2, 1000);
 6359              		.loc 7 44 36 view .LVU1526
 6360 0042 8DF80D30 		strb	r3, [sp, #13]
  45:../../libDaisy/src/dev/oled_ssd130x.h ****     };
 6361              		.loc 7 45 9 is_stmt 1 view .LVU1527
  45:../../libDaisy/src/dev/oled_ssd130x.h ****     };
 6362              		.loc 7 45 30 is_stmt 0 view .LVU1528
ARM GAS  C:\Users\FINNDY~1\AppData\Local\Temp\ccAKb7Rb.s 			page 173


 6363 0046 0223     		movs	r3, #2
  44:../../libDaisy/src/dev/oled_ssd130x.h ****         i2c_.TransmitBlocking(i2c_address_, buf, 2, 1000);
 6364              		.loc 7 44 17 view .LVU1529
 6365 0048 8DF80C50 		strb	r5, [sp, #12]
  45:../../libDaisy/src/dev/oled_ssd130x.h ****     };
 6366              		.loc 7 45 30 view .LVU1530
 6367 004c FFF7FEFF 		bl	_ZN5daisy9I2CHandle16TransmitBlockingEtPhtm
 6368              	.LVL467:
  45:../../libDaisy/src/dev/oled_ssd130x.h ****     };
 6369              		.loc 7 45 30 view .LVU1531
 6370              	.LBE1504:
 6371              	.LBE1503:
 6372              	.LBB1505:
 6373              	.LBI1505:
  42:../../libDaisy/src/dev/oled_ssd130x.h ****     {
 6374              		.loc 7 42 10 is_stmt 1 view .LVU1532
 6375              	.LBB1506:
  44:../../libDaisy/src/dev/oled_ssd130x.h ****         i2c_.TransmitBlocking(i2c_address_, buf, 2, 1000);
 6376              		.loc 7 44 9 view .LVU1533
  44:../../libDaisy/src/dev/oled_ssd130x.h ****         i2c_.TransmitBlocking(i2c_address_, buf, 2, 1000);
 6377              		.loc 7 44 36 is_stmt 0 view .LVU1534
 6378 0050 8023     		movs	r3, #128
  45:../../libDaisy/src/dev/oled_ssd130x.h ****     };
 6379              		.loc 7 45 30 view .LVU1535
 6380 0052 03AA     		add	r2, sp, #12
 6381 0054 0096     		str	r6, [sp]
 6382 0056 2046     		mov	r0, r4
 6383 0058 2179     		ldrb	r1, [r4, #4]	@ zero_extendqisi2
  44:../../libDaisy/src/dev/oled_ssd130x.h ****         i2c_.TransmitBlocking(i2c_address_, buf, 2, 1000);
 6384              		.loc 7 44 36 view .LVU1536
 6385 005a 8DF80D30 		strb	r3, [sp, #13]
  45:../../libDaisy/src/dev/oled_ssd130x.h ****     };
 6386              		.loc 7 45 9 is_stmt 1 view .LVU1537
  45:../../libDaisy/src/dev/oled_ssd130x.h ****     };
 6387              		.loc 7 45 30 is_stmt 0 view .LVU1538
 6388 005e 0223     		movs	r3, #2
  44:../../libDaisy/src/dev/oled_ssd130x.h ****         i2c_.TransmitBlocking(i2c_address_, buf, 2, 1000);
 6389              		.loc 7 44 17 view .LVU1539
 6390 0060 8DF80C50 		strb	r5, [sp, #12]
  45:../../libDaisy/src/dev/oled_ssd130x.h ****     };
 6391              		.loc 7 45 30 view .LVU1540
 6392 0064 FFF7FEFF 		bl	_ZN5daisy9I2CHandle16TransmitBlockingEtPhtm
 6393              	.LVL468:
  45:../../libDaisy/src/dev/oled_ssd130x.h ****     };
 6394              		.loc 7 45 30 view .LVU1541
 6395              	.LBE1506:
 6396              	.LBE1505:
 6397              	.LBB1507:
 6398              	.LBI1507:
  42:../../libDaisy/src/dev/oled_ssd130x.h ****     {
 6399              		.loc 7 42 10 is_stmt 1 view .LVU1542
 6400              	.LBB1508:
  44:../../libDaisy/src/dev/oled_ssd130x.h ****         i2c_.TransmitBlocking(i2c_address_, buf, 2, 1000);
 6401              		.loc 7 44 9 view .LVU1543
  44:../../libDaisy/src/dev/oled_ssd130x.h ****         i2c_.TransmitBlocking(i2c_address_, buf, 2, 1000);
 6402              		.loc 7 44 36 is_stmt 0 view .LVU1544
 6403 0068 A823     		movs	r3, #168
ARM GAS  C:\Users\FINNDY~1\AppData\Local\Temp\ccAKb7Rb.s 			page 174


  45:../../libDaisy/src/dev/oled_ssd130x.h ****     };
 6404              		.loc 7 45 30 view .LVU1545
 6405 006a 03AA     		add	r2, sp, #12
 6406 006c 0096     		str	r6, [sp]
 6407 006e 2046     		mov	r0, r4
 6408 0070 2179     		ldrb	r1, [r4, #4]	@ zero_extendqisi2
  44:../../libDaisy/src/dev/oled_ssd130x.h ****         i2c_.TransmitBlocking(i2c_address_, buf, 2, 1000);
 6409              		.loc 7 44 36 view .LVU1546
 6410 0072 8DF80D30 		strb	r3, [sp, #13]
  45:../../libDaisy/src/dev/oled_ssd130x.h ****     };
 6411              		.loc 7 45 9 is_stmt 1 view .LVU1547
  45:../../libDaisy/src/dev/oled_ssd130x.h ****     };
 6412              		.loc 7 45 30 is_stmt 0 view .LVU1548
 6413 0076 0223     		movs	r3, #2
  44:../../libDaisy/src/dev/oled_ssd130x.h ****         i2c_.TransmitBlocking(i2c_address_, buf, 2, 1000);
 6414              		.loc 7 44 17 view .LVU1549
 6415 0078 8DF80C50 		strb	r5, [sp, #12]
  45:../../libDaisy/src/dev/oled_ssd130x.h ****     };
 6416              		.loc 7 45 30 view .LVU1550
 6417 007c FFF7FEFF 		bl	_ZN5daisy9I2CHandle16TransmitBlockingEtPhtm
 6418              	.LVL469:
  45:../../libDaisy/src/dev/oled_ssd130x.h ****     };
 6419              		.loc 7 45 30 view .LVU1551
 6420              	.LBE1508:
 6421              	.LBE1507:
 6422              	.LBB1509:
 6423              	.LBI1509:
  42:../../libDaisy/src/dev/oled_ssd130x.h ****     {
 6424              		.loc 7 42 10 is_stmt 1 view .LVU1552
 6425              	.LBB1510:
  44:../../libDaisy/src/dev/oled_ssd130x.h ****         i2c_.TransmitBlocking(i2c_address_, buf, 2, 1000);
 6426              		.loc 7 44 9 view .LVU1553
  44:../../libDaisy/src/dev/oled_ssd130x.h ****         i2c_.TransmitBlocking(i2c_address_, buf, 2, 1000);
 6427              		.loc 7 44 36 is_stmt 0 view .LVU1554
 6428 0080 3F23     		movs	r3, #63
  45:../../libDaisy/src/dev/oled_ssd130x.h ****     };
 6429              		.loc 7 45 30 view .LVU1555
 6430 0082 03AA     		add	r2, sp, #12
 6431 0084 0096     		str	r6, [sp]
 6432 0086 2046     		mov	r0, r4
 6433 0088 2179     		ldrb	r1, [r4, #4]	@ zero_extendqisi2
  44:../../libDaisy/src/dev/oled_ssd130x.h ****         i2c_.TransmitBlocking(i2c_address_, buf, 2, 1000);
 6434              		.loc 7 44 36 view .LVU1556
 6435 008a 8DF80D30 		strb	r3, [sp, #13]
  45:../../libDaisy/src/dev/oled_ssd130x.h ****     };
 6436              		.loc 7 45 9 is_stmt 1 view .LVU1557
  45:../../libDaisy/src/dev/oled_ssd130x.h ****     };
 6437              		.loc 7 45 30 is_stmt 0 view .LVU1558
 6438 008e 0223     		movs	r3, #2
  44:../../libDaisy/src/dev/oled_ssd130x.h ****         i2c_.TransmitBlocking(i2c_address_, buf, 2, 1000);
 6439              		.loc 7 44 17 view .LVU1559
 6440 0090 8DF80C50 		strb	r5, [sp, #12]
  45:../../libDaisy/src/dev/oled_ssd130x.h ****     };
 6441              		.loc 7 45 30 view .LVU1560
 6442 0094 FFF7FEFF 		bl	_ZN5daisy9I2CHandle16TransmitBlockingEtPhtm
 6443              	.LVL470:
  45:../../libDaisy/src/dev/oled_ssd130x.h ****     };
ARM GAS  C:\Users\FINNDY~1\AppData\Local\Temp\ccAKb7Rb.s 			page 175


 6444              		.loc 7 45 30 view .LVU1561
 6445              	.LBE1510:
 6446              	.LBE1509:
 6447              	.LBB1511:
 6448              	.LBI1511:
  42:../../libDaisy/src/dev/oled_ssd130x.h ****     {
 6449              		.loc 7 42 10 is_stmt 1 view .LVU1562
 6450              	.LBB1512:
  44:../../libDaisy/src/dev/oled_ssd130x.h ****         i2c_.TransmitBlocking(i2c_address_, buf, 2, 1000);
 6451              		.loc 7 44 9 view .LVU1563
  44:../../libDaisy/src/dev/oled_ssd130x.h ****         i2c_.TransmitBlocking(i2c_address_, buf, 2, 1000);
 6452              		.loc 7 44 36 is_stmt 0 view .LVU1564
 6453 0098 DA23     		movs	r3, #218
  45:../../libDaisy/src/dev/oled_ssd130x.h ****     };
 6454              		.loc 7 45 30 view .LVU1565
 6455 009a 03AA     		add	r2, sp, #12
 6456 009c 0096     		str	r6, [sp]
 6457 009e 2046     		mov	r0, r4
 6458 00a0 2179     		ldrb	r1, [r4, #4]	@ zero_extendqisi2
  44:../../libDaisy/src/dev/oled_ssd130x.h ****         i2c_.TransmitBlocking(i2c_address_, buf, 2, 1000);
 6459              		.loc 7 44 36 view .LVU1566
 6460 00a2 8DF80D30 		strb	r3, [sp, #13]
  45:../../libDaisy/src/dev/oled_ssd130x.h ****     };
 6461              		.loc 7 45 9 is_stmt 1 view .LVU1567
  45:../../libDaisy/src/dev/oled_ssd130x.h ****     };
 6462              		.loc 7 45 30 is_stmt 0 view .LVU1568
 6463 00a6 0223     		movs	r3, #2
  44:../../libDaisy/src/dev/oled_ssd130x.h ****         i2c_.TransmitBlocking(i2c_address_, buf, 2, 1000);
 6464              		.loc 7 44 17 view .LVU1569
 6465 00a8 8DF80C50 		strb	r5, [sp, #12]
  45:../../libDaisy/src/dev/oled_ssd130x.h ****     };
 6466              		.loc 7 45 30 view .LVU1570
 6467 00ac FFF7FEFF 		bl	_ZN5daisy9I2CHandle16TransmitBlockingEtPhtm
 6468              	.LVL471:
  45:../../libDaisy/src/dev/oled_ssd130x.h ****     };
 6469              		.loc 7 45 30 view .LVU1571
 6470              	.LBE1512:
 6471              	.LBE1511:
 6472              	.LBB1513:
 6473              	.LBI1513:
  42:../../libDaisy/src/dev/oled_ssd130x.h ****     {
 6474              		.loc 7 42 10 is_stmt 1 view .LVU1572
 6475              	.LBB1514:
  44:../../libDaisy/src/dev/oled_ssd130x.h ****         i2c_.TransmitBlocking(i2c_address_, buf, 2, 1000);
 6476              		.loc 7 44 9 view .LVU1573
  44:../../libDaisy/src/dev/oled_ssd130x.h ****         i2c_.TransmitBlocking(i2c_address_, buf, 2, 1000);
 6477              		.loc 7 44 36 is_stmt 0 view .LVU1574
 6478 00b0 1223     		movs	r3, #18
  45:../../libDaisy/src/dev/oled_ssd130x.h ****     };
 6479              		.loc 7 45 30 view .LVU1575
 6480 00b2 03AA     		add	r2, sp, #12
 6481 00b4 0096     		str	r6, [sp]
 6482 00b6 2046     		mov	r0, r4
 6483 00b8 2179     		ldrb	r1, [r4, #4]	@ zero_extendqisi2
  44:../../libDaisy/src/dev/oled_ssd130x.h ****         i2c_.TransmitBlocking(i2c_address_, buf, 2, 1000);
 6484              		.loc 7 44 36 view .LVU1576
 6485 00ba 8DF80D30 		strb	r3, [sp, #13]
ARM GAS  C:\Users\FINNDY~1\AppData\Local\Temp\ccAKb7Rb.s 			page 176


  45:../../libDaisy/src/dev/oled_ssd130x.h ****     };
 6486              		.loc 7 45 9 is_stmt 1 view .LVU1577
  45:../../libDaisy/src/dev/oled_ssd130x.h ****     };
 6487              		.loc 7 45 30 is_stmt 0 view .LVU1578
 6488 00be 0223     		movs	r3, #2
  44:../../libDaisy/src/dev/oled_ssd130x.h ****         i2c_.TransmitBlocking(i2c_address_, buf, 2, 1000);
 6489              		.loc 7 44 17 view .LVU1579
 6490 00c0 8DF80C50 		strb	r5, [sp, #12]
  45:../../libDaisy/src/dev/oled_ssd130x.h ****     };
 6491              		.loc 7 45 30 view .LVU1580
 6492 00c4 FFF7FEFF 		bl	_ZN5daisy9I2CHandle16TransmitBlockingEtPhtm
 6493              	.LVL472:
  45:../../libDaisy/src/dev/oled_ssd130x.h ****     };
 6494              		.loc 7 45 30 view .LVU1581
 6495              	.LBE1514:
 6496              	.LBE1513:
 6497              	.LBB1515:
 6498              	.LBI1515:
  42:../../libDaisy/src/dev/oled_ssd130x.h ****     {
 6499              		.loc 7 42 10 is_stmt 1 view .LVU1582
 6500              	.LBB1516:
  44:../../libDaisy/src/dev/oled_ssd130x.h ****         i2c_.TransmitBlocking(i2c_address_, buf, 2, 1000);
 6501              		.loc 7 44 9 view .LVU1583
  44:../../libDaisy/src/dev/oled_ssd130x.h ****         i2c_.TransmitBlocking(i2c_address_, buf, 2, 1000);
 6502              		.loc 7 44 36 is_stmt 0 view .LVU1584
 6503 00c8 D323     		movs	r3, #211
  45:../../libDaisy/src/dev/oled_ssd130x.h ****     };
 6504              		.loc 7 45 30 view .LVU1585
 6505 00ca 03AA     		add	r2, sp, #12
 6506 00cc 0096     		str	r6, [sp]
 6507 00ce 2046     		mov	r0, r4
 6508 00d0 2179     		ldrb	r1, [r4, #4]	@ zero_extendqisi2
  44:../../libDaisy/src/dev/oled_ssd130x.h ****         i2c_.TransmitBlocking(i2c_address_, buf, 2, 1000);
 6509              		.loc 7 44 36 view .LVU1586
 6510 00d2 8DF80D30 		strb	r3, [sp, #13]
  45:../../libDaisy/src/dev/oled_ssd130x.h ****     };
 6511              		.loc 7 45 9 is_stmt 1 view .LVU1587
  45:../../libDaisy/src/dev/oled_ssd130x.h ****     };
 6512              		.loc 7 45 30 is_stmt 0 view .LVU1588
 6513 00d6 0223     		movs	r3, #2
  44:../../libDaisy/src/dev/oled_ssd130x.h ****         i2c_.TransmitBlocking(i2c_address_, buf, 2, 1000);
 6514              		.loc 7 44 17 view .LVU1589
 6515 00d8 8DF80C50 		strb	r5, [sp, #12]
  45:../../libDaisy/src/dev/oled_ssd130x.h ****     };
 6516              		.loc 7 45 30 view .LVU1590
 6517 00dc FFF7FEFF 		bl	_ZN5daisy9I2CHandle16TransmitBlockingEtPhtm
 6518              	.LVL473:
  45:../../libDaisy/src/dev/oled_ssd130x.h ****     };
 6519              		.loc 7 45 30 view .LVU1591
 6520              	.LBE1516:
 6521              	.LBE1515:
 6522              	.LBB1517:
 6523              	.LBI1517:
  42:../../libDaisy/src/dev/oled_ssd130x.h ****     {
 6524              		.loc 7 42 10 is_stmt 1 view .LVU1592
 6525              	.LBB1518:
  44:../../libDaisy/src/dev/oled_ssd130x.h ****         i2c_.TransmitBlocking(i2c_address_, buf, 2, 1000);
ARM GAS  C:\Users\FINNDY~1\AppData\Local\Temp\ccAKb7Rb.s 			page 177


 6526              		.loc 7 44 9 view .LVU1593
  45:../../libDaisy/src/dev/oled_ssd130x.h ****     };
 6527              		.loc 7 45 30 is_stmt 0 view .LVU1594
 6528 00e0 03AA     		add	r2, sp, #12
 6529 00e2 0096     		str	r6, [sp]
 6530 00e4 0223     		movs	r3, #2
 6531 00e6 2179     		ldrb	r1, [r4, #4]	@ zero_extendqisi2
 6532 00e8 2046     		mov	r0, r4
  44:../../libDaisy/src/dev/oled_ssd130x.h ****         i2c_.TransmitBlocking(i2c_address_, buf, 2, 1000);
 6533              		.loc 7 44 17 view .LVU1595
 6534 00ea 8DF80C50 		strb	r5, [sp, #12]
  44:../../libDaisy/src/dev/oled_ssd130x.h ****         i2c_.TransmitBlocking(i2c_address_, buf, 2, 1000);
 6535              		.loc 7 44 36 view .LVU1596
 6536 00ee 8DF80D50 		strb	r5, [sp, #13]
  45:../../libDaisy/src/dev/oled_ssd130x.h ****     };
 6537              		.loc 7 45 9 is_stmt 1 view .LVU1597
  45:../../libDaisy/src/dev/oled_ssd130x.h ****     };
 6538              		.loc 7 45 30 is_stmt 0 view .LVU1598
 6539 00f2 FFF7FEFF 		bl	_ZN5daisy9I2CHandle16TransmitBlockingEtPhtm
 6540              	.LVL474:
  45:../../libDaisy/src/dev/oled_ssd130x.h ****     };
 6541              		.loc 7 45 30 view .LVU1599
 6542              	.LBE1518:
 6543              	.LBE1517:
 6544              	.LBB1519:
 6545              	.LBI1519:
  42:../../libDaisy/src/dev/oled_ssd130x.h ****     {
 6546              		.loc 7 42 10 is_stmt 1 view .LVU1600
 6547              	.LBB1520:
  44:../../libDaisy/src/dev/oled_ssd130x.h ****         i2c_.TransmitBlocking(i2c_address_, buf, 2, 1000);
 6548              		.loc 7 44 9 view .LVU1601
  44:../../libDaisy/src/dev/oled_ssd130x.h ****         i2c_.TransmitBlocking(i2c_address_, buf, 2, 1000);
 6549              		.loc 7 44 36 is_stmt 0 view .LVU1602
 6550 00f6 4023     		movs	r3, #64
  45:../../libDaisy/src/dev/oled_ssd130x.h ****     };
 6551              		.loc 7 45 30 view .LVU1603
 6552 00f8 03AA     		add	r2, sp, #12
 6553 00fa 0096     		str	r6, [sp]
 6554 00fc 2046     		mov	r0, r4
 6555 00fe 2179     		ldrb	r1, [r4, #4]	@ zero_extendqisi2
  44:../../libDaisy/src/dev/oled_ssd130x.h ****         i2c_.TransmitBlocking(i2c_address_, buf, 2, 1000);
 6556              		.loc 7 44 36 view .LVU1604
 6557 0100 8DF80D30 		strb	r3, [sp, #13]
  45:../../libDaisy/src/dev/oled_ssd130x.h ****     };
 6558              		.loc 7 45 9 is_stmt 1 view .LVU1605
  45:../../libDaisy/src/dev/oled_ssd130x.h ****     };
 6559              		.loc 7 45 30 is_stmt 0 view .LVU1606
 6560 0104 0223     		movs	r3, #2
  44:../../libDaisy/src/dev/oled_ssd130x.h ****         i2c_.TransmitBlocking(i2c_address_, buf, 2, 1000);
 6561              		.loc 7 44 17 view .LVU1607
 6562 0106 8DF80C50 		strb	r5, [sp, #12]
  45:../../libDaisy/src/dev/oled_ssd130x.h ****     };
 6563              		.loc 7 45 30 view .LVU1608
 6564 010a FFF7FEFF 		bl	_ZN5daisy9I2CHandle16TransmitBlockingEtPhtm
 6565              	.LVL475:
  45:../../libDaisy/src/dev/oled_ssd130x.h ****     };
 6566              		.loc 7 45 30 view .LVU1609
ARM GAS  C:\Users\FINNDY~1\AppData\Local\Temp\ccAKb7Rb.s 			page 178


 6567              	.LBE1520:
 6568              	.LBE1519:
 6569              	.LBB1521:
 6570              	.LBI1521:
  42:../../libDaisy/src/dev/oled_ssd130x.h ****     {
 6571              		.loc 7 42 10 is_stmt 1 view .LVU1610
 6572              	.LBB1522:
  44:../../libDaisy/src/dev/oled_ssd130x.h ****         i2c_.TransmitBlocking(i2c_address_, buf, 2, 1000);
 6573              		.loc 7 44 9 view .LVU1611
  44:../../libDaisy/src/dev/oled_ssd130x.h ****         i2c_.TransmitBlocking(i2c_address_, buf, 2, 1000);
 6574              		.loc 7 44 36 is_stmt 0 view .LVU1612
 6575 010e A623     		movs	r3, #166
  45:../../libDaisy/src/dev/oled_ssd130x.h ****     };
 6576              		.loc 7 45 30 view .LVU1613
 6577 0110 03AA     		add	r2, sp, #12
 6578 0112 0096     		str	r6, [sp]
 6579 0114 2046     		mov	r0, r4
 6580 0116 2179     		ldrb	r1, [r4, #4]	@ zero_extendqisi2
  44:../../libDaisy/src/dev/oled_ssd130x.h ****         i2c_.TransmitBlocking(i2c_address_, buf, 2, 1000);
 6581              		.loc 7 44 36 view .LVU1614
 6582 0118 8DF80D30 		strb	r3, [sp, #13]
  45:../../libDaisy/src/dev/oled_ssd130x.h ****     };
 6583              		.loc 7 45 9 is_stmt 1 view .LVU1615
  45:../../libDaisy/src/dev/oled_ssd130x.h ****     };
 6584              		.loc 7 45 30 is_stmt 0 view .LVU1616
 6585 011c 0223     		movs	r3, #2
  44:../../libDaisy/src/dev/oled_ssd130x.h ****         i2c_.TransmitBlocking(i2c_address_, buf, 2, 1000);
 6586              		.loc 7 44 17 view .LVU1617
 6587 011e 8DF80C50 		strb	r5, [sp, #12]
  45:../../libDaisy/src/dev/oled_ssd130x.h ****     };
 6588              		.loc 7 45 30 view .LVU1618
 6589 0122 FFF7FEFF 		bl	_ZN5daisy9I2CHandle16TransmitBlockingEtPhtm
 6590              	.LVL476:
  45:../../libDaisy/src/dev/oled_ssd130x.h ****     };
 6591              		.loc 7 45 30 view .LVU1619
 6592              	.LBE1522:
 6593              	.LBE1521:
 6594              	.LBB1523:
 6595              	.LBI1523:
  42:../../libDaisy/src/dev/oled_ssd130x.h ****     {
 6596              		.loc 7 42 10 is_stmt 1 view .LVU1620
 6597              	.LBB1524:
  44:../../libDaisy/src/dev/oled_ssd130x.h ****         i2c_.TransmitBlocking(i2c_address_, buf, 2, 1000);
 6598              		.loc 7 44 9 view .LVU1621
  44:../../libDaisy/src/dev/oled_ssd130x.h ****         i2c_.TransmitBlocking(i2c_address_, buf, 2, 1000);
 6599              		.loc 7 44 36 is_stmt 0 view .LVU1622
 6600 0126 A423     		movs	r3, #164
  45:../../libDaisy/src/dev/oled_ssd130x.h ****     };
 6601              		.loc 7 45 30 view .LVU1623
 6602 0128 03AA     		add	r2, sp, #12
 6603 012a 0096     		str	r6, [sp]
 6604 012c 2046     		mov	r0, r4
 6605 012e 2179     		ldrb	r1, [r4, #4]	@ zero_extendqisi2
  44:../../libDaisy/src/dev/oled_ssd130x.h ****         i2c_.TransmitBlocking(i2c_address_, buf, 2, 1000);
 6606              		.loc 7 44 36 view .LVU1624
 6607 0130 8DF80D30 		strb	r3, [sp, #13]
  45:../../libDaisy/src/dev/oled_ssd130x.h ****     };
ARM GAS  C:\Users\FINNDY~1\AppData\Local\Temp\ccAKb7Rb.s 			page 179


 6608              		.loc 7 45 9 is_stmt 1 view .LVU1625
  45:../../libDaisy/src/dev/oled_ssd130x.h ****     };
 6609              		.loc 7 45 30 is_stmt 0 view .LVU1626
 6610 0134 0223     		movs	r3, #2
  44:../../libDaisy/src/dev/oled_ssd130x.h ****         i2c_.TransmitBlocking(i2c_address_, buf, 2, 1000);
 6611              		.loc 7 44 17 view .LVU1627
 6612 0136 8DF80C50 		strb	r5, [sp, #12]
  45:../../libDaisy/src/dev/oled_ssd130x.h ****     };
 6613              		.loc 7 45 30 view .LVU1628
 6614 013a FFF7FEFF 		bl	_ZN5daisy9I2CHandle16TransmitBlockingEtPhtm
 6615              	.LVL477:
  45:../../libDaisy/src/dev/oled_ssd130x.h ****     };
 6616              		.loc 7 45 30 view .LVU1629
 6617              	.LBE1524:
 6618              	.LBE1523:
 6619              	.LBB1525:
 6620              	.LBI1525:
  42:../../libDaisy/src/dev/oled_ssd130x.h ****     {
 6621              		.loc 7 42 10 is_stmt 1 view .LVU1630
 6622              	.LBB1526:
  44:../../libDaisy/src/dev/oled_ssd130x.h ****         i2c_.TransmitBlocking(i2c_address_, buf, 2, 1000);
 6623              		.loc 7 44 9 view .LVU1631
  44:../../libDaisy/src/dev/oled_ssd130x.h ****         i2c_.TransmitBlocking(i2c_address_, buf, 2, 1000);
 6624              		.loc 7 44 36 is_stmt 0 view .LVU1632
 6625 013e 8D23     		movs	r3, #141
  45:../../libDaisy/src/dev/oled_ssd130x.h ****     };
 6626              		.loc 7 45 30 view .LVU1633
 6627 0140 03AA     		add	r2, sp, #12
 6628 0142 0096     		str	r6, [sp]
 6629 0144 2046     		mov	r0, r4
 6630 0146 2179     		ldrb	r1, [r4, #4]	@ zero_extendqisi2
  44:../../libDaisy/src/dev/oled_ssd130x.h ****         i2c_.TransmitBlocking(i2c_address_, buf, 2, 1000);
 6631              		.loc 7 44 36 view .LVU1634
 6632 0148 8DF80D30 		strb	r3, [sp, #13]
  45:../../libDaisy/src/dev/oled_ssd130x.h ****     };
 6633              		.loc 7 45 9 is_stmt 1 view .LVU1635
  45:../../libDaisy/src/dev/oled_ssd130x.h ****     };
 6634              		.loc 7 45 30 is_stmt 0 view .LVU1636
 6635 014c 0223     		movs	r3, #2
  44:../../libDaisy/src/dev/oled_ssd130x.h ****         i2c_.TransmitBlocking(i2c_address_, buf, 2, 1000);
 6636              		.loc 7 44 17 view .LVU1637
 6637 014e 8DF80C50 		strb	r5, [sp, #12]
  45:../../libDaisy/src/dev/oled_ssd130x.h ****     };
 6638              		.loc 7 45 30 view .LVU1638
 6639 0152 FFF7FEFF 		bl	_ZN5daisy9I2CHandle16TransmitBlockingEtPhtm
 6640              	.LVL478:
  45:../../libDaisy/src/dev/oled_ssd130x.h ****     };
 6641              		.loc 7 45 30 view .LVU1639
 6642              	.LBE1526:
 6643              	.LBE1525:
 6644              	.LBB1527:
 6645              	.LBI1527:
  42:../../libDaisy/src/dev/oled_ssd130x.h ****     {
 6646              		.loc 7 42 10 is_stmt 1 view .LVU1640
 6647              	.LBB1528:
  44:../../libDaisy/src/dev/oled_ssd130x.h ****         i2c_.TransmitBlocking(i2c_address_, buf, 2, 1000);
 6648              		.loc 7 44 9 view .LVU1641
ARM GAS  C:\Users\FINNDY~1\AppData\Local\Temp\ccAKb7Rb.s 			page 180


  44:../../libDaisy/src/dev/oled_ssd130x.h ****         i2c_.TransmitBlocking(i2c_address_, buf, 2, 1000);
 6649              		.loc 7 44 36 is_stmt 0 view .LVU1642
 6650 0156 1423     		movs	r3, #20
  45:../../libDaisy/src/dev/oled_ssd130x.h ****     };
 6651              		.loc 7 45 30 view .LVU1643
 6652 0158 03AA     		add	r2, sp, #12
 6653 015a 0096     		str	r6, [sp]
 6654 015c 2046     		mov	r0, r4
 6655 015e 2179     		ldrb	r1, [r4, #4]	@ zero_extendqisi2
  44:../../libDaisy/src/dev/oled_ssd130x.h ****         i2c_.TransmitBlocking(i2c_address_, buf, 2, 1000);
 6656              		.loc 7 44 36 view .LVU1644
 6657 0160 8DF80D30 		strb	r3, [sp, #13]
  45:../../libDaisy/src/dev/oled_ssd130x.h ****     };
 6658              		.loc 7 45 9 is_stmt 1 view .LVU1645
  45:../../libDaisy/src/dev/oled_ssd130x.h ****     };
 6659              		.loc 7 45 30 is_stmt 0 view .LVU1646
 6660 0164 0223     		movs	r3, #2
  44:../../libDaisy/src/dev/oled_ssd130x.h ****         i2c_.TransmitBlocking(i2c_address_, buf, 2, 1000);
 6661              		.loc 7 44 17 view .LVU1647
 6662 0166 8DF80C50 		strb	r5, [sp, #12]
  45:../../libDaisy/src/dev/oled_ssd130x.h ****     };
 6663              		.loc 7 45 30 view .LVU1648
 6664 016a FFF7FEFF 		bl	_ZN5daisy9I2CHandle16TransmitBlockingEtPhtm
 6665              	.LVL479:
  45:../../libDaisy/src/dev/oled_ssd130x.h ****     };
 6666              		.loc 7 45 30 view .LVU1649
 6667              	.LBE1528:
 6668              	.LBE1527:
 6669              	.LBB1529:
 6670              	.LBI1529:
  42:../../libDaisy/src/dev/oled_ssd130x.h ****     {
 6671              		.loc 7 42 10 is_stmt 1 view .LVU1650
 6672              	.LBB1530:
  44:../../libDaisy/src/dev/oled_ssd130x.h ****         i2c_.TransmitBlocking(i2c_address_, buf, 2, 1000);
 6673              		.loc 7 44 9 view .LVU1651
  44:../../libDaisy/src/dev/oled_ssd130x.h ****         i2c_.TransmitBlocking(i2c_address_, buf, 2, 1000);
 6674              		.loc 7 44 36 is_stmt 0 view .LVU1652
 6675 016e A123     		movs	r3, #161
  45:../../libDaisy/src/dev/oled_ssd130x.h ****     };
 6676              		.loc 7 45 30 view .LVU1653
 6677 0170 03AA     		add	r2, sp, #12
 6678 0172 0096     		str	r6, [sp]
 6679 0174 2046     		mov	r0, r4
 6680 0176 2179     		ldrb	r1, [r4, #4]	@ zero_extendqisi2
  44:../../libDaisy/src/dev/oled_ssd130x.h ****         i2c_.TransmitBlocking(i2c_address_, buf, 2, 1000);
 6681              		.loc 7 44 36 view .LVU1654
 6682 0178 8DF80D30 		strb	r3, [sp, #13]
  45:../../libDaisy/src/dev/oled_ssd130x.h ****     };
 6683              		.loc 7 45 9 is_stmt 1 view .LVU1655
  45:../../libDaisy/src/dev/oled_ssd130x.h ****     };
 6684              		.loc 7 45 30 is_stmt 0 view .LVU1656
 6685 017c 0223     		movs	r3, #2
  44:../../libDaisy/src/dev/oled_ssd130x.h ****         i2c_.TransmitBlocking(i2c_address_, buf, 2, 1000);
 6686              		.loc 7 44 17 view .LVU1657
 6687 017e 8DF80C50 		strb	r5, [sp, #12]
  45:../../libDaisy/src/dev/oled_ssd130x.h ****     };
 6688              		.loc 7 45 30 view .LVU1658
ARM GAS  C:\Users\FINNDY~1\AppData\Local\Temp\ccAKb7Rb.s 			page 181


 6689 0182 FFF7FEFF 		bl	_ZN5daisy9I2CHandle16TransmitBlockingEtPhtm
 6690              	.LVL480:
  45:../../libDaisy/src/dev/oled_ssd130x.h ****     };
 6691              		.loc 7 45 30 view .LVU1659
 6692              	.LBE1530:
 6693              	.LBE1529:
 6694              	.LBB1531:
 6695              	.LBI1531:
  42:../../libDaisy/src/dev/oled_ssd130x.h ****     {
 6696              		.loc 7 42 10 is_stmt 1 view .LVU1660
 6697              	.LBB1532:
  44:../../libDaisy/src/dev/oled_ssd130x.h ****         i2c_.TransmitBlocking(i2c_address_, buf, 2, 1000);
 6698              		.loc 7 44 9 view .LVU1661
  44:../../libDaisy/src/dev/oled_ssd130x.h ****         i2c_.TransmitBlocking(i2c_address_, buf, 2, 1000);
 6699              		.loc 7 44 36 is_stmt 0 view .LVU1662
 6700 0186 C823     		movs	r3, #200
  45:../../libDaisy/src/dev/oled_ssd130x.h ****     };
 6701              		.loc 7 45 30 view .LVU1663
 6702 0188 03AA     		add	r2, sp, #12
 6703 018a 0096     		str	r6, [sp]
 6704 018c 2046     		mov	r0, r4
 6705 018e 2179     		ldrb	r1, [r4, #4]	@ zero_extendqisi2
  44:../../libDaisy/src/dev/oled_ssd130x.h ****         i2c_.TransmitBlocking(i2c_address_, buf, 2, 1000);
 6706              		.loc 7 44 36 view .LVU1664
 6707 0190 8DF80D30 		strb	r3, [sp, #13]
  45:../../libDaisy/src/dev/oled_ssd130x.h ****     };
 6708              		.loc 7 45 9 is_stmt 1 view .LVU1665
  45:../../libDaisy/src/dev/oled_ssd130x.h ****     };
 6709              		.loc 7 45 30 is_stmt 0 view .LVU1666
 6710 0194 0223     		movs	r3, #2
  44:../../libDaisy/src/dev/oled_ssd130x.h ****         i2c_.TransmitBlocking(i2c_address_, buf, 2, 1000);
 6711              		.loc 7 44 17 view .LVU1667
 6712 0196 8DF80C50 		strb	r5, [sp, #12]
  45:../../libDaisy/src/dev/oled_ssd130x.h ****     };
 6713              		.loc 7 45 30 view .LVU1668
 6714 019a FFF7FEFF 		bl	_ZN5daisy9I2CHandle16TransmitBlockingEtPhtm
 6715              	.LVL481:
  45:../../libDaisy/src/dev/oled_ssd130x.h ****     };
 6716              		.loc 7 45 30 view .LVU1669
 6717              	.LBE1532:
 6718              	.LBE1531:
 6719              	.LBB1533:
 6720              	.LBI1533:
  42:../../libDaisy/src/dev/oled_ssd130x.h ****     {
 6721              		.loc 7 42 10 is_stmt 1 view .LVU1670
 6722              	.LBB1534:
  44:../../libDaisy/src/dev/oled_ssd130x.h ****         i2c_.TransmitBlocking(i2c_address_, buf, 2, 1000);
 6723              		.loc 7 44 9 view .LVU1671
  44:../../libDaisy/src/dev/oled_ssd130x.h ****         i2c_.TransmitBlocking(i2c_address_, buf, 2, 1000);
 6724              		.loc 7 44 36 is_stmt 0 view .LVU1672
 6725 019e 8123     		movs	r3, #129
  45:../../libDaisy/src/dev/oled_ssd130x.h ****     };
 6726              		.loc 7 45 30 view .LVU1673
 6727 01a0 03AA     		add	r2, sp, #12
 6728 01a2 0096     		str	r6, [sp]
 6729 01a4 2046     		mov	r0, r4
 6730 01a6 2179     		ldrb	r1, [r4, #4]	@ zero_extendqisi2
ARM GAS  C:\Users\FINNDY~1\AppData\Local\Temp\ccAKb7Rb.s 			page 182


  44:../../libDaisy/src/dev/oled_ssd130x.h ****         i2c_.TransmitBlocking(i2c_address_, buf, 2, 1000);
 6731              		.loc 7 44 36 view .LVU1674
 6732 01a8 8DF80D30 		strb	r3, [sp, #13]
  45:../../libDaisy/src/dev/oled_ssd130x.h ****     };
 6733              		.loc 7 45 9 is_stmt 1 view .LVU1675
  45:../../libDaisy/src/dev/oled_ssd130x.h ****     };
 6734              		.loc 7 45 30 is_stmt 0 view .LVU1676
 6735 01ac 0223     		movs	r3, #2
  44:../../libDaisy/src/dev/oled_ssd130x.h ****         i2c_.TransmitBlocking(i2c_address_, buf, 2, 1000);
 6736              		.loc 7 44 17 view .LVU1677
 6737 01ae 8DF80C50 		strb	r5, [sp, #12]
  45:../../libDaisy/src/dev/oled_ssd130x.h ****     };
 6738              		.loc 7 45 30 view .LVU1678
 6739 01b2 FFF7FEFF 		bl	_ZN5daisy9I2CHandle16TransmitBlockingEtPhtm
 6740              	.LVL482:
  45:../../libDaisy/src/dev/oled_ssd130x.h ****     };
 6741              		.loc 7 45 30 view .LVU1679
 6742              	.LBE1534:
 6743              	.LBE1533:
 6744              	.LBB1535:
 6745              	.LBI1535:
  42:../../libDaisy/src/dev/oled_ssd130x.h ****     {
 6746              		.loc 7 42 10 is_stmt 1 view .LVU1680
 6747              	.LBB1536:
  44:../../libDaisy/src/dev/oled_ssd130x.h ****         i2c_.TransmitBlocking(i2c_address_, buf, 2, 1000);
 6748              		.loc 7 44 9 view .LVU1681
  44:../../libDaisy/src/dev/oled_ssd130x.h ****         i2c_.TransmitBlocking(i2c_address_, buf, 2, 1000);
 6749              		.loc 7 44 36 is_stmt 0 view .LVU1682
 6750 01b6 8F23     		movs	r3, #143
  45:../../libDaisy/src/dev/oled_ssd130x.h ****     };
 6751              		.loc 7 45 30 view .LVU1683
 6752 01b8 03AA     		add	r2, sp, #12
 6753 01ba 0096     		str	r6, [sp]
 6754 01bc 2046     		mov	r0, r4
 6755 01be 2179     		ldrb	r1, [r4, #4]	@ zero_extendqisi2
  44:../../libDaisy/src/dev/oled_ssd130x.h ****         i2c_.TransmitBlocking(i2c_address_, buf, 2, 1000);
 6756              		.loc 7 44 36 view .LVU1684
 6757 01c0 8DF80D30 		strb	r3, [sp, #13]
  45:../../libDaisy/src/dev/oled_ssd130x.h ****     };
 6758              		.loc 7 45 9 is_stmt 1 view .LVU1685
  45:../../libDaisy/src/dev/oled_ssd130x.h ****     };
 6759              		.loc 7 45 30 is_stmt 0 view .LVU1686
 6760 01c4 0223     		movs	r3, #2
  44:../../libDaisy/src/dev/oled_ssd130x.h ****         i2c_.TransmitBlocking(i2c_address_, buf, 2, 1000);
 6761              		.loc 7 44 17 view .LVU1687
 6762 01c6 8DF80C50 		strb	r5, [sp, #12]
  45:../../libDaisy/src/dev/oled_ssd130x.h ****     };
 6763              		.loc 7 45 30 view .LVU1688
 6764 01ca FFF7FEFF 		bl	_ZN5daisy9I2CHandle16TransmitBlockingEtPhtm
 6765              	.LVL483:
  45:../../libDaisy/src/dev/oled_ssd130x.h ****     };
 6766              		.loc 7 45 30 view .LVU1689
 6767              	.LBE1536:
 6768              	.LBE1535:
 6769              	.LBB1537:
 6770              	.LBI1537:
  42:../../libDaisy/src/dev/oled_ssd130x.h ****     {
ARM GAS  C:\Users\FINNDY~1\AppData\Local\Temp\ccAKb7Rb.s 			page 183


 6771              		.loc 7 42 10 is_stmt 1 view .LVU1690
 6772              	.LBB1538:
  44:../../libDaisy/src/dev/oled_ssd130x.h ****         i2c_.TransmitBlocking(i2c_address_, buf, 2, 1000);
 6773              		.loc 7 44 9 view .LVU1691
  44:../../libDaisy/src/dev/oled_ssd130x.h ****         i2c_.TransmitBlocking(i2c_address_, buf, 2, 1000);
 6774              		.loc 7 44 36 is_stmt 0 view .LVU1692
 6775 01ce D923     		movs	r3, #217
  45:../../libDaisy/src/dev/oled_ssd130x.h ****     };
 6776              		.loc 7 45 30 view .LVU1693
 6777 01d0 03AA     		add	r2, sp, #12
 6778 01d2 0096     		str	r6, [sp]
 6779 01d4 2046     		mov	r0, r4
 6780 01d6 2179     		ldrb	r1, [r4, #4]	@ zero_extendqisi2
  44:../../libDaisy/src/dev/oled_ssd130x.h ****         i2c_.TransmitBlocking(i2c_address_, buf, 2, 1000);
 6781              		.loc 7 44 36 view .LVU1694
 6782 01d8 8DF80D30 		strb	r3, [sp, #13]
  45:../../libDaisy/src/dev/oled_ssd130x.h ****     };
 6783              		.loc 7 45 9 is_stmt 1 view .LVU1695
  45:../../libDaisy/src/dev/oled_ssd130x.h ****     };
 6784              		.loc 7 45 30 is_stmt 0 view .LVU1696
 6785 01dc 0223     		movs	r3, #2
  44:../../libDaisy/src/dev/oled_ssd130x.h ****         i2c_.TransmitBlocking(i2c_address_, buf, 2, 1000);
 6786              		.loc 7 44 17 view .LVU1697
 6787 01de 8DF80C50 		strb	r5, [sp, #12]
  45:../../libDaisy/src/dev/oled_ssd130x.h ****     };
 6788              		.loc 7 45 30 view .LVU1698
 6789 01e2 FFF7FEFF 		bl	_ZN5daisy9I2CHandle16TransmitBlockingEtPhtm
 6790              	.LVL484:
  45:../../libDaisy/src/dev/oled_ssd130x.h ****     };
 6791              		.loc 7 45 30 view .LVU1699
 6792              	.LBE1538:
 6793              	.LBE1537:
 6794              	.LBB1539:
 6795              	.LBI1539:
  42:../../libDaisy/src/dev/oled_ssd130x.h ****     {
 6796              		.loc 7 42 10 is_stmt 1 view .LVU1700
 6797              	.LBB1540:
  44:../../libDaisy/src/dev/oled_ssd130x.h ****         i2c_.TransmitBlocking(i2c_address_, buf, 2, 1000);
 6798              		.loc 7 44 9 view .LVU1701
  44:../../libDaisy/src/dev/oled_ssd130x.h ****         i2c_.TransmitBlocking(i2c_address_, buf, 2, 1000);
 6799              		.loc 7 44 36 is_stmt 0 view .LVU1702
 6800 01e6 2523     		movs	r3, #37
  45:../../libDaisy/src/dev/oled_ssd130x.h ****     };
 6801              		.loc 7 45 30 view .LVU1703
 6802 01e8 03AA     		add	r2, sp, #12
 6803 01ea 0096     		str	r6, [sp]
 6804 01ec 2046     		mov	r0, r4
 6805 01ee 2179     		ldrb	r1, [r4, #4]	@ zero_extendqisi2
  44:../../libDaisy/src/dev/oled_ssd130x.h ****         i2c_.TransmitBlocking(i2c_address_, buf, 2, 1000);
 6806              		.loc 7 44 36 view .LVU1704
 6807 01f0 8DF80D30 		strb	r3, [sp, #13]
  45:../../libDaisy/src/dev/oled_ssd130x.h ****     };
 6808              		.loc 7 45 9 is_stmt 1 view .LVU1705
  45:../../libDaisy/src/dev/oled_ssd130x.h ****     };
 6809              		.loc 7 45 30 is_stmt 0 view .LVU1706
 6810 01f4 0223     		movs	r3, #2
  44:../../libDaisy/src/dev/oled_ssd130x.h ****         i2c_.TransmitBlocking(i2c_address_, buf, 2, 1000);
ARM GAS  C:\Users\FINNDY~1\AppData\Local\Temp\ccAKb7Rb.s 			page 184


 6811              		.loc 7 44 17 view .LVU1707
 6812 01f6 8DF80C50 		strb	r5, [sp, #12]
  45:../../libDaisy/src/dev/oled_ssd130x.h ****     };
 6813              		.loc 7 45 30 view .LVU1708
 6814 01fa FFF7FEFF 		bl	_ZN5daisy9I2CHandle16TransmitBlockingEtPhtm
 6815              	.LVL485:
  45:../../libDaisy/src/dev/oled_ssd130x.h ****     };
 6816              		.loc 7 45 30 view .LVU1709
 6817              	.LBE1540:
 6818              	.LBE1539:
 6819              	.LBB1541:
 6820              	.LBI1541:
  42:../../libDaisy/src/dev/oled_ssd130x.h ****     {
 6821              		.loc 7 42 10 is_stmt 1 view .LVU1710
 6822              	.LBB1542:
  44:../../libDaisy/src/dev/oled_ssd130x.h ****         i2c_.TransmitBlocking(i2c_address_, buf, 2, 1000);
 6823              		.loc 7 44 9 view .LVU1711
  44:../../libDaisy/src/dev/oled_ssd130x.h ****         i2c_.TransmitBlocking(i2c_address_, buf, 2, 1000);
 6824              		.loc 7 44 36 is_stmt 0 view .LVU1712
 6825 01fe DB23     		movs	r3, #219
  45:../../libDaisy/src/dev/oled_ssd130x.h ****     };
 6826              		.loc 7 45 30 view .LVU1713
 6827 0200 03AA     		add	r2, sp, #12
 6828 0202 0096     		str	r6, [sp]
 6829 0204 2046     		mov	r0, r4
 6830 0206 2179     		ldrb	r1, [r4, #4]	@ zero_extendqisi2
  44:../../libDaisy/src/dev/oled_ssd130x.h ****         i2c_.TransmitBlocking(i2c_address_, buf, 2, 1000);
 6831              		.loc 7 44 36 view .LVU1714
 6832 0208 8DF80D30 		strb	r3, [sp, #13]
  45:../../libDaisy/src/dev/oled_ssd130x.h ****     };
 6833              		.loc 7 45 9 is_stmt 1 view .LVU1715
  45:../../libDaisy/src/dev/oled_ssd130x.h ****     };
 6834              		.loc 7 45 30 is_stmt 0 view .LVU1716
 6835 020c 0223     		movs	r3, #2
  44:../../libDaisy/src/dev/oled_ssd130x.h ****         i2c_.TransmitBlocking(i2c_address_, buf, 2, 1000);
 6836              		.loc 7 44 17 view .LVU1717
 6837 020e 8DF80C50 		strb	r5, [sp, #12]
  45:../../libDaisy/src/dev/oled_ssd130x.h ****     };
 6838              		.loc 7 45 30 view .LVU1718
 6839 0212 FFF7FEFF 		bl	_ZN5daisy9I2CHandle16TransmitBlockingEtPhtm
 6840              	.LVL486:
  45:../../libDaisy/src/dev/oled_ssd130x.h ****     };
 6841              		.loc 7 45 30 view .LVU1719
 6842              	.LBE1542:
 6843              	.LBE1541:
 6844              	.LBB1543:
 6845              	.LBI1543:
  42:../../libDaisy/src/dev/oled_ssd130x.h ****     {
 6846              		.loc 7 42 10 is_stmt 1 view .LVU1720
 6847              	.LBB1544:
  44:../../libDaisy/src/dev/oled_ssd130x.h ****         i2c_.TransmitBlocking(i2c_address_, buf, 2, 1000);
 6848              		.loc 7 44 9 view .LVU1721
  44:../../libDaisy/src/dev/oled_ssd130x.h ****         i2c_.TransmitBlocking(i2c_address_, buf, 2, 1000);
 6849              		.loc 7 44 36 is_stmt 0 view .LVU1722
 6850 0216 3423     		movs	r3, #52
  45:../../libDaisy/src/dev/oled_ssd130x.h ****     };
 6851              		.loc 7 45 30 view .LVU1723
ARM GAS  C:\Users\FINNDY~1\AppData\Local\Temp\ccAKb7Rb.s 			page 185


 6852 0218 03AA     		add	r2, sp, #12
 6853 021a 0096     		str	r6, [sp]
 6854 021c 2046     		mov	r0, r4
 6855 021e 2179     		ldrb	r1, [r4, #4]	@ zero_extendqisi2
  44:../../libDaisy/src/dev/oled_ssd130x.h ****         i2c_.TransmitBlocking(i2c_address_, buf, 2, 1000);
 6856              		.loc 7 44 36 view .LVU1724
 6857 0220 8DF80D30 		strb	r3, [sp, #13]
  45:../../libDaisy/src/dev/oled_ssd130x.h ****     };
 6858              		.loc 7 45 9 is_stmt 1 view .LVU1725
  45:../../libDaisy/src/dev/oled_ssd130x.h ****     };
 6859              		.loc 7 45 30 is_stmt 0 view .LVU1726
 6860 0224 0223     		movs	r3, #2
  44:../../libDaisy/src/dev/oled_ssd130x.h ****         i2c_.TransmitBlocking(i2c_address_, buf, 2, 1000);
 6861              		.loc 7 44 17 view .LVU1727
 6862 0226 8DF80C50 		strb	r5, [sp, #12]
  45:../../libDaisy/src/dev/oled_ssd130x.h ****     };
 6863              		.loc 7 45 30 view .LVU1728
 6864 022a FFF7FEFF 		bl	_ZN5daisy9I2CHandle16TransmitBlockingEtPhtm
 6865              	.LVL487:
  45:../../libDaisy/src/dev/oled_ssd130x.h ****     };
 6866              		.loc 7 45 30 view .LVU1729
 6867              	.LBE1544:
 6868              	.LBE1543:
 6869              	.LBB1545:
 6870              	.LBI1545:
  42:../../libDaisy/src/dev/oled_ssd130x.h ****     {
 6871              		.loc 7 42 10 is_stmt 1 view .LVU1730
 6872              	.LBB1546:
  44:../../libDaisy/src/dev/oled_ssd130x.h ****         i2c_.TransmitBlocking(i2c_address_, buf, 2, 1000);
 6873              		.loc 7 44 9 view .LVU1731
  44:../../libDaisy/src/dev/oled_ssd130x.h ****         i2c_.TransmitBlocking(i2c_address_, buf, 2, 1000);
 6874              		.loc 7 44 36 is_stmt 0 view .LVU1732
 6875 022e AF21     		movs	r1, #175
  45:../../libDaisy/src/dev/oled_ssd130x.h ****     };
 6876              		.loc 7 45 30 view .LVU1733
 6877 0230 0096     		str	r6, [sp]
 6878 0232 03AA     		add	r2, sp, #12
 6879 0234 0223     		movs	r3, #2
  44:../../libDaisy/src/dev/oled_ssd130x.h ****         i2c_.TransmitBlocking(i2c_address_, buf, 2, 1000);
 6880              		.loc 7 44 36 view .LVU1734
 6881 0236 8DF80D10 		strb	r1, [sp, #13]
  45:../../libDaisy/src/dev/oled_ssd130x.h ****     };
 6882              		.loc 7 45 9 is_stmt 1 view .LVU1735
  45:../../libDaisy/src/dev/oled_ssd130x.h ****     };
 6883              		.loc 7 45 30 is_stmt 0 view .LVU1736
 6884 023a 2046     		mov	r0, r4
 6885 023c 2179     		ldrb	r1, [r4, #4]	@ zero_extendqisi2
  44:../../libDaisy/src/dev/oled_ssd130x.h ****         i2c_.TransmitBlocking(i2c_address_, buf, 2, 1000);
 6886              		.loc 7 44 17 view .LVU1737
 6887 023e 8DF80C50 		strb	r5, [sp, #12]
  45:../../libDaisy/src/dev/oled_ssd130x.h ****     };
 6888              		.loc 7 45 30 view .LVU1738
 6889 0242 FFF7FEFF 		bl	_ZN5daisy9I2CHandle16TransmitBlockingEtPhtm
 6890              	.LVL488:
  45:../../libDaisy/src/dev/oled_ssd130x.h ****     };
 6891              		.loc 7 45 30 view .LVU1739
 6892              	.LBE1546:
ARM GAS  C:\Users\FINNDY~1\AppData\Local\Temp\ccAKb7Rb.s 			page 186


 6893              	.LBE1545:
 347:../../libDaisy/src/dev/oled_ssd130x.h **** 
 6894              		.loc 7 347 5 view .LVU1740
 6895 0246 04B0     		add	sp, sp, #16
 6896              		.cfi_def_cfa_offset 32
 6897              		@ sp needed
 6898 0248 BDE87040 		pop	{r4, r5, r6, lr}
 6899              		.cfi_restore 14
 6900              		.cfi_restore 6
 6901              		.cfi_restore 5
 6902              		.cfi_restore 4
 6903              		.cfi_def_cfa_offset 16
 6904              	.LVL489:
 347:../../libDaisy/src/dev/oled_ssd130x.h **** 
 6905              		.loc 7 347 5 view .LVU1741
 6906 024c 04B0     		add	sp, sp, #16
 6907              		.cfi_def_cfa_offset 0
 6908 024e 7047     		bx	lr
 6909              		.cfi_endproc
 6910              	.LFE7387:
 6912              		.section	.rodata.main.str1.4,"aMS",%progbits,1
 6913              		.align	2
 6914              	.LC9:
 6915 0000 4B6E6F62 		.ascii	"Knob %d\000"
 6915      20256400 
 6916              		.align	2
 6917              	.LC10:
 6918 0008 42757474 		.ascii	"Button %d\000"
 6918      6F6E2025 
 6918      6400
 6919              		.section	.text.startup.main,"ax",%progbits
 6920              		.align	1
 6921              		.p2align 2,,3
 6922              		.global	main
 6923              		.syntax unified
 6924              		.thumb
 6925              		.thumb_func
 6926              		.fpu fpv5-d16
 6928              	main:
 6929              	.LFB6821:
  86:main.cpp      ****     hw.Init();
 6930              		.loc 9 86 1 is_stmt 1 view -0
 6931              		.cfi_startproc
 6932              		@ args = 0, pretend = 0, frame = 616
 6933              		@ frame_needed = 0, uses_anonymous_args = 0
  87:main.cpp      ****     hw.SetAudioBlockSize(BLOCK_SIZE);
 6934              		.loc 9 87 5 view .LVU1743
  86:main.cpp      ****     hw.Init();
 6935              		.loc 9 86 1 is_stmt 0 view .LVU1744
 6936 0000 2DE9F04F 		push	{r4, r5, r6, r7, r8, r9, r10, fp, lr}
 6937              		.cfi_def_cfa_offset 36
 6938              		.cfi_offset 4, -36
 6939              		.cfi_offset 5, -32
 6940              		.cfi_offset 6, -28
 6941              		.cfi_offset 7, -24
 6942              		.cfi_offset 8, -20
 6943              		.cfi_offset 9, -16
ARM GAS  C:\Users\FINNDY~1\AppData\Local\Temp\ccAKb7Rb.s 			page 187


 6944              		.cfi_offset 10, -12
 6945              		.cfi_offset 11, -8
 6946              		.cfi_offset 14, -4
  87:main.cpp      ****     hw.SetAudioBlockSize(BLOCK_SIZE);
 6947              		.loc 9 87 12 view .LVU1745
 6948 0004 0021     		movs	r1, #0
  86:main.cpp      ****     hw.Init();
 6949              		.loc 9 86 1 view .LVU1746
 6950 0006 ADF51F7D 		sub	sp, sp, #636
 6951              		.cfi_def_cfa_offset 672
  87:main.cpp      ****     hw.SetAudioBlockSize(BLOCK_SIZE);
 6952              		.loc 9 87 12 view .LVU1747
 6953 000a C048     		ldr	r0, .L493
 6954 000c 0026     		movs	r6, #0
 6955 000e FFF7FEFF 		bl	_ZN5daisy9DaisySeed4InitEb
 6956              	.LVL490:
  88:main.cpp      ****     hw.SetAudioSampleRate(SaiHandle::Config::SampleRate::SAI_48KHZ);
 6957              		.loc 9 88 5 is_stmt 1 view .LVU1748
  88:main.cpp      ****     hw.SetAudioSampleRate(SaiHandle::Config::SampleRate::SAI_48KHZ);
 6958              		.loc 9 88 25 is_stmt 0 view .LVU1749
 6959 0012 1021     		movs	r1, #16
 6960 0014 BD48     		ldr	r0, .L493
 6961 0016 0127     		movs	r7, #1
 6962 0018 FFF7FEFF 		bl	_ZN5daisy9DaisySeed17SetAudioBlockSizeEj
 6963              	.LVL491:
  89:main.cpp      **** 
 6964              		.loc 9 89 5 is_stmt 1 view .LVU1750
  89:main.cpp      **** 
 6965              		.loc 9 89 26 is_stmt 0 view .LVU1751
 6966 001c 0321     		movs	r1, #3
 6967 001e BB48     		ldr	r0, .L493
 6968 0020 FFF7FEFF 		bl	_ZN5daisy9DaisySeed18SetAudioSampleRateENS_9SaiHandle6Config10SampleRateE
 6969              	.LVL492:
  92:main.cpp      ****     dispCfg.driver_config.transport_config.i2c_address = 0x3C;
 6970              		.loc 9 92 5 is_stmt 1 view .LVU1752
 6971              	.LBB1597:
 6972              	.LBI1597:
  20:../../libDaisy/src/hid/disp/oled_display.h ****     {
 6973              		.loc 6 20 12 view .LVU1753
 6974              	.LBB1598:
 6975              	.LBI1598:
 248:../../libDaisy/src/dev/oled_ssd130x.h ****     {
 6976              		.loc 7 248 12 view .LVU1754
 6977              	.LBB1599:
 6978              	.LBI1599:
  20:../../libDaisy/src/dev/oled_ssd130x.h ****         {
 6979              		.loc 7 20 9 view .LVU1755
 6980              	.LBB1600:
 6981              	.LBI1600:
 6982              		.file 12 "../../libDaisy/src/per/i2c.h"
   1:../../libDaisy/src/per/i2c.h **** #pragma once
   2:../../libDaisy/src/per/i2c.h **** #include "daisy_core.h"
   3:../../libDaisy/src/per/i2c.h **** 
   4:../../libDaisy/src/per/i2c.h **** namespace daisy
   5:../../libDaisy/src/per/i2c.h **** {
   6:../../libDaisy/src/per/i2c.h **** /** A handle for interacting with an I2C peripheral. This is a dumb
   7:../../libDaisy/src/per/i2c.h ****  *  gateway that internally points to one of the four I2C peripherals
ARM GAS  C:\Users\FINNDY~1\AppData\Local\Temp\ccAKb7Rb.s 			page 188


   8:../../libDaisy/src/per/i2c.h ****  *  after it was initialised. It can then be copied and passed around.
   9:../../libDaisy/src/per/i2c.h ****  *  Use an I2CHandle like this:
  10:../../libDaisy/src/per/i2c.h ****  *  
  11:../../libDaisy/src/per/i2c.h ****  *      // setup the configuration
  12:../../libDaisy/src/per/i2c.h ****  *      I2CHandle::Config i2c_conf;
  13:../../libDaisy/src/per/i2c.h ****  *      i2c_conf.periph = I2CHandle::Config::Peripheral::I2C_1;
  14:../../libDaisy/src/per/i2c.h ****  *      i2c_conf.speed  = I2CHandle::Config::Speed::I2C_400KHZ;
  15:../../libDaisy/src/per/i2c.h ****  *      i2c_conf.mode   = I2CHandle::Config::Mode::Master;
  16:../../libDaisy/src/per/i2c.h ****  *      i2c_conf.pin_config.scl  = {DSY_GPIOB, 8};
  17:../../libDaisy/src/per/i2c.h ****  *      i2c_conf.pin_config.sda  = {DSY_GPIOB, 9};
  18:../../libDaisy/src/per/i2c.h ****  *      // initialise the peripheral
  19:../../libDaisy/src/per/i2c.h ****  *      I2CHandle i2c;
  20:../../libDaisy/src/per/i2c.h ****  *      i2c.Init(i2c_conf);
  21:../../libDaisy/src/per/i2c.h ****  *      // now i2c points to the corresponding peripheral and can be used.
  22:../../libDaisy/src/per/i2c.h ****  *      i2c.TransmitBlocking( ... );
  23:../../libDaisy/src/per/i2c.h ****  */
  24:../../libDaisy/src/per/i2c.h **** class I2CHandle
  25:../../libDaisy/src/per/i2c.h **** {
  26:../../libDaisy/src/per/i2c.h ****   public:
  27:../../libDaisy/src/per/i2c.h ****     /** Contains settings for initialising an I2C interface. */
  28:../../libDaisy/src/per/i2c.h ****     struct Config
 6983              		.loc 12 28 12 view .LVU1756
 6984              		.loc 12 28 12 is_stmt 0 view .LVU1757
 6985              	.LBE1600:
 6986              	.LBE1599:
 6987              	.LBE1598:
 6988              	.LBE1597:
  23:../../libDaisy/src/dev/oled_ssd130x.h ****         }
 6989              		.loc 7 23 13 is_stmt 1 view .LVU1758
 6990              	.LBB1604:
 6991              	.LBB1603:
 6992              	.LBB1602:
 6993              	.LBB1601:
 6994              	.LBI1601:
  27:../../libDaisy/src/dev/oled_ssd130x.h ****         {
 6995              		.loc 7 27 27 view .LVU1759
 6996              	.LBE1601:
 6997              	.LBE1602:
 6998              	.LBE1603:
 6999              	.LBE1604:
  29:../../libDaisy/src/dev/oled_ssd130x.h ****             i2c_config.speed          = I2CHandle::Config::Speed::I2C_1MHZ;
 7000              		.loc 7 29 13 view .LVU1760
  30:../../libDaisy/src/dev/oled_ssd130x.h ****             i2c_config.mode           = I2CHandle::Config::Mode::I2C_MASTER;
 7001              		.loc 7 30 13 view .LVU1761
  31:../../libDaisy/src/dev/oled_ssd130x.h ****             i2c_config.pin_config.scl = {DSY_GPIOB, 8};
 7002              		.loc 7 31 13 view .LVU1762
  32:../../libDaisy/src/dev/oled_ssd130x.h ****             i2c_config.pin_config.sda = {DSY_GPIOB, 9};
 7003              		.loc 7 32 13 view .LVU1763
  33:../../libDaisy/src/dev/oled_ssd130x.h ****             i2c_address               = 0x3C;
 7004              		.loc 7 33 13 view .LVU1764
  34:../../libDaisy/src/dev/oled_ssd130x.h ****         }
 7005              		.loc 7 34 13 view .LVU1765
  93:main.cpp      ****     dispCfg.driver_config.transport_config.i2c_config.periph = I2CHandle::Config::Peripheral::I2C_1
 7006              		.loc 9 93 5 view .LVU1766
  94:main.cpp      ****     dispCfg.driver_config.transport_config.i2c_config.speed = I2CHandle::Config::Speed::I2C_400KHZ;
 7007              		.loc 9 94 5 view .LVU1767
  95:main.cpp      ****     dispCfg.driver_config.transport_config.i2c_config.mode = I2CHandle::Config::Mode::I2C_MASTER;
ARM GAS  C:\Users\FINNDY~1\AppData\Local\Temp\ccAKb7Rb.s 			page 189


 7008              		.loc 9 95 5 view .LVU1768
  96:main.cpp      ****     dispCfg.driver_config.transport_config.i2c_config.pin_config.scl = seed::D11;
 7009              		.loc 9 96 5 view .LVU1769
  97:main.cpp      ****     dispCfg.driver_config.transport_config.i2c_config.pin_config.sda = seed::D12;
 7010              		.loc 9 97 5 view .LVU1770
  98:main.cpp      ****     
 7011              		.loc 9 98 5 view .LVU1771
 100:main.cpp      **** 
 7012              		.loc 9 100 5 view .LVU1772
 100:main.cpp      **** 
 7013              		.loc 9 100 5 is_stmt 0 view .LVU1773
 7014 0024 1021     		movs	r1, #16
 7015 0026 3C22     		movs	r2, #60
 7016              	.LBB1605:
 7017              	.LBB1606:
  25:../../libDaisy/src/hid/disp/oled_display.h **** 
 7018              		.loc 6 25 44 view .LVU1774
 7019 0028 72AB     		add	r3, sp, #456
 7020 002a 7296     		str	r6, [sp, #456]
 7021 002c 8DF8CC11 		strb	r1, [sp, #460]
 7022 0030 8DF8D021 		strb	r2, [sp, #464]
 7023              	.LBE1606:
 7024              	.LBI1605:
  25:../../libDaisy/src/hid/disp/oled_display.h **** 
 7025              		.loc 6 25 10 is_stmt 1 view .LVU1775
 7026 0034 B64C     		ldr	r4, .L493+4
 7027              	.LBB1607:
  25:../../libDaisy/src/hid/disp/oled_display.h **** 
 7028              		.loc 6 25 44 is_stmt 0 view .LVU1776
 7029 0036 93E80700 		ldm	r3, {r0, r1, r2}
 7030 003a 6FAB     		add	r3, sp, #444
 7031 003c 7197     		str	r7, [sp, #452]
 7032 003e 8DE80700 		stm	sp, {r0, r1, r2}
 7033 0042 CDE96F64 		strd	r6, r4, [sp, #444]
 7034 0046 B348     		ldr	r0, .L493+8
 7035              	.LBE1607:
 7036              	.LBE1605:
 7037              	.LBB1609:
 7038              	.LBB1610:
 7039              		.file 13 "../../libDaisy/src/util/PersistentStorage.h"
   1:../../libDaisy/src/util/PersistentStorage.h **** #pragma once
   2:../../libDaisy/src/util/PersistentStorage.h **** 
   3:../../libDaisy/src/util/PersistentStorage.h **** #include "daisy_core.h"
   4:../../libDaisy/src/util/PersistentStorage.h **** #include "per/qspi.h"
   5:../../libDaisy/src/util/PersistentStorage.h **** #include "sys/dma.h"
   6:../../libDaisy/src/util/PersistentStorage.h **** 
   7:../../libDaisy/src/util/PersistentStorage.h **** namespace daisy
   8:../../libDaisy/src/util/PersistentStorage.h **** {
   9:../../libDaisy/src/util/PersistentStorage.h **** /** @brief Non Volatile storage class for persistent settings on an external flash device.
  10:../../libDaisy/src/util/PersistentStorage.h ****  *  @author shensley
  11:../../libDaisy/src/util/PersistentStorage.h ****  * 
  12:../../libDaisy/src/util/PersistentStorage.h ****  *  Storage occupied by the struct will be one word larger than 
  13:../../libDaisy/src/util/PersistentStorage.h ****  *  the SettingStruct used. The extra word is used to store the
  14:../../libDaisy/src/util/PersistentStorage.h ****  *  state of the data, and whether it's been overwritten or not.
  15:../../libDaisy/src/util/PersistentStorage.h ****  * 
  16:../../libDaisy/src/util/PersistentStorage.h ****  *  \todo - Make Save() non-blocking
  17:../../libDaisy/src/util/PersistentStorage.h ****  *  \todo - Add wear leveling
ARM GAS  C:\Users\FINNDY~1\AppData\Local\Temp\ccAKb7Rb.s 			page 190


  18:../../libDaisy/src/util/PersistentStorage.h ****  * 
  19:../../libDaisy/src/util/PersistentStorage.h ****  **/
  20:../../libDaisy/src/util/PersistentStorage.h **** template <typename SettingStruct>
  21:../../libDaisy/src/util/PersistentStorage.h **** class PersistentStorage
  22:../../libDaisy/src/util/PersistentStorage.h **** {
  23:../../libDaisy/src/util/PersistentStorage.h ****   public:
  24:../../libDaisy/src/util/PersistentStorage.h ****     /** State of the storage. 
  25:../../libDaisy/src/util/PersistentStorage.h ****      *  When created, prior to initialiation, the state will be Unknown
  26:../../libDaisy/src/util/PersistentStorage.h ****      *  
  27:../../libDaisy/src/util/PersistentStorage.h ****      *  During initialization, the state will be changed to either FACTORY,
  28:../../libDaisy/src/util/PersistentStorage.h ****      *  or USER. 
  29:../../libDaisy/src/util/PersistentStorage.h ****      * 
  30:../../libDaisy/src/util/PersistentStorage.h ****      *  If this is the first time these settings are being written to the
  31:../../libDaisy/src/util/PersistentStorage.h ****      *  target address, the defaults will be written to that location,
  32:../../libDaisy/src/util/PersistentStorage.h ****      *  and the state will be set to FACTORY.
  33:../../libDaisy/src/util/PersistentStorage.h ****      * 
  34:../../libDaisy/src/util/PersistentStorage.h ****      *  Once the first user-trigger save has been made, the state will be 
  35:../../libDaisy/src/util/PersistentStorage.h ****      *  updated to USER to indicate that the defaults have overwritten.
  36:../../libDaisy/src/util/PersistentStorage.h ****      */
  37:../../libDaisy/src/util/PersistentStorage.h ****     enum class State
  38:../../libDaisy/src/util/PersistentStorage.h ****     {
  39:../../libDaisy/src/util/PersistentStorage.h ****         UNKNOWN = 0,
  40:../../libDaisy/src/util/PersistentStorage.h ****         FACTORY = 1,
  41:../../libDaisy/src/util/PersistentStorage.h ****         USER    = 2,
  42:../../libDaisy/src/util/PersistentStorage.h ****     };
  43:../../libDaisy/src/util/PersistentStorage.h **** 
  44:../../libDaisy/src/util/PersistentStorage.h ****     /** Constructor for storage class 
  45:../../libDaisy/src/util/PersistentStorage.h ****      *  \param qspi reference to the hardware qspi peripheral.
  46:../../libDaisy/src/util/PersistentStorage.h ****      */
  47:../../libDaisy/src/util/PersistentStorage.h ****     PersistentStorage(QSPIHandle &qspi)
  48:../../libDaisy/src/util/PersistentStorage.h ****     : qspi_(qspi),
  49:../../libDaisy/src/util/PersistentStorage.h ****       address_offset_(0),
  50:../../libDaisy/src/util/PersistentStorage.h ****       default_settings_(),
  51:../../libDaisy/src/util/PersistentStorage.h ****       settings_(),
  52:../../libDaisy/src/util/PersistentStorage.h ****       state_(State::UNKNOWN)
  53:../../libDaisy/src/util/PersistentStorage.h ****     {
  54:../../libDaisy/src/util/PersistentStorage.h ****     }
  55:../../libDaisy/src/util/PersistentStorage.h **** 
  56:../../libDaisy/src/util/PersistentStorage.h ****     /** Initialize Storage class
  57:../../libDaisy/src/util/PersistentStorage.h ****      *
  58:../../libDaisy/src/util/PersistentStorage.h ****      *  The values in this class will be stored as the default
  59:../../libDaisy/src/util/PersistentStorage.h ****      *  for restoration to 'factory' settings.
  60:../../libDaisy/src/util/PersistentStorage.h ****      *
  61:../../libDaisy/src/util/PersistentStorage.h ****      *  \param defaults should be a setting structure containing the default values.
  62:../../libDaisy/src/util/PersistentStorage.h ****      *      this will be updated to contain the stored data.
  63:../../libDaisy/src/util/PersistentStorage.h ****      *  \param address_offset offset for location on the QSPI chip (offset to base address of devic
  64:../../libDaisy/src/util/PersistentStorage.h ****      *      This defaults to the first address on the chip, and will be masked to the nearest multi
  65:../../libDaisy/src/util/PersistentStorage.h ****      **/
  66:../../libDaisy/src/util/PersistentStorage.h ****     void Init(const SettingStruct &defaults, uint32_t address_offset = 0)
  67:../../libDaisy/src/util/PersistentStorage.h ****     {
  68:../../libDaisy/src/util/PersistentStorage.h ****         default_settings_ = defaults;
 7040              		.loc 13 68 9 view .LVU1777
 7041 0048 B34C     		ldr	r4, .L493+12
 7042              	.LBE1610:
 7043              	.LBE1609:
 7044              	.LBB1626:
 7045              	.LBB1608:
ARM GAS  C:\Users\FINNDY~1\AppData\Local\Temp\ccAKb7Rb.s 			page 191


  25:../../libDaisy/src/hid/disp/oled_display.h **** 
 7046              		.loc 6 25 44 view .LVU1778
 7047 004a 0ECB     		ldm	r3, {r1, r2, r3}
 7048 004c FFF7FEFF 		bl	_ZN5daisy13SSD130xDriverILj128ELj64ENS_19SSD130xI2CTransportEE4InitENS2_6ConfigE
 7049              	.LVL493:
  25:../../libDaisy/src/hid/disp/oled_display.h **** 
 7050              		.loc 6 25 44 view .LVU1779
 7051              	.LBE1608:
 7052              	.LBE1626:
 102:main.cpp      ****     startWindow = &mainWindow;
 7053              		.loc 9 102 5 is_stmt 1 view .LVU1780
 102:main.cpp      ****     startWindow = &mainWindow;
 7054              		.loc 9 102 19 is_stmt 0 view .LVU1781
 7055 0050 B24B     		ldr	r3, .L493+16
 103:main.cpp      **** 
 7056              		.loc 9 103 17 view .LVU1782
 7057 0052 B34A     		ldr	r2, .L493+20
 107:main.cpp      **** 
 7058              		.loc 9 107 24 view .LVU1783
 7059 0054 3146     		mov	r1, r6
 7060              	.LBB1627:
 7061              	.LBB1622:
  69:../../libDaisy/src/util/PersistentStorage.h ****         settings_         = defaults;
 7062              		.loc 13 69 9 view .LVU1784
 7063 0056 04F1C005 		add	r5, r4, #192
 7064              	.LBE1622:
 7065              	.LBE1627:
 107:main.cpp      **** 
 7066              		.loc 9 107 24 view .LVU1785
 7067 005a 13A8     		add	r0, sp, #76
 103:main.cpp      **** 
 7068              		.loc 9 103 17 view .LVU1786
 7069 005c 1360     		str	r3, [r2]
 102:main.cpp      ****     startWindow = &mainWindow;
 7070              		.loc 9 102 19 view .LVU1787
 7071 005e B14A     		ldr	r2, .L493+24
 7072 0060 1360     		str	r3, [r2]
 103:main.cpp      **** 
 7073              		.loc 9 103 5 is_stmt 1 view .LVU1788
 105:main.cpp      **** 
 7074              		.loc 9 105 5 view .LVU1789
 7075              	.LVL494:
 107:main.cpp      **** 
 7076              		.loc 9 107 5 view .LVU1790
 107:main.cpp      **** 
 7077              		.loc 9 107 24 is_stmt 0 view .LVU1791
 7078 0062 B822     		movs	r2, #184
 7079 0064 FFF7FEFF 		bl	memset
 7080              	.LVL495:
 7081              	.LBB1628:
 7082              	.LBI1609:
  66:../../libDaisy/src/util/PersistentStorage.h ****     {
 7083              		.loc 13 66 10 is_stmt 1 view .LVU1792
 7084              	.LBB1623:
  68:../../libDaisy/src/util/PersistentStorage.h ****         settings_         = defaults;
 7085              		.loc 13 68 9 is_stmt 0 view .LVU1793
 7086 0068 B822     		movs	r2, #184
ARM GAS  C:\Users\FINNDY~1\AppData\Local\Temp\ccAKb7Rb.s 			page 192


 7087 006a 3146     		mov	r1, r6
 7088 006c 04F10800 		add	r0, r4, #8
 7089 0070 FFF7FEFF 		bl	memset
 7090              	.LVL496:
 7091              		.loc 13 69 9 view .LVU1794
 7092 0074 B822     		movs	r2, #184
 7093 0076 13A9     		add	r1, sp, #76
 7094              	.LVL497:
 7095              		.loc 13 69 9 view .LVU1795
 7096 0078 2846     		mov	r0, r5
 7097 007a FFF7FEFF 		bl	memcpy
 7098              	.LVL498:
  70:../../libDaisy/src/util/PersistentStorage.h ****         address_offset_   = address_offset & (uint32_t)(~0xff);
  71:../../libDaisy/src/util/PersistentStorage.h ****         auto storage_data
  72:../../libDaisy/src/util/PersistentStorage.h ****             = reinterpret_cast<SaveStruct *>(qspi_.GetData(address_offset_));
 7099              		.loc 13 72 59 view .LVU1796
 7100 007e 3146     		mov	r1, r6
 7101 0080 2068     		ldr	r0, [r4]
  70:../../libDaisy/src/util/PersistentStorage.h ****         address_offset_   = address_offset & (uint32_t)(~0xff);
 7102              		.loc 13 70 27 view .LVU1797
 7103 0082 6660     		str	r6, [r4, #4]
 7104              		.loc 13 72 59 view .LVU1798
 7105 0084 FFF7FEFF 		bl	_ZN5daisy10QSPIHandle7GetDataEm
 7106              	.LVL499:
  73:../../libDaisy/src/util/PersistentStorage.h **** 
  74:../../libDaisy/src/util/PersistentStorage.h ****         // check to see if the state is already in use.
  75:../../libDaisy/src/util/PersistentStorage.h ****         State cur_state = storage_data->storage_state;
 7107              		.loc 13 75 15 view .LVU1799
 7108 0088 0368     		ldr	r3, [r0]
 7109              	.LVL500:
  76:../../libDaisy/src/util/PersistentStorage.h ****         if(cur_state != State::FACTORY && cur_state != State::USER)
 7110              		.loc 13 76 40 view .LVU1800
 7111 008a 5A1E     		subs	r2, r3, #1
 7112              		.loc 13 76 9 view .LVU1801
 7113 008c BA42     		cmp	r2, r7
 7114 008e 00F20B82 		bhi	.L488
  77:../../libDaisy/src/util/PersistentStorage.h ****         {
  78:../../libDaisy/src/util/PersistentStorage.h ****             // Initialize the Data store State::FACTORY, and the DefaultSettings
  79:../../libDaisy/src/util/PersistentStorage.h ****             state_ = State::FACTORY;
  80:../../libDaisy/src/util/PersistentStorage.h ****             StoreSettingsIfChanged();
  81:../../libDaisy/src/util/PersistentStorage.h ****         }
  82:../../libDaisy/src/util/PersistentStorage.h ****         else
  83:../../libDaisy/src/util/PersistentStorage.h ****         {
  84:../../libDaisy/src/util/PersistentStorage.h ****             state_    = cur_state;
  85:../../libDaisy/src/util/PersistentStorage.h ****             settings_ = storage_data->user_data;
 7115              		.loc 13 85 13 view .LVU1802
 7116 0092 011D     		adds	r1, r0, #4
 7117 0094 B822     		movs	r2, #184
 7118 0096 2846     		mov	r0, r5
 7119              	.LVL501:
 7120              		.loc 13 85 13 view .LVU1803
 7121 0098 0DF5827B 		add	fp, sp, #260
  84:../../libDaisy/src/util/PersistentStorage.h ****             settings_ = storage_data->user_data;
 7122              		.loc 13 84 23 view .LVU1804
 7123 009c C4F87831 		str	r3, [r4, #376]
 7124              		.loc 13 85 13 view .LVU1805
 7125 00a0 FFF7FEFF 		bl	memcpy
ARM GAS  C:\Users\FINNDY~1\AppData\Local\Temp\ccAKb7Rb.s 			page 193


 7126              	.LVL502:
 7127              	.L467:
 7128              		.loc 13 85 13 view .LVU1806
 7129              	.LBE1623:
 7130              	.LBE1628:
 110:main.cpp      ****     boolParams[bp++] = &looper->enabled;
 7131              		.loc 9 110 5 is_stmt 1 view .LVU1807
 110:main.cpp      ****     boolParams[bp++] = &looper->enabled;
 7132              		.loc 9 110 37 is_stmt 0 view .LVU1808
 7133 00a4 3020     		movs	r0, #48
 111:main.cpp      ****     boolParams[bp++] = &looper->recordingEnabled;
 7134              		.loc 9 111 22 view .LVU1809
 7135 00a6 A04E     		ldr	r6, .L493+28
 110:main.cpp      ****     boolParams[bp++] = &looper->enabled;
 7136              		.loc 9 110 37 view .LVU1810
 7137 00a8 FFF7FEFF 		bl	_Znwj
 7138              	.LVL503:
 7139 00ac 0546     		mov	r5, r0
 7140 00ae 0121     		movs	r1, #1
 7141 00b0 0DF5DE79 		add	r9, sp, #444
 7142 00b4 FFF7FEFF 		bl	_ZN6LooperC1Eb
 7143              	.LVL504:
 111:main.cpp      ****     boolParams[bp++] = &looper->recordingEnabled;
 7144              		.loc 9 111 5 is_stmt 1 view .LVU1811
 111:main.cpp      ****     boolParams[bp++] = &looper->recordingEnabled;
 7145              		.loc 9 111 24 is_stmt 0 view .LVU1812
 7146 00b8 2B1D     		adds	r3, r5, #4
 114:main.cpp      ****     boolParams[bp++] = &delay->enabled;
 7147              		.loc 9 114 34 view .LVU1813
 7148 00ba 3420     		movs	r0, #52
 112:main.cpp      **** 
 7149              		.loc 9 112 24 view .LVU1814
 7150 00bc 0695     		str	r5, [sp, #24]
 111:main.cpp      ****     boolParams[bp++] = &looper->recordingEnabled;
 7151              		.loc 9 111 22 view .LVU1815
 7152 00be 3360     		str	r3, [r6]
 112:main.cpp      **** 
 7153              		.loc 9 112 5 is_stmt 1 view .LVU1816
 7154              	.LVL505:
 112:main.cpp      **** 
 7155              		.loc 9 112 24 is_stmt 0 view .LVU1817
 7156 00c0 2B46     		mov	r3, r5
 116:main.cpp      **** 
 7157              		.loc 9 116 23 view .LVU1818
 7158 00c2 9A4D     		ldr	r5, .L493+32
 7159              	.LVL506:
 112:main.cpp      **** 
 7160              		.loc 9 112 24 view .LVU1819
 7161 00c4 2433     		adds	r3, r3, #36
 7162              	.LVL507:
 112:main.cpp      **** 
 7163              		.loc 9 112 22 view .LVU1820
 7164 00c6 7360     		str	r3, [r6, #4]
 114:main.cpp      ****     boolParams[bp++] = &delay->enabled;
 7165              		.loc 9 114 5 is_stmt 1 view .LVU1821
 114:main.cpp      ****     boolParams[bp++] = &delay->enabled;
 7166              		.loc 9 114 34 is_stmt 0 view .LVU1822
ARM GAS  C:\Users\FINNDY~1\AppData\Local\Temp\ccAKb7Rb.s 			page 194


 7167 00c8 FFF7FEFF 		bl	_Znwj
 7168              	.LVL508:
 7169 00cc 0746     		mov	r7, r0
 7170 00ce 0121     		movs	r1, #1
 7171 00d0 FFF7FEFF 		bl	_ZN5DelayC1Eb
 7172              	.LVL509:
 115:main.cpp      ****     floatParams[fp++] = &delay->delayAmount;
 7173              		.loc 9 115 5 is_stmt 1 view .LVU1823
 115:main.cpp      ****     floatParams[fp++] = &delay->delayAmount;
 7174              		.loc 9 115 24 is_stmt 0 view .LVU1824
 7175 00d4 3B1D     		adds	r3, r7, #4
 118:main.cpp      ****     boolParams[bp++] = &tuner->enabled;
 7176              		.loc 9 118 35 view .LVU1825
 7177 00d6 9648     		ldr	r0, .L493+36
 115:main.cpp      ****     floatParams[fp++] = &delay->delayAmount;
 7178              		.loc 9 115 22 view .LVU1826
 7179 00d8 B360     		str	r3, [r6, #8]
 116:main.cpp      **** 
 7180              		.loc 9 116 5 is_stmt 1 view .LVU1827
 7181              	.LVL510:
 116:main.cpp      **** 
 7182              		.loc 9 116 25 is_stmt 0 view .LVU1828
 7183 00da 07F12403 		add	r3, r7, #36
 7184 00de 0797     		str	r7, [sp, #28]
 116:main.cpp      **** 
 7185              		.loc 9 116 23 view .LVU1829
 7186 00e0 2B60     		str	r3, [r5]
 118:main.cpp      ****     boolParams[bp++] = &tuner->enabled;
 7187              		.loc 9 118 5 is_stmt 1 view .LVU1830
 118:main.cpp      ****     boolParams[bp++] = &tuner->enabled;
 7188              		.loc 9 118 35 is_stmt 0 view .LVU1831
 7189 00e2 FFF7FEFF 		bl	_Znwj
 7190              	.LVL511:
 7191 00e6 0746     		mov	r7, r0
 7192              	.LVL512:
 118:main.cpp      ****     boolParams[bp++] = &tuner->enabled;
 7193              		.loc 9 118 35 view .LVU1832
 7194 00e8 0021     		movs	r1, #0
 7195 00ea FFF7FEFF 		bl	_ZN5TunerC1Eb
 7196              	.LVL513:
 119:main.cpp      ****     maxFrequency = &tuner->maxFrequency;
 7197              		.loc 9 119 5 is_stmt 1 view .LVU1833
 119:main.cpp      ****     maxFrequency = &tuner->maxFrequency;
 7198              		.loc 9 119 24 is_stmt 0 view .LVU1834
 7199 00ee 3A1D     		adds	r2, r7, #4
 120:main.cpp      ****     tunerWindow.tuner = tuner;
 7200              		.loc 9 120 20 view .LVU1835
 7201 00f0 904B     		ldr	r3, .L493+40
 123:main.cpp      ****     boolParams[bp++] = &reverb->enabled;
 7202              		.loc 9 123 38 view .LVU1836
 7203 00f2 4FF48A70 		mov	r0, #276
 119:main.cpp      ****     maxFrequency = &tuner->maxFrequency;
 7204              		.loc 9 119 22 view .LVU1837
 7205 00f6 F260     		str	r2, [r6, #12]
 120:main.cpp      ****     tunerWindow.tuner = tuner;
 7206              		.loc 9 120 5 is_stmt 1 view .LVU1838
 120:main.cpp      ****     tunerWindow.tuner = tuner;
ARM GAS  C:\Users\FINNDY~1\AppData\Local\Temp\ccAKb7Rb.s 			page 195


 7207              		.loc 9 120 20 is_stmt 0 view .LVU1839
 7208 00f8 3B44     		add	r3, r3, r7
 120:main.cpp      ****     tunerWindow.tuner = tuner;
 7209              		.loc 9 120 18 view .LVU1840
 7210 00fa 8F4A     		ldr	r2, .L493+44
 121:main.cpp      **** 
 7211              		.loc 9 121 23 view .LVU1841
 7212 00fc 0897     		str	r7, [sp, #32]
 120:main.cpp      ****     tunerWindow.tuner = tuner;
 7213              		.loc 9 120 18 view .LVU1842
 7214 00fe 1360     		str	r3, [r2]
 121:main.cpp      **** 
 7215              		.loc 9 121 5 is_stmt 1 view .LVU1843
 121:main.cpp      **** 
 7216              		.loc 9 121 23 is_stmt 0 view .LVU1844
 7217 0100 8E4B     		ldr	r3, .L493+48
 7218 0102 9F60     		str	r7, [r3, #8]
 123:main.cpp      ****     boolParams[bp++] = &reverb->enabled;
 7219              		.loc 9 123 5 is_stmt 1 view .LVU1845
 123:main.cpp      ****     boolParams[bp++] = &reverb->enabled;
 7220              		.loc 9 123 38 is_stmt 0 view .LVU1846
 7221 0104 FFF7FEFF 		bl	_Znwj
 7222              	.LVL514:
 7223 0108 8246     		mov	r10, r0
 7224 010a 0021     		movs	r1, #0
 7225 010c FFF7FEFF 		bl	_ZN6ReverbC1Eb
 7226              	.LVL515:
 124:main.cpp      ****     floatParams[fp++] = &reverb->depth;
 7227              		.loc 9 124 5 is_stmt 1 view .LVU1847
 129:main.cpp      ****     boolParams[bp++] = &chorus->enabled;
 7228              		.loc 9 129 44 is_stmt 0 view .LVU1848
 7229 0110 8820     		movs	r0, #136
 124:main.cpp      ****     floatParams[fp++] = &reverb->depth;
 7230              		.loc 9 124 24 view .LVU1849
 7231 0112 0AF10403 		add	r3, r10, #4
 124:main.cpp      ****     floatParams[fp++] = &reverb->depth;
 7232              		.loc 9 124 22 view .LVU1850
 7233 0116 3361     		str	r3, [r6, #16]
 125:main.cpp      ****     floatParams[fp++] = &reverb->mix;
 7234              		.loc 9 125 5 is_stmt 1 view .LVU1851
 7235              	.LVL516:
 125:main.cpp      ****     floatParams[fp++] = &reverb->mix;
 7236              		.loc 9 125 25 is_stmt 0 view .LVU1852
 7237 0118 0AF1E403 		add	r3, r10, #228
 125:main.cpp      ****     floatParams[fp++] = &reverb->mix;
 7238              		.loc 9 125 23 view .LVU1853
 7239 011c 6B60     		str	r3, [r5, #4]
 126:main.cpp      ****     floatParams[fp++] = &reverb->gain;
 7240              		.loc 9 126 5 is_stmt 1 view .LVU1854
 7241              	.LVL517:
 126:main.cpp      ****     floatParams[fp++] = &reverb->gain;
 7242              		.loc 9 126 25 is_stmt 0 view .LVU1855
 7243 011e 0AF1F403 		add	r3, r10, #244
 126:main.cpp      ****     floatParams[fp++] = &reverb->gain;
 7244              		.loc 9 126 23 view .LVU1856
 7245 0122 AB60     		str	r3, [r5, #8]
 127:main.cpp      **** 
ARM GAS  C:\Users\FINNDY~1\AppData\Local\Temp\ccAKb7Rb.s 			page 196


 7246              		.loc 9 127 5 is_stmt 1 view .LVU1857
 7247              	.LVL518:
 127:main.cpp      **** 
 7248              		.loc 9 127 25 is_stmt 0 view .LVU1858
 7249 0124 0AF58273 		add	r3, r10, #260
 127:main.cpp      **** 
 7250              		.loc 9 127 23 view .LVU1859
 7251 0128 EB60     		str	r3, [r5, #12]
 129:main.cpp      ****     boolParams[bp++] = &chorus->enabled;
 7252              		.loc 9 129 5 is_stmt 1 view .LVU1860
 129:main.cpp      ****     boolParams[bp++] = &chorus->enabled;
 7253              		.loc 9 129 44 is_stmt 0 view .LVU1861
 7254 012a FFF7FEFF 		bl	_Znwj
 7255              	.LVL519:
 7256 012e 8046     		mov	r8, r0
 7257 0130 9FED830A 		vldr.32	s0, .L493+52
 7258 0134 0121     		movs	r1, #1
 7259 0136 FFF7FEFF 		bl	_ZN6ChorusC1Ebf
 7260              	.LVL520:
 130:main.cpp      ****     floatParams[fp++] = &chorus->frequency; 
 7261              		.loc 9 130 5 is_stmt 1 view .LVU1862
 130:main.cpp      ****     floatParams[fp++] = &chorus->frequency; 
 7262              		.loc 9 130 24 is_stmt 0 view .LVU1863
 7263 013a 08F10403 		add	r3, r8, #4
 135:main.cpp      ****     boolParams[bp++] = &bitCrusher->enabled;
 7264              		.loc 9 135 49 view .LVU1864
 7265 013e 2C20     		movs	r0, #44
 130:main.cpp      ****     floatParams[fp++] = &chorus->frequency; 
 7266              		.loc 9 130 22 view .LVU1865
 7267 0140 7361     		str	r3, [r6, #20]
 131:main.cpp      ****     floatParams[fp++] = &chorus->depth;
 7268              		.loc 9 131 5 is_stmt 1 view .LVU1866
 7269              	.LVL521:
 131:main.cpp      ****     floatParams[fp++] = &chorus->depth;
 7270              		.loc 9 131 25 is_stmt 0 view .LVU1867
 7271 0142 08F15803 		add	r3, r8, #88
 131:main.cpp      ****     floatParams[fp++] = &chorus->depth;
 7272              		.loc 9 131 23 view .LVU1868
 7273 0146 2B61     		str	r3, [r5, #16]
 132:main.cpp      ****     floatParams[fp++] = &chorus->mix;
 7274              		.loc 9 132 5 is_stmt 1 view .LVU1869
 7275              	.LVL522:
 132:main.cpp      ****     floatParams[fp++] = &chorus->mix;
 7276              		.loc 9 132 25 is_stmt 0 view .LVU1870
 7277 0148 08F16803 		add	r3, r8, #104
 132:main.cpp      ****     floatParams[fp++] = &chorus->mix;
 7278              		.loc 9 132 23 view .LVU1871
 7279 014c 6B61     		str	r3, [r5, #20]
 133:main.cpp      **** 
 7280              		.loc 9 133 5 is_stmt 1 view .LVU1872
 7281              	.LVL523:
 133:main.cpp      **** 
 7282              		.loc 9 133 25 is_stmt 0 view .LVU1873
 7283 014e 08F17803 		add	r3, r8, #120
 133:main.cpp      **** 
 7284              		.loc 9 133 23 view .LVU1874
 7285 0152 AB61     		str	r3, [r5, #24]
ARM GAS  C:\Users\FINNDY~1\AppData\Local\Temp\ccAKb7Rb.s 			page 197


 135:main.cpp      ****     boolParams[bp++] = &bitCrusher->enabled;
 7286              		.loc 9 135 5 is_stmt 1 view .LVU1875
 135:main.cpp      ****     boolParams[bp++] = &bitCrusher->enabled;
 7287              		.loc 9 135 49 is_stmt 0 view .LVU1876
 7288 0154 FFF7FEFF 		bl	_Znwj
 7289              	.LVL524:
 7290 0158 0121     		movs	r1, #1
 7291 015a 0590     		str	r0, [sp, #20]
 7292 015c FFF7FEFF 		bl	_ZN10BitCrusherC1Eb
 7293              	.LVL525:
 136:main.cpp      ****     floatParams[fp++] = &bitCrusher->amount;
 7294              		.loc 9 136 5 is_stmt 1 view .LVU1877
 136:main.cpp      ****     floatParams[fp++] = &bitCrusher->amount;
 7295              		.loc 9 136 24 is_stmt 0 view .LVU1878
 7296 0160 059B     		ldr	r3, [sp, #20]
 139:main.cpp      ****     boolParams[bp++] = &phaser->enabled;
 7297              		.loc 9 139 37 view .LVU1879
 7298 0162 DC20     		movs	r0, #220
 136:main.cpp      ****     floatParams[fp++] = &bitCrusher->amount;
 7299              		.loc 9 136 24 view .LVU1880
 7300 0164 1A1D     		adds	r2, r3, #4
 137:main.cpp      **** 
 7301              		.loc 9 137 25 view .LVU1881
 7302 0166 0993     		str	r3, [sp, #36]
 136:main.cpp      ****     floatParams[fp++] = &bitCrusher->amount;
 7303              		.loc 9 136 22 view .LVU1882
 7304 0168 B261     		str	r2, [r6, #24]
 137:main.cpp      **** 
 7305              		.loc 9 137 5 is_stmt 1 view .LVU1883
 7306              	.LVL526:
 137:main.cpp      **** 
 7307              		.loc 9 137 25 is_stmt 0 view .LVU1884
 7308 016a 03F11C02 		add	r2, r3, #28
 137:main.cpp      **** 
 7309              		.loc 9 137 23 view .LVU1885
 7310 016e EA61     		str	r2, [r5, #28]
 139:main.cpp      ****     boolParams[bp++] = &phaser->enabled;
 7311              		.loc 9 139 5 is_stmt 1 view .LVU1886
 139:main.cpp      ****     boolParams[bp++] = &phaser->enabled;
 7312              		.loc 9 139 37 is_stmt 0 view .LVU1887
 7313 0170 FFF7FEFF 		bl	_Znwj
 7314              	.LVL527:
 7315 0174 0746     		mov	r7, r0
 7316              	.LVL528:
 139:main.cpp      ****     boolParams[bp++] = &phaser->enabled;
 7317              		.loc 9 139 37 view .LVU1888
 7318 0176 0121     		movs	r1, #1
 7319 0178 FFF7FEFF 		bl	_ZN6PhaserC1Eb
 7320              	.LVL529:
 140:main.cpp      ****     floatParams[fp++] = &phaser->rate;
 7321              		.loc 9 140 5 is_stmt 1 view .LVU1889
 140:main.cpp      ****     floatParams[fp++] = &phaser->rate;
 7322              		.loc 9 140 24 is_stmt 0 view .LVU1890
 7323 017c 3A1D     		adds	r2, r7, #4
 145:main.cpp      ****     boolParams[bp++] = &metronome->enabled;
 7324              		.loc 9 145 42 view .LVU1891
 7325 017e 3820     		movs	r0, #56
ARM GAS  C:\Users\FINNDY~1\AppData\Local\Temp\ccAKb7Rb.s 			page 198


 140:main.cpp      ****     floatParams[fp++] = &phaser->rate;
 7326              		.loc 9 140 22 view .LVU1892
 7327 0180 F261     		str	r2, [r6, #28]
 141:main.cpp      ****     floatParams[fp++] = &phaser->depth;
 7328              		.loc 9 141 5 is_stmt 1 view .LVU1893
 7329              	.LVL530:
 141:main.cpp      ****     floatParams[fp++] = &phaser->depth;
 7330              		.loc 9 141 25 is_stmt 0 view .LVU1894
 7331 0182 07F1AC02 		add	r2, r7, #172
 141:main.cpp      ****     floatParams[fp++] = &phaser->depth;
 7332              		.loc 9 141 23 view .LVU1895
 7333 0186 2A62     		str	r2, [r5, #32]
 142:main.cpp      ****     floatParams[fp++] = &phaser->feedback;
 7334              		.loc 9 142 5 is_stmt 1 view .LVU1896
 7335              	.LVL531:
 142:main.cpp      ****     floatParams[fp++] = &phaser->feedback;
 7336              		.loc 9 142 25 is_stmt 0 view .LVU1897
 7337 0188 07F1BC02 		add	r2, r7, #188
 142:main.cpp      ****     floatParams[fp++] = &phaser->feedback;
 7338              		.loc 9 142 23 view .LVU1898
 7339 018c 6A62     		str	r2, [r5, #36]
 143:main.cpp      **** 
 7340              		.loc 9 143 5 is_stmt 1 view .LVU1899
 7341              	.LVL532:
 143:main.cpp      **** 
 7342              		.loc 9 143 25 is_stmt 0 view .LVU1900
 7343 018e 07F1CC02 		add	r2, r7, #204
 143:main.cpp      **** 
 7344              		.loc 9 143 23 view .LVU1901
 7345 0192 AA62     		str	r2, [r5, #40]
 145:main.cpp      ****     boolParams[bp++] = &metronome->enabled;
 7346              		.loc 9 145 5 is_stmt 1 view .LVU1902
 145:main.cpp      ****     boolParams[bp++] = &metronome->enabled;
 7347              		.loc 9 145 42 is_stmt 0 view .LVU1903
 7348 0194 FFF7FEFF 		bl	_Znwj
 7349              	.LVL533:
 7350 0198 0590     		str	r0, [sp, #20]
 7351              	.LVL534:
 145:main.cpp      ****     boolParams[bp++] = &metronome->enabled;
 7352              		.loc 9 145 42 view .LVU1904
 7353 019a FFF7FEFF 		bl	_ZN9MetronomeC1Ev
 7354              	.LVL535:
 146:main.cpp      ****     floatParams[fp++] = &metronome->volume;
 7355              		.loc 9 146 5 is_stmt 1 view .LVU1905
 150:main.cpp      ****     effects[1] = reverb;
 7356              		.loc 9 150 16 is_stmt 0 view .LVU1906
 7357 019e 694A     		ldr	r2, .L493+56
 7358 01a0 0899     		ldr	r1, [sp, #32]
 152:main.cpp      ****     effects[3] = delay;
 7359              		.loc 9 152 16 view .LVU1907
 7360 01a2 099B     		ldr	r3, [sp, #36]
 155:main.cpp      ****     effects[6] = looper;
 7361              		.loc 9 155 16 view .LVU1908
 7362 01a4 5761     		str	r7, [r2, #20]
 152:main.cpp      ****     effects[3] = delay;
 7363              		.loc 9 152 16 view .LVU1909
 7364 01a6 9360     		str	r3, [r2, #8]
ARM GAS  C:\Users\FINNDY~1\AppData\Local\Temp\ccAKb7Rb.s 			page 199


 157:main.cpp      **** 
 7365              		.loc 9 157 16 view .LVU1910
 7366 01a8 059B     		ldr	r3, [sp, #20]
 151:main.cpp      ****     effects[2] = bitCrusher;
 7367              		.loc 9 151 16 view .LVU1911
 7368 01aa C2E9001A 		strd	r1, r10, [r2]
 153:main.cpp      ****     effects[4] = chorus;
 7369              		.loc 9 153 16 view .LVU1912
 7370 01ae 0799     		ldr	r1, [sp, #28]
 157:main.cpp      **** 
 7371              		.loc 9 157 16 view .LVU1913
 7372 01b0 D361     		str	r3, [r2, #28]
 7373 01b2 DFF8B8A1 		ldr	r10, .L493+96
 7374              	.LVL536:
 154:main.cpp      ****     effects[5] = phaser;
 7375              		.loc 9 154 16 view .LVU1914
 7376 01b6 C2E90318 		strd	r1, r8, [r2, #12]
 156:main.cpp      ****     effects[7] = metronome;
 7377              		.loc 9 156 16 view .LVU1915
 7378 01ba 0699     		ldr	r1, [sp, #24]
 7379 01bc DFF8B081 		ldr	r8, .L493+100
 7380              	.LVL537:
 156:main.cpp      ****     effects[7] = metronome;
 7381              		.loc 9 156 16 view .LVU1916
 7382 01c0 9161     		str	r1, [r2, #24]
 146:main.cpp      ****     floatParams[fp++] = &metronome->volume;
 7383              		.loc 9 146 24 view .LVU1917
 7384 01c2 1A46     		mov	r2, r3
 146:main.cpp      ****     floatParams[fp++] = &metronome->volume;
 7385              		.loc 9 146 24 view .LVU1918
 7386 01c4 0433     		adds	r3, r3, #4
 146:main.cpp      ****     floatParams[fp++] = &metronome->volume;
 7387              		.loc 9 146 22 view .LVU1919
 7388 01c6 3362     		str	r3, [r6, #32]
 147:main.cpp      ****     metronomeWindow.metronome = metronome;
 7389              		.loc 9 147 5 is_stmt 1 view .LVU1920
 7390              	.LVL538:
 147:main.cpp      ****     metronomeWindow.metronome = metronome;
 7391              		.loc 9 147 25 is_stmt 0 view .LVU1921
 7392 01c8 1346     		mov	r3, r2
 7393              	.LBB1629:
 162:main.cpp      ****         potentiometers[i] = new VariableControl(&hw, &configs[i], hw.GetPin(15 + i), i);
 7394              		.loc 9 162 14 view .LVU1922
 7395 01ca 0026     		movs	r6, #0
 7396              	.LBE1629:
 147:main.cpp      ****     metronomeWindow.metronome = metronome;
 7397              		.loc 9 147 25 view .LVU1923
 7398 01cc 2833     		adds	r3, r3, #40
 147:main.cpp      ****     metronomeWindow.metronome = metronome;
 7399              		.loc 9 147 23 view .LVU1924
 7400 01ce EB62     		str	r3, [r5, #44]
 148:main.cpp      ****     
 7401              		.loc 9 148 5 is_stmt 1 view .LVU1925
 148:main.cpp      ****     
 7402              		.loc 9 148 31 is_stmt 0 view .LVU1926
 7403 01d0 5D4B     		ldr	r3, .L493+60
 7404 01d2 9A60     		str	r2, [r3, #8]
ARM GAS  C:\Users\FINNDY~1\AppData\Local\Temp\ccAKb7Rb.s 			page 200


 150:main.cpp      ****     effects[1] = reverb;
 7405              		.loc 9 150 5 is_stmt 1 view .LVU1927
 151:main.cpp      ****     effects[2] = bitCrusher;
 7406              		.loc 9 151 5 view .LVU1928
 152:main.cpp      ****     effects[3] = delay;
 7407              		.loc 9 152 5 view .LVU1929
 153:main.cpp      ****     effects[4] = chorus;
 7408              		.loc 9 153 5 view .LVU1930
 154:main.cpp      ****     effects[5] = phaser;
 7409              		.loc 9 154 5 view .LVU1931
 155:main.cpp      ****     effects[6] = looper;
 7410              		.loc 9 155 5 view .LVU1932
 156:main.cpp      ****     effects[7] = metronome;
 7411              		.loc 9 156 5 view .LVU1933
 157:main.cpp      **** 
 7412              		.loc 9 157 5 view .LVU1934
 159:main.cpp      ****     // pots
 7413              		.loc 9 159 5 view .LVU1935
 161:main.cpp      ****     for (int i = 0; i < NUM_VARIABLE_CONTROLS; i++) {
 7414              		.loc 9 161 5 view .LVU1936
 162:main.cpp      ****         potentiometers[i] = new VariableControl(&hw, &configs[i], hw.GetPin(15 + i), i);
 7415              		.loc 9 162 5 view .LVU1937
 7416              	.LVL539:
 7417              	.LBB1644:
 162:main.cpp      ****         potentiometers[i] = new VariableControl(&hw, &configs[i], hw.GetPin(15 + i), i);
 7418              		.loc 9 162 23 view .LVU1938
 7419              	.L468:
 7420              	.LBB1630:
 163:main.cpp      ****         potentiometers[i]->parameter = nullptr;
 7421              		.loc 9 163 9 discriminator 2 view .LVU1939
 163:main.cpp      ****         potentiometers[i]->parameter = nullptr;
 7422              		.loc 9 163 83 is_stmt 0 discriminator 2 view .LVU1940
 7423 01d4 06F10F00 		add	r0, r6, #15
 164:main.cpp      **** 
 7424              		.loc 9 164 38 discriminator 2 view .LVU1941
 7425 01d8 0025     		movs	r5, #0
 163:main.cpp      ****         potentiometers[i]->parameter = nullptr;
 7426              		.loc 9 163 83 discriminator 2 view .LVU1942
 7427 01da C0B2     		uxtb	r0, r0
 7428 01dc FFF7FEFF 		bl	_ZN5daisy9DaisySeed6GetPinEh
 7429              	.LVL540:
 7430 01e0 ABF80000 		strh	r0, [fp]	@ movhi
 163:main.cpp      ****         potentiometers[i]->parameter = nullptr;
 7431              		.loc 9 163 87 discriminator 2 view .LVU1943
 7432 01e4 1420     		movs	r0, #20
 7433 01e6 FFF7FEFF 		bl	_Znwj
 7434              	.LVL541:
 7435 01ea 0746     		mov	r7, r0
 7436 01ec 4A46     		mov	r2, r9
 7437 01ee 0096     		str	r6, [sp]
 7438 01f0 4649     		ldr	r1, .L493
 7439              	.LBE1630:
 162:main.cpp      ****         potentiometers[i] = new VariableControl(&hw, &configs[i], hw.GetPin(15 + i), i);
 7440              		.loc 9 162 23 discriminator 2 view .LVU1944
 7441 01f2 09F11209 		add	r9, r9, #18
 7442              	.LBB1641:
 163:main.cpp      ****         potentiometers[i]->parameter = nullptr;
ARM GAS  C:\Users\FINNDY~1\AppData\Local\Temp\ccAKb7Rb.s 			page 201


 7443              		.loc 9 163 87 discriminator 2 view .LVU1945
 7444 01f6 DBF80030 		ldr	r3, [fp]
 7445 01fa FFF7FEFF 		bl	_ZN15VariableControlC1EPN5daisy9DaisySeedEPNS0_16AdcChannelConfigE12dsy_gpio_pini
 7446              	.LVL542:
 166:main.cpp      **** 
 7447              		.loc 9 166 17 discriminator 2 view .LVU1946
 7448 01fe 3346     		mov	r3, r6
 7449 0200 524A     		ldr	r2, .L493+64
 7450 0202 0721     		movs	r1, #7
 163:main.cpp      ****         potentiometers[i]->parameter = nullptr;
 7451              		.loc 9 163 27 discriminator 2 view .LVU1947
 7452 0204 C8F80070 		str	r7, [r8]
 164:main.cpp      **** 
 7453              		.loc 9 164 9 is_stmt 1 discriminator 2 view .LVU1948
 166:main.cpp      **** 
 7454              		.loc 9 166 17 is_stmt 0 discriminator 2 view .LVU1949
 7455 0208 13A8     		add	r0, sp, #76
 164:main.cpp      **** 
 7456              		.loc 9 164 38 discriminator 2 view .LVU1950
 7457 020a 3D61     		str	r5, [r7, #16]
 166:main.cpp      **** 
 7458              		.loc 9 166 9 is_stmt 1 discriminator 2 view .LVU1951
 7459              	.LBE1641:
 162:main.cpp      ****         potentiometers[i] = new VariableControl(&hw, &configs[i], hw.GetPin(15 + i), i);
 7460              		.loc 9 162 5 is_stmt 0 discriminator 2 view .LVU1952
 7461 020c 0136     		adds	r6, r6, #1
 7462              	.LVL543:
 7463              	.LBB1642:
 166:main.cpp      **** 
 7464              		.loc 9 166 17 discriminator 2 view .LVU1953
 7465 020e FFF7FEFF 		bl	snprintf
 7466              	.LVL544:
 168:main.cpp      ****         el->subWindow = startWindow;
 7467              		.loc 9 168 9 is_stmt 1 discriminator 2 view .LVU1954
 168:main.cpp      ****         el->subWindow = startWindow;
 7468              		.loc 9 168 94 is_stmt 0 discriminator 2 view .LVU1955
 7469 0212 1820     		movs	r0, #24
 7470 0214 FFF7FEFF 		bl	_Znwj
 7471              	.LVL545:
 7472              	.LBB1631:
 7473              	.LBB1632:
 7474              		.file 14 "gui.hpp"
   1:gui.hpp       **** #ifndef GUI_H
   2:gui.hpp       **** #define GUI_H
   3:gui.hpp       **** 
   4:gui.hpp       **** #include "daisy_seed.h"
   5:gui.hpp       **** #include "effect.hpp"
   6:gui.hpp       **** #include "dev/oled_ssd130x.h"
   7:gui.hpp       **** 
   8:gui.hpp       **** using namespace daisy;
   9:gui.hpp       **** using Display = OledDisplay<SSD130xI2c128x64Driver>;
  10:gui.hpp       **** 
  11:gui.hpp       **** /*
  12:gui.hpp       **** 
  13:gui.hpp       **** UI Design
  14:gui.hpp       **** 
  15:gui.hpp       **** Start screen (window):
ARM GAS  C:\Users\FINNDY~1\AppData\Local\Temp\ccAKb7Rb.s 			page 202


  16:gui.hpp       ****  - back button turns screen off (select or back turns back on)
  17:gui.hpp       ****  - scroll selection containing
  18:gui.hpp       ****     - Utilities
  19:gui.hpp       ****     - Effects
  20:gui.hpp       ****     - Controls
  21:gui.hpp       ****  - something on the right idk what it will be
  22:gui.hpp       **** 
  23:gui.hpp       **** Utilities:
  24:gui.hpp       **** scroll section with
  25:gui.hpp       ****  - Tuner
  26:gui.hpp       ****     - selecting takes you to the tuner screen i already made and enables the tuner
  27:gui.hpp       ****     - maybe also have this be an effect that can be assigned a button?
  28:gui.hpp       ****  - Metronome / Click track
  29:gui.hpp       ****     - takes you to a screen where you can set metronome frequency and volume and all that
  30:gui.hpp       **** 
  31:gui.hpp       **** Effects: (maybe unnnecccecetryyh (not needed))
  32:gui.hpp       ****  - scroll section with all of the effects
  33:gui.hpp       ****  - selecting an effect will take you to a screen where [[idk]]
  34:gui.hpp       ****  - right side could show parameters and controls they are mapped to (this wont fit)
  35:gui.hpp       ****  - maybe application order can be changed here
  36:gui.hpp       **** 
  37:gui.hpp       **** Controls:
  38:gui.hpp       ****  - scroll with all of the controls: buttons 1-4 and pots 1-4
  39:gui.hpp       ****  - selecting a control will give a menu of parameters or effects to select
  40:gui.hpp       ****     - if effects, selecting an effect will bring a further menu with its parameters
  41:gui.hpp       **** 
  42:gui.hpp       **** */
  43:gui.hpp       **** 
  44:gui.hpp       **** 
  45:gui.hpp       **** 
  46:gui.hpp       **** 
  47:gui.hpp       **** class Window {
  48:gui.hpp       **** public:
  49:gui.hpp       **** // back button should always take to previous, if null, turn screen off or something
  50:gui.hpp       ****     Window* previous;
  51:gui.hpp       **** 
  52:gui.hpp       ****     virtual void update(bool encoderPress, int encoderMove, Window** currentWindow) = 0;
  53:gui.hpp       ****     virtual void draw(Display* d) = 0; // TODO: maybe display dirtying system where only redrawn on
  54:gui.hpp       **** 
  55:gui.hpp       **** };
  56:gui.hpp       **** 
  57:gui.hpp       **** 
  58:gui.hpp       **** 
  59:gui.hpp       **** class ScrollElement {
  60:gui.hpp       **** public:
  61:gui.hpp       ****     Window* subWindow;
  62:gui.hpp       ****     const char* name;   
  63:gui.hpp       **** 
  64:gui.hpp       ****     ScrollElement() : subWindow(nullptr), name(nullptr) {}
  65:gui.hpp       ****     ScrollElement(Window* subWindow, const char* name) : subWindow(subWindow), name(name) {}
  66:gui.hpp       **** 
  67:gui.hpp       ****     virtual void OnSelect(Window** currentWindow) {};
  68:gui.hpp       **** 
  69:gui.hpp       **** };
  70:gui.hpp       **** 
  71:gui.hpp       **** template <typename T>
  72:gui.hpp       **** class ParameterScrollElement : public ScrollElement {
ARM GAS  C:\Users\FINNDY~1\AppData\Local\Temp\ccAKb7Rb.s 			page 203


  73:gui.hpp       **** public:
  74:gui.hpp       **** 
  75:gui.hpp       ****     EffectParameter<T>* parameter;
  76:gui.hpp       **** 
  77:gui.hpp       ****     ParameterScrollElement() : ScrollElement(), parameter(nullptr) {}
  78:gui.hpp       ****     ParameterScrollElement(EffectParameter<T>* parameter/* , const char* name */) : ScrollElement(n
  79:gui.hpp       **** 
  80:gui.hpp       ****     void OnSelect(Window** currentWindow) override;
  81:gui.hpp       **** 
  82:gui.hpp       **** };
  83:gui.hpp       **** 
  84:gui.hpp       **** class ToggleControlScrollElement : public ScrollElement {
  85:gui.hpp       ****     
  86:gui.hpp       ****     ToggleControl* control;
  87:gui.hpp       **** 
  88:gui.hpp       **** public:
  89:gui.hpp       **** 
  90:gui.hpp       ****     char nameBuf[9]; // this is dumb
  91:gui.hpp       **** 
  92:gui.hpp       ****     ToggleControlScrollElement(ToggleControl* button) : ScrollElement(nullptr, nameBuf), control(bu
  93:gui.hpp       ****     void OnSelect(Window** currentWindow) override;
  94:gui.hpp       **** 
  95:gui.hpp       **** };
  96:gui.hpp       **** 
  97:gui.hpp       **** class VariableControlScrollElement: public ScrollElement {
  98:gui.hpp       **** 
  99:gui.hpp       ****     VariableControl* control;
 100:gui.hpp       **** 
 101:gui.hpp       **** public:
 102:gui.hpp       **** 
 103:gui.hpp       ****     char nameBuf[7];
 104:gui.hpp       **** 
 105:gui.hpp       ****     VariableControlScrollElement(VariableControl* pot) : ScrollElement(nullptr, nameBuf), control(p
 7475              		.loc 14 105 102 discriminator 2 view .LVU1956
 7476 0218 4D4B     		ldr	r3, .L493+68
 7477              	.LBE1632:
 7478              	.LBE1631:
 168:main.cpp      ****         el->subWindow = startWindow;
 7479              		.loc 9 168 94 discriminator 2 view .LVU1957
 7480 021a 0746     		mov	r7, r0
 7481              	.LBB1639:
 7482              	.LBB1636:
 7483              		.loc 14 105 81 discriminator 2 view .LVU1958
 7484 021c 1030     		adds	r0, r0, #16
 7485              		.loc 14 105 102 discriminator 2 view .LVU1959
 7486 021e 40F8103C 		str	r3, [r0, #-16]
 7487              	.LBE1636:
 7488              	.LBE1639:
 170:main.cpp      ****         varControlOptions[i] = el;
 7489              		.loc 9 170 15 discriminator 2 view .LVU1960
 7490 0222 13A9     		add	r1, sp, #76
 168:main.cpp      ****         el->subWindow = startWindow;
 7491              		.loc 9 168 94 discriminator 2 view .LVU1961
 7492 0224 58F8043B 		ldr	r3, [r8], #4
 7493              	.LBB1640:
 7494              	.LBB1637:
 7495              	.LBB1633:
ARM GAS  C:\Users\FINNDY~1\AppData\Local\Temp\ccAKb7Rb.s 			page 204


 7496              	.LBB1634:
  65:gui.hpp       **** 
 7497              		.loc 14 65 89 discriminator 2 view .LVU1962
 7498 0228 B860     		str	r0, [r7, #8]
 7499              	.LVL546:
  65:gui.hpp       **** 
 7500              		.loc 14 65 89 discriminator 2 view .LVU1963
 7501              	.LBE1634:
 7502              	.LBE1633:
 7503              	.LBE1637:
 7504              	.LBI1631:
 7505              		.loc 14 105 5 is_stmt 1 discriminator 2 view .LVU1964
 7506              	.LBB1638:
 7507              	.LBB1635:
 7508              	.LBI1633:
  65:gui.hpp       **** 
 7509              		.loc 14 65 5 discriminator 2 view .LVU1965
  65:gui.hpp       **** 
 7510              		.loc 14 65 5 is_stmt 0 discriminator 2 view .LVU1966
 7511              	.LBE1635:
 7512              		.loc 14 105 102 discriminator 2 view .LVU1967
 7513 022a FB60     		str	r3, [r7, #12]
 7514              	.LVL547:
 7515              		.loc 14 105 102 discriminator 2 view .LVU1968
 7516              	.LBE1638:
 7517              	.LBE1640:
 169:main.cpp      ****         strcpy(el->nameBuf, controlNameBuf);
 7518              		.loc 9 169 9 is_stmt 1 discriminator 2 view .LVU1969
 169:main.cpp      ****         strcpy(el->nameBuf, controlNameBuf);
 7519              		.loc 9 169 23 is_stmt 0 discriminator 2 view .LVU1970
 7520 022c 3C4B     		ldr	r3, .L493+20
 7521 022e 1B68     		ldr	r3, [r3]
 7522 0230 7B60     		str	r3, [r7, #4]
 170:main.cpp      ****         varControlOptions[i] = el;
 7523              		.loc 9 170 9 is_stmt 1 discriminator 2 view .LVU1971
 170:main.cpp      ****         varControlOptions[i] = el;
 7524              		.loc 9 170 15 is_stmt 0 discriminator 2 view .LVU1972
 7525 0232 FFF7FEFF 		bl	strcpy
 7526              	.LVL548:
 171:main.cpp      ****     }
 7527              		.loc 9 171 9 is_stmt 1 discriminator 2 view .LVU1973
 7528              	.LBE1642:
 162:main.cpp      ****         potentiometers[i] = new VariableControl(&hw, &configs[i], hw.GetPin(15 + i), i);
 7529              		.loc 9 162 23 is_stmt 0 discriminator 2 view .LVU1974
 7530 0236 042E     		cmp	r6, #4
 7531              	.LBB1643:
 171:main.cpp      ****     }
 7532              		.loc 9 171 30 discriminator 2 view .LVU1975
 7533 0238 4AF8047B 		str	r7, [r10], #4
 7534              	.LBE1643:
 162:main.cpp      ****         potentiometers[i] = new VariableControl(&hw, &configs[i], hw.GetPin(15 + i), i);
 7535              		.loc 9 162 5 is_stmt 1 discriminator 2 view .LVU1976
 7536              	.LVL549:
 162:main.cpp      ****         potentiometers[i] = new VariableControl(&hw, &configs[i], hw.GetPin(15 + i), i);
 7537              		.loc 9 162 23 discriminator 2 view .LVU1977
 7538 023c CAD1     		bne	.L468
 7539              	.LBE1644:
ARM GAS  C:\Users\FINNDY~1\AppData\Local\Temp\ccAKb7Rb.s 			page 205


 174:main.cpp      ****     hw.adc.Start();
 7540              		.loc 9 174 5 view .LVU1978
 174:main.cpp      ****     hw.adc.Start();
 7541              		.loc 9 174 16 is_stmt 0 view .LVU1979
 7542 023e 6FA9     		add	r1, sp, #444
 7543 0240 3346     		mov	r3, r6
 7544 0242 3246     		mov	r2, r6
 7545 0244 4348     		ldr	r0, .L493+72
 7546 0246 444F     		ldr	r7, .L493+76
 7547              	.LVL550:
 175:main.cpp      **** 
 7548              		.loc 9 175 17 view .LVU1980
 7549 0248 AA46     		mov	r10, r5
 7550              	.LVL551:
 175:main.cpp      **** 
 7551              		.loc 9 175 17 view .LVU1981
 7552 024a DFF82881 		ldr	r8, .L493+104
 174:main.cpp      ****     hw.adc.Start();
 7553              		.loc 9 174 16 view .LVU1982
 7554 024e FFF7FEFF 		bl	_ZN5daisy9AdcHandle4InitEPNS_16AdcChannelConfigEjNS0_12OverSamplingE
 7555              	.LVL552:
 175:main.cpp      **** 
 7556              		.loc 9 175 5 is_stmt 1 view .LVU1983
 7557 0252 DFF82491 		ldr	r9, .L493+108
 175:main.cpp      **** 
 7558              		.loc 9 175 17 is_stmt 0 view .LVU1984
 7559 0256 3F48     		ldr	r0, .L493+72
 7560 0258 FFF7FEFF 		bl	_ZN5daisy9AdcHandle5StartEv
 7561              	.LVL553:
 178:main.cpp      ****         buttons[i] = new ToggleControl(hw.GetPin(i + 22), i);
 7562              		.loc 9 178 5 is_stmt 1 view .LVU1985
 7563              	.LBB1645:
 178:main.cpp      ****         buttons[i] = new ToggleControl(hw.GetPin(i + 22), i);
 7564              		.loc 9 178 23 view .LVU1986
 7565              	.L469:
 7566              	.LBB1646:
 179:main.cpp      ****         buttons[i]->parameter = nullptr;
 7567              		.loc 9 179 9 discriminator 2 view .LVU1987
 179:main.cpp      ****         buttons[i]->parameter = nullptr;
 7568              		.loc 9 179 56 is_stmt 0 discriminator 2 view .LVU1988
 7569 025c 0AF11600 		add	r0, r10, #22
 180:main.cpp      **** 
 7570              		.loc 9 180 31 discriminator 2 view .LVU1989
 7571 0260 0026     		movs	r6, #0
 179:main.cpp      ****         buttons[i]->parameter = nullptr;
 7572              		.loc 9 179 56 discriminator 2 view .LVU1990
 7573 0262 C0B2     		uxtb	r0, r0
 7574 0264 FFF7FEFF 		bl	_ZN5daisy9DaisySeed6GetPinEh
 7575              	.LVL554:
 7576 0268 0346     		mov	r3, r0	@ movhi
 179:main.cpp      ****         buttons[i]->parameter = nullptr;
 7577              		.loc 9 179 60 discriminator 2 view .LVU1991
 7578 026a 1C20     		movs	r0, #28
 179:main.cpp      ****         buttons[i]->parameter = nullptr;
 7579              		.loc 9 179 56 discriminator 2 view .LVU1992
 7580 026c ABF80030 		strh	r3, [fp]	@ movhi
 179:main.cpp      ****         buttons[i]->parameter = nullptr;
ARM GAS  C:\Users\FINNDY~1\AppData\Local\Temp\ccAKb7Rb.s 			page 206


 7581              		.loc 9 179 60 discriminator 2 view .LVU1993
 7582 0270 FFF7FEFF 		bl	_Znwj
 7583              	.LVL555:
 7584 0274 0546     		mov	r5, r0
 7585 0276 5246     		mov	r2, r10
 7586 0278 DBF80010 		ldr	r1, [fp]
 7587 027c FFF7FEFF 		bl	_ZN13ToggleControlC1E12dsy_gpio_pini
 7588              	.LVL556:
 182:main.cpp      **** 
 7589              		.loc 9 182 17 discriminator 2 view .LVU1994
 7590 0280 5346     		mov	r3, r10
 7591 0282 364A     		ldr	r2, .L493+80
 7592 0284 0921     		movs	r1, #9
 179:main.cpp      ****         buttons[i]->parameter = nullptr;
 7593              		.loc 9 179 20 discriminator 2 view .LVU1995
 7594 0286 3D60     		str	r5, [r7]
 180:main.cpp      **** 
 7595              		.loc 9 180 9 is_stmt 1 discriminator 2 view .LVU1996
 182:main.cpp      **** 
 7596              		.loc 9 182 17 is_stmt 0 discriminator 2 view .LVU1997
 7597 0288 13A8     		add	r0, sp, #76
 180:main.cpp      **** 
 7598              		.loc 9 180 31 discriminator 2 view .LVU1998
 7599 028a AE61     		str	r6, [r5, #24]
 182:main.cpp      **** 
 7600              		.loc 9 182 9 is_stmt 1 discriminator 2 view .LVU1999
 7601              	.LBE1646:
 178:main.cpp      ****         buttons[i] = new ToggleControl(hw.GetPin(i + 22), i);
 7602              		.loc 9 178 5 is_stmt 0 discriminator 2 view .LVU2000
 7603 028c 0AF1010A 		add	r10, r10, #1
 7604              	.LVL557:
 7605              	.LBB1657:
 182:main.cpp      **** 
 7606              		.loc 9 182 17 discriminator 2 view .LVU2001
 7607 0290 FFF7FEFF 		bl	snprintf
 7608              	.LVL558:
 184:main.cpp      ****         el->subWindow = startWindow;
 7609              		.loc 9 184 9 is_stmt 1 discriminator 2 view .LVU2002
 184:main.cpp      ****         el->subWindow = startWindow;
 7610              		.loc 9 184 83 is_stmt 0 discriminator 2 view .LVU2003
 7611 0294 1C20     		movs	r0, #28
 7612 0296 FFF7FEFF 		bl	_Znwj
 7613              	.LVL559:
 7614 029a 57F8043B 		ldr	r3, [r7], #4
 7615 029e 0546     		mov	r5, r0
 7616              	.LBB1647:
 7617              	.LBB1648:
  92:gui.hpp       ****     void OnSelect(Window** currentWindow) override;
 7618              		.loc 14 92 104 discriminator 2 view .LVU2004
 7619 02a0 C0F80090 		str	r9, [r0]
  92:gui.hpp       ****     void OnSelect(Window** currentWindow) override;
 7620              		.loc 14 92 80 discriminator 2 view .LVU2005
 7621 02a4 1030     		adds	r0, r0, #16
 7622              	.LBE1648:
 7623              	.LBE1647:
 186:main.cpp      ****         toggleControlOptions[i] = el;
 7624              		.loc 9 186 15 discriminator 2 view .LVU2006
ARM GAS  C:\Users\FINNDY~1\AppData\Local\Temp\ccAKb7Rb.s 			page 207


 7625 02a6 13A9     		add	r1, sp, #76
 7626              	.LBB1655:
 7627              	.LBB1652:
  92:gui.hpp       ****     void OnSelect(Window** currentWindow) override;
 7628              		.loc 14 92 104 discriminator 2 view .LVU2007
 7629 02a8 EB60     		str	r3, [r5, #12]
 7630              	.LBE1652:
 7631              	.LBE1655:
 185:main.cpp      ****         strcpy(el->nameBuf, controlNameBuf);
 7632              		.loc 9 185 23 discriminator 2 view .LVU2008
 7633 02aa 1D4B     		ldr	r3, .L493+20
 7634              	.LBB1656:
 7635              	.LBB1653:
 7636              	.LBB1649:
 7637              	.LBB1650:
  65:gui.hpp       **** 
 7638              		.loc 14 65 89 discriminator 2 view .LVU2009
 7639 02ac A860     		str	r0, [r5, #8]
 7640              	.LVL560:
  65:gui.hpp       **** 
 7641              		.loc 14 65 89 discriminator 2 view .LVU2010
 7642              	.LBE1650:
 7643              	.LBE1649:
 7644              	.LBE1653:
 7645              	.LBI1647:
  92:gui.hpp       ****     void OnSelect(Window** currentWindow) override;
 7646              		.loc 14 92 5 is_stmt 1 discriminator 2 view .LVU2011
 7647              	.LBB1654:
 7648              	.LBB1651:
 7649              	.LBI1649:
  65:gui.hpp       **** 
 7650              		.loc 14 65 5 discriminator 2 view .LVU2012
  65:gui.hpp       **** 
 7651              		.loc 14 65 5 is_stmt 0 discriminator 2 view .LVU2013
 7652              	.LBE1651:
 7653              	.LBE1654:
 7654              	.LBE1656:
 185:main.cpp      ****         strcpy(el->nameBuf, controlNameBuf);
 7655              		.loc 9 185 9 is_stmt 1 discriminator 2 view .LVU2014
 185:main.cpp      ****         strcpy(el->nameBuf, controlNameBuf);
 7656              		.loc 9 185 23 is_stmt 0 discriminator 2 view .LVU2015
 7657 02ae 1B68     		ldr	r3, [r3]
 7658 02b0 6B60     		str	r3, [r5, #4]
 186:main.cpp      ****         toggleControlOptions[i] = el;
 7659              		.loc 9 186 9 is_stmt 1 discriminator 2 view .LVU2016
 186:main.cpp      ****         toggleControlOptions[i] = el;
 7660              		.loc 9 186 15 is_stmt 0 discriminator 2 view .LVU2017
 7661 02b2 FFF7FEFF 		bl	strcpy
 7662              	.LVL561:
 187:main.cpp      ****         
 7663              		.loc 9 187 9 is_stmt 1 discriminator 2 view .LVU2018
 7664              	.LBE1657:
 178:main.cpp      ****         buttons[i] = new ToggleControl(hw.GetPin(i + 22), i);
 7665              		.loc 9 178 23 is_stmt 0 discriminator 2 view .LVU2019
 7666 02b6 BAF1040F 		cmp	r10, #4
 7667              	.LBB1658:
 187:main.cpp      ****         
ARM GAS  C:\Users\FINNDY~1\AppData\Local\Temp\ccAKb7Rb.s 			page 208


 7668              		.loc 9 187 33 discriminator 2 view .LVU2020
 7669 02ba 48F8045B 		str	r5, [r8], #4
 7670              	.LBE1658:
 178:main.cpp      ****         buttons[i] = new ToggleControl(hw.GetPin(i + 22), i);
 7671              		.loc 9 178 5 is_stmt 1 discriminator 2 view .LVU2021
 7672              	.LVL562:
 178:main.cpp      ****         buttons[i] = new ToggleControl(hw.GetPin(i + 22), i);
 7673              		.loc 9 178 23 discriminator 2 view .LVU2022
 7674 02be CDD1     		bne	.L469
 7675              	.LBE1645:
 7676              	.LBB1659:
 193:main.cpp      ****         parameterOptions[i] = new ParameterScrollElement(floatParams[i]);
 7677              		.loc 9 193 14 is_stmt 0 view .LVU2023
 7678 02c0 B146     		mov	r9, r6
 7679 02c2 DFF86880 		ldr	r8, .L493+32
 7680 02c6 264F     		ldr	r7, .L493+84
 7681 02c8 264E     		ldr	r6, .L493+88
 7682              	.LVL563:
 7683              	.L470:
 194:main.cpp      ****         floatParams[i]->control = nullptr;
 7684              		.loc 9 194 9 is_stmt 1 discriminator 2 view .LVU2024
 194:main.cpp      ****         floatParams[i]->control = nullptr;
 7685              		.loc 9 194 72 is_stmt 0 discriminator 2 view .LVU2025
 7686 02ca 1020     		movs	r0, #16
 7687              	.LBB1660:
 7688              	.LBB1661:
 7689              	.LBB1662:
 7690              	.LBB1663:
  65:gui.hpp       **** 
 7691              		.loc 14 65 89 discriminator 2 view .LVU2026
 7692 02cc 0025     		movs	r5, #0
 7693              	.LBE1663:
 7694              	.LBE1662:
 7695              	.LBE1661:
 7696              	.LBE1660:
 194:main.cpp      ****         floatParams[i]->control = nullptr;
 7697              		.loc 9 194 72 discriminator 2 view .LVU2027
 7698 02ce FFF7FEFF 		bl	_Znwj
 7699              	.LVL564:
 7700 02d2 58F8043B 		ldr	r3, [r8], #4
 196:main.cpp      ****     }
 7701              		.loc 9 196 29 discriminator 2 view .LVU2028
 7702 02d6 04EBC901 		add	r1, r4, r9, lsl #3
 7703              	.LVL565:
 7704              	.LBB1668:
 7705              	.LBI1660:
  78:gui.hpp       **** 
 7706              		.loc 14 78 5 is_stmt 1 discriminator 2 view .LVU2029
 7707              	.LBE1668:
 193:main.cpp      ****         parameterOptions[i] = new ParameterScrollElement(floatParams[i]);
 7708              		.loc 9 193 5 is_stmt 0 discriminator 2 view .LVU2030
 7709 02da 09F10109 		add	r9, r9, #1
 7710              	.LVL566:
 7711              	.LBB1669:
 7712              	.LBB1665:
  78:gui.hpp       **** 
 7713              		.loc 14 78 145 discriminator 2 view .LVU2031
ARM GAS  C:\Users\FINNDY~1\AppData\Local\Temp\ccAKb7Rb.s 			page 209


 7714 02de 9A68     		ldr	r2, [r3, #8]
 7715              	.LVL567:
 7716              	.LBB1664:
 7717              	.LBI1662:
  65:gui.hpp       **** 
 7718              		.loc 14 65 5 is_stmt 1 discriminator 2 view .LVU2032
 7719              	.LBE1664:
 7720              	.LBE1665:
 7721              	.LBE1669:
 196:main.cpp      ****     }
 7722              		.loc 9 196 29 is_stmt 0 discriminator 2 view .LVU2033
 7723 02e0 01F58471 		add	r1, r1, #264
 194:main.cpp      ****         floatParams[i]->control = nullptr;
 7724              		.loc 9 194 29 discriminator 2 view .LVU2034
 7725 02e4 47F8040B 		str	r0, [r7], #4
 7726              	.LBB1670:
 7727              	.LBB1666:
  78:gui.hpp       **** 
 7728              		.loc 14 78 145 discriminator 2 view .LVU2035
 7729 02e8 C0E90223 		strd	r2, r3, [r0, #8]
 7730              	.LVL568:
  78:gui.hpp       **** 
 7731              		.loc 14 78 145 discriminator 2 view .LVU2036
 7732              	.LBE1666:
 7733              	.LBE1670:
 195:main.cpp      ****         floatParams[i]->load(localSettings.floatParams[i]);
 7734              		.loc 9 195 9 is_stmt 1 discriminator 2 view .LVU2037
 7735              	.LBB1671:
 7736              	.LBB1667:
  78:gui.hpp       **** 
 7737              		.loc 14 78 145 is_stmt 0 discriminator 2 view .LVU2038
 7738 02ec C0E90065 		strd	r6, r5, [r0]
 7739              	.LBE1667:
 7740              	.LBE1671:
 196:main.cpp      ****     }
 7741              		.loc 9 196 29 discriminator 2 view .LVU2039
 7742 02f0 06C9     		ldm	r1, {r1, r2}
 7743              	.LVL569:
 196:main.cpp      ****     }
 7744              		.loc 9 196 29 discriminator 2 view .LVU2040
 7745 02f2 1846     		mov	r0, r3
 7746              	.LVL570:
 195:main.cpp      ****         floatParams[i]->load(localSettings.floatParams[i]);
 7747              		.loc 9 195 33 discriminator 2 view .LVU2041
 7748 02f4 DD60     		str	r5, [r3, #12]
 196:main.cpp      ****     }
 7749              		.loc 9 196 9 is_stmt 1 discriminator 2 view .LVU2042
 196:main.cpp      ****     }
 7750              		.loc 9 196 29 is_stmt 0 discriminator 2 view .LVU2043
 7751 02f6 FFF7FEFF 		bl	_ZN15EffectParameterIfE4loadE16ParameterSettingIfE
 7752              	.LVL571:
 193:main.cpp      ****         parameterOptions[i] = new ParameterScrollElement(floatParams[i]);
 7753              		.loc 9 193 5 is_stmt 1 discriminator 2 view .LVU2044
 193:main.cpp      ****         parameterOptions[i] = new ParameterScrollElement(floatParams[i]);
 7754              		.loc 9 193 23 discriminator 2 view .LVU2045
 7755 02fa B9F10C0F 		cmp	r9, #12
 7756 02fe E4D1     		bne	.L470
ARM GAS  C:\Users\FINNDY~1\AppData\Local\Temp\ccAKb7Rb.s 			page 210


 7757 0300 DFF87880 		ldr	r8, .L493+112
 7758 0304 184F     		ldr	r7, .L493+92
 7759 0306 DFF87890 		ldr	r9, .L493+116
 7760 030a 3BE0     		b	.L494
 7761              	.L495:
 7762              		.align	2
 7763              	.L493:
 7764 030c 00000000 		.word	hw
 7765 0310 01080109 		.word	151062529
 7766 0314 08000000 		.word	.LANCHOR10+8
 7767 0318 00000000 		.word	persistentData
 7768 031c 00000000 		.word	mainWindow
 7769 0320 00000000 		.word	.LANCHOR9
 7770 0324 00000000 		.word	.LANCHOR8
 7771 0328 00000000 		.word	boolParams
 7772 032c 00000000 		.word	floatParams
 7773 0330 2C000400 		.word	262188
 7774 0334 28000400 		.word	262184
 7775 0338 00000000 		.word	maxFrequency
 7776 033c 00000000 		.word	tunerWindow
 7777 0340 0AD7233C 		.word	1008981770
 7778 0344 00000000 		.word	.LANCHOR7
 7779 0348 00000000 		.word	metronomeWindow
 7780 034c 00000000 		.word	.LC9
 7781 0350 08000000 		.word	_ZTV28VariableControlScrollElement+8
 7782 0354 18000000 		.word	hw+24
 7783 0358 00000000 		.word	buttons
 7784 035c 08000000 		.word	.LC10
 7785 0360 00000000 		.word	parameterOptions
 7786 0364 08000000 		.word	_ZTV22ParameterScrollElementIfE+8
 7787 0368 2C000000 		.word	parameterOptions+44
 7788 036c 00000000 		.word	varControlOptions
 7789 0370 00000000 		.word	potentiometers
 7790 0374 00000000 		.word	toggleControlOptions
 7791 0378 08000000 		.word	_ZTV26ToggleControlScrollElement+8
 7792 037c FCFFFFFF 		.word	boolParams-4
 7793 0380 08000000 		.word	_ZTV22ParameterScrollElementIbE+8
 7794              	.L494:
 7795              	.LVL572:
 7796              	.L471:
 193:main.cpp      ****         parameterOptions[i] = new ParameterScrollElement(floatParams[i]);
 7797              		.loc 9 193 23 is_stmt 0 discriminator 2 view .LVU2046
 7798              	.LBE1659:
 7799              	.LBB1672:
 200:main.cpp      ****         boolParams[i]->control = nullptr;
 7800              		.loc 9 200 9 is_stmt 1 discriminator 2 view .LVU2047
 200:main.cpp      ****         boolParams[i]->control = nullptr;
 7801              		.loc 9 200 94 is_stmt 0 discriminator 2 view .LVU2048
 7802 0384 1020     		movs	r0, #16
 7803              	.LBB1673:
 7804              	.LBB1674:
 7805              	.LBB1675:
 7806              	.LBB1676:
  65:gui.hpp       **** 
 7807              		.loc 14 65 89 discriminator 2 view .LVU2049
 7808 0386 0026     		movs	r6, #0
 7809              	.LBE1676:
ARM GAS  C:\Users\FINNDY~1\AppData\Local\Temp\ccAKb7Rb.s 			page 211


 7810              	.LBE1675:
 7811              	.LBE1674:
 7812              	.LBE1673:
 200:main.cpp      ****         boolParams[i]->control = nullptr;
 7813              		.loc 9 200 94 discriminator 2 view .LVU2050
 7814 0388 FFF7FEFF 		bl	_Znwj
 7815              	.LVL573:
 7816 038c 58F8043F 		ldr	r3, [r8, #4]!
 202:main.cpp      ****     }
 7817              		.loc 9 202 28 discriminator 2 view .LVU2051
 7818 0390 04EBC501 		add	r1, r4, r5, lsl #3
 7819              	.LVL574:
 7820              	.LBB1681:
 7821              	.LBI1673:
  78:gui.hpp       **** 
 7822              		.loc 14 78 5 is_stmt 1 discriminator 2 view .LVU2052
 7823              	.LBE1681:
 199:main.cpp      ****         parameterOptions[i + NUM_FLOAT_PARAMETERS] = new ParameterScrollElement(boolParams[i]);
 7824              		.loc 9 199 5 is_stmt 0 discriminator 2 view .LVU2053
 7825 0394 0135     		adds	r5, r5, #1
 7826              	.LVL575:
 7827              	.LBB1682:
 7828              	.LBB1678:
  78:gui.hpp       **** 
 7829              		.loc 14 78 145 discriminator 2 view .LVU2054
 7830 0396 5A68     		ldr	r2, [r3, #4]
 7831              	.LVL576:
 7832              	.LBB1677:
 7833              	.LBI1675:
  65:gui.hpp       **** 
 7834              		.loc 14 65 5 is_stmt 1 discriminator 2 view .LVU2055
 7835              	.LBE1677:
 7836              	.LBE1678:
 7837              	.LBE1682:
 202:main.cpp      ****     }
 7838              		.loc 9 202 28 is_stmt 0 discriminator 2 view .LVU2056
 7839 0398 C031     		adds	r1, r1, #192
 200:main.cpp      ****         boolParams[i]->control = nullptr;
 7840              		.loc 9 200 52 discriminator 2 view .LVU2057
 7841 039a 47F8040F 		str	r0, [r7, #4]!
 7842              	.LBB1683:
 7843              	.LBB1679:
  78:gui.hpp       **** 
 7844              		.loc 14 78 145 discriminator 2 view .LVU2058
 7845 039e C0E90223 		strd	r2, r3, [r0, #8]
 7846              	.LVL577:
  78:gui.hpp       **** 
 7847              		.loc 14 78 145 discriminator 2 view .LVU2059
 7848              	.LBE1679:
 7849              	.LBE1683:
 201:main.cpp      ****         boolParams[i]->load(localSettings.boolParams[i]);
 7850              		.loc 9 201 9 is_stmt 1 discriminator 2 view .LVU2060
 7851              	.LBB1684:
 7852              	.LBB1680:
  78:gui.hpp       **** 
 7853              		.loc 14 78 145 is_stmt 0 discriminator 2 view .LVU2061
 7854 03a2 C0E90096 		strd	r9, r6, [r0]
ARM GAS  C:\Users\FINNDY~1\AppData\Local\Temp\ccAKb7Rb.s 			page 212


 7855              	.LBE1680:
 7856              	.LBE1684:
 202:main.cpp      ****     }
 7857              		.loc 9 202 28 discriminator 2 view .LVU2062
 7858 03a6 06C9     		ldm	r1, {r1, r2}
 7859              	.LVL578:
 202:main.cpp      ****     }
 7860              		.loc 9 202 28 discriminator 2 view .LVU2063
 7861 03a8 1846     		mov	r0, r3
 7862              	.LVL579:
 201:main.cpp      ****         boolParams[i]->load(localSettings.boolParams[i]);
 7863              		.loc 9 201 32 discriminator 2 view .LVU2064
 7864 03aa 9E60     		str	r6, [r3, #8]
 202:main.cpp      ****     }
 7865              		.loc 9 202 9 is_stmt 1 discriminator 2 view .LVU2065
 202:main.cpp      ****     }
 7866              		.loc 9 202 28 is_stmt 0 discriminator 2 view .LVU2066
 7867 03ac FFF7FEFF 		bl	_ZN15EffectParameterIbE4loadE16ParameterSettingIbE
 7868              	.LVL580:
 199:main.cpp      ****         parameterOptions[i + NUM_FLOAT_PARAMETERS] = new ParameterScrollElement(boolParams[i]);
 7869              		.loc 9 199 5 is_stmt 1 discriminator 2 view .LVU2067
 199:main.cpp      ****         parameterOptions[i + NUM_FLOAT_PARAMETERS] = new ParameterScrollElement(boolParams[i]);
 7870              		.loc 9 199 23 discriminator 2 view .LVU2068
 7871 03b0 092D     		cmp	r5, #9
 7872 03b2 E7D1     		bne	.L471
 7873              	.LBE1672:
 205:main.cpp      ****     ledGreen.value = localSettings.ledG;
 7874              		.loc 9 205 5 view .LVU2069
 212:main.cpp      ****     encoder.Init(seed::D4, seed::D3, seed::D5);
 7875              		.loc 9 212 20 is_stmt 0 view .LVU2070
 7876 03b4 0723     		movs	r3, #7
 7877 03b6 0127     		movs	r7, #1
 7878 03b8 0096     		str	r6, [sp]
 7879 03ba 8DF82930 		strb	r3, [sp, #41]
 205:main.cpp      ****     ledGreen.value = localSettings.ledG;
 7880              		.loc 9 205 18 view .LVU2071
 7881 03be D4F868C1 		ldr	ip, [r4, #360]	@ float
 206:main.cpp      ****     ledBlue.value = localSettings.ledB;
 7882              		.loc 9 206 20 view .LVU2072
 7883 03c2 D4F86C01 		ldr	r0, [r4, #364]	@ float
 207:main.cpp      **** 
 7884              		.loc 9 207 19 view .LVU2073
 7885 03c6 D4F87021 		ldr	r2, [r4, #368]	@ float
 209:main.cpp      **** 
 7886              		.loc 9 209 20 view .LVU2074
 7887 03ca D4F87431 		ldr	r3, [r4, #372]
 7888 03ce 059C     		ldr	r4, [sp, #20]
 212:main.cpp      ****     encoder.Init(seed::D4, seed::D3, seed::D5);
 7889              		.loc 9 212 20 view .LVU2075
 7890 03d0 8DF82870 		strb	r7, [sp, #40]
 7891 03d4 0A99     		ldr	r1, [sp, #40]
 209:main.cpp      **** 
 7892              		.loc 9 209 20 view .LVU2076
 7893 03d6 6362     		str	r3, [r4, #36]
 213:main.cpp      **** 
 7894              		.loc 9 213 17 view .LVU2077
 7895 03d8 0224     		movs	r4, #2
ARM GAS  C:\Users\FINNDY~1\AppData\Local\Temp\ccAKb7Rb.s 			page 213


 205:main.cpp      ****     ledGreen.value = localSettings.ledG;
 7896              		.loc 9 205 18 view .LVU2078
 7897 03da 684B     		ldr	r3, .L496
 212:main.cpp      ****     encoder.Init(seed::D4, seed::D3, seed::D5);
 7898              		.loc 9 212 20 view .LVU2079
 7899 03dc 9FED680A 		vldr.32	s0, .L496+4
 205:main.cpp      ****     ledGreen.value = localSettings.ledG;
 7900              		.loc 9 205 18 view .LVU2080
 7901 03e0 C3F804C0 		str	ip, [r3, #4]	@ float
 206:main.cpp      ****     ledBlue.value = localSettings.ledB;
 7902              		.loc 9 206 5 is_stmt 1 view .LVU2081
 206:main.cpp      ****     ledBlue.value = localSettings.ledB;
 7903              		.loc 9 206 20 is_stmt 0 view .LVU2082
 7904 03e4 674B     		ldr	r3, .L496+8
 7905 03e6 5860     		str	r0, [r3, #4]	@ float
 207:main.cpp      **** 
 7906              		.loc 9 207 5 is_stmt 1 view .LVU2083
 207:main.cpp      **** 
 7907              		.loc 9 207 19 is_stmt 0 view .LVU2084
 7908 03e8 674B     		ldr	r3, .L496+12
 212:main.cpp      ****     encoder.Init(seed::D4, seed::D3, seed::D5);
 7909              		.loc 9 212 20 view .LVU2085
 7910 03ea 6848     		ldr	r0, .L496+16
 207:main.cpp      **** 
 7911              		.loc 9 207 19 view .LVU2086
 7912 03ec 5A60     		str	r2, [r3, #4]	@ float
 209:main.cpp      **** 
 7913              		.loc 9 209 5 is_stmt 1 view .LVU2087
 212:main.cpp      ****     encoder.Init(seed::D4, seed::D3, seed::D5);
 7914              		.loc 9 212 5 view .LVU2088
 212:main.cpp      ****     encoder.Init(seed::D4, seed::D3, seed::D5);
 7915              		.loc 9 212 20 is_stmt 0 view .LVU2089
 7916 03ee 3B46     		mov	r3, r7
 7917 03f0 3A46     		mov	r2, r7
 7918 03f2 FFF7FEFF 		bl	_ZN5daisy6Switch4InitE12dsy_gpio_pinfNS0_4TypeENS0_8PolarityENS0_4PullE
 7919              	.LVL581:
 213:main.cpp      **** 
 7920              		.loc 9 213 5 is_stmt 1 view .LVU2090
 213:main.cpp      **** 
 7921              		.loc 9 213 17 is_stmt 0 view .LVU2091
 7922 03f6 8DF83150 		strb	r5, [sp, #49]
 7923 03fa 0821     		movs	r1, #8
 7924 03fc 0325     		movs	r5, #3
 7925              	.LVL582:
 213:main.cpp      **** 
 7926              		.loc 9 213 17 view .LVU2092
 7927 03fe 8DF82C40 		strb	r4, [sp, #44]
 7928 0402 8DF83040 		strb	r4, [sp, #48]
 7929 0406 8DF83540 		strb	r4, [sp, #53]
 7930 040a 8DF83450 		strb	r5, [sp, #52]
 7931 040e 8DF82D10 		strb	r1, [sp, #45]
 7932 0412 9FED5B0A 		vldr.32	s0, .L496+4
 7933 0416 0C9A     		ldr	r2, [sp, #48]
 7934 0418 0D9B     		ldr	r3, [sp, #52]
 7935 041a 0B99     		ldr	r1, [sp, #44]
 7936 041c 5C48     		ldr	r0, .L496+20
 7937 041e FFF7FEFF 		bl	_ZN5daisy7Encoder4InitE12dsy_gpio_pinS1_S1_f
ARM GAS  C:\Users\FINNDY~1\AppData\Local\Temp\ccAKb7Rb.s 			page 214


 7938              	.LVL583:
 215:main.cpp      ****     
 7939              		.loc 9 215 5 is_stmt 1 view .LVU2093
 215:main.cpp      ****     
 7940              		.loc 9 215 16 is_stmt 0 view .LVU2094
 7941 0422 0C23     		movs	r3, #12
 7942 0424 8DF83870 		strb	r7, [sp, #56]
 7943 0428 8DF83930 		strb	r3, [sp, #57]
 7944 042c 0B23     		movs	r3, #11
 7945 042e 8DF83C40 		strb	r4, [sp, #60]
 7946 0432 8DF83D30 		strb	r3, [sp, #61]
 7947 0436 0A23     		movs	r3, #10
 7948 0438 8DF84040 		strb	r4, [sp, #64]
 7949 043c 8DF84130 		strb	r3, [sp, #65]
 7950 0440 0E99     		ldr	r1, [sp, #56]
 7951 0442 0F9A     		ldr	r2, [sp, #60]
 7952 0444 109B     		ldr	r3, [sp, #64]
 7953 0446 5348     		ldr	r0, .L496+24
 7954 0448 0096     		str	r6, [sp]
 7955 044a FFF7FEFF 		bl	_ZN5daisy6RgbLed4InitE12dsy_gpio_pinS1_S1_b
 7956              	.LVL584:
 218:main.cpp      ****     timerCfg.periph = TimerHandle::Config::Peripheral::TIM_5;
 7957              		.loc 9 218 5 is_stmt 1 view .LVU2095
 7958              	.LBB1685:
 7959              	.LBI1685:
  75:../../libDaisy/src/per/tim.h ****         : periph(Peripheral::TIM_2),
 7960              		.loc 1 75 9 view .LVU2096
 7961              	.LBB1686:
 7962              	.LBB1687:
  79:../../libDaisy/src/per/tim.h ****         {
 7963              		.loc 1 79 27 is_stmt 0 view .LVU2097
 7964 044e 4FF0FF33 		mov	r3, #-1
 7965 0452 CBF80460 		str	r6, [fp, #4]
 7966 0456 CBF80830 		str	r3, [fp, #8]
 7967 045a 8BF80C60 		strb	r6, [fp, #12]
 7968              	.LVL585:
  79:../../libDaisy/src/per/tim.h ****         {
 7969              		.loc 1 79 27 view .LVU2098
 7970              	.LBE1687:
 7971              	.LBE1686:
 7972              	.LBE1685:
 219:main.cpp      ****     timerCfg.dir = TimerHandle::Config::CounterDir::UP;
 7973              		.loc 9 219 5 is_stmt 1 view .LVU2099
 219:main.cpp      ****     timerCfg.dir = TimerHandle::Config::CounterDir::UP;
 7974              		.loc 9 219 21 is_stmt 0 view .LVU2100
 7975 045e CBF80050 		str	r5, [fp]
 220:main.cpp      ****     timerCfg.period = System::GetPClk2Freq() * 2 / CONTOLS_UPDATE_RATE;
 7976              		.loc 9 220 5 is_stmt 1 view .LVU2101
 221:main.cpp      ****     timerCfg.enable_irq = true;
 7977              		.loc 9 221 5 view .LVU2102
 221:main.cpp      ****     timerCfg.enable_irq = true;
 7978              		.loc 9 221 43 is_stmt 0 view .LVU2103
 7979 0462 FFF7FEFF 		bl	_ZN5daisy6System12GetPClk2FreqEv
 7980              	.LVL586:
 221:main.cpp      ****     timerCfg.enable_irq = true;
 7981              		.loc 9 221 50 view .LVU2104
 7982 0466 4C4A     		ldr	r2, .L496+28
ARM GAS  C:\Users\FINNDY~1\AppData\Local\Temp\ccAKb7Rb.s 			page 215


 221:main.cpp      ****     timerCfg.enable_irq = true;
 7983              		.loc 9 221 46 view .LVU2105
 7984 0468 00FA07F3 		lsl	r3, r0, r7
 226:main.cpp      ****     controlsTimerHandle.SetCallback(ControlsTimerCallback, (void*)&cd);
 7985              		.loc 9 226 29 view .LVU2106
 7986 046c 5946     		mov	r1, fp
 7987 046e 4B48     		ldr	r0, .L496+32
 221:main.cpp      ****     timerCfg.enable_irq = true;
 7988              		.loc 9 221 50 view .LVU2107
 7989 0470 A2FB0323 		umull	r2, r3, r2, r3
 224:main.cpp      **** 
 7990              		.loc 9 224 26 view .LVU2108
 7991 0474 1196     		str	r6, [sp, #68]
 221:main.cpp      ****     timerCfg.enable_irq = true;
 7992              		.loc 9 221 50 view .LVU2109
 7993 0476 9B09     		lsrs	r3, r3, #6
 222:main.cpp      **** 
 7994              		.loc 9 222 25 view .LVU2110
 7995 0478 8BF80C70 		strb	r7, [fp, #12]
 224:main.cpp      **** 
 7996              		.loc 9 224 26 view .LVU2111
 7997 047c 1296     		str	r6, [sp, #72]
 221:main.cpp      ****     timerCfg.enable_irq = true;
 7998              		.loc 9 221 21 view .LVU2112
 7999 047e CBF80830 		str	r3, [fp, #8]
 222:main.cpp      **** 
 8000              		.loc 9 222 5 is_stmt 1 view .LVU2113
 224:main.cpp      **** 
 8001              		.loc 9 224 5 view .LVU2114
 226:main.cpp      ****     controlsTimerHandle.SetCallback(ControlsTimerCallback, (void*)&cd);
 8002              		.loc 9 226 5 view .LVU2115
 226:main.cpp      ****     controlsTimerHandle.SetCallback(ControlsTimerCallback, (void*)&cd);
 8003              		.loc 9 226 29 is_stmt 0 view .LVU2116
 8004 0482 FFF7FEFF 		bl	_ZN5daisy11TimerHandle4InitERKNS0_6ConfigE
 8005              	.LVL587:
 227:main.cpp      ****     controlsTimerHandle.Start();
 8006              		.loc 9 227 5 is_stmt 1 view .LVU2117
 227:main.cpp      ****     controlsTimerHandle.Start();
 8007              		.loc 9 227 36 is_stmt 0 view .LVU2118
 8008 0486 4649     		ldr	r1, .L496+36
 8009 0488 11AA     		add	r2, sp, #68
 8010 048a 4448     		ldr	r0, .L496+32
 8011 048c FFF7FEFF 		bl	_ZN5daisy11TimerHandle11SetCallbackEPFvPvES1_
 8012              	.LVL588:
 228:main.cpp      **** 
 8013              		.loc 9 228 5 is_stmt 1 view .LVU2119
 228:main.cpp      **** 
 8014              		.loc 9 228 30 is_stmt 0 view .LVU2120
 8015 0490 4248     		ldr	r0, .L496+32
 8016 0492 FFF7FEFF 		bl	_ZN5daisy11TimerHandle5StartEv
 8017              	.LVL589:
 230:main.cpp      **** 
 8018              		.loc 9 230 5 is_stmt 1 view .LVU2121
 230:main.cpp      **** 
 8019              		.loc 9 230 18 is_stmt 0 view .LVU2122
 8020 0496 4349     		ldr	r1, .L496+40
 8021 0498 4348     		ldr	r0, .L496+44
ARM GAS  C:\Users\FINNDY~1\AppData\Local\Temp\ccAKb7Rb.s 			page 216


 8022 049a FFF7FEFF 		bl	_ZN5daisy9DaisySeed10StartAudioEPFvPKPKfPPfjE
 8023              	.LVL590:
 8024              	.L472:
 233:main.cpp      **** 
 8025              		.loc 9 233 5 is_stmt 1 discriminator 1 view .LVU2123
 235:main.cpp      ****         draw();
 8026              		.loc 9 235 9 discriminator 1 view .LVU2124
 235:main.cpp      ****         draw();
 8027              		.loc 9 235 13 is_stmt 0 discriminator 1 view .LVU2125
 8028 049e FFF7FEFF 		bl	_Z4stepv
 8029              	.LVL591:
 236:main.cpp      **** 
 8030              		.loc 9 236 9 is_stmt 1 discriminator 1 view .LVU2126
 236:main.cpp      **** 
 8031              		.loc 9 236 13 is_stmt 0 discriminator 1 view .LVU2127
 8032 04a2 FFF7FEFF 		bl	_Z4drawv
 8033              	.LVL592:
 233:main.cpp      **** 
 8034              		.loc 9 233 5 is_stmt 1 discriminator 1 view .LVU2128
 8035 04a6 FAE7     		b	.L472
 8036              	.LVL593:
 8037              	.L488:
 8038              	.LBB1688:
 8039              	.LBB1624:
 8040              	.LBB1611:
 8041              	.LBB1612:
  86:../../libDaisy/src/util/PersistentStorage.h ****         }
  87:../../libDaisy/src/util/PersistentStorage.h ****     }
  88:../../libDaisy/src/util/PersistentStorage.h **** 
  89:../../libDaisy/src/util/PersistentStorage.h ****     /** Returns the state of the Persistent Data */
  90:../../libDaisy/src/util/PersistentStorage.h ****     State GetState() const { return state_; }
  91:../../libDaisy/src/util/PersistentStorage.h **** 
  92:../../libDaisy/src/util/PersistentStorage.h ****     /** Returns a reference to the setting struct */
  93:../../libDaisy/src/util/PersistentStorage.h ****     SettingStruct &GetSettings() { return settings_; }
  94:../../libDaisy/src/util/PersistentStorage.h **** 
  95:../../libDaisy/src/util/PersistentStorage.h ****     /** Performs the save operation, storing the storage */
  96:../../libDaisy/src/util/PersistentStorage.h ****     void Save()
  97:../../libDaisy/src/util/PersistentStorage.h ****     {
  98:../../libDaisy/src/util/PersistentStorage.h ****         state_ = State::USER;
  99:../../libDaisy/src/util/PersistentStorage.h ****         StoreSettingsIfChanged();
 100:../../libDaisy/src/util/PersistentStorage.h ****     }
 101:../../libDaisy/src/util/PersistentStorage.h **** 
 102:../../libDaisy/src/util/PersistentStorage.h ****     /** Restores the settings stored in the QSPI */
 103:../../libDaisy/src/util/PersistentStorage.h ****     void RestoreDefaults()
 104:../../libDaisy/src/util/PersistentStorage.h ****     {
 105:../../libDaisy/src/util/PersistentStorage.h ****         settings_ = default_settings_;
 106:../../libDaisy/src/util/PersistentStorage.h ****         state_    = State::FACTORY;
 107:../../libDaisy/src/util/PersistentStorage.h ****         StoreSettingsIfChanged();
 108:../../libDaisy/src/util/PersistentStorage.h ****     }
 109:../../libDaisy/src/util/PersistentStorage.h **** 
 110:../../libDaisy/src/util/PersistentStorage.h ****   private:
 111:../../libDaisy/src/util/PersistentStorage.h ****     struct SaveStruct
 112:../../libDaisy/src/util/PersistentStorage.h ****     {
 113:../../libDaisy/src/util/PersistentStorage.h ****         State         storage_state;
 114:../../libDaisy/src/util/PersistentStorage.h ****         SettingStruct user_data;
 115:../../libDaisy/src/util/PersistentStorage.h ****     };
 116:../../libDaisy/src/util/PersistentStorage.h **** 
ARM GAS  C:\Users\FINNDY~1\AppData\Local\Temp\ccAKb7Rb.s 			page 217


 117:../../libDaisy/src/util/PersistentStorage.h ****     void StoreSettingsIfChanged()
 118:../../libDaisy/src/util/PersistentStorage.h ****     {
 119:../../libDaisy/src/util/PersistentStorage.h ****         SaveStruct s;
 120:../../libDaisy/src/util/PersistentStorage.h ****         s.storage_state = state_;
 121:../../libDaisy/src/util/PersistentStorage.h ****         s.user_data     = settings_;
 8042              		.loc 13 121 9 is_stmt 0 view .LVU2129
 8043 04a8 B822     		movs	r2, #184
 8044 04aa 2946     		mov	r1, r5
 8045 04ac 70A8     		add	r0, sp, #448
 8046              	.LVL594:
 8047              		.loc 13 121 9 view .LVU2130
 8048              	.LBE1612:
 8049              	.LBE1611:
  79:../../libDaisy/src/util/PersistentStorage.h ****             StoreSettingsIfChanged();
 8050              		.loc 13 79 20 view .LVU2131
 8051 04ae C4F87871 		str	r7, [r4, #376]
 8052              	.LVL595:
 8053              	.LBB1620:
 8054              	.LBI1611:
 117:../../libDaisy/src/util/PersistentStorage.h ****     {
 8055              		.loc 13 117 10 is_stmt 1 view .LVU2132
 8056              	.LBB1618:
 120:../../libDaisy/src/util/PersistentStorage.h ****         s.user_data     = settings_;
 8057              		.loc 13 120 25 is_stmt 0 view .LVU2133
 8058 04b2 6F97     		str	r7, [sp, #444]
 8059              		.loc 13 121 9 view .LVU2134
 8060 04b4 FFF7FEFF 		bl	memcpy
 8061              	.LVL596:
 122:../../libDaisy/src/util/PersistentStorage.h **** 
 123:../../libDaisy/src/util/PersistentStorage.h ****         void *data_ptr = qspi_.GetData(address_offset_);
 8062              		.loc 13 123 39 view .LVU2135
 8063 04b8 D4E90001 		ldrd	r0, r1, [r4]
 8064 04bc FFF7FEFF 		bl	_ZN5daisy10QSPIHandle7GetDataEm
 8065              	.LVL597:
 8066 04c0 0646     		mov	r6, r0
 8067              	.LVL598:
 124:../../libDaisy/src/util/PersistentStorage.h **** 
 125:../../libDaisy/src/util/PersistentStorage.h **** #if !UNIT_TEST
 126:../../libDaisy/src/util/PersistentStorage.h ****         // Caching behavior is different when running programs outside internal flash
 127:../../libDaisy/src/util/PersistentStorage.h ****         // so we need to explicitly invalidate the QSPI mapped memory to ensure we are
 128:../../libDaisy/src/util/PersistentStorage.h ****         // comparing the local settings with the most recently persisted settings.
 129:../../libDaisy/src/util/PersistentStorage.h ****         if(System::GetProgramMemoryRegion()
 8068              		.loc 13 129 42 view .LVU2136
 8069 04c2 FFF7FEFF 		bl	_ZN5daisy6System22GetProgramMemoryRegionEv
 8070              	.LVL599:
 8071              		.loc 13 129 9 view .LVU2137
 8072 04c6 0028     		cmp	r0, #0
 8073 04c8 52D1     		bne	.L489
 8074              	.L461:
 8075              	.LVL600:
 8076              		.loc 13 129 9 view .LVU2138
 8077 04ca 0DF5827B 		add	fp, sp, #260
 8078 04ce 311D     		adds	r1, r6, #4
 8079 04d0 B822     		movs	r2, #184
 8080 04d2 5846     		mov	r0, fp
 8081              	.LBE1618:
 8082              	.LBE1620:
ARM GAS  C:\Users\FINNDY~1\AppData\Local\Temp\ccAKb7Rb.s 			page 218


 8083              	.LBE1624:
 8084              	.LBE1688:
  86:main.cpp      ****     hw.Init();
 8085              		.loc 9 86 1 view .LVU2139
 8086 04d4 5E46     		mov	r6, fp
 8087              	.LVL601:
  86:main.cpp      ****     hw.Init();
 8088              		.loc 9 86 1 view .LVU2140
 8089 04d6 FFF7FEFF 		bl	memcpy
 8090              	.LVL602:
 8091              	.LBB1689:
 8092              	.LBB1625:
 8093              	.LBB1621:
 8094              	.LBB1619:
 8095              	.LBB1613:
 8096              	.LBI1613:
 8097              		.file 15 "util.hpp"
   1:util.hpp      **** #ifndef UTIL_H
   2:util.hpp      **** #define UTIL_H
   3:util.hpp      **** 
   4:util.hpp      **** #include <cmath>
   5:util.hpp      **** #include <complex>
   6:util.hpp      **** #include "daisy_seed.h"
   7:util.hpp      **** 
   8:util.hpp      **** #define SAMPLE_RATE 48000
   9:util.hpp      **** #define BLOCK_SIZE 16
  10:util.hpp      **** 
  11:util.hpp      **** #define MEMORY_SIZE (60 * 1024 * 1024)
  12:util.hpp      **** 
  13:util.hpp      **** #define NUM_BOOL_PARAMETERS 9
  14:util.hpp      **** #define NUM_FLOAT_PARAMETERS 12
  15:util.hpp      **** 
  16:util.hpp      **** #define NUM_VARIABLE_CONTROLS 4
  17:util.hpp      **** #define NUM_TOGGLE_CONTROLS 4
  18:util.hpp      **** 
  19:util.hpp      **** // creates an unfreeable allocation of desired size at first free spot in sdram, returning a pointe
  20:util.hpp      **** void* sdram_alloc(size_t size, bool zero = false);
  21:util.hpp      **** 
  22:util.hpp      **** float frequencyToNote(float freq, const char** note, int* octave);
  23:util.hpp      **** 
  24:util.hpp      **** void ditfft2(float* x, int N, int s, std::complex<float>* X);
  25:util.hpp      **** 
  26:util.hpp      **** class CircularBuffer {
  27:util.hpp      **** 
  28:util.hpp      ****     float* buffer;
  29:util.hpp      ****     size_t writePos;
  30:util.hpp      ****     size_t readPos;
  31:util.hpp      ****     
  32:util.hpp      **** public:
  33:util.hpp      ****     size_t size;
  34:util.hpp      ****     
  35:util.hpp      ****     CircularBuffer() {}
  36:util.hpp      ****     CircularBuffer(float* buffer, size_t size, size_t offset);
  37:util.hpp      ****     // CircularBuffer(float* buffer, size_t size, size_t readPos, size_t writePos);
  38:util.hpp      ****     void setWriteOffset(size_t offset);
  39:util.hpp      ****     void setReadOffset(size_t offset);
  40:util.hpp      **** 
ARM GAS  C:\Users\FINNDY~1\AppData\Local\Temp\ccAKb7Rb.s 			page 219


  41:util.hpp      ****     float readNext();
  42:util.hpp      ****     void writeNext(float f);
  43:util.hpp      **** 
  44:util.hpp      ****     void reset();
  45:util.hpp      **** 
  46:util.hpp      **** };
  47:util.hpp      **** 
  48:util.hpp      **** template <typename T> struct ParameterSetting {
  49:util.hpp      ****     T value;
  50:util.hpp      ****     int controlId;
  51:util.hpp      **** };
  52:util.hpp      **** 
  53:util.hpp      **** struct PersistentSettings {
  54:util.hpp      **** 
  55:util.hpp      ****     ParameterSetting<bool> boolParams[NUM_BOOL_PARAMETERS];
  56:util.hpp      ****     ParameterSetting<float> floatParams[NUM_FLOAT_PARAMETERS];
  57:util.hpp      **** 
  58:util.hpp      ****     float ledR;
  59:util.hpp      ****     float ledG;
  60:util.hpp      ****     float ledB;
  61:util.hpp      ****     int metronomeBpm;
  62:util.hpp      **** 
  63:util.hpp      ****     bool operator!=(const PersistentSettings a) const {
 8098              		.loc 15 63 10 is_stmt 1 view .LVU2141
 8099              	.LBB1614:
  64:util.hpp      ****         bool ne = false;
 8100              		.loc 15 64 9 view .LVU2142
  65:util.hpp      ****         
  66:util.hpp      ****         for (int i = 0; i < NUM_BOOL_PARAMETERS; i++) {
 8101              		.loc 15 66 9 view .LVU2143
 8102              	.LBB1615:
 8103              		.loc 15 66 27 view .LVU2144
 8104              	.LBE1615:
  64:util.hpp      ****         bool ne = false;
 8105              		.loc 15 64 14 is_stmt 0 view .LVU2145
 8106 04da 0020     		movs	r0, #0
 8107 04dc 5946     		mov	r1, fp
 8108              	.LBB1616:
 8109              		.loc 15 66 18 view .LVU2146
 8110 04de 0346     		mov	r3, r0
 8111 04e0 04E0     		b	.L463
 8112              	.LVL603:
 8113              	.L473:
 8114              		.loc 15 66 9 view .LVU2147
 8115 04e2 0133     		adds	r3, r3, #1
 8116              	.LVL604:
 8117              		.loc 15 66 9 view .LVU2148
 8118 04e4 0120     		movs	r0, #1
 8119              	.LVL605:
 8120              		.loc 15 66 9 is_stmt 1 view .LVU2149
 8121              		.loc 15 66 27 view .LVU2150
 8122 04e6 0836     		adds	r6, r6, #8
 8123 04e8 092B     		cmp	r3, #9
 8124 04ea 12D0     		beq	.L490
 8125              	.LVL606:
 8126              	.L463:
  67:util.hpp      ****             ne |= (boolParams[i].value != a.boolParams[i].value) || (boolParams[i].controlId != a.b
ARM GAS  C:\Users\FINNDY~1\AppData\Local\Temp\ccAKb7Rb.s 			page 220


 8127              		.loc 15 67 13 view .LVU2151
 8128              		.loc 15 67 66 is_stmt 0 view .LVU2152
 8129 04ec 3278     		ldrb	r2, [r6]	@ zero_extendqisi2
 8130              		.loc 15 67 34 view .LVU2153
 8131 04ee 4FEAC30C 		lsl	ip, r3, #3
 8132              		.loc 15 67 66 view .LVU2154
 8133 04f2 15F83370 		ldrb	r7, [r5, r3, lsl #3]	@ zero_extendqisi2
 8134 04f6 9742     		cmp	r7, r2
 8135 04f8 F3D1     		bne	.L473
 8136              		.loc 15 67 84 view .LVU2155
 8137 04fa A444     		add	ip, ip, r4
 8138              		.loc 15 67 66 view .LVU2156
 8139 04fc 7268     		ldr	r2, [r6, #4]
  66:util.hpp      ****             ne |= (boolParams[i].value != a.boolParams[i].value) || (boolParams[i].controlId != a.b
 8140              		.loc 15 66 9 view .LVU2157
 8141 04fe 0133     		adds	r3, r3, #1
 8142              	.LVL607:
  66:util.hpp      ****             ne |= (boolParams[i].value != a.boolParams[i].value) || (boolParams[i].controlId != a.b
 8143              		.loc 15 66 27 view .LVU2158
 8144 0500 0836     		adds	r6, r6, #8
 8145              		.loc 15 67 66 view .LVU2159
 8146 0502 DCF8C470 		ldr	r7, [ip, #196]
 8147              		.loc 15 67 16 view .LVU2160
 8148 0506 9742     		cmp	r7, r2
 8149 0508 18BF     		it	ne
 8150 050a 40F00100 		orrne	r0, r0, #1
 8151              	.LVL608:
  66:util.hpp      ****             ne |= (boolParams[i].value != a.boolParams[i].value) || (boolParams[i].controlId != a.b
 8152              		.loc 15 66 9 is_stmt 1 view .LVU2161
  66:util.hpp      ****             ne |= (boolParams[i].value != a.boolParams[i].value) || (boolParams[i].controlId != a.b
 8153              		.loc 15 66 27 view .LVU2162
 8154 050e 092B     		cmp	r3, #9
 8155 0510 ECD1     		bne	.L463
 8156              	.L490:
  66:util.hpp      ****             ne |= (boolParams[i].value != a.boolParams[i].value) || (boolParams[i].controlId != a.b
 8157              		.loc 15 66 27 is_stmt 0 view .LVU2163
 8158              	.LBE1616:
 8159              	.LBB1617:
  68:util.hpp      ****         }
  69:util.hpp      **** 
  70:util.hpp      ****         for (int i = 0; i < NUM_FLOAT_PARAMETERS; i++) {
 8160              		.loc 15 70 18 view .LVU2164
 8161 0512 0022     		movs	r2, #0
 8162 0514 0AE0     		b	.L465
 8163              	.LVL609:
 8164              	.L492:
  71:util.hpp      ****             ne |= (floatParams[i].value != a.floatParams[i].value) || (floatParams[i].controlId != 
 8165              		.loc 15 71 68 view .LVU2165
 8166 0516 D3F8C450 		ldr	r5, [r3, #196]
  70:util.hpp      ****             ne |= (floatParams[i].value != a.floatParams[i].value) || (floatParams[i].controlId != 
 8167              		.loc 15 70 9 view .LVU2166
 8168 051a 0132     		adds	r2, r2, #1
 8169              	.LVL610:
 8170              		.loc 15 71 68 view .LVU2167
 8171 051c CB6C     		ldr	r3, [r1, #76]
  70:util.hpp      ****             ne |= (floatParams[i].value != a.floatParams[i].value) || (floatParams[i].controlId != 
 8172              		.loc 15 70 27 view .LVU2168
ARM GAS  C:\Users\FINNDY~1\AppData\Local\Temp\ccAKb7Rb.s 			page 221


 8173 051e 0831     		adds	r1, r1, #8
 8174              		.loc 15 71 16 view .LVU2169
 8175 0520 9D42     		cmp	r5, r3
 8176 0522 18BF     		it	ne
 8177 0524 40F00100 		orrne	r0, r0, #1
 8178              	.LVL611:
  70:util.hpp      ****             ne |= (floatParams[i].value != a.floatParams[i].value) || (floatParams[i].controlId != 
 8179              		.loc 15 70 9 is_stmt 1 view .LVU2170
  70:util.hpp      ****             ne |= (floatParams[i].value != a.floatParams[i].value) || (floatParams[i].controlId != 
 8180              		.loc 15 70 27 view .LVU2171
 8181 0528 0C2A     		cmp	r2, #12
 8182 052a 11D0     		beq	.L491
 8183              	.LVL612:
 8184              	.L465:
 8185              		.loc 15 71 13 view .LVU2172
 8186              		.loc 15 71 35 is_stmt 0 view .LVU2173
 8187 052c 02F10903 		add	r3, r2, #9
 8188              		.loc 15 71 68 view .LVU2174
 8189 0530 D1ED127A 		vldr.32	s15, [r1, #72]
 8190              		.loc 15 71 35 view .LVU2175
 8191 0534 04EBC303 		add	r3, r4, r3, lsl #3
 8192              		.loc 15 71 68 view .LVU2176
 8193 0538 93ED307A 		vldr.32	s14, [r3, #192]
 8194 053c B4EE677A 		vcmp.f32	s14, s15
 8195 0540 F1EE10FA 		vmrs	APSR_nzcv, FPSCR
 8196 0544 E7D0     		beq	.L492
  70:util.hpp      ****             ne |= (floatParams[i].value != a.floatParams[i].value) || (floatParams[i].controlId != 
 8197              		.loc 15 70 9 view .LVU2177
 8198 0546 0132     		adds	r2, r2, #1
 8199              	.LVL613:
  70:util.hpp      ****             ne |= (floatParams[i].value != a.floatParams[i].value) || (floatParams[i].controlId != 
 8200              		.loc 15 70 9 view .LVU2178
 8201 0548 0120     		movs	r0, #1
 8202              	.LVL614:
  70:util.hpp      ****             ne |= (floatParams[i].value != a.floatParams[i].value) || (floatParams[i].controlId != 
 8203              		.loc 15 70 9 is_stmt 1 view .LVU2179
  70:util.hpp      ****             ne |= (floatParams[i].value != a.floatParams[i].value) || (floatParams[i].controlId != 
 8204              		.loc 15 70 27 view .LVU2180
 8205 054a 0831     		adds	r1, r1, #8
 8206 054c 0C2A     		cmp	r2, #12
 8207 054e EDD1     		bne	.L465
 8208              	.L491:
  70:util.hpp      ****             ne |= (floatParams[i].value != a.floatParams[i].value) || (floatParams[i].controlId != 
 8209              		.loc 15 70 27 is_stmt 0 view .LVU2181
 8210              	.LBE1617:
  72:util.hpp      ****         }
  73:util.hpp      **** 
  74:util.hpp      ****         return ne;
 8211              		.loc 15 74 9 is_stmt 1 view .LVU2182
 8212              	.LVL615:
 8213              		.loc 15 74 9 is_stmt 0 view .LVU2183
 8214              	.LBE1614:
 8215              	.LBE1613:
 130:../../libDaisy/src/util/PersistentStorage.h ****            != System::MemoryRegion::INTERNAL_FLASH)
 131:../../libDaisy/src/util/PersistentStorage.h ****         {
 132:../../libDaisy/src/util/PersistentStorage.h ****             dsy_dma_invalidate_cache_for_buffer((uint8_t *)data_ptr, sizeof(s));
 133:../../libDaisy/src/util/PersistentStorage.h ****         }
ARM GAS  C:\Users\FINNDY~1\AppData\Local\Temp\ccAKb7Rb.s 			page 222


 134:../../libDaisy/src/util/PersistentStorage.h **** #endif
 135:../../libDaisy/src/util/PersistentStorage.h **** 
 136:../../libDaisy/src/util/PersistentStorage.h ****         // Only actually save if the new data is different
 137:../../libDaisy/src/util/PersistentStorage.h ****         // Use the `==operator` in custom SettingStruct to fine tune
 138:../../libDaisy/src/util/PersistentStorage.h ****         // what may or may not trigger the erase/save.
 139:../../libDaisy/src/util/PersistentStorage.h ****         auto storage_data = reinterpret_cast<SaveStruct *>(data_ptr);
 140:../../libDaisy/src/util/PersistentStorage.h ****         if(settings_ != storage_data->user_data)
 8216              		.loc 13 140 9 view .LVU2184
 8217 0550 0028     		cmp	r0, #0
 8218 0552 3FF4A7AD 		beq	.L467
 141:../../libDaisy/src/util/PersistentStorage.h ****         {
 142:../../libDaisy/src/util/PersistentStorage.h ****             qspi_.Erase(address_offset_, address_offset_ + sizeof(s));
 8219              		.loc 13 142 24 view .LVU2185
 8220 0556 D4E90001 		ldrd	r0, r1, [r4]
 8221 055a 01F1BC02 		add	r2, r1, #188
 8222 055e FFF7FEFF 		bl	_ZN5daisy10QSPIHandle5EraseEmm
 8223              	.LVL616:
 143:../../libDaisy/src/util/PersistentStorage.h ****             qspi_.Write(address_offset_, sizeof(s), (uint8_t *)&s);
 8224              		.loc 13 143 24 view .LVU2186
 8225 0562 6FAB     		add	r3, sp, #444
 8226 0564 BC22     		movs	r2, #188
 8227 0566 D4E90001 		ldrd	r0, r1, [r4]
 8228 056a FFF7FEFF 		bl	_ZN5daisy10QSPIHandle5WriteEmmPh
 8229              	.LVL617:
 144:../../libDaisy/src/util/PersistentStorage.h ****         }
 145:../../libDaisy/src/util/PersistentStorage.h ****     }
 8230              		.loc 13 145 5 view .LVU2187
 8231 056e 99E5     		b	.L467
 8232              	.LVL618:
 8233              	.L489:
 132:../../libDaisy/src/util/PersistentStorage.h ****         }
 8234              		.loc 13 132 48 view .LVU2188
 8235 0570 BC21     		movs	r1, #188
 8236 0572 3046     		mov	r0, r6
 8237 0574 FFF7FEFF 		bl	dsy_dma_invalidate_cache_for_buffer
 8238              	.LVL619:
 8239 0578 A7E7     		b	.L461
 8240              	.L497:
 8241 057a 00BF     		.align	2
 8242              	.L496:
 8243 057c 00000000 		.word	ledRed
 8244 0580 00000000 		.word	0
 8245 0584 00000000 		.word	ledGreen
 8246 0588 00000000 		.word	ledBlue
 8247 058c 00000000 		.word	.LANCHOR1
 8248 0590 00000000 		.word	.LANCHOR2
 8249 0594 00000000 		.word	.LANCHOR0
 8250 0598 D34D6210 		.word	274877907
 8251 059c 00000000 		.word	.LANCHOR11
 8252 05a0 00000000 		.word	_Z21ControlsTimerCallbackPv
 8253 05a4 00000000 		.word	_ZL8CallbackPKPKfPPfj
 8254 05a8 00000000 		.word	hw
 8255              	.LBE1619:
 8256              	.LBE1621:
 8257              	.LBE1625:
 8258              	.LBE1689:
 8259              		.cfi_endproc
ARM GAS  C:\Users\FINNDY~1\AppData\Local\Temp\ccAKb7Rb.s 			page 223


 8260              	.LFE6821:
 8262              		.section	.text.startup._GLOBAL__sub_I_effects,"ax",%progbits
 8263              		.align	1
 8264              		.p2align 2,,3
 8265              		.syntax unified
 8266              		.thumb
 8267              		.thumb_func
 8268              		.fpu fpv5-d16
 8270              	_GLOBAL__sub_I_effects:
 8271              	.LFB7630:
 8272              		.loc 9 288 1 is_stmt 1 view -0
 8273              		.cfi_startproc
 8274              		@ args = 0, pretend = 0, frame = 0
 8275              		@ frame_needed = 0, uses_anonymous_args = 0
 8276              	.LBB1720:
 8277              	.LBI1720:
 8278              		.loc 9 288 1 view .LVU2190
 8279              	.LVL620:
 8280              	.LBB1721:
 8281              	.LBB1722:
 8282              	.LBI1722:
  17:../../libDaisy/src/hid/rgb_led.h ****     ~RgbLed() {}
 8283              		.loc 4 17 5 view .LVU2191
 8284              	.LBB1723:
 8285              	.LBB1724:
 8286              	.LBI1724:
  24:../../libDaisy/src/hid/led.h ****     ~Led() {}
 8287              		.loc 5 24 5 view .LVU2192
  24:../../libDaisy/src/hid/led.h ****     ~Led() {}
 8288              		.loc 5 24 5 is_stmt 0 view .LVU2193
 8289              	.LBE1724:
 8290              	.LBB1725:
 8291              	.LBI1725:
  24:../../libDaisy/src/hid/led.h ****     ~Led() {}
 8292              		.loc 5 24 5 is_stmt 1 view .LVU2194
  24:../../libDaisy/src/hid/led.h ****     ~Led() {}
 8293              		.loc 5 24 5 is_stmt 0 view .LVU2195
 8294              	.LBE1725:
 8295              	.LBB1726:
 8296              	.LBI1726:
  24:../../libDaisy/src/hid/led.h ****     ~Led() {}
 8297              		.loc 5 24 5 is_stmt 1 view .LVU2196
  24:../../libDaisy/src/hid/led.h ****     ~Led() {}
 8298              		.loc 5 24 5 is_stmt 0 view .LVU2197
 8299              	.LBE1726:
 8300              	.LBE1723:
 8301              	.LBE1722:
 8302              	.LBE1721:
 8303              	.LBE1720:
 8304              		.loc 9 288 1 view .LVU2198
 8305 0000 10B5     		push	{r4, lr}
 8306              		.cfi_def_cfa_offset 8
 8307              		.cfi_offset 4, -8
 8308              		.cfi_offset 14, -4
 8309              	.LBB1763:
 8310              	.LBB1761:
  31:main.cpp      **** Encoder encoder;
ARM GAS  C:\Users\FINNDY~1\AppData\Local\Temp\ccAKb7Rb.s 			page 224


 8311              		.loc 9 31 8 view .LVU2199
 8312 0002 104A     		ldr	r2, .L500
 8313              	.LBB1727:
 8314              	.LBB1728:
 8315              	.LBB1729:
 8316              	.LBB1730:
 8317              	.LBB1731:
 8318              	.LBB1732:
 8319              	.LBB1733:
 8320              	.LBB1734:
  29:../../libDaisy/src/per/i2c.h ****     {
  30:../../libDaisy/src/per/i2c.h ****         /** Specifies whether the interface will operate in master or slave mode. */
  31:../../libDaisy/src/per/i2c.h ****         enum class Mode
  32:../../libDaisy/src/per/i2c.h ****         {
  33:../../libDaisy/src/per/i2c.h ****             I2C_MASTER,
  34:../../libDaisy/src/per/i2c.h ****             I2C_SLAVE,
  35:../../libDaisy/src/per/i2c.h ****         };
  36:../../libDaisy/src/per/i2c.h **** 
  37:../../libDaisy/src/per/i2c.h ****         /** Specifices the internal peripheral to use (these are mapped to different pins on the ha
  38:../../libDaisy/src/per/i2c.h ****         enum class Peripheral
  39:../../libDaisy/src/per/i2c.h ****         {
  40:../../libDaisy/src/per/i2c.h ****             I2C_1 = 0, /**< & */
  41:../../libDaisy/src/per/i2c.h ****             I2C_2,     /**< & */
  42:../../libDaisy/src/per/i2c.h ****             I2C_3,     /**< & */
  43:../../libDaisy/src/per/i2c.h ****             I2C_4,     /**< & */
  44:../../libDaisy/src/per/i2c.h ****         };
  45:../../libDaisy/src/per/i2c.h **** 
  46:../../libDaisy/src/per/i2c.h ****         /** Rate at which the clock/data will be sent/received. The device being used will have max
  47:../../libDaisy/src/per/i2c.h ****          *  1MHZ Mode is currently 886kHz
  48:../../libDaisy/src/per/i2c.h ****          */
  49:../../libDaisy/src/per/i2c.h ****         enum class Speed
  50:../../libDaisy/src/per/i2c.h ****         {
  51:../../libDaisy/src/per/i2c.h ****             I2C_100KHZ, /**< & */
  52:../../libDaisy/src/per/i2c.h ****             I2C_400KHZ, /**< & */
  53:../../libDaisy/src/per/i2c.h ****             I2C_1MHZ,   /**< & */
  54:../../libDaisy/src/per/i2c.h ****         };
  55:../../libDaisy/src/per/i2c.h **** 
  56:../../libDaisy/src/per/i2c.h ****         Peripheral periph; /**< & */
  57:../../libDaisy/src/per/i2c.h ****         struct
  58:../../libDaisy/src/per/i2c.h ****         {
  59:../../libDaisy/src/per/i2c.h ****             dsy_gpio_pin scl; /**< & */
  60:../../libDaisy/src/per/i2c.h ****             dsy_gpio_pin sda; /**< & */
  61:../../libDaisy/src/per/i2c.h ****         } pin_config;         /**< & */
  62:../../libDaisy/src/per/i2c.h **** 
  63:../../libDaisy/src/per/i2c.h ****         Speed speed; /**< & */
  64:../../libDaisy/src/per/i2c.h ****         Mode  mode;  /**< & */
  65:../../libDaisy/src/per/i2c.h ****         // 0x10 is chosen as a default to avoid conflicts with reserved addresses
  66:../../libDaisy/src/per/i2c.h ****         uint8_t address = 0x10; /**< & */
  67:../../libDaisy/src/per/i2c.h ****     };
  68:../../libDaisy/src/per/i2c.h **** 
  69:../../libDaisy/src/per/i2c.h ****     /** Return values for I2C functions. */
  70:../../libDaisy/src/per/i2c.h ****     enum class Result
  71:../../libDaisy/src/per/i2c.h ****     {
  72:../../libDaisy/src/per/i2c.h ****         OK, /**< & */
  73:../../libDaisy/src/per/i2c.h ****         ERR /**< & */
  74:../../libDaisy/src/per/i2c.h ****     };
  75:../../libDaisy/src/per/i2c.h **** 
ARM GAS  C:\Users\FINNDY~1\AppData\Local\Temp\ccAKb7Rb.s 			page 225


  76:../../libDaisy/src/per/i2c.h ****     enum class Direction
  77:../../libDaisy/src/per/i2c.h ****     {
  78:../../libDaisy/src/per/i2c.h ****         TRANSMIT, /**< & */
  79:../../libDaisy/src/per/i2c.h ****         RECEIVE,  /**< & */
  80:../../libDaisy/src/per/i2c.h ****     };
  81:../../libDaisy/src/per/i2c.h **** 
  82:../../libDaisy/src/per/i2c.h ****     I2CHandle() : pimpl_(nullptr) {}
 8321              		.loc 12 82 33 view .LVU2200
 8322 0004 0024     		movs	r4, #0
 8323              	.LBE1734:
 8324              	.LBE1733:
 8325              	.LBE1732:
 8326              	.LBE1731:
 8327              	.LBE1730:
 8328              	.LBE1729:
 8329              	.LBE1728:
 8330              	.LBE1727:
  31:main.cpp      **** Encoder encoder;
 8331              		.loc 9 31 8 view .LVU2201
 8332 0006 1049     		ldr	r1, .L500+4
 8333 0008 1048     		ldr	r0, .L500+8
 8334 000a FFF7FEFF 		bl	__aeabi_atexit
 8335              	.LVL621:
 8336              	.LBB1749:
 8337              	.LBI1749:
  20:../../libDaisy/src/hid/encoder.h ****     ~Encoder() {}
 8338              		.loc 3 20 5 is_stmt 1 view .LVU2202
 8339              	.LBB1750:
 8340              	.LBB1751:
 8341              	.LBI1751:
  41:../../libDaisy/src/hid/switch.h ****     ~Switch() {}
 8342              		.loc 2 41 5 view .LVU2203
  41:../../libDaisy/src/hid/switch.h ****     ~Switch() {}
 8343              		.loc 2 41 5 is_stmt 0 view .LVU2204
 8344              	.LBE1751:
 8345              	.LBE1750:
 8346              	.LBE1749:
  32:main.cpp      **** Switch backButton;
 8347              		.loc 9 32 9 view .LVU2205
 8348 000e 0D4A     		ldr	r2, .L500
 8349 0010 0F49     		ldr	r1, .L500+12
 8350 0012 1048     		ldr	r0, .L500+16
 8351 0014 FFF7FEFF 		bl	__aeabi_atexit
 8352              	.LVL622:
 8353              	.LBB1752:
 8354              	.LBI1752:
  41:../../libDaisy/src/hid/switch.h ****     ~Switch() {}
 8355              		.loc 2 41 5 is_stmt 1 view .LVU2206
  41:../../libDaisy/src/hid/switch.h ****     ~Switch() {}
 8356              		.loc 2 41 5 is_stmt 0 view .LVU2207
 8357              	.LBE1752:
  33:main.cpp      **** 
 8358              		.loc 9 33 8 view .LVU2208
 8359 0018 0A4A     		ldr	r2, .L500
 8360 001a 0F49     		ldr	r1, .L500+20
 8361 001c 0F48     		ldr	r0, .L500+24
 8362 001e FFF7FEFF 		bl	__aeabi_atexit
ARM GAS  C:\Users\FINNDY~1\AppData\Local\Temp\ccAKb7Rb.s 			page 226


 8363              	.LVL623:
 8364              	.LBB1753:
 8365              	.LBI1727:
  17:../../libDaisy/src/hid/disp/oled_display.h ****     virtual ~OledDisplay() {}
 8366              		.loc 6 17 5 is_stmt 1 view .LVU2209
 8367              	.LBB1747:
 8368              	.LBB1745:
 8369              	.LBB1741:
 8370              	.LBI1741:
 218:../../libDaisy/src/hid/disp/display.h ****     virtual ~OneBitGraphicsDisplayImpl() {}
 8371              		.loc 8 218 5 view .LVU2210
 8372              	.LBB1742:
 8373              	.LBI1742:
  22:../../libDaisy/src/hid/disp/display.h ****     virtual ~OneBitGraphicsDisplay() {}
 8374              		.loc 8 22 5 view .LVU2211
  22:../../libDaisy/src/hid/disp/display.h ****     virtual ~OneBitGraphicsDisplay() {}
 8375              		.loc 8 22 5 is_stmt 0 view .LVU2212
 8376              	.LBE1742:
 8377              	.LBE1741:
  17:../../libDaisy/src/hid/disp/oled_display.h ****     virtual ~OledDisplay() {}
 8378              		.loc 6 17 19 view .LVU2213
 8379 0022 0F48     		ldr	r0, .L500+28
 8380 0024 0F4B     		ldr	r3, .L500+32
 8381              	.LBE1745:
 8382              	.LBE1747:
 8383              	.LBE1753:
  78:main.cpp      **** 
 8384              		.loc 9 78 9 view .LVU2214
 8385 0026 074A     		ldr	r2, .L500
 8386 0028 0F49     		ldr	r1, .L500+36
 8387              	.LBB1754:
 8388              	.LBB1748:
 8389              	.LBB1746:
 8390              	.LBB1743:
 8391              	.LBB1739:
 8392              	.LBB1737:
 8393              	.LBB1736:
 8394              	.LBB1735:
 8395              		.loc 12 82 33 view .LVU2215
 8396 002a 8460     		str	r4, [r0, #8]
 8397              	.LBE1735:
 8398              	.LBE1736:
 8399              	.LBE1737:
 8400              	.LBE1739:
 8401              	.LBE1743:
  17:../../libDaisy/src/hid/disp/oled_display.h ****     virtual ~OledDisplay() {}
 8402              		.loc 6 17 19 view .LVU2216
 8403 002c 0360     		str	r3, [r0]
 8404              	.LVL624:
 8405              	.LBB1744:
 8406              	.LBI1730:
 245:../../libDaisy/src/dev/oled_ssd130x.h **** {
 8407              		.loc 7 245 7 is_stmt 1 view .LVU2217
 8408              	.LBB1740:
 8409              	.LBI1731:
  15:../../libDaisy/src/dev/oled_ssd130x.h **** {
 8410              		.loc 7 15 7 view .LVU2218
ARM GAS  C:\Users\FINNDY~1\AppData\Local\Temp\ccAKb7Rb.s 			page 227


 8411              	.LBB1738:
 8412              	.LBI1732:
 8413              		.loc 12 82 5 view .LVU2219
 8414              		.loc 12 82 5 is_stmt 0 view .LVU2220
 8415              	.LBE1738:
 8416              	.LBE1740:
 8417              	.LBE1744:
 8418              	.LBE1746:
 8419              	.LBE1748:
 8420              	.LBE1754:
  78:main.cpp      **** 
 8421              		.loc 9 78 9 view .LVU2221
 8422 002e FFF7FEFF 		bl	__aeabi_atexit
 8423              	.LVL625:
 8424              	.LBB1755:
 8425              	.LBI1755:
  97:../../libDaisy/src/per/tim.h ****     TimerHandle(const TimerHandle& other) = default;
 8426              		.loc 1 97 5 is_stmt 1 view .LVU2222
 8427              	.LBB1756:
 8428              	.LBB1757:
  97:../../libDaisy/src/per/tim.h ****     TimerHandle(const TimerHandle& other) = default;
 8429              		.loc 1 97 35 is_stmt 0 view .LVU2223
 8430 0032 0E48     		ldr	r0, .L500+40
 8431              	.LBE1757:
 8432              	.LBE1756:
 8433              	.LBE1755:
  83:main.cpp      **** 
 8434              		.loc 9 83 13 view .LVU2224
 8435 0034 034A     		ldr	r2, .L500
 8436              	.LBB1760:
 8437              	.LBB1759:
 8438              	.LBB1758:
  97:../../libDaisy/src/per/tim.h ****     TimerHandle(const TimerHandle& other) = default;
 8439              		.loc 1 97 35 view .LVU2225
 8440 0036 0460     		str	r4, [r0]
 8441              	.LVL626:
  97:../../libDaisy/src/per/tim.h ****     TimerHandle(const TimerHandle& other) = default;
 8442              		.loc 1 97 35 view .LVU2226
 8443              	.LBE1758:
 8444              	.LBE1759:
 8445              	.LBE1760:
  83:main.cpp      **** 
 8446              		.loc 9 83 13 view .LVU2227
 8447 0038 0D49     		ldr	r1, .L500+44
 8448              	.LBE1761:
 8449              	.LBE1763:
 8450              		.loc 9 288 1 view .LVU2228
 8451 003a BDE81040 		pop	{r4, lr}
 8452              		.cfi_restore 14
 8453              		.cfi_restore 4
 8454              		.cfi_def_cfa_offset 0
 8455              	.LBB1764:
 8456              	.LBB1762:
  83:main.cpp      **** 
 8457              		.loc 9 83 13 view .LVU2229
 8458 003e FFF7FEBF 		b	__aeabi_atexit
 8459              	.LVL627:
ARM GAS  C:\Users\FINNDY~1\AppData\Local\Temp\ccAKb7Rb.s 			page 228


 8460              	.L501:
 8461 0042 00BF     		.align	2
 8462              	.L500:
 8463 0044 00000000 		.word	__dso_handle
 8464 0048 00000000 		.word	_ZN5daisy6RgbLedD1Ev
 8465 004c 00000000 		.word	.LANCHOR0
 8466 0050 00000000 		.word	_ZN5daisy7EncoderD1Ev
 8467 0054 00000000 		.word	.LANCHOR2
 8468 0058 00000000 		.word	_ZN5daisy6SwitchD1Ev
 8469 005c 00000000 		.word	.LANCHOR1
 8470 0060 00000000 		.word	.LANCHOR10
 8471 0064 08000000 		.word	_ZTVN5daisy11OledDisplayINS_13SSD130xDriverILj128ELj64ENS_19SSD130xI2CTransportEEEEE+8
 8472 0068 00000000 		.word	_ZN5daisy11OledDisplayINS_13SSD130xDriverILj128ELj64ENS_19SSD130xI2CTransportEEEED1Ev
 8473 006c 00000000 		.word	.LANCHOR11
 8474 0070 00000000 		.word	_ZN5daisy11TimerHandleD1Ev
 8475              	.LBE1762:
 8476              	.LBE1764:
 8477              		.cfi_endproc
 8478              	.LFE7630:
 8480              		.section	.init_array,"aw",%init_array
 8481              		.align	2
 8482 0000 00000000 		.word	_GLOBAL__sub_I_effects(target1)
 8483              		.weak	_ZTVN5daisy11OledDisplayINS_13SSD130xDriverILj128ELj64ENS_19SSD130xI2CTransportEEEEE
 8484              		.section	.rodata._ZTVN5daisy11OledDisplayINS_13SSD130xDriverILj128ELj64ENS_19SSD130xI2CTransportEE
 8485              		.align	2
 8488              	_ZTVN5daisy11OledDisplayINS_13SSD130xDriverILj128ELj64ENS_19SSD130xI2CTransportEEEEE:
 8489 0000 00000000 		.word	0
 8490 0004 00000000 		.word	0
 8491 0008 00000000 		.word	_ZN5daisy11OledDisplayINS_13SSD130xDriverILj128ELj64ENS_19SSD130xI2CTransportEEEED1Ev
 8492 000c 00000000 		.word	_ZN5daisy11OledDisplayINS_13SSD130xDriverILj128ELj64ENS_19SSD130xI2CTransportEEEED0Ev
 8493 0010 00000000 		.word	_ZNK5daisy11OledDisplayINS_13SSD130xDriverILj128ELj64ENS_19SSD130xI2CTransportEEEE6HeightEv
 8494 0014 00000000 		.word	_ZNK5daisy11OledDisplayINS_13SSD130xDriverILj128ELj64ENS_19SSD130xI2CTransportEEEE5WidthEv
 8495 0018 00000000 		.word	_ZN5daisy11OledDisplayINS_13SSD130xDriverILj128ELj64ENS_19SSD130xI2CTransportEEEE4FillEb
 8496 001c 00000000 		.word	_ZN5daisy11OledDisplayINS_13SSD130xDriverILj128ELj64ENS_19SSD130xI2CTransportEEEE9DrawPixelE
 8497 0020 00000000 		.word	_ZN5daisy25OneBitGraphicsDisplayImplINS_11OledDisplayINS_13SSD130xDriverILj128ELj64ENS_19SSD
 8498 0024 00000000 		.word	_ZN5daisy25OneBitGraphicsDisplayImplINS_11OledDisplayINS_13SSD130xDriverILj128ELj64ENS_19SSD
 8499 0028 00000000 		.word	_ZN5daisy25OneBitGraphicsDisplayImplINS_11OledDisplayINS_13SSD130xDriverILj128ELj64ENS_19SSD
 8500 002c 00000000 		.word	_ZN5daisy25OneBitGraphicsDisplayImplINS_11OledDisplayINS_13SSD130xDriverILj128ELj64ENS_19SSD
 8501 0030 00000000 		.word	_ZN5daisy25OneBitGraphicsDisplayImplINS_11OledDisplayINS_13SSD130xDriverILj128ELj64ENS_19SSD
 8502 0034 00000000 		.word	_ZN5daisy25OneBitGraphicsDisplayImplINS_11OledDisplayINS_13SSD130xDriverILj128ELj64ENS_19SSD
 8503 0038 00000000 		.word	_ZN5daisy11OledDisplayINS_13SSD130xDriverILj128ELj64ENS_19SSD130xI2CTransportEEEE6UpdateEv
 8504              		.weak	_ZTV22ParameterScrollElementIfE
 8505              		.section	.rodata._ZTV22ParameterScrollElementIfE,"aG",%progbits,_ZTV22ParameterScrollElementIfE,co
 8506              		.align	2
 8509              	_ZTV22ParameterScrollElementIfE:
 8510 0000 00000000 		.word	0
 8511 0004 00000000 		.word	0
 8512 0008 00000000 		.word	_ZN22ParameterScrollElementIfE8OnSelectEPP6Window
 8513              		.weak	_ZTV22ParameterScrollElementIbE
 8514              		.section	.rodata._ZTV22ParameterScrollElementIbE,"aG",%progbits,_ZTV22ParameterScrollElementIbE,co
 8515              		.align	2
 8518              	_ZTV22ParameterScrollElementIbE:
 8519 0000 00000000 		.word	0
 8520 0004 00000000 		.word	0
 8521 0008 00000000 		.word	_ZN22ParameterScrollElementIbE8OnSelectEPP6Window
 8522              		.global	controlsTimerHandle
 8523              		.global	startWindow
ARM GAS  C:\Users\FINNDY~1\AppData\Local\Temp\ccAKb7Rb.s 			page 229


 8524              		.global	currentWindow
 8525              		.global	display
 8526              		.global	controlUpdateReady
 8527              		.global	backPress
 8528              		.global	encoderPress
 8529              		.global	encoderMove
 8530              		.global	backButton
 8531              		.global	encoder
 8532              		.global	rgbLed
 8533              		.global	effects
 8534              		.section	.bss.backButton,"aw",%nobits
 8535              		.align	2
 8536              		.set	.LANCHOR1,. + 0
 8539              	backButton:
 8540 0000 00000000 		.space	16
 8540      00000000 
 8540      00000000 
 8540      00000000 
 8541              		.section	.bss.backPress,"aw",%nobits
 8542              		.set	.LANCHOR5,. + 0
 8545              	backPress:
 8546 0000 00       		.space	1
 8547              		.section	.bss.controlUpdateReady,"aw",%nobits
 8548              		.set	.LANCHOR3,. + 0
 8551              	controlUpdateReady:
 8552 0000 00       		.space	1
 8553              		.section	.bss.controlsTimerHandle,"aw",%nobits
 8554              		.align	2
 8555              		.set	.LANCHOR11,. + 0
 8558              	controlsTimerHandle:
 8559 0000 00000000 		.space	4
 8560              		.section	.bss.currentWindow,"aw",%nobits
 8561              		.align	2
 8562              		.set	.LANCHOR8,. + 0
 8565              	currentWindow:
 8566 0000 00000000 		.space	4
 8567              		.section	.bss.display,"aw",%nobits
 8568              		.align	2
 8569              		.set	.LANCHOR10,. + 0
 8572              	display:
 8573 0000 00000000 		.space	1040
 8573      00000000 
 8573      00000000 
 8573      00000000 
 8573      00000000 
 8574              		.section	.bss.effects,"aw",%nobits
 8575              		.align	2
 8576              		.set	.LANCHOR7,. + 0
 8579              	effects:
 8580 0000 00000000 		.space	32
 8580      00000000 
 8580      00000000 
 8580      00000000 
 8580      00000000 
 8581              		.section	.bss.encoder,"aw",%nobits
 8582              		.align	2
 8583              		.set	.LANCHOR2,. + 0
ARM GAS  C:\Users\FINNDY~1\AppData\Local\Temp\ccAKb7Rb.s 			page 230


 8586              	encoder:
 8587 0000 00000000 		.space	40
 8587      00000000 
 8587      00000000 
 8587      00000000 
 8587      00000000 
 8588              		.section	.bss.encoderMove,"aw",%nobits
 8589              		.align	2
 8590              		.set	.LANCHOR6,. + 0
 8593              	encoderMove:
 8594 0000 00000000 		.space	4
 8595              		.section	.bss.encoderPress,"aw",%nobits
 8596              		.set	.LANCHOR4,. + 0
 8599              	encoderPress:
 8600 0000 00       		.space	1
 8601              		.section	.bss.rgbLed,"aw",%nobits
 8602              		.align	2
 8603              		.set	.LANCHOR0,. + 0
 8606              	rgbLed:
 8607 0000 00000000 		.space	84
 8607      00000000 
 8607      00000000 
 8607      00000000 
 8607      00000000 
 8608              		.section	.bss.startWindow,"aw",%nobits
 8609              		.align	2
 8610              		.set	.LANCHOR9,. + 0
 8613              	startWindow:
 8614 0000 00000000 		.space	4
 8615              		.text
 8616              	.Letext0:
 8617              		.file 16 "c:\\program files\\daisytoolchain\\arm-none-eabi\\include\\machine\\_default_types.h"
 8618              		.file 17 "c:\\program files\\daisytoolchain\\arm-none-eabi\\include\\sys\\_stdint.h"
 8619              		.file 18 "c:\\program files\\daisytoolchain\\arm-none-eabi\\include\\stdint.h"
 8620              		.file 19 "c:\\program files\\daisytoolchain\\lib\\gcc\\arm-none-eabi\\10.2.1\\include\\stddef.h"
 8621              		.file 20 "c:\\program files\\daisytoolchain\\arm-none-eabi\\include\\c++\\10.2.1\\type_traits"
 8622              		.file 21 "c:\\program files\\daisytoolchain\\arm-none-eabi\\include\\c++\\10.2.1\\debug\\debug.h"
 8623              		.file 22 "c:\\program files\\daisytoolchain\\arm-none-eabi\\include\\c++\\10.2.1\\bits\\std_abs.h"
 8624              		.file 23 "c:\\program files\\daisytoolchain\\arm-none-eabi\\include\\c++\\10.2.1\\cstdlib"
 8625              		.file 24 "c:\\program files\\daisytoolchain\\arm-none-eabi\\include\\c++\\10.2.1\\cstdint"
 8626              		.file 25 "c:\\program files\\daisytoolchain\\arm-none-eabi\\include\\c++\\10.2.1\\arm-none-eabi\\t
 8627              		.file 26 "c:\\program files\\daisytoolchain\\arm-none-eabi\\include\\c++\\10.2.1\\bits\\algorithmf
 8628              		.file 27 "c:\\program files\\daisytoolchain\\arm-none-eabi\\include\\c++\\10.2.1\\bits\\exception_
 8629              		.file 28 "c:\\program files\\daisytoolchain\\arm-none-eabi\\include\\c++\\10.2.1\\tr1\\special_fun
 8630              		.file 29 "c:\\program files\\daisytoolchain\\arm-none-eabi\\include\\c++\\10.2.1\\functional"
 8631              		.file 30 "c:\\program files\\daisytoolchain\\arm-none-eabi\\include\\c++\\10.2.1\\cstdarg"
 8632              		.file 31 "c:\\program files\\daisytoolchain\\arm-none-eabi\\include\\c++\\10.2.1\\cstdio"
 8633              		.file 32 "c:\\program files\\daisytoolchain\\arm-none-eabi\\include\\c++\\10.2.1\\cstring"
 8634              		.file 33 "c:\\program files\\daisytoolchain\\arm-none-eabi\\include\\c++\\10.2.1\\cwchar"
 8635              		.file 34 "c:\\program files\\daisytoolchain\\arm-none-eabi\\include\\c++\\10.2.1\\string_view"
 8636              		.file 35 "c:\\program files\\daisytoolchain\\arm-none-eabi\\include\\c++\\10.2.1\\bits\\basic_stri
 8637              		.file 36 "c:\\program files\\daisytoolchain\\arm-none-eabi\\include\\c++\\10.2.1\\complex"
 8638              		.file 37 "c:\\program files\\daisytoolchain\\arm-none-eabi\\include\\c++\\10.2.1\\clocale"
 8639              		.file 38 "c:\\program files\\daisytoolchain\\arm-none-eabi\\include\\c++\\10.2.1\\cwctype"
 8640              		.file 39 "c:\\program files\\daisytoolchain\\arm-none-eabi\\include\\c++\\10.2.1\\bits\\predefined
 8641              		.file 40 "c:\\program files\\daisytoolchain\\arm-none-eabi\\include\\sys\\_types.h"
 8642              		.file 41 "c:\\program files\\daisytoolchain\\arm-none-eabi\\include\\sys\\reent.h"
ARM GAS  C:\Users\FINNDY~1\AppData\Local\Temp\ccAKb7Rb.s 			page 231


 8643              		.file 42 "c:\\program files\\daisytoolchain\\arm-none-eabi\\include\\sys\\lock.h"
 8644              		.file 43 "c:\\program files\\daisytoolchain\\arm-none-eabi\\include\\math.h"
 8645              		.file 44 "c:\\program files\\daisytoolchain\\arm-none-eabi\\include\\stdlib.h"
 8646              		.file 45 "c:\\program files\\daisytoolchain\\arm-none-eabi\\include\\c++\\10.2.1\\math.h"
 8647              		.file 46 "c:\\program files\\daisytoolchain\\arm-none-eabi\\include\\c++\\10.2.1\\stdlib.h"
 8648              		.file 47 "../../libDaisy/src/daisy_core.h"
 8649              		.file 48 "../../libDaisy/src/sys/system.h"
 8650              		.file 49 "../../libDaisy/src/per/qspi.h"
 8651              		.file 50 "../../libDaisy/src/per/dac.h"
 8652              		.file 51 "../../libDaisy/src/per/sai.h"
 8653              		.file 52 "../../libDaisy/src/hid/audio.h"
 8654              		.file 53 "../../libDaisy/src/per/adc.h"
 8655              		.file 54 "../../libDaisy/src/hid/usb.h"
 8656              		.file 55 "../../libDaisy/src/util/wav_format.h"
 8657              		.file 56 "../../libDaisy/src/util/color.h"
 8658              		.file 57 "../../libDaisy/src/dev/max11300.h"
 8659              		.file 58 "../../libDaisy/src/daisy_seed.h"
 8660              		.file 59 "../../libDaisy/src/per/gpio.h"
 8661              		.file 60 "../../libDaisy/src/dev/sdram.h"
 8662              		.file 61 "c:\\program files\\daisytoolchain\\arm-none-eabi\\include\\c++\\10.2.1\\pstl\\execution_
 8663              		.file 62 "c:\\program files\\daisytoolchain\\lib\\gcc\\arm-none-eabi\\10.2.1\\include\\stdarg.h"
 8664              		.file 63 "c:\\program files\\daisytoolchain\\arm-none-eabi\\include\\stdio.h"
 8665              		.file 64 "../../libDaisy/src/util/oled_fonts.h"
 8666              		.file 65 "c:\\program files\\daisytoolchain\\arm-none-eabi\\include\\string.h"
 8667              		.file 66 "c:\\program files\\daisytoolchain\\arm-none-eabi\\include\\wchar.h"
 8668              		.file 67 "c:\\program files\\daisytoolchain\\arm-none-eabi\\include\\locale.h"
 8669              		.file 68 "c:\\program files\\daisytoolchain\\arm-none-eabi\\include\\wctype.h"
 8670              		.file 69 "effect.hpp"
 8671              		.file 70 "../../DaisySP/Source/Control/adenv.h"
 8672              		.file 71 "../../DaisySP/Source/Utility/dsp.h"
 8673              		.file 72 "../../libDaisy/src/dev/sr_595.h"
 8674              		.file 73 "c:\\program files\\daisytoolchain\\arm-none-eabi\\include\\c++\\10.2.1\\new"
 8675              		.file 74 "../../libDaisy/src/sys/dma.h"
 8676              		.file 75 "<built-in>"
ARM GAS  C:\Users\FINNDY~1\AppData\Local\Temp\ccAKb7Rb.s 			page 232


DEFINED SYMBOLS
                            *ABS*:00000000 main.cpp
C:\Users\FINNDY~1\AppData\Local\Temp\ccAKb7Rb.s:17     .text._ZN5daisy11TimerHandleD2Ev:00000000 $t
C:\Users\FINNDY~1\AppData\Local\Temp\ccAKb7Rb.s:26     .text._ZN5daisy11TimerHandleD2Ev:00000000 _ZN5daisy11TimerHandleD2Ev
C:\Users\FINNDY~1\AppData\Local\Temp\ccAKb7Rb.s:26     .text._ZN5daisy11TimerHandleD2Ev:00000000 _ZN5daisy11TimerHandleD1Ev
C:\Users\FINNDY~1\AppData\Local\Temp\ccAKb7Rb.s:43     .text._ZN5daisy6SwitchD2Ev:00000000 $t
C:\Users\FINNDY~1\AppData\Local\Temp\ccAKb7Rb.s:51     .text._ZN5daisy6SwitchD2Ev:00000000 _ZN5daisy6SwitchD2Ev
C:\Users\FINNDY~1\AppData\Local\Temp\ccAKb7Rb.s:51     .text._ZN5daisy6SwitchD2Ev:00000000 _ZN5daisy6SwitchD1Ev
C:\Users\FINNDY~1\AppData\Local\Temp\ccAKb7Rb.s:68     .text._ZN5daisy7EncoderD2Ev:00000000 $t
C:\Users\FINNDY~1\AppData\Local\Temp\ccAKb7Rb.s:76     .text._ZN5daisy7EncoderD2Ev:00000000 _ZN5daisy7EncoderD2Ev
C:\Users\FINNDY~1\AppData\Local\Temp\ccAKb7Rb.s:76     .text._ZN5daisy7EncoderD2Ev:00000000 _ZN5daisy7EncoderD1Ev
C:\Users\FINNDY~1\AppData\Local\Temp\ccAKb7Rb.s:98     .text._ZN5daisy6RgbLedD2Ev:00000000 $t
C:\Users\FINNDY~1\AppData\Local\Temp\ccAKb7Rb.s:106    .text._ZN5daisy6RgbLedD2Ev:00000000 _ZN5daisy6RgbLedD2Ev
C:\Users\FINNDY~1\AppData\Local\Temp\ccAKb7Rb.s:106    .text._ZN5daisy6RgbLedD2Ev:00000000 _ZN5daisy6RgbLedD1Ev
C:\Users\FINNDY~1\AppData\Local\Temp\ccAKb7Rb.s:139    .text._ZN5daisy11OledDisplayINS_13SSD130xDriverILj128ELj64ENS_19SSD130xI2CTransportEEEE4FillEb:00000000 $t
C:\Users\FINNDY~1\AppData\Local\Temp\ccAKb7Rb.s:147    .text._ZN5daisy11OledDisplayINS_13SSD130xDriverILj128ELj64ENS_19SSD130xI2CTransportEEEE4FillEb:00000000 _ZN5daisy11OledDisplayINS_13SSD130xDriverILj128ELj64ENS_19SSD130xI2CTransportEEEE4FillEb
C:\Users\FINNDY~1\AppData\Local\Temp\ccAKb7Rb.s:180    .text._ZN5daisy11OledDisplayINS_13SSD130xDriverILj128ELj64ENS_19SSD130xI2CTransportEEEED2Ev:00000000 $t
C:\Users\FINNDY~1\AppData\Local\Temp\ccAKb7Rb.s:188    .text._ZN5daisy11OledDisplayINS_13SSD130xDriverILj128ELj64ENS_19SSD130xI2CTransportEEEED2Ev:00000000 _ZN5daisy11OledDisplayINS_13SSD130xDriverILj128ELj64ENS_19SSD130xI2CTransportEEEED2Ev
C:\Users\FINNDY~1\AppData\Local\Temp\ccAKb7Rb.s:188    .text._ZN5daisy11OledDisplayINS_13SSD130xDriverILj128ELj64ENS_19SSD130xI2CTransportEEEED2Ev:00000000 _ZN5daisy11OledDisplayINS_13SSD130xDriverILj128ELj64ENS_19SSD130xI2CTransportEEEED1Ev
C:\Users\FINNDY~1\AppData\Local\Temp\ccAKb7Rb.s:214    .text._ZNK5daisy11OledDisplayINS_13SSD130xDriverILj128ELj64ENS_19SSD130xI2CTransportEEEE6HeightEv:00000000 $t
C:\Users\FINNDY~1\AppData\Local\Temp\ccAKb7Rb.s:222    .text._ZNK5daisy11OledDisplayINS_13SSD130xDriverILj128ELj64ENS_19SSD130xI2CTransportEEEE6HeightEv:00000000 _ZNK5daisy11OledDisplayINS_13SSD130xDriverILj128ELj64ENS_19SSD130xI2CTransportEEEE6HeightEv
C:\Users\FINNDY~1\AppData\Local\Temp\ccAKb7Rb.s:239    .text._ZNK5daisy11OledDisplayINS_13SSD130xDriverILj128ELj64ENS_19SSD130xI2CTransportEEEE5WidthEv:00000000 $t
C:\Users\FINNDY~1\AppData\Local\Temp\ccAKb7Rb.s:247    .text._ZNK5daisy11OledDisplayINS_13SSD130xDriverILj128ELj64ENS_19SSD130xI2CTransportEEEE5WidthEv:00000000 _ZNK5daisy11OledDisplayINS_13SSD130xDriverILj128ELj64ENS_19SSD130xI2CTransportEEEE5WidthEv
C:\Users\FINNDY~1\AppData\Local\Temp\ccAKb7Rb.s:264    .text._Z21ControlsTimerCallbackPv:00000000 $t
C:\Users\FINNDY~1\AppData\Local\Temp\ccAKb7Rb.s:272    .text._Z21ControlsTimerCallbackPv:00000000 _Z21ControlsTimerCallbackPv
C:\Users\FINNDY~1\AppData\Local\Temp\ccAKb7Rb.s:448    .text._Z21ControlsTimerCallbackPv:00000080 $d
C:\Users\FINNDY~1\AppData\Local\Temp\ccAKb7Rb.s:459    .text._ZL8CallbackPKPKfPPfj:00000000 $t
C:\Users\FINNDY~1\AppData\Local\Temp\ccAKb7Rb.s:466    .text._ZL8CallbackPKPKfPPfj:00000000 _ZL8CallbackPKPKfPPfj
C:\Users\FINNDY~1\AppData\Local\Temp\ccAKb7Rb.s:561    .text._ZL8CallbackPKPKfPPfj:00000050 $d
C:\Users\FINNDY~1\AppData\Local\Temp\ccAKb7Rb.s:566    .text._ZN5daisy11OledDisplayINS_13SSD130xDriverILj128ELj64ENS_19SSD130xI2CTransportEEEED0Ev:00000000 $t
C:\Users\FINNDY~1\AppData\Local\Temp\ccAKb7Rb.s:574    .text._ZN5daisy11OledDisplayINS_13SSD130xDriverILj128ELj64ENS_19SSD130xI2CTransportEEEED0Ev:00000000 _ZN5daisy11OledDisplayINS_13SSD130xDriverILj128ELj64ENS_19SSD130xI2CTransportEEEED0Ev
C:\Users\FINNDY~1\AppData\Local\Temp\ccAKb7Rb.s:614    .text._ZN5daisy11OledDisplayINS_13SSD130xDriverILj128ELj64ENS_19SSD130xI2CTransportEEEE6UpdateEv:00000000 $t
C:\Users\FINNDY~1\AppData\Local\Temp\ccAKb7Rb.s:622    .text._ZN5daisy11OledDisplayINS_13SSD130xDriverILj128ELj64ENS_19SSD130xI2CTransportEEEE6UpdateEv:00000000 _ZN5daisy11OledDisplayINS_13SSD130xDriverILj128ELj64ENS_19SSD130xI2CTransportEEEE6UpdateEv
C:\Users\FINNDY~1\AppData\Local\Temp\ccAKb7Rb.s:805    .text._ZN5daisy25OneBitGraphicsDisplayImplINS_11OledDisplayINS_13SSD130xDriverILj128ELj64ENS_19SSD130xI2CTransportEEEEEE11WriteStringEPKc7FontDefb:00000000 $t
C:\Users\FINNDY~1\AppData\Local\Temp\ccAKb7Rb.s:813    .text._ZN5daisy25OneBitGraphicsDisplayImplINS_11OledDisplayINS_13SSD130xDriverILj128ELj64ENS_19SSD130xI2CTransportEEEEEE11WriteStringEPKc7FontDefb:00000000 _ZN5daisy25OneBitGraphicsDisplayImplINS_11OledDisplayINS_13SSD130xDriverILj128ELj64ENS_19SSD130xI2CTransportEEEEEE11WriteStringEPKc7FontDefb
C:\Users\FINNDY~1\AppData\Local\Temp\ccAKb7Rb.s:1270   .text._ZN5daisy25OneBitGraphicsDisplayImplINS_11OledDisplayINS_13SSD130xDriverILj128ELj64ENS_19SSD130xI2CTransportEEEEEE11WriteStringEPKc7FontDefb:000001b8 $d
C:\Users\FINNDY~1\AppData\Local\Temp\ccAKb7Rb.s:1280   .text._ZN5daisy25OneBitGraphicsDisplayImplINS_11OledDisplayINS_13SSD130xDriverILj128ELj64ENS_19SSD130xI2CTransportEEEEEE9WriteCharEc7FontDefb:00000000 $t
C:\Users\FINNDY~1\AppData\Local\Temp\ccAKb7Rb.s:1288   .text._ZN5daisy25OneBitGraphicsDisplayImplINS_11OledDisplayINS_13SSD130xDriverILj128ELj64ENS_19SSD130xI2CTransportEEEEEE9WriteCharEc7FontDefb:00000000 _ZN5daisy25OneBitGraphicsDisplayImplINS_11OledDisplayINS_13SSD130xDriverILj128ELj64ENS_19SSD130xI2CTransportEEEEEE9WriteCharEc7FontDefb
C:\Users\FINNDY~1\AppData\Local\Temp\ccAKb7Rb.s:1714   .text._ZN5daisy25OneBitGraphicsDisplayImplINS_11OledDisplayINS_13SSD130xDriverILj128ELj64ENS_19SSD130xI2CTransportEEEEEE9WriteCharEc7FontDefb:00000198 $d
C:\Users\FINNDY~1\AppData\Local\Temp\ccAKb7Rb.s:1722   .text._ZN5daisy25OneBitGraphicsDisplayImplINS_11OledDisplayINS_13SSD130xDriverILj128ELj64ENS_19SSD130xI2CTransportEEEEEE18WriteStringAlignedEPKcRK7FontDefNS_9RectangleENS_9AlignmentEb:00000000 $t
C:\Users\FINNDY~1\AppData\Local\Temp\ccAKb7Rb.s:1730   .text._ZN5daisy25OneBitGraphicsDisplayImplINS_11OledDisplayINS_13SSD130xDriverILj128ELj64ENS_19SSD130xI2CTransportEEEEEE18WriteStringAlignedEPKcRK7FontDefNS_9RectangleENS_9AlignmentEb:00000000 _ZN5daisy25OneBitGraphicsDisplayImplINS_11OledDisplayINS_13SSD130xDriverILj128ELj64ENS_19SSD130xI2CTransportEEEEEE18WriteStringAlignedEPKcRK7FontDefNS_9RectangleENS_9AlignmentEb
C:\Users\FINNDY~1\AppData\Local\Temp\ccAKb7Rb.s:1869   .text._ZN5daisy25OneBitGraphicsDisplayImplINS_11OledDisplayINS_13SSD130xDriverILj128ELj64ENS_19SSD130xI2CTransportEEEEEE18WriteStringAlignedEPKcRK7FontDefNS_9RectangleENS_9AlignmentEb:00000046 $d
C:\Users\FINNDY~1\AppData\Local\Temp\ccAKb7Rb.s:1878   .text._ZN5daisy25OneBitGraphicsDisplayImplINS_11OledDisplayINS_13SSD130xDriverILj128ELj64ENS_19SSD130xI2CTransportEEEEEE18WriteStringAlignedEPKcRK7FontDefNS_9RectangleENS_9AlignmentEb:00000058 $t
C:\Users\FINNDY~1\AppData\Local\Temp\ccAKb7Rb.s:3086   .text._ZN5daisy25OneBitGraphicsDisplayImplINS_11OledDisplayINS_13SSD130xDriverILj128ELj64ENS_19SSD130xI2CTransportEEEEEE18WriteStringAlignedEPKcRK7FontDefNS_9RectangleENS_9AlignmentEb:00000320 $d
C:\Users\FINNDY~1\AppData\Local\Temp\ccAKb7Rb.s:3095   .text._ZN5daisy25OneBitGraphicsDisplayImplINS_11OledDisplayINS_13SSD130xDriverILj128ELj64ENS_19SSD130xI2CTransportEEEEEE18WriteStringAlignedEPKcRK7FontDefNS_9RectangleENS_9AlignmentEb:00000328 $t
C:\Users\FINNDY~1\AppData\Local\Temp\ccAKb7Rb.s:3406   .text._ZN5daisy25OneBitGraphicsDisplayImplINS_11OledDisplayINS_13SSD130xDriverILj128ELj64ENS_19SSD130xI2CTransportEEEEEE18WriteStringAlignedEPKcRK7FontDefNS_9RectangleENS_9AlignmentEb:000003e8 $d
C:\Users\FINNDY~1\AppData\Local\Temp\ccAKb7Rb.s:3414   .text._ZN5daisy11OledDisplayINS_13SSD130xDriverILj128ELj64ENS_19SSD130xI2CTransportEEEE9DrawPixelEjjb:00000000 $t
C:\Users\FINNDY~1\AppData\Local\Temp\ccAKb7Rb.s:3422   .text._ZN5daisy11OledDisplayINS_13SSD130xDriverILj128ELj64ENS_19SSD130xI2CTransportEEEE9DrawPixelEjjb:00000000 _ZN5daisy11OledDisplayINS_13SSD130xDriverILj128ELj64ENS_19SSD130xI2CTransportEEEE9DrawPixelEjjb
C:\Users\FINNDY~1\AppData\Local\Temp\ccAKb7Rb.s:3499   .text._ZN5daisy25OneBitGraphicsDisplayImplINS_11OledDisplayINS_13SSD130xDriverILj128ELj64ENS_19SSD130xI2CTransportEEEEEE8DrawLineEjjjjb:00000000 $t
C:\Users\FINNDY~1\AppData\Local\Temp\ccAKb7Rb.s:3507   .text._ZN5daisy25OneBitGraphicsDisplayImplINS_11OledDisplayINS_13SSD130xDriverILj128ELj64ENS_19SSD130xI2CTransportEEEEEE8DrawLineEjjjjb:00000000 _ZN5daisy25OneBitGraphicsDisplayImplINS_11OledDisplayINS_13SSD130xDriverILj128ELj64ENS_19SSD130xI2CTransportEEEEEE8DrawLineEjjjjb
C:\Users\FINNDY~1\AppData\Local\Temp\ccAKb7Rb.s:3792   .text._ZN5daisy25OneBitGraphicsDisplayImplINS_11OledDisplayINS_13SSD130xDriverILj128ELj64ENS_19SSD130xI2CTransportEEEEEE7DrawArcEjjjiib:00000000 $t
C:\Users\FINNDY~1\AppData\Local\Temp\ccAKb7Rb.s:3800   .text._ZN5daisy25OneBitGraphicsDisplayImplINS_11OledDisplayINS_13SSD130xDriverILj128ELj64ENS_19SSD130xI2CTransportEEEEEE7DrawArcEjjjiib:00000000 _ZN5daisy25OneBitGraphicsDisplayImplINS_11OledDisplayINS_13SSD130xDriverILj128ELj64ENS_19SSD130xI2CTransportEEEEEE7DrawArcEjjjiib
C:\Users\FINNDY~1\AppData\Local\Temp\ccAKb7Rb.s:4485   .text._ZN5daisy25OneBitGraphicsDisplayImplINS_11OledDisplayINS_13SSD130xDriverILj128ELj64ENS_19SSD130xI2CTransportEEEEEE7DrawArcEjjjiib:00000368 $d
C:\Users\FINNDY~1\AppData\Local\Temp\ccAKb7Rb.s:4499   .text._ZN5daisy25OneBitGraphicsDisplayImplINS_11OledDisplayINS_13SSD130xDriverILj128ELj64ENS_19SSD130xI2CTransportEEEEEE7DrawArcEjjjiib:00000378 $t
C:\Users\FINNDY~1\AppData\Local\Temp\ccAKb7Rb.s:4725   .text._ZN5daisy25OneBitGraphicsDisplayImplINS_11OledDisplayINS_13SSD130xDriverILj128ELj64ENS_19SSD130xI2CTransportEEEEEE8DrawRectEjjjjbb:00000000 $t
C:\Users\FINNDY~1\AppData\Local\Temp\ccAKb7Rb.s:4733   .text._ZN5daisy25OneBitGraphicsDisplayImplINS_11OledDisplayINS_13SSD130xDriverILj128ELj64ENS_19SSD130xI2CTransportEEEEEE8DrawRectEjjjjbb:00000000 _ZN5daisy25OneBitGraphicsDisplayImplINS_11OledDisplayINS_13SSD130xDriverILj128ELj64ENS_19SSD130xI2CTransportEEEEEE8DrawRectEjjjjbb
C:\Users\FINNDY~1\AppData\Local\Temp\ccAKb7Rb.s:5843   .text._Z4stepv:00000000 $t
ARM GAS  C:\Users\FINNDY~1\AppData\Local\Temp\ccAKb7Rb.s 			page 233


C:\Users\FINNDY~1\AppData\Local\Temp\ccAKb7Rb.s:5851   .text._Z4stepv:00000000 _Z4stepv
C:\Users\FINNDY~1\AppData\Local\Temp\ccAKb7Rb.s:6012   .text._Z4stepv:000000a0 $d
C:\Users\FINNDY~1\AppData\Local\Temp\ccAKb7Rb.s:6029   .text._Z4drawv:00000000 $t
C:\Users\FINNDY~1\AppData\Local\Temp\ccAKb7Rb.s:6037   .text._Z4drawv:00000000 _Z4drawv
C:\Users\FINNDY~1\AppData\Local\Temp\ccAKb7Rb.s:6244   .text._Z4drawv:000000bc $d
C:\Users\FINNDY~1\AppData\Local\Temp\ccAKb7Rb.s:6252   .text._ZN5daisy13SSD130xDriverILj128ELj64ENS_19SSD130xI2CTransportEE4InitENS2_6ConfigE:00000000 $t
C:\Users\FINNDY~1\AppData\Local\Temp\ccAKb7Rb.s:6260   .text._ZN5daisy13SSD130xDriverILj128ELj64ENS_19SSD130xI2CTransportEE4InitENS2_6ConfigE:00000000 _ZN5daisy13SSD130xDriverILj128ELj64ENS_19SSD130xI2CTransportEE4InitENS2_6ConfigE
C:\Users\FINNDY~1\AppData\Local\Temp\ccAKb7Rb.s:6913   .rodata.main.str1.4:00000000 $d
C:\Users\FINNDY~1\AppData\Local\Temp\ccAKb7Rb.s:6920   .text.startup.main:00000000 $t
C:\Users\FINNDY~1\AppData\Local\Temp\ccAKb7Rb.s:6928   .text.startup.main:00000000 main
C:\Users\FINNDY~1\AppData\Local\Temp\ccAKb7Rb.s:7764   .text.startup.main:0000030c $d
C:\Users\FINNDY~1\AppData\Local\Temp\ccAKb7Rb.s:8509   .rodata._ZTV22ParameterScrollElementIfE:00000000 _ZTV22ParameterScrollElementIfE
C:\Users\FINNDY~1\AppData\Local\Temp\ccAKb7Rb.s:8518   .rodata._ZTV22ParameterScrollElementIbE:00000000 _ZTV22ParameterScrollElementIbE
C:\Users\FINNDY~1\AppData\Local\Temp\ccAKb7Rb.s:7802   .text.startup.main:00000384 $t
C:\Users\FINNDY~1\AppData\Local\Temp\ccAKb7Rb.s:8243   .text.startup.main:0000057c $d
C:\Users\FINNDY~1\AppData\Local\Temp\ccAKb7Rb.s:8263   .text.startup._GLOBAL__sub_I_effects:00000000 $t
C:\Users\FINNDY~1\AppData\Local\Temp\ccAKb7Rb.s:8270   .text.startup._GLOBAL__sub_I_effects:00000000 _GLOBAL__sub_I_effects
C:\Users\FINNDY~1\AppData\Local\Temp\ccAKb7Rb.s:8463   .text.startup._GLOBAL__sub_I_effects:00000044 $d
C:\Users\FINNDY~1\AppData\Local\Temp\ccAKb7Rb.s:8488   .rodata._ZTVN5daisy11OledDisplayINS_13SSD130xDriverILj128ELj64ENS_19SSD130xI2CTransportEEEEE:00000000 _ZTVN5daisy11OledDisplayINS_13SSD130xDriverILj128ELj64ENS_19SSD130xI2CTransportEEEEE
C:\Users\FINNDY~1\AppData\Local\Temp\ccAKb7Rb.s:8481   .init_array:00000000 $d
C:\Users\FINNDY~1\AppData\Local\Temp\ccAKb7Rb.s:8485   .rodata._ZTVN5daisy11OledDisplayINS_13SSD130xDriverILj128ELj64ENS_19SSD130xI2CTransportEEEEE:00000000 $d
C:\Users\FINNDY~1\AppData\Local\Temp\ccAKb7Rb.s:8506   .rodata._ZTV22ParameterScrollElementIfE:00000000 $d
C:\Users\FINNDY~1\AppData\Local\Temp\ccAKb7Rb.s:8515   .rodata._ZTV22ParameterScrollElementIbE:00000000 $d
C:\Users\FINNDY~1\AppData\Local\Temp\ccAKb7Rb.s:8558   .bss.controlsTimerHandle:00000000 controlsTimerHandle
C:\Users\FINNDY~1\AppData\Local\Temp\ccAKb7Rb.s:8613   .bss.startWindow:00000000 startWindow
C:\Users\FINNDY~1\AppData\Local\Temp\ccAKb7Rb.s:8565   .bss.currentWindow:00000000 currentWindow
C:\Users\FINNDY~1\AppData\Local\Temp\ccAKb7Rb.s:8572   .bss.display:00000000 display
C:\Users\FINNDY~1\AppData\Local\Temp\ccAKb7Rb.s:8551   .bss.controlUpdateReady:00000000 controlUpdateReady
C:\Users\FINNDY~1\AppData\Local\Temp\ccAKb7Rb.s:8545   .bss.backPress:00000000 backPress
C:\Users\FINNDY~1\AppData\Local\Temp\ccAKb7Rb.s:8599   .bss.encoderPress:00000000 encoderPress
C:\Users\FINNDY~1\AppData\Local\Temp\ccAKb7Rb.s:8593   .bss.encoderMove:00000000 encoderMove
C:\Users\FINNDY~1\AppData\Local\Temp\ccAKb7Rb.s:8539   .bss.backButton:00000000 backButton
C:\Users\FINNDY~1\AppData\Local\Temp\ccAKb7Rb.s:8586   .bss.encoder:00000000 encoder
C:\Users\FINNDY~1\AppData\Local\Temp\ccAKb7Rb.s:8606   .bss.rgbLed:00000000 rgbLed
C:\Users\FINNDY~1\AppData\Local\Temp\ccAKb7Rb.s:8579   .bss.effects:00000000 effects
C:\Users\FINNDY~1\AppData\Local\Temp\ccAKb7Rb.s:8535   .bss.backButton:00000000 $d
C:\Users\FINNDY~1\AppData\Local\Temp\ccAKb7Rb.s:8546   .bss.backPress:00000000 $d
C:\Users\FINNDY~1\AppData\Local\Temp\ccAKb7Rb.s:8552   .bss.controlUpdateReady:00000000 $d
C:\Users\FINNDY~1\AppData\Local\Temp\ccAKb7Rb.s:8554   .bss.controlsTimerHandle:00000000 $d
C:\Users\FINNDY~1\AppData\Local\Temp\ccAKb7Rb.s:8561   .bss.currentWindow:00000000 $d
C:\Users\FINNDY~1\AppData\Local\Temp\ccAKb7Rb.s:8568   .bss.display:00000000 $d
C:\Users\FINNDY~1\AppData\Local\Temp\ccAKb7Rb.s:8575   .bss.effects:00000000 $d
C:\Users\FINNDY~1\AppData\Local\Temp\ccAKb7Rb.s:8582   .bss.encoder:00000000 $d
C:\Users\FINNDY~1\AppData\Local\Temp\ccAKb7Rb.s:8589   .bss.encoderMove:00000000 $d
C:\Users\FINNDY~1\AppData\Local\Temp\ccAKb7Rb.s:8600   .bss.encoderPress:00000000 $d
C:\Users\FINNDY~1\AppData\Local\Temp\ccAKb7Rb.s:8602   .bss.rgbLed:00000000 $d
C:\Users\FINNDY~1\AppData\Local\Temp\ccAKb7Rb.s:8609   .bss.startWindow:00000000 $d
                           .group:00000000 _ZN5daisy11TimerHandleD5Ev
                           .group:00000000 _ZN5daisy6SwitchD5Ev
                           .group:00000000 _ZN5daisy7EncoderD5Ev
                           .group:00000000 _ZN5daisy6RgbLedD5Ev
                           .group:00000000 _ZN5daisy11OledDisplayINS_13SSD130xDriverILj128ELj64ENS_19SSD130xI2CTransportEEEED5Ev

UNDEFINED SYMBOLS
memset
_ZN5daisy6RgbLed6UpdateEv
_ZN5daisy6Switch8DebounceEv
ARM GAS  C:\Users\FINNDY~1\AppData\Local\Temp\ccAKb7Rb.s 			page 234


_ZN5daisy7Encoder8DebounceEv
memcpy
_ZdlPvj
_ZN5daisy9I2CHandle16TransmitBlockingEtPhtm
cosf
sinf
_ZN5daisy6RgbLed3SetEfff
potentiometers
buttons
ledGreen
ledBlue
ledRed
_ZN5daisy9I2CHandle4InitERKNS0_6ConfigE
_ZN5daisy9DaisySeed4InitEb
_ZN5daisy9DaisySeed17SetAudioBlockSizeEj
_ZN5daisy9DaisySeed18SetAudioSampleRateENS_9SaiHandle6Config10SampleRateE
_ZN5daisy10QSPIHandle7GetDataEm
_Znwj
_ZN6LooperC1Eb
_ZN5DelayC1Eb
_ZN5TunerC1Eb
_ZN6ReverbC1Eb
_ZN6ChorusC1Ebf
_ZN10BitCrusherC1Eb
_ZN6PhaserC1Eb
_ZN9MetronomeC1Ev
_ZN5daisy9DaisySeed6GetPinEh
_ZN15VariableControlC1EPN5daisy9DaisySeedEPNS0_16AdcChannelConfigE12dsy_gpio_pini
snprintf
strcpy
_ZN5daisy9AdcHandle4InitEPNS_16AdcChannelConfigEjNS0_12OverSamplingE
_ZN5daisy9AdcHandle5StartEv
_ZN13ToggleControlC1E12dsy_gpio_pini
_ZN15EffectParameterIfE4loadE16ParameterSettingIfE
hw
persistentData
mainWindow
boolParams
floatParams
maxFrequency
tunerWindow
metronomeWindow
_ZTV28VariableControlScrollElement
parameterOptions
varControlOptions
toggleControlOptions
_ZTV26ToggleControlScrollElement
_ZN15EffectParameterIbE4loadE16ParameterSettingIbE
_ZN5daisy6Switch4InitE12dsy_gpio_pinfNS0_4TypeENS0_8PolarityENS0_4PullE
_ZN5daisy7Encoder4InitE12dsy_gpio_pinS1_S1_f
_ZN5daisy6RgbLed4InitE12dsy_gpio_pinS1_S1_b
_ZN5daisy6System12GetPClk2FreqEv
_ZN5daisy11TimerHandle4InitERKNS0_6ConfigE
_ZN5daisy11TimerHandle11SetCallbackEPFvPvES1_
_ZN5daisy11TimerHandle5StartEv
_ZN5daisy9DaisySeed10StartAudioEPFvPKPKfPPfjE
_ZN5daisy6System22GetProgramMemoryRegionEv
ARM GAS  C:\Users\FINNDY~1\AppData\Local\Temp\ccAKb7Rb.s 			page 235


_ZN5daisy10QSPIHandle5EraseEmm
_ZN5daisy10QSPIHandle5WriteEmmPh
dsy_dma_invalidate_cache_for_buffer
__aeabi_atexit
__dso_handle
_ZN22ParameterScrollElementIfE8OnSelectEPP6Window
_ZN22ParameterScrollElementIbE8OnSelectEPP6Window
