ARM GAS  C:\Users\FINNDY~1\AppData\Local\Temp\cc2bY4Gm.s 			page 1


   1              		.cpu cortex-m7
   2              		.eabi_attribute 28, 1
   3              		.eabi_attribute 20, 1
   4              		.eabi_attribute 21, 1
   5              		.eabi_attribute 23, 3
   6              		.eabi_attribute 24, 1
   7              		.eabi_attribute 25, 1
   8              		.eabi_attribute 26, 1
   9              		.eabi_attribute 30, 2
  10              		.eabi_attribute 34, 1
  11              		.eabi_attribute 18, 4
  12              		.file	"util.cpp"
  13              		.text
  14              	.Ltext0:
  15              		.cfi_sections	.debug_frame
  16              		.section	.text._Z7ditfft2PfiiPSt7complexIfE,"ax",%progbits
  17              		.align	1
  18              		.p2align 2,,3
  19              		.global	_Z7ditfft2PfiiPSt7complexIfE
  20              		.arch armv7e-m
  21              		.syntax unified
  22              		.thumb
  23              		.thumb_func
  24              		.fpu fpv5-d16
  26              	_Z7ditfft2PfiiPSt7complexIfE:
  27              	.LVL0:
  28              	.LFB4385:
  29              		.file 1 "util.cpp"
   1:util.cpp      **** #include "util.hpp"
   2:util.cpp      **** #include <algorithm>
   3:util.cpp      **** 
   4:util.cpp      **** using namespace std::complex_literals;
   5:util.cpp      **** 
   6:util.cpp      **** #define My_PI 3.14159265358979323846f // like i guess bro
   7:util.cpp      **** 
   8:util.cpp      **** // thanks wikipedia
   9:util.cpp      **** void ditfft2(float* x, int N, int s, std::complex<float>* X)
  10:util.cpp      **** {
  30              		.loc 1 10 1 view -0
  31              		.cfi_startproc
  32              		@ args = 0, pretend = 0, frame = 8
  33              		@ frame_needed = 0, uses_anonymous_args = 0
  11:util.cpp      **** 
  12:util.cpp      ****     if (N == 1){
  34              		.loc 1 12 5 is_stmt 0 view .LVU1
  35 0000 0129     		cmp	r1, #1
  10:util.cpp      **** 
  36              		.loc 1 10 1 view .LVU2
  37 0002 2DE9F043 		push	{r4, r5, r6, r7, r8, r9, lr}
  38              		.cfi_def_cfa_offset 28
  39              		.cfi_offset 4, -28
  40              		.cfi_offset 5, -24
  41              		.cfi_offset 6, -20
  42              		.cfi_offset 7, -16
  43              		.cfi_offset 8, -12
  44              		.cfi_offset 9, -8
  45              		.cfi_offset 14, -4
ARM GAS  C:\Users\FINNDY~1\AppData\Local\Temp\cc2bY4Gm.s 			page 2


  46 0006 8046     		mov	r8, r0
  47              		.loc 1 12 5 is_stmt 1 view .LVU3
  10:util.cpp      **** 
  48              		.loc 1 10 1 is_stmt 0 view .LVU4
  49 0008 1C46     		mov	r4, r3
  50 000a 2DED068B 		vpush.64	{d8, d9, d10}
  51              		.cfi_def_cfa_offset 52
  52              		.cfi_offset 80, -52
  53              		.cfi_offset 81, -48
  54              		.cfi_offset 82, -44
  55              		.cfi_offset 83, -40
  56              		.cfi_offset 84, -36
  57              		.cfi_offset 85, -32
  58 000e 83B0     		sub	sp, sp, #12
  59              		.cfi_def_cfa_offset 64
  60              		.loc 1 12 5 view .LVU5
  61 0010 6ED0     		beq	.L11
  13:util.cpp      ****         X[0] = x[0];
  14:util.cpp      ****         return;
  15:util.cpp      ****     }
  16:util.cpp      **** 
  17:util.cpp      ****     ditfft2(x, N/2, 2 * s, X);
  62              		.loc 1 17 12 view .LVU6
  63 0012 0029     		cmp	r1, #0
  64 0014 0F46     		mov	r7, r1
  65 0016 9146     		mov	r9, r2
  66              		.loc 1 17 5 is_stmt 1 view .LVU7
  67              		.loc 1 17 12 is_stmt 0 view .LVU8
  68 0018 4FEA4202 		lsl	r2, r2, #1
  69              	.LVL1:
  70              		.loc 1 17 12 view .LVU9
  71 001c B8BF     		it	lt
  72 001e 4F1C     		addlt	r7, r1, #1
  73 0020 0E46     		mov	r6, r1
  74 0022 0192     		str	r2, [sp, #4]
  75 0024 7F10     		asrs	r7, r7, #1
  18:util.cpp      ****     ditfft2(x + s, N/2, 2 * s, X + N/2);
  76              		.loc 1 18 12 view .LVU10
  77 0026 03EBC705 		add	r5, r3, r7, lsl #3
  17:util.cpp      ****     ditfft2(x + s, N/2, 2 * s, X + N/2);
  78              		.loc 1 17 12 view .LVU11
  79 002a 3946     		mov	r1, r7
  80              	.LVL2:
  17:util.cpp      ****     ditfft2(x + s, N/2, 2 * s, X + N/2);
  81              		.loc 1 17 12 view .LVU12
  82 002c FFF7FEFF 		bl	_Z7ditfft2PfiiPSt7complexIfE
  83              	.LVL3:
  84              		.loc 1 18 5 is_stmt 1 view .LVU13
  85              		.loc 1 18 12 is_stmt 0 view .LVU14
  86 0030 019A     		ldr	r2, [sp, #4]
  87 0032 08EB8900 		add	r0, r8, r9, lsl #2
  88 0036 2B46     		mov	r3, r5
  89 0038 3946     		mov	r1, r7
  90 003a FFF7FEFF 		bl	_Z7ditfft2PfiiPSt7complexIfE
  91              	.LVL4:
  19:util.cpp      **** 
  20:util.cpp      ****     for (int k = 0; k < N/2; k++) {
ARM GAS  C:\Users\FINNDY~1\AppData\Local\Temp\cc2bY4Gm.s 			page 3


  92              		.loc 1 20 5 is_stmt 1 view .LVU15
  93              	.LBB127:
  94              		.loc 1 20 23 view .LVU16
  95 003e 012E     		cmp	r6, #1
  96 0040 51DD     		ble	.L1
  97              	.LBB128:
  21:util.cpp      ****         std::complex<float> p = X[k];
  22:util.cpp      ****         std::complex<float> q = exp(-2 * (float)My_PI * 1if * (float)k / (float)N) * X[k + N / 2];
  98              		.loc 1 22 74 is_stmt 0 view .LVU17
  99 0042 07EE906A 		vmov	s15, r6	@ int
 100              	.LBE128:
  20:util.cpp      ****         std::complex<float> p = X[k];
 101              		.loc 1 20 14 view .LVU18
 102 0046 0026     		movs	r6, #0
 103              	.LVL5:
 104              	.LBB199:
 105              		.loc 1 22 74 view .LVU19
 106 0048 B8EEE7AA 		vcvt.f32.s32	s20, s15
 107              	.LVL6:
 108              	.L8:
  21:util.cpp      ****         std::complex<float> p = X[k];
 109              		.loc 1 21 9 is_stmt 1 discriminator 2 view .LVU20
 110              		.loc 1 22 63 is_stmt 0 discriminator 2 view .LVU21
 111 004c 07EE906A 		vmov	s15, r6	@ int
 112              	.LBB129:
 113              	.LBB130:
 114              	.LBB131:
 115              	.LBB132:
 116              		.file 2 "c:\\program files\\daisytoolchain\\arm-none-eabi\\include\\c++\\10.2.1\\complex"
   1:c:\program files\daisytoolchain\arm-none-eabi\include\c++\10.2.1\complex **** // The template and inlines for the -*- C++ -*- complex number classes.
   2:c:\program files\daisytoolchain\arm-none-eabi\include\c++\10.2.1\complex **** 
   3:c:\program files\daisytoolchain\arm-none-eabi\include\c++\10.2.1\complex **** // Copyright (C) 1997-2020 Free Software Foundation, Inc.
   4:c:\program files\daisytoolchain\arm-none-eabi\include\c++\10.2.1\complex **** //
   5:c:\program files\daisytoolchain\arm-none-eabi\include\c++\10.2.1\complex **** // This file is part of the GNU ISO C++ Library.  This library is free
   6:c:\program files\daisytoolchain\arm-none-eabi\include\c++\10.2.1\complex **** // software; you can redistribute it and/or modify it under the
   7:c:\program files\daisytoolchain\arm-none-eabi\include\c++\10.2.1\complex **** // terms of the GNU General Public License as published by the
   8:c:\program files\daisytoolchain\arm-none-eabi\include\c++\10.2.1\complex **** // Free Software Foundation; either version 3, or (at your option)
   9:c:\program files\daisytoolchain\arm-none-eabi\include\c++\10.2.1\complex **** // any later version.
  10:c:\program files\daisytoolchain\arm-none-eabi\include\c++\10.2.1\complex **** 
  11:c:\program files\daisytoolchain\arm-none-eabi\include\c++\10.2.1\complex **** // This library is distributed in the hope that it will be useful,
  12:c:\program files\daisytoolchain\arm-none-eabi\include\c++\10.2.1\complex **** // but WITHOUT ANY WARRANTY; without even the implied warranty of
  13:c:\program files\daisytoolchain\arm-none-eabi\include\c++\10.2.1\complex **** // MERCHANTABILITY or FITNESS FOR A PARTICULAR PURPOSE.  See the
  14:c:\program files\daisytoolchain\arm-none-eabi\include\c++\10.2.1\complex **** // GNU General Public License for more details.
  15:c:\program files\daisytoolchain\arm-none-eabi\include\c++\10.2.1\complex **** 
  16:c:\program files\daisytoolchain\arm-none-eabi\include\c++\10.2.1\complex **** // Under Section 7 of GPL version 3, you are granted additional
  17:c:\program files\daisytoolchain\arm-none-eabi\include\c++\10.2.1\complex **** // permissions described in the GCC Runtime Library Exception, version
  18:c:\program files\daisytoolchain\arm-none-eabi\include\c++\10.2.1\complex **** // 3.1, as published by the Free Software Foundation.
  19:c:\program files\daisytoolchain\arm-none-eabi\include\c++\10.2.1\complex **** 
  20:c:\program files\daisytoolchain\arm-none-eabi\include\c++\10.2.1\complex **** // You should have received a copy of the GNU General Public License and
  21:c:\program files\daisytoolchain\arm-none-eabi\include\c++\10.2.1\complex **** // a copy of the GCC Runtime Library Exception along with this program;
  22:c:\program files\daisytoolchain\arm-none-eabi\include\c++\10.2.1\complex **** // see the files COPYING3 and COPYING.RUNTIME respectively.  If not, see
  23:c:\program files\daisytoolchain\arm-none-eabi\include\c++\10.2.1\complex **** // <http://www.gnu.org/licenses/>.
  24:c:\program files\daisytoolchain\arm-none-eabi\include\c++\10.2.1\complex **** 
  25:c:\program files\daisytoolchain\arm-none-eabi\include\c++\10.2.1\complex **** /** @file include/complex
  26:c:\program files\daisytoolchain\arm-none-eabi\include\c++\10.2.1\complex ****  *  This is a Standard C++ Library header.
  27:c:\program files\daisytoolchain\arm-none-eabi\include\c++\10.2.1\complex ****  */
  28:c:\program files\daisytoolchain\arm-none-eabi\include\c++\10.2.1\complex **** 
ARM GAS  C:\Users\FINNDY~1\AppData\Local\Temp\cc2bY4Gm.s 			page 4


  29:c:\program files\daisytoolchain\arm-none-eabi\include\c++\10.2.1\complex **** //
  30:c:\program files\daisytoolchain\arm-none-eabi\include\c++\10.2.1\complex **** // ISO C++ 14882: 26.2  Complex Numbers
  31:c:\program files\daisytoolchain\arm-none-eabi\include\c++\10.2.1\complex **** // Note: this is not a conforming implementation.
  32:c:\program files\daisytoolchain\arm-none-eabi\include\c++\10.2.1\complex **** // Initially implemented by Ulrich Drepper <drepper@cygnus.com>
  33:c:\program files\daisytoolchain\arm-none-eabi\include\c++\10.2.1\complex **** // Improved by Gabriel Dos Reis <dosreis@cmla.ens-cachan.fr>
  34:c:\program files\daisytoolchain\arm-none-eabi\include\c++\10.2.1\complex **** //
  35:c:\program files\daisytoolchain\arm-none-eabi\include\c++\10.2.1\complex **** 
  36:c:\program files\daisytoolchain\arm-none-eabi\include\c++\10.2.1\complex **** #ifndef _GLIBCXX_COMPLEX
  37:c:\program files\daisytoolchain\arm-none-eabi\include\c++\10.2.1\complex **** #define _GLIBCXX_COMPLEX 1
  38:c:\program files\daisytoolchain\arm-none-eabi\include\c++\10.2.1\complex **** 
  39:c:\program files\daisytoolchain\arm-none-eabi\include\c++\10.2.1\complex **** #pragma GCC system_header
  40:c:\program files\daisytoolchain\arm-none-eabi\include\c++\10.2.1\complex **** 
  41:c:\program files\daisytoolchain\arm-none-eabi\include\c++\10.2.1\complex **** #include <bits/c++config.h>
  42:c:\program files\daisytoolchain\arm-none-eabi\include\c++\10.2.1\complex **** #include <bits/cpp_type_traits.h>
  43:c:\program files\daisytoolchain\arm-none-eabi\include\c++\10.2.1\complex **** #include <ext/type_traits.h>
  44:c:\program files\daisytoolchain\arm-none-eabi\include\c++\10.2.1\complex **** #include <cmath>
  45:c:\program files\daisytoolchain\arm-none-eabi\include\c++\10.2.1\complex **** #include <sstream>
  46:c:\program files\daisytoolchain\arm-none-eabi\include\c++\10.2.1\complex **** 
  47:c:\program files\daisytoolchain\arm-none-eabi\include\c++\10.2.1\complex **** // Get rid of a macro possibly defined in <complex.h>
  48:c:\program files\daisytoolchain\arm-none-eabi\include\c++\10.2.1\complex **** #undef complex
  49:c:\program files\daisytoolchain\arm-none-eabi\include\c++\10.2.1\complex **** 
  50:c:\program files\daisytoolchain\arm-none-eabi\include\c++\10.2.1\complex **** #if __cplusplus > 201703L
  51:c:\program files\daisytoolchain\arm-none-eabi\include\c++\10.2.1\complex **** # define __cpp_lib_constexpr_complex 201711L
  52:c:\program files\daisytoolchain\arm-none-eabi\include\c++\10.2.1\complex **** #endif
  53:c:\program files\daisytoolchain\arm-none-eabi\include\c++\10.2.1\complex **** 
  54:c:\program files\daisytoolchain\arm-none-eabi\include\c++\10.2.1\complex **** namespace std _GLIBCXX_VISIBILITY(default)
  55:c:\program files\daisytoolchain\arm-none-eabi\include\c++\10.2.1\complex **** {
  56:c:\program files\daisytoolchain\arm-none-eabi\include\c++\10.2.1\complex **** _GLIBCXX_BEGIN_NAMESPACE_VERSION
  57:c:\program files\daisytoolchain\arm-none-eabi\include\c++\10.2.1\complex **** 
  58:c:\program files\daisytoolchain\arm-none-eabi\include\c++\10.2.1\complex ****   /**
  59:c:\program files\daisytoolchain\arm-none-eabi\include\c++\10.2.1\complex ****    * @defgroup complex_numbers Complex Numbers
  60:c:\program files\daisytoolchain\arm-none-eabi\include\c++\10.2.1\complex ****    * @ingroup numerics
  61:c:\program files\daisytoolchain\arm-none-eabi\include\c++\10.2.1\complex ****    *
  62:c:\program files\daisytoolchain\arm-none-eabi\include\c++\10.2.1\complex ****    * Classes and functions for complex numbers.
  63:c:\program files\daisytoolchain\arm-none-eabi\include\c++\10.2.1\complex ****    * @{
  64:c:\program files\daisytoolchain\arm-none-eabi\include\c++\10.2.1\complex ****    */
  65:c:\program files\daisytoolchain\arm-none-eabi\include\c++\10.2.1\complex **** 
  66:c:\program files\daisytoolchain\arm-none-eabi\include\c++\10.2.1\complex ****   // Forward declarations.
  67:c:\program files\daisytoolchain\arm-none-eabi\include\c++\10.2.1\complex ****   template<typename _Tp> class complex;
  68:c:\program files\daisytoolchain\arm-none-eabi\include\c++\10.2.1\complex ****   template<> class complex<float>;
  69:c:\program files\daisytoolchain\arm-none-eabi\include\c++\10.2.1\complex ****   template<> class complex<double>;
  70:c:\program files\daisytoolchain\arm-none-eabi\include\c++\10.2.1\complex ****   template<> class complex<long double>;
  71:c:\program files\daisytoolchain\arm-none-eabi\include\c++\10.2.1\complex **** 
  72:c:\program files\daisytoolchain\arm-none-eabi\include\c++\10.2.1\complex ****   ///  Return magnitude of @a z.
  73:c:\program files\daisytoolchain\arm-none-eabi\include\c++\10.2.1\complex ****   template<typename _Tp> _Tp abs(const complex<_Tp>&);
  74:c:\program files\daisytoolchain\arm-none-eabi\include\c++\10.2.1\complex ****   ///  Return phase angle of @a z.
  75:c:\program files\daisytoolchain\arm-none-eabi\include\c++\10.2.1\complex ****   template<typename _Tp> _Tp arg(const complex<_Tp>&);
  76:c:\program files\daisytoolchain\arm-none-eabi\include\c++\10.2.1\complex ****   ///  Return @a z magnitude squared.
  77:c:\program files\daisytoolchain\arm-none-eabi\include\c++\10.2.1\complex ****   template<typename _Tp> _Tp _GLIBCXX20_CONSTEXPR norm(const complex<_Tp>&);
  78:c:\program files\daisytoolchain\arm-none-eabi\include\c++\10.2.1\complex **** 
  79:c:\program files\daisytoolchain\arm-none-eabi\include\c++\10.2.1\complex ****   ///  Return complex conjugate of @a z.
  80:c:\program files\daisytoolchain\arm-none-eabi\include\c++\10.2.1\complex ****   template<typename _Tp>
  81:c:\program files\daisytoolchain\arm-none-eabi\include\c++\10.2.1\complex ****     _GLIBCXX20_CONSTEXPR complex<_Tp> conj(const complex<_Tp>&);
  82:c:\program files\daisytoolchain\arm-none-eabi\include\c++\10.2.1\complex ****   ///  Return complex with magnitude @a rho and angle @a theta.
  83:c:\program files\daisytoolchain\arm-none-eabi\include\c++\10.2.1\complex ****   template<typename _Tp> complex<_Tp> polar(const _Tp&, const _Tp& = 0);
  84:c:\program files\daisytoolchain\arm-none-eabi\include\c++\10.2.1\complex **** 
  85:c:\program files\daisytoolchain\arm-none-eabi\include\c++\10.2.1\complex ****   // Transcendentals:
ARM GAS  C:\Users\FINNDY~1\AppData\Local\Temp\cc2bY4Gm.s 			page 5


  86:c:\program files\daisytoolchain\arm-none-eabi\include\c++\10.2.1\complex ****   /// Return complex cosine of @a z.
  87:c:\program files\daisytoolchain\arm-none-eabi\include\c++\10.2.1\complex ****   template<typename _Tp> complex<_Tp> cos(const complex<_Tp>&);
  88:c:\program files\daisytoolchain\arm-none-eabi\include\c++\10.2.1\complex ****   /// Return complex hyperbolic cosine of @a z.
  89:c:\program files\daisytoolchain\arm-none-eabi\include\c++\10.2.1\complex ****   template<typename _Tp> complex<_Tp> cosh(const complex<_Tp>&);
  90:c:\program files\daisytoolchain\arm-none-eabi\include\c++\10.2.1\complex ****   /// Return complex base e exponential of @a z.
  91:c:\program files\daisytoolchain\arm-none-eabi\include\c++\10.2.1\complex ****   template<typename _Tp> complex<_Tp> exp(const complex<_Tp>&);
  92:c:\program files\daisytoolchain\arm-none-eabi\include\c++\10.2.1\complex ****   /// Return complex natural logarithm of @a z.
  93:c:\program files\daisytoolchain\arm-none-eabi\include\c++\10.2.1\complex ****   template<typename _Tp> complex<_Tp> log(const complex<_Tp>&);
  94:c:\program files\daisytoolchain\arm-none-eabi\include\c++\10.2.1\complex ****   /// Return complex base 10 logarithm of @a z.
  95:c:\program files\daisytoolchain\arm-none-eabi\include\c++\10.2.1\complex ****   template<typename _Tp> complex<_Tp> log10(const complex<_Tp>&);
  96:c:\program files\daisytoolchain\arm-none-eabi\include\c++\10.2.1\complex ****   /// Return @a x to the @a y'th power.
  97:c:\program files\daisytoolchain\arm-none-eabi\include\c++\10.2.1\complex ****   template<typename _Tp> complex<_Tp> pow(const complex<_Tp>&, int);
  98:c:\program files\daisytoolchain\arm-none-eabi\include\c++\10.2.1\complex ****   /// Return @a x to the @a y'th power.
  99:c:\program files\daisytoolchain\arm-none-eabi\include\c++\10.2.1\complex ****   template<typename _Tp> complex<_Tp> pow(const complex<_Tp>&, const _Tp&);
 100:c:\program files\daisytoolchain\arm-none-eabi\include\c++\10.2.1\complex ****   /// Return @a x to the @a y'th power.
 101:c:\program files\daisytoolchain\arm-none-eabi\include\c++\10.2.1\complex ****   template<typename _Tp> complex<_Tp> pow(const complex<_Tp>&,
 102:c:\program files\daisytoolchain\arm-none-eabi\include\c++\10.2.1\complex ****                                           const complex<_Tp>&);
 103:c:\program files\daisytoolchain\arm-none-eabi\include\c++\10.2.1\complex ****   /// Return @a x to the @a y'th power.
 104:c:\program files\daisytoolchain\arm-none-eabi\include\c++\10.2.1\complex ****   template<typename _Tp> complex<_Tp> pow(const _Tp&, const complex<_Tp>&);
 105:c:\program files\daisytoolchain\arm-none-eabi\include\c++\10.2.1\complex ****   /// Return complex sine of @a z.
 106:c:\program files\daisytoolchain\arm-none-eabi\include\c++\10.2.1\complex ****   template<typename _Tp> complex<_Tp> sin(const complex<_Tp>&);
 107:c:\program files\daisytoolchain\arm-none-eabi\include\c++\10.2.1\complex ****   /// Return complex hyperbolic sine of @a z.
 108:c:\program files\daisytoolchain\arm-none-eabi\include\c++\10.2.1\complex ****   template<typename _Tp> complex<_Tp> sinh(const complex<_Tp>&);
 109:c:\program files\daisytoolchain\arm-none-eabi\include\c++\10.2.1\complex ****   /// Return complex square root of @a z.
 110:c:\program files\daisytoolchain\arm-none-eabi\include\c++\10.2.1\complex ****   template<typename _Tp> complex<_Tp> sqrt(const complex<_Tp>&);
 111:c:\program files\daisytoolchain\arm-none-eabi\include\c++\10.2.1\complex ****   /// Return complex tangent of @a z.
 112:c:\program files\daisytoolchain\arm-none-eabi\include\c++\10.2.1\complex ****   template<typename _Tp> complex<_Tp> tan(const complex<_Tp>&);
 113:c:\program files\daisytoolchain\arm-none-eabi\include\c++\10.2.1\complex ****   /// Return complex hyperbolic tangent of @a z.
 114:c:\program files\daisytoolchain\arm-none-eabi\include\c++\10.2.1\complex ****   template<typename _Tp> complex<_Tp> tanh(const complex<_Tp>&);
 115:c:\program files\daisytoolchain\arm-none-eabi\include\c++\10.2.1\complex **** 
 116:c:\program files\daisytoolchain\arm-none-eabi\include\c++\10.2.1\complex **** 
 117:c:\program files\daisytoolchain\arm-none-eabi\include\c++\10.2.1\complex ****   // 26.2.2  Primary template class complex
 118:c:\program files\daisytoolchain\arm-none-eabi\include\c++\10.2.1\complex ****   /**
 119:c:\program files\daisytoolchain\arm-none-eabi\include\c++\10.2.1\complex ****    *  Template to represent complex numbers.
 120:c:\program files\daisytoolchain\arm-none-eabi\include\c++\10.2.1\complex ****    *
 121:c:\program files\daisytoolchain\arm-none-eabi\include\c++\10.2.1\complex ****    *  Specializations for float, double, and long double are part of the
 122:c:\program files\daisytoolchain\arm-none-eabi\include\c++\10.2.1\complex ****    *  library.  Results with any other type are not guaranteed.
 123:c:\program files\daisytoolchain\arm-none-eabi\include\c++\10.2.1\complex ****    *
 124:c:\program files\daisytoolchain\arm-none-eabi\include\c++\10.2.1\complex ****    *  @param  Tp  Type of real and imaginary values.
 125:c:\program files\daisytoolchain\arm-none-eabi\include\c++\10.2.1\complex ****   */
 126:c:\program files\daisytoolchain\arm-none-eabi\include\c++\10.2.1\complex ****   template<typename _Tp>
 127:c:\program files\daisytoolchain\arm-none-eabi\include\c++\10.2.1\complex ****     struct complex
 128:c:\program files\daisytoolchain\arm-none-eabi\include\c++\10.2.1\complex ****     {
 129:c:\program files\daisytoolchain\arm-none-eabi\include\c++\10.2.1\complex ****       /// Value typedef.
 130:c:\program files\daisytoolchain\arm-none-eabi\include\c++\10.2.1\complex ****       typedef _Tp value_type;
 131:c:\program files\daisytoolchain\arm-none-eabi\include\c++\10.2.1\complex **** 
 132:c:\program files\daisytoolchain\arm-none-eabi\include\c++\10.2.1\complex ****       ///  Default constructor.  First parameter is x, second parameter is y.
 133:c:\program files\daisytoolchain\arm-none-eabi\include\c++\10.2.1\complex ****       ///  Unspecified parameters default to 0.
 134:c:\program files\daisytoolchain\arm-none-eabi\include\c++\10.2.1\complex ****       _GLIBCXX_CONSTEXPR complex(const _Tp& __r = _Tp(), const _Tp& __i = _Tp())
 135:c:\program files\daisytoolchain\arm-none-eabi\include\c++\10.2.1\complex ****       : _M_real(__r), _M_imag(__i) { }
 136:c:\program files\daisytoolchain\arm-none-eabi\include\c++\10.2.1\complex **** 
 137:c:\program files\daisytoolchain\arm-none-eabi\include\c++\10.2.1\complex ****       // Let the compiler synthesize the copy constructor
 138:c:\program files\daisytoolchain\arm-none-eabi\include\c++\10.2.1\complex **** #if __cplusplus >= 201103L
 139:c:\program files\daisytoolchain\arm-none-eabi\include\c++\10.2.1\complex ****       constexpr complex(const complex&) = default;
 140:c:\program files\daisytoolchain\arm-none-eabi\include\c++\10.2.1\complex **** #endif
 141:c:\program files\daisytoolchain\arm-none-eabi\include\c++\10.2.1\complex **** 
 142:c:\program files\daisytoolchain\arm-none-eabi\include\c++\10.2.1\complex ****       ///  Converting constructor.
ARM GAS  C:\Users\FINNDY~1\AppData\Local\Temp\cc2bY4Gm.s 			page 6


 143:c:\program files\daisytoolchain\arm-none-eabi\include\c++\10.2.1\complex ****       template<typename _Up>
 144:c:\program files\daisytoolchain\arm-none-eabi\include\c++\10.2.1\complex ****         _GLIBCXX_CONSTEXPR complex(const complex<_Up>& __z)
 145:c:\program files\daisytoolchain\arm-none-eabi\include\c++\10.2.1\complex **** 	: _M_real(__z.real()), _M_imag(__z.imag()) { }
 146:c:\program files\daisytoolchain\arm-none-eabi\include\c++\10.2.1\complex **** 
 147:c:\program files\daisytoolchain\arm-none-eabi\include\c++\10.2.1\complex **** #if __cplusplus >= 201103L
 148:c:\program files\daisytoolchain\arm-none-eabi\include\c++\10.2.1\complex ****       // _GLIBCXX_RESOLVE_LIB_DEFECTS
 149:c:\program files\daisytoolchain\arm-none-eabi\include\c++\10.2.1\complex ****       // DR 387. std::complex over-encapsulated.
 150:c:\program files\daisytoolchain\arm-none-eabi\include\c++\10.2.1\complex ****       _GLIBCXX_ABI_TAG_CXX11
 151:c:\program files\daisytoolchain\arm-none-eabi\include\c++\10.2.1\complex ****       constexpr _Tp
 152:c:\program files\daisytoolchain\arm-none-eabi\include\c++\10.2.1\complex ****       real() const { return _M_real; }
 153:c:\program files\daisytoolchain\arm-none-eabi\include\c++\10.2.1\complex **** 
 154:c:\program files\daisytoolchain\arm-none-eabi\include\c++\10.2.1\complex ****       _GLIBCXX_ABI_TAG_CXX11
 155:c:\program files\daisytoolchain\arm-none-eabi\include\c++\10.2.1\complex ****       constexpr _Tp
 156:c:\program files\daisytoolchain\arm-none-eabi\include\c++\10.2.1\complex ****       imag() const { return _M_imag; }
 157:c:\program files\daisytoolchain\arm-none-eabi\include\c++\10.2.1\complex **** #else
 158:c:\program files\daisytoolchain\arm-none-eabi\include\c++\10.2.1\complex ****       ///  Return real part of complex number.
 159:c:\program files\daisytoolchain\arm-none-eabi\include\c++\10.2.1\complex ****       _Tp&
 160:c:\program files\daisytoolchain\arm-none-eabi\include\c++\10.2.1\complex ****       real() { return _M_real; }
 161:c:\program files\daisytoolchain\arm-none-eabi\include\c++\10.2.1\complex **** 
 162:c:\program files\daisytoolchain\arm-none-eabi\include\c++\10.2.1\complex ****       ///  Return real part of complex number.
 163:c:\program files\daisytoolchain\arm-none-eabi\include\c++\10.2.1\complex ****       const _Tp&
 164:c:\program files\daisytoolchain\arm-none-eabi\include\c++\10.2.1\complex ****       real() const { return _M_real; }
 165:c:\program files\daisytoolchain\arm-none-eabi\include\c++\10.2.1\complex **** 
 166:c:\program files\daisytoolchain\arm-none-eabi\include\c++\10.2.1\complex ****       ///  Return imaginary part of complex number.
 167:c:\program files\daisytoolchain\arm-none-eabi\include\c++\10.2.1\complex ****       _Tp&
 168:c:\program files\daisytoolchain\arm-none-eabi\include\c++\10.2.1\complex ****       imag() { return _M_imag; }
 169:c:\program files\daisytoolchain\arm-none-eabi\include\c++\10.2.1\complex **** 
 170:c:\program files\daisytoolchain\arm-none-eabi\include\c++\10.2.1\complex ****       ///  Return imaginary part of complex number.
 171:c:\program files\daisytoolchain\arm-none-eabi\include\c++\10.2.1\complex ****       const _Tp&
 172:c:\program files\daisytoolchain\arm-none-eabi\include\c++\10.2.1\complex ****       imag() const { return _M_imag; }
 173:c:\program files\daisytoolchain\arm-none-eabi\include\c++\10.2.1\complex **** #endif
 174:c:\program files\daisytoolchain\arm-none-eabi\include\c++\10.2.1\complex **** 
 175:c:\program files\daisytoolchain\arm-none-eabi\include\c++\10.2.1\complex ****       // _GLIBCXX_RESOLVE_LIB_DEFECTS
 176:c:\program files\daisytoolchain\arm-none-eabi\include\c++\10.2.1\complex ****       // DR 387. std::complex over-encapsulated.
 177:c:\program files\daisytoolchain\arm-none-eabi\include\c++\10.2.1\complex ****       _GLIBCXX20_CONSTEXPR void
 178:c:\program files\daisytoolchain\arm-none-eabi\include\c++\10.2.1\complex ****       real(_Tp __val) { _M_real = __val; }
 179:c:\program files\daisytoolchain\arm-none-eabi\include\c++\10.2.1\complex **** 
 180:c:\program files\daisytoolchain\arm-none-eabi\include\c++\10.2.1\complex ****       _GLIBCXX20_CONSTEXPR void
 181:c:\program files\daisytoolchain\arm-none-eabi\include\c++\10.2.1\complex ****       imag(_Tp __val) { _M_imag = __val; }
 182:c:\program files\daisytoolchain\arm-none-eabi\include\c++\10.2.1\complex **** 
 183:c:\program files\daisytoolchain\arm-none-eabi\include\c++\10.2.1\complex ****       /// Assign a scalar to this complex number.
 184:c:\program files\daisytoolchain\arm-none-eabi\include\c++\10.2.1\complex ****       _GLIBCXX20_CONSTEXPR complex<_Tp>& operator=(const _Tp&);
 185:c:\program files\daisytoolchain\arm-none-eabi\include\c++\10.2.1\complex **** 
 186:c:\program files\daisytoolchain\arm-none-eabi\include\c++\10.2.1\complex ****       /// Add a scalar to this complex number.
 187:c:\program files\daisytoolchain\arm-none-eabi\include\c++\10.2.1\complex ****       // 26.2.5/1
 188:c:\program files\daisytoolchain\arm-none-eabi\include\c++\10.2.1\complex ****       _GLIBCXX20_CONSTEXPR complex<_Tp>&
 189:c:\program files\daisytoolchain\arm-none-eabi\include\c++\10.2.1\complex ****       operator+=(const _Tp& __t)
 190:c:\program files\daisytoolchain\arm-none-eabi\include\c++\10.2.1\complex ****       {
 191:c:\program files\daisytoolchain\arm-none-eabi\include\c++\10.2.1\complex **** 	_M_real += __t;
 192:c:\program files\daisytoolchain\arm-none-eabi\include\c++\10.2.1\complex **** 	return *this;
 193:c:\program files\daisytoolchain\arm-none-eabi\include\c++\10.2.1\complex ****       }
 194:c:\program files\daisytoolchain\arm-none-eabi\include\c++\10.2.1\complex **** 
 195:c:\program files\daisytoolchain\arm-none-eabi\include\c++\10.2.1\complex ****       /// Subtract a scalar from this complex number.
 196:c:\program files\daisytoolchain\arm-none-eabi\include\c++\10.2.1\complex ****       // 26.2.5/3
 197:c:\program files\daisytoolchain\arm-none-eabi\include\c++\10.2.1\complex ****       _GLIBCXX20_CONSTEXPR complex<_Tp>&
 198:c:\program files\daisytoolchain\arm-none-eabi\include\c++\10.2.1\complex ****       operator-=(const _Tp& __t)
 199:c:\program files\daisytoolchain\arm-none-eabi\include\c++\10.2.1\complex ****       {
ARM GAS  C:\Users\FINNDY~1\AppData\Local\Temp\cc2bY4Gm.s 			page 7


 200:c:\program files\daisytoolchain\arm-none-eabi\include\c++\10.2.1\complex **** 	_M_real -= __t;
 201:c:\program files\daisytoolchain\arm-none-eabi\include\c++\10.2.1\complex **** 	return *this;
 202:c:\program files\daisytoolchain\arm-none-eabi\include\c++\10.2.1\complex ****       }
 203:c:\program files\daisytoolchain\arm-none-eabi\include\c++\10.2.1\complex **** 
 204:c:\program files\daisytoolchain\arm-none-eabi\include\c++\10.2.1\complex ****       /// Multiply this complex number by a scalar.
 205:c:\program files\daisytoolchain\arm-none-eabi\include\c++\10.2.1\complex ****       _GLIBCXX20_CONSTEXPR complex<_Tp>& operator*=(const _Tp&);
 206:c:\program files\daisytoolchain\arm-none-eabi\include\c++\10.2.1\complex ****       /// Divide this complex number by a scalar.
 207:c:\program files\daisytoolchain\arm-none-eabi\include\c++\10.2.1\complex ****       _GLIBCXX20_CONSTEXPR complex<_Tp>& operator/=(const _Tp&);
 208:c:\program files\daisytoolchain\arm-none-eabi\include\c++\10.2.1\complex **** 
 209:c:\program files\daisytoolchain\arm-none-eabi\include\c++\10.2.1\complex ****       // Let the compiler synthesize the copy assignment operator
 210:c:\program files\daisytoolchain\arm-none-eabi\include\c++\10.2.1\complex **** #if __cplusplus >= 201103L
 211:c:\program files\daisytoolchain\arm-none-eabi\include\c++\10.2.1\complex ****       _GLIBCXX20_CONSTEXPR complex& operator=(const complex&) = default;
 212:c:\program files\daisytoolchain\arm-none-eabi\include\c++\10.2.1\complex **** #endif
 213:c:\program files\daisytoolchain\arm-none-eabi\include\c++\10.2.1\complex **** 
 214:c:\program files\daisytoolchain\arm-none-eabi\include\c++\10.2.1\complex ****       /// Assign another complex number to this one.
 215:c:\program files\daisytoolchain\arm-none-eabi\include\c++\10.2.1\complex ****       template<typename _Up>
 216:c:\program files\daisytoolchain\arm-none-eabi\include\c++\10.2.1\complex ****         _GLIBCXX20_CONSTEXPR complex<_Tp>& operator=(const complex<_Up>&);
 217:c:\program files\daisytoolchain\arm-none-eabi\include\c++\10.2.1\complex ****       /// Add another complex number to this one.
 218:c:\program files\daisytoolchain\arm-none-eabi\include\c++\10.2.1\complex ****       template<typename _Up>
 219:c:\program files\daisytoolchain\arm-none-eabi\include\c++\10.2.1\complex ****         _GLIBCXX20_CONSTEXPR complex<_Tp>& operator+=(const complex<_Up>&);
 220:c:\program files\daisytoolchain\arm-none-eabi\include\c++\10.2.1\complex ****       /// Subtract another complex number from this one.
 221:c:\program files\daisytoolchain\arm-none-eabi\include\c++\10.2.1\complex ****       template<typename _Up>
 222:c:\program files\daisytoolchain\arm-none-eabi\include\c++\10.2.1\complex ****         _GLIBCXX20_CONSTEXPR complex<_Tp>& operator-=(const complex<_Up>&);
 223:c:\program files\daisytoolchain\arm-none-eabi\include\c++\10.2.1\complex ****       /// Multiply this complex number by another.
 224:c:\program files\daisytoolchain\arm-none-eabi\include\c++\10.2.1\complex ****       template<typename _Up>
 225:c:\program files\daisytoolchain\arm-none-eabi\include\c++\10.2.1\complex ****         _GLIBCXX20_CONSTEXPR complex<_Tp>& operator*=(const complex<_Up>&);
 226:c:\program files\daisytoolchain\arm-none-eabi\include\c++\10.2.1\complex ****       /// Divide this complex number by another.
 227:c:\program files\daisytoolchain\arm-none-eabi\include\c++\10.2.1\complex ****       template<typename _Up>
 228:c:\program files\daisytoolchain\arm-none-eabi\include\c++\10.2.1\complex ****         _GLIBCXX20_CONSTEXPR complex<_Tp>& operator/=(const complex<_Up>&);
 229:c:\program files\daisytoolchain\arm-none-eabi\include\c++\10.2.1\complex **** 
 230:c:\program files\daisytoolchain\arm-none-eabi\include\c++\10.2.1\complex ****       _GLIBCXX_CONSTEXPR complex __rep() const
 231:c:\program files\daisytoolchain\arm-none-eabi\include\c++\10.2.1\complex ****       { return *this; }
 232:c:\program files\daisytoolchain\arm-none-eabi\include\c++\10.2.1\complex **** 
 233:c:\program files\daisytoolchain\arm-none-eabi\include\c++\10.2.1\complex ****     private:
 234:c:\program files\daisytoolchain\arm-none-eabi\include\c++\10.2.1\complex ****       _Tp _M_real;
 235:c:\program files\daisytoolchain\arm-none-eabi\include\c++\10.2.1\complex ****       _Tp _M_imag;
 236:c:\program files\daisytoolchain\arm-none-eabi\include\c++\10.2.1\complex ****     };
 237:c:\program files\daisytoolchain\arm-none-eabi\include\c++\10.2.1\complex **** 
 238:c:\program files\daisytoolchain\arm-none-eabi\include\c++\10.2.1\complex ****   template<typename _Tp>
 239:c:\program files\daisytoolchain\arm-none-eabi\include\c++\10.2.1\complex ****     _GLIBCXX20_CONSTEXPR complex<_Tp>&
 240:c:\program files\daisytoolchain\arm-none-eabi\include\c++\10.2.1\complex ****     complex<_Tp>::operator=(const _Tp& __t)
 241:c:\program files\daisytoolchain\arm-none-eabi\include\c++\10.2.1\complex ****     {
 242:c:\program files\daisytoolchain\arm-none-eabi\include\c++\10.2.1\complex ****      _M_real = __t;
 243:c:\program files\daisytoolchain\arm-none-eabi\include\c++\10.2.1\complex ****      _M_imag = _Tp();
 244:c:\program files\daisytoolchain\arm-none-eabi\include\c++\10.2.1\complex ****      return *this;
 245:c:\program files\daisytoolchain\arm-none-eabi\include\c++\10.2.1\complex ****     }
 246:c:\program files\daisytoolchain\arm-none-eabi\include\c++\10.2.1\complex **** 
 247:c:\program files\daisytoolchain\arm-none-eabi\include\c++\10.2.1\complex ****   // 26.2.5/5
 248:c:\program files\daisytoolchain\arm-none-eabi\include\c++\10.2.1\complex ****   template<typename _Tp>
 249:c:\program files\daisytoolchain\arm-none-eabi\include\c++\10.2.1\complex ****     _GLIBCXX20_CONSTEXPR complex<_Tp>&
 250:c:\program files\daisytoolchain\arm-none-eabi\include\c++\10.2.1\complex ****     complex<_Tp>::operator*=(const _Tp& __t)
 251:c:\program files\daisytoolchain\arm-none-eabi\include\c++\10.2.1\complex ****     {
 252:c:\program files\daisytoolchain\arm-none-eabi\include\c++\10.2.1\complex ****       _M_real *= __t;
 253:c:\program files\daisytoolchain\arm-none-eabi\include\c++\10.2.1\complex ****       _M_imag *= __t;
 254:c:\program files\daisytoolchain\arm-none-eabi\include\c++\10.2.1\complex ****       return *this;
 255:c:\program files\daisytoolchain\arm-none-eabi\include\c++\10.2.1\complex ****     }
 256:c:\program files\daisytoolchain\arm-none-eabi\include\c++\10.2.1\complex **** 
ARM GAS  C:\Users\FINNDY~1\AppData\Local\Temp\cc2bY4Gm.s 			page 8


 257:c:\program files\daisytoolchain\arm-none-eabi\include\c++\10.2.1\complex ****   // 26.2.5/7
 258:c:\program files\daisytoolchain\arm-none-eabi\include\c++\10.2.1\complex ****   template<typename _Tp>
 259:c:\program files\daisytoolchain\arm-none-eabi\include\c++\10.2.1\complex ****     _GLIBCXX20_CONSTEXPR complex<_Tp>&
 260:c:\program files\daisytoolchain\arm-none-eabi\include\c++\10.2.1\complex ****     complex<_Tp>::operator/=(const _Tp& __t)
 261:c:\program files\daisytoolchain\arm-none-eabi\include\c++\10.2.1\complex ****     {
 262:c:\program files\daisytoolchain\arm-none-eabi\include\c++\10.2.1\complex ****       _M_real /= __t;
 263:c:\program files\daisytoolchain\arm-none-eabi\include\c++\10.2.1\complex ****       _M_imag /= __t;
 264:c:\program files\daisytoolchain\arm-none-eabi\include\c++\10.2.1\complex ****       return *this;
 265:c:\program files\daisytoolchain\arm-none-eabi\include\c++\10.2.1\complex ****     }
 266:c:\program files\daisytoolchain\arm-none-eabi\include\c++\10.2.1\complex **** 
 267:c:\program files\daisytoolchain\arm-none-eabi\include\c++\10.2.1\complex ****   template<typename _Tp>
 268:c:\program files\daisytoolchain\arm-none-eabi\include\c++\10.2.1\complex ****     template<typename _Up>
 269:c:\program files\daisytoolchain\arm-none-eabi\include\c++\10.2.1\complex ****     _GLIBCXX20_CONSTEXPR complex<_Tp>&
 270:c:\program files\daisytoolchain\arm-none-eabi\include\c++\10.2.1\complex ****     complex<_Tp>::operator=(const complex<_Up>& __z)
 271:c:\program files\daisytoolchain\arm-none-eabi\include\c++\10.2.1\complex ****     {
 272:c:\program files\daisytoolchain\arm-none-eabi\include\c++\10.2.1\complex ****       _M_real = __z.real();
 273:c:\program files\daisytoolchain\arm-none-eabi\include\c++\10.2.1\complex ****       _M_imag = __z.imag();
 274:c:\program files\daisytoolchain\arm-none-eabi\include\c++\10.2.1\complex ****       return *this;
 275:c:\program files\daisytoolchain\arm-none-eabi\include\c++\10.2.1\complex ****     }
 276:c:\program files\daisytoolchain\arm-none-eabi\include\c++\10.2.1\complex **** 
 277:c:\program files\daisytoolchain\arm-none-eabi\include\c++\10.2.1\complex ****   // 26.2.5/9
 278:c:\program files\daisytoolchain\arm-none-eabi\include\c++\10.2.1\complex ****   template<typename _Tp>
 279:c:\program files\daisytoolchain\arm-none-eabi\include\c++\10.2.1\complex ****     template<typename _Up>
 280:c:\program files\daisytoolchain\arm-none-eabi\include\c++\10.2.1\complex ****     _GLIBCXX20_CONSTEXPR complex<_Tp>&
 281:c:\program files\daisytoolchain\arm-none-eabi\include\c++\10.2.1\complex ****     complex<_Tp>::operator+=(const complex<_Up>& __z)
 282:c:\program files\daisytoolchain\arm-none-eabi\include\c++\10.2.1\complex ****     {
 283:c:\program files\daisytoolchain\arm-none-eabi\include\c++\10.2.1\complex ****       _M_real += __z.real();
 284:c:\program files\daisytoolchain\arm-none-eabi\include\c++\10.2.1\complex ****       _M_imag += __z.imag();
 285:c:\program files\daisytoolchain\arm-none-eabi\include\c++\10.2.1\complex ****       return *this;
 286:c:\program files\daisytoolchain\arm-none-eabi\include\c++\10.2.1\complex ****     }
 287:c:\program files\daisytoolchain\arm-none-eabi\include\c++\10.2.1\complex **** 
 288:c:\program files\daisytoolchain\arm-none-eabi\include\c++\10.2.1\complex ****   // 26.2.5/11
 289:c:\program files\daisytoolchain\arm-none-eabi\include\c++\10.2.1\complex ****   template<typename _Tp>
 290:c:\program files\daisytoolchain\arm-none-eabi\include\c++\10.2.1\complex ****     template<typename _Up>
 291:c:\program files\daisytoolchain\arm-none-eabi\include\c++\10.2.1\complex ****     _GLIBCXX20_CONSTEXPR complex<_Tp>&
 292:c:\program files\daisytoolchain\arm-none-eabi\include\c++\10.2.1\complex ****     complex<_Tp>::operator-=(const complex<_Up>& __z)
 293:c:\program files\daisytoolchain\arm-none-eabi\include\c++\10.2.1\complex ****     {
 294:c:\program files\daisytoolchain\arm-none-eabi\include\c++\10.2.1\complex ****       _M_real -= __z.real();
 295:c:\program files\daisytoolchain\arm-none-eabi\include\c++\10.2.1\complex ****       _M_imag -= __z.imag();
 296:c:\program files\daisytoolchain\arm-none-eabi\include\c++\10.2.1\complex ****       return *this;
 297:c:\program files\daisytoolchain\arm-none-eabi\include\c++\10.2.1\complex ****     }
 298:c:\program files\daisytoolchain\arm-none-eabi\include\c++\10.2.1\complex **** 
 299:c:\program files\daisytoolchain\arm-none-eabi\include\c++\10.2.1\complex ****   // 26.2.5/13
 300:c:\program files\daisytoolchain\arm-none-eabi\include\c++\10.2.1\complex ****   // XXX: This is a grammar school implementation.
 301:c:\program files\daisytoolchain\arm-none-eabi\include\c++\10.2.1\complex ****   template<typename _Tp>
 302:c:\program files\daisytoolchain\arm-none-eabi\include\c++\10.2.1\complex ****     template<typename _Up>
 303:c:\program files\daisytoolchain\arm-none-eabi\include\c++\10.2.1\complex ****     _GLIBCXX20_CONSTEXPR complex<_Tp>&
 304:c:\program files\daisytoolchain\arm-none-eabi\include\c++\10.2.1\complex ****     complex<_Tp>::operator*=(const complex<_Up>& __z)
 305:c:\program files\daisytoolchain\arm-none-eabi\include\c++\10.2.1\complex ****     {
 306:c:\program files\daisytoolchain\arm-none-eabi\include\c++\10.2.1\complex ****       const _Tp __r = _M_real * __z.real() - _M_imag * __z.imag();
 307:c:\program files\daisytoolchain\arm-none-eabi\include\c++\10.2.1\complex ****       _M_imag = _M_real * __z.imag() + _M_imag * __z.real();
 308:c:\program files\daisytoolchain\arm-none-eabi\include\c++\10.2.1\complex ****       _M_real = __r;
 309:c:\program files\daisytoolchain\arm-none-eabi\include\c++\10.2.1\complex ****       return *this;
 310:c:\program files\daisytoolchain\arm-none-eabi\include\c++\10.2.1\complex ****     }
 311:c:\program files\daisytoolchain\arm-none-eabi\include\c++\10.2.1\complex **** 
 312:c:\program files\daisytoolchain\arm-none-eabi\include\c++\10.2.1\complex ****   // 26.2.5/15
 313:c:\program files\daisytoolchain\arm-none-eabi\include\c++\10.2.1\complex ****   // XXX: This is a grammar school implementation.
ARM GAS  C:\Users\FINNDY~1\AppData\Local\Temp\cc2bY4Gm.s 			page 9


 314:c:\program files\daisytoolchain\arm-none-eabi\include\c++\10.2.1\complex ****   template<typename _Tp>
 315:c:\program files\daisytoolchain\arm-none-eabi\include\c++\10.2.1\complex ****     template<typename _Up>
 316:c:\program files\daisytoolchain\arm-none-eabi\include\c++\10.2.1\complex ****     _GLIBCXX20_CONSTEXPR complex<_Tp>&
 317:c:\program files\daisytoolchain\arm-none-eabi\include\c++\10.2.1\complex ****     complex<_Tp>::operator/=(const complex<_Up>& __z)
 318:c:\program files\daisytoolchain\arm-none-eabi\include\c++\10.2.1\complex ****     {
 319:c:\program files\daisytoolchain\arm-none-eabi\include\c++\10.2.1\complex ****       const _Tp __r =  _M_real * __z.real() + _M_imag * __z.imag();
 320:c:\program files\daisytoolchain\arm-none-eabi\include\c++\10.2.1\complex ****       const _Tp __n = std::norm(__z);
 321:c:\program files\daisytoolchain\arm-none-eabi\include\c++\10.2.1\complex ****       _M_imag = (_M_imag * __z.real() - _M_real * __z.imag()) / __n;
 322:c:\program files\daisytoolchain\arm-none-eabi\include\c++\10.2.1\complex ****       _M_real = __r / __n;
 323:c:\program files\daisytoolchain\arm-none-eabi\include\c++\10.2.1\complex ****       return *this;
 324:c:\program files\daisytoolchain\arm-none-eabi\include\c++\10.2.1\complex ****     }
 325:c:\program files\daisytoolchain\arm-none-eabi\include\c++\10.2.1\complex **** 
 326:c:\program files\daisytoolchain\arm-none-eabi\include\c++\10.2.1\complex ****   // Operators:
 327:c:\program files\daisytoolchain\arm-none-eabi\include\c++\10.2.1\complex ****   //@{
 328:c:\program files\daisytoolchain\arm-none-eabi\include\c++\10.2.1\complex ****   ///  Return new complex value @a x plus @a y.
 329:c:\program files\daisytoolchain\arm-none-eabi\include\c++\10.2.1\complex ****   template<typename _Tp>
 330:c:\program files\daisytoolchain\arm-none-eabi\include\c++\10.2.1\complex ****     inline _GLIBCXX20_CONSTEXPR complex<_Tp>
 331:c:\program files\daisytoolchain\arm-none-eabi\include\c++\10.2.1\complex ****     operator+(const complex<_Tp>& __x, const complex<_Tp>& __y)
 332:c:\program files\daisytoolchain\arm-none-eabi\include\c++\10.2.1\complex ****     {
 333:c:\program files\daisytoolchain\arm-none-eabi\include\c++\10.2.1\complex ****       complex<_Tp> __r = __x;
 334:c:\program files\daisytoolchain\arm-none-eabi\include\c++\10.2.1\complex ****       __r += __y;
 335:c:\program files\daisytoolchain\arm-none-eabi\include\c++\10.2.1\complex ****       return __r;
 336:c:\program files\daisytoolchain\arm-none-eabi\include\c++\10.2.1\complex ****     }
 337:c:\program files\daisytoolchain\arm-none-eabi\include\c++\10.2.1\complex **** 
 338:c:\program files\daisytoolchain\arm-none-eabi\include\c++\10.2.1\complex ****   template<typename _Tp>
 339:c:\program files\daisytoolchain\arm-none-eabi\include\c++\10.2.1\complex ****     inline _GLIBCXX20_CONSTEXPR complex<_Tp>
 340:c:\program files\daisytoolchain\arm-none-eabi\include\c++\10.2.1\complex ****     operator+(const complex<_Tp>& __x, const _Tp& __y)
 341:c:\program files\daisytoolchain\arm-none-eabi\include\c++\10.2.1\complex ****     {
 342:c:\program files\daisytoolchain\arm-none-eabi\include\c++\10.2.1\complex ****       complex<_Tp> __r = __x;
 343:c:\program files\daisytoolchain\arm-none-eabi\include\c++\10.2.1\complex ****       __r += __y;
 344:c:\program files\daisytoolchain\arm-none-eabi\include\c++\10.2.1\complex ****       return __r;
 345:c:\program files\daisytoolchain\arm-none-eabi\include\c++\10.2.1\complex ****     }
 346:c:\program files\daisytoolchain\arm-none-eabi\include\c++\10.2.1\complex **** 
 347:c:\program files\daisytoolchain\arm-none-eabi\include\c++\10.2.1\complex ****   template<typename _Tp>
 348:c:\program files\daisytoolchain\arm-none-eabi\include\c++\10.2.1\complex ****     inline _GLIBCXX20_CONSTEXPR complex<_Tp>
 349:c:\program files\daisytoolchain\arm-none-eabi\include\c++\10.2.1\complex ****     operator+(const _Tp& __x, const complex<_Tp>& __y)
 350:c:\program files\daisytoolchain\arm-none-eabi\include\c++\10.2.1\complex ****     {
 351:c:\program files\daisytoolchain\arm-none-eabi\include\c++\10.2.1\complex ****       complex<_Tp> __r = __y;
 352:c:\program files\daisytoolchain\arm-none-eabi\include\c++\10.2.1\complex ****       __r += __x;
 353:c:\program files\daisytoolchain\arm-none-eabi\include\c++\10.2.1\complex ****       return __r;
 354:c:\program files\daisytoolchain\arm-none-eabi\include\c++\10.2.1\complex ****     }
 355:c:\program files\daisytoolchain\arm-none-eabi\include\c++\10.2.1\complex ****   //@}
 356:c:\program files\daisytoolchain\arm-none-eabi\include\c++\10.2.1\complex **** 
 357:c:\program files\daisytoolchain\arm-none-eabi\include\c++\10.2.1\complex ****   //@{
 358:c:\program files\daisytoolchain\arm-none-eabi\include\c++\10.2.1\complex ****   ///  Return new complex value @a x minus @a y.
 359:c:\program files\daisytoolchain\arm-none-eabi\include\c++\10.2.1\complex ****   template<typename _Tp>
 360:c:\program files\daisytoolchain\arm-none-eabi\include\c++\10.2.1\complex ****     inline _GLIBCXX20_CONSTEXPR complex<_Tp>
 361:c:\program files\daisytoolchain\arm-none-eabi\include\c++\10.2.1\complex ****     operator-(const complex<_Tp>& __x, const complex<_Tp>& __y)
 362:c:\program files\daisytoolchain\arm-none-eabi\include\c++\10.2.1\complex ****     {
 363:c:\program files\daisytoolchain\arm-none-eabi\include\c++\10.2.1\complex ****       complex<_Tp> __r = __x;
 364:c:\program files\daisytoolchain\arm-none-eabi\include\c++\10.2.1\complex ****       __r -= __y;
 365:c:\program files\daisytoolchain\arm-none-eabi\include\c++\10.2.1\complex ****       return __r;
 366:c:\program files\daisytoolchain\arm-none-eabi\include\c++\10.2.1\complex ****     }
 367:c:\program files\daisytoolchain\arm-none-eabi\include\c++\10.2.1\complex **** 
 368:c:\program files\daisytoolchain\arm-none-eabi\include\c++\10.2.1\complex ****   template<typename _Tp>
 369:c:\program files\daisytoolchain\arm-none-eabi\include\c++\10.2.1\complex ****     inline _GLIBCXX20_CONSTEXPR complex<_Tp>
 370:c:\program files\daisytoolchain\arm-none-eabi\include\c++\10.2.1\complex ****     operator-(const complex<_Tp>& __x, const _Tp& __y)
ARM GAS  C:\Users\FINNDY~1\AppData\Local\Temp\cc2bY4Gm.s 			page 10


 371:c:\program files\daisytoolchain\arm-none-eabi\include\c++\10.2.1\complex ****     {
 372:c:\program files\daisytoolchain\arm-none-eabi\include\c++\10.2.1\complex ****       complex<_Tp> __r = __x;
 373:c:\program files\daisytoolchain\arm-none-eabi\include\c++\10.2.1\complex ****       __r -= __y;
 374:c:\program files\daisytoolchain\arm-none-eabi\include\c++\10.2.1\complex ****       return __r;
 375:c:\program files\daisytoolchain\arm-none-eabi\include\c++\10.2.1\complex ****     }
 376:c:\program files\daisytoolchain\arm-none-eabi\include\c++\10.2.1\complex **** 
 377:c:\program files\daisytoolchain\arm-none-eabi\include\c++\10.2.1\complex ****   template<typename _Tp>
 378:c:\program files\daisytoolchain\arm-none-eabi\include\c++\10.2.1\complex ****     inline _GLIBCXX20_CONSTEXPR complex<_Tp>
 379:c:\program files\daisytoolchain\arm-none-eabi\include\c++\10.2.1\complex ****     operator-(const _Tp& __x, const complex<_Tp>& __y)
 380:c:\program files\daisytoolchain\arm-none-eabi\include\c++\10.2.1\complex ****     {
 381:c:\program files\daisytoolchain\arm-none-eabi\include\c++\10.2.1\complex ****       complex<_Tp> __r = -__y;
 382:c:\program files\daisytoolchain\arm-none-eabi\include\c++\10.2.1\complex ****       __r += __x;
 383:c:\program files\daisytoolchain\arm-none-eabi\include\c++\10.2.1\complex ****       return __r;
 384:c:\program files\daisytoolchain\arm-none-eabi\include\c++\10.2.1\complex ****     }
 385:c:\program files\daisytoolchain\arm-none-eabi\include\c++\10.2.1\complex ****   //@}
 386:c:\program files\daisytoolchain\arm-none-eabi\include\c++\10.2.1\complex **** 
 387:c:\program files\daisytoolchain\arm-none-eabi\include\c++\10.2.1\complex ****   //@{
 388:c:\program files\daisytoolchain\arm-none-eabi\include\c++\10.2.1\complex ****   ///  Return new complex value @a x times @a y.
 389:c:\program files\daisytoolchain\arm-none-eabi\include\c++\10.2.1\complex ****   template<typename _Tp>
 390:c:\program files\daisytoolchain\arm-none-eabi\include\c++\10.2.1\complex ****     inline _GLIBCXX20_CONSTEXPR complex<_Tp>
 391:c:\program files\daisytoolchain\arm-none-eabi\include\c++\10.2.1\complex ****     operator*(const complex<_Tp>& __x, const complex<_Tp>& __y)
 392:c:\program files\daisytoolchain\arm-none-eabi\include\c++\10.2.1\complex ****     {
 393:c:\program files\daisytoolchain\arm-none-eabi\include\c++\10.2.1\complex ****       complex<_Tp> __r = __x;
 394:c:\program files\daisytoolchain\arm-none-eabi\include\c++\10.2.1\complex ****       __r *= __y;
 395:c:\program files\daisytoolchain\arm-none-eabi\include\c++\10.2.1\complex ****       return __r;
 396:c:\program files\daisytoolchain\arm-none-eabi\include\c++\10.2.1\complex ****     }
 397:c:\program files\daisytoolchain\arm-none-eabi\include\c++\10.2.1\complex **** 
 398:c:\program files\daisytoolchain\arm-none-eabi\include\c++\10.2.1\complex ****   template<typename _Tp>
 399:c:\program files\daisytoolchain\arm-none-eabi\include\c++\10.2.1\complex ****     inline _GLIBCXX20_CONSTEXPR complex<_Tp>
 400:c:\program files\daisytoolchain\arm-none-eabi\include\c++\10.2.1\complex ****     operator*(const complex<_Tp>& __x, const _Tp& __y)
 401:c:\program files\daisytoolchain\arm-none-eabi\include\c++\10.2.1\complex ****     {
 402:c:\program files\daisytoolchain\arm-none-eabi\include\c++\10.2.1\complex ****       complex<_Tp> __r = __x;
 403:c:\program files\daisytoolchain\arm-none-eabi\include\c++\10.2.1\complex ****       __r *= __y;
 404:c:\program files\daisytoolchain\arm-none-eabi\include\c++\10.2.1\complex ****       return __r;
 405:c:\program files\daisytoolchain\arm-none-eabi\include\c++\10.2.1\complex ****     }
 406:c:\program files\daisytoolchain\arm-none-eabi\include\c++\10.2.1\complex **** 
 407:c:\program files\daisytoolchain\arm-none-eabi\include\c++\10.2.1\complex ****   template<typename _Tp>
 408:c:\program files\daisytoolchain\arm-none-eabi\include\c++\10.2.1\complex ****     inline _GLIBCXX20_CONSTEXPR complex<_Tp>
 409:c:\program files\daisytoolchain\arm-none-eabi\include\c++\10.2.1\complex ****     operator*(const _Tp& __x, const complex<_Tp>& __y)
 410:c:\program files\daisytoolchain\arm-none-eabi\include\c++\10.2.1\complex ****     {
 411:c:\program files\daisytoolchain\arm-none-eabi\include\c++\10.2.1\complex ****       complex<_Tp> __r = __y;
 412:c:\program files\daisytoolchain\arm-none-eabi\include\c++\10.2.1\complex ****       __r *= __x;
 413:c:\program files\daisytoolchain\arm-none-eabi\include\c++\10.2.1\complex ****       return __r;
 414:c:\program files\daisytoolchain\arm-none-eabi\include\c++\10.2.1\complex ****     }
 415:c:\program files\daisytoolchain\arm-none-eabi\include\c++\10.2.1\complex ****   //@}
 416:c:\program files\daisytoolchain\arm-none-eabi\include\c++\10.2.1\complex **** 
 417:c:\program files\daisytoolchain\arm-none-eabi\include\c++\10.2.1\complex ****   //@{
 418:c:\program files\daisytoolchain\arm-none-eabi\include\c++\10.2.1\complex ****   ///  Return new complex value @a x divided by @a y.
 419:c:\program files\daisytoolchain\arm-none-eabi\include\c++\10.2.1\complex ****   template<typename _Tp>
 420:c:\program files\daisytoolchain\arm-none-eabi\include\c++\10.2.1\complex ****     inline _GLIBCXX20_CONSTEXPR complex<_Tp>
 421:c:\program files\daisytoolchain\arm-none-eabi\include\c++\10.2.1\complex ****     operator/(const complex<_Tp>& __x, const complex<_Tp>& __y)
 422:c:\program files\daisytoolchain\arm-none-eabi\include\c++\10.2.1\complex ****     {
 423:c:\program files\daisytoolchain\arm-none-eabi\include\c++\10.2.1\complex ****       complex<_Tp> __r = __x;
 424:c:\program files\daisytoolchain\arm-none-eabi\include\c++\10.2.1\complex ****       __r /= __y;
 425:c:\program files\daisytoolchain\arm-none-eabi\include\c++\10.2.1\complex ****       return __r;
 426:c:\program files\daisytoolchain\arm-none-eabi\include\c++\10.2.1\complex ****     }
 427:c:\program files\daisytoolchain\arm-none-eabi\include\c++\10.2.1\complex **** 
ARM GAS  C:\Users\FINNDY~1\AppData\Local\Temp\cc2bY4Gm.s 			page 11


 428:c:\program files\daisytoolchain\arm-none-eabi\include\c++\10.2.1\complex ****   template<typename _Tp>
 429:c:\program files\daisytoolchain\arm-none-eabi\include\c++\10.2.1\complex ****     inline _GLIBCXX20_CONSTEXPR complex<_Tp>
 430:c:\program files\daisytoolchain\arm-none-eabi\include\c++\10.2.1\complex ****     operator/(const complex<_Tp>& __x, const _Tp& __y)
 431:c:\program files\daisytoolchain\arm-none-eabi\include\c++\10.2.1\complex ****     {
 432:c:\program files\daisytoolchain\arm-none-eabi\include\c++\10.2.1\complex ****       complex<_Tp> __r = __x;
 433:c:\program files\daisytoolchain\arm-none-eabi\include\c++\10.2.1\complex ****       __r /= __y;
 434:c:\program files\daisytoolchain\arm-none-eabi\include\c++\10.2.1\complex ****       return __r;
 435:c:\program files\daisytoolchain\arm-none-eabi\include\c++\10.2.1\complex ****     }
 436:c:\program files\daisytoolchain\arm-none-eabi\include\c++\10.2.1\complex **** 
 437:c:\program files\daisytoolchain\arm-none-eabi\include\c++\10.2.1\complex ****   template<typename _Tp>
 438:c:\program files\daisytoolchain\arm-none-eabi\include\c++\10.2.1\complex ****     inline _GLIBCXX20_CONSTEXPR complex<_Tp>
 439:c:\program files\daisytoolchain\arm-none-eabi\include\c++\10.2.1\complex ****     operator/(const _Tp& __x, const complex<_Tp>& __y)
 440:c:\program files\daisytoolchain\arm-none-eabi\include\c++\10.2.1\complex ****     {
 441:c:\program files\daisytoolchain\arm-none-eabi\include\c++\10.2.1\complex ****       complex<_Tp> __r = __x;
 442:c:\program files\daisytoolchain\arm-none-eabi\include\c++\10.2.1\complex ****       __r /= __y;
 443:c:\program files\daisytoolchain\arm-none-eabi\include\c++\10.2.1\complex ****       return __r;
 444:c:\program files\daisytoolchain\arm-none-eabi\include\c++\10.2.1\complex ****     }
 445:c:\program files\daisytoolchain\arm-none-eabi\include\c++\10.2.1\complex ****   //@}
 446:c:\program files\daisytoolchain\arm-none-eabi\include\c++\10.2.1\complex **** 
 447:c:\program files\daisytoolchain\arm-none-eabi\include\c++\10.2.1\complex ****   ///  Return @a x.
 448:c:\program files\daisytoolchain\arm-none-eabi\include\c++\10.2.1\complex ****   template<typename _Tp>
 449:c:\program files\daisytoolchain\arm-none-eabi\include\c++\10.2.1\complex ****     inline _GLIBCXX20_CONSTEXPR complex<_Tp>
 450:c:\program files\daisytoolchain\arm-none-eabi\include\c++\10.2.1\complex ****     operator+(const complex<_Tp>& __x)
 451:c:\program files\daisytoolchain\arm-none-eabi\include\c++\10.2.1\complex ****     { return __x; }
 452:c:\program files\daisytoolchain\arm-none-eabi\include\c++\10.2.1\complex **** 
 453:c:\program files\daisytoolchain\arm-none-eabi\include\c++\10.2.1\complex ****   ///  Return complex negation of @a x.
 454:c:\program files\daisytoolchain\arm-none-eabi\include\c++\10.2.1\complex ****   template<typename _Tp>
 455:c:\program files\daisytoolchain\arm-none-eabi\include\c++\10.2.1\complex ****     inline _GLIBCXX20_CONSTEXPR complex<_Tp>
 456:c:\program files\daisytoolchain\arm-none-eabi\include\c++\10.2.1\complex ****     operator-(const complex<_Tp>& __x)
 457:c:\program files\daisytoolchain\arm-none-eabi\include\c++\10.2.1\complex ****     { return complex<_Tp>(-__x.real(), -__x.imag()); }
 458:c:\program files\daisytoolchain\arm-none-eabi\include\c++\10.2.1\complex **** 
 459:c:\program files\daisytoolchain\arm-none-eabi\include\c++\10.2.1\complex ****   //@{
 460:c:\program files\daisytoolchain\arm-none-eabi\include\c++\10.2.1\complex ****   ///  Return true if @a x is equal to @a y.
 461:c:\program files\daisytoolchain\arm-none-eabi\include\c++\10.2.1\complex ****   template<typename _Tp>
 462:c:\program files\daisytoolchain\arm-none-eabi\include\c++\10.2.1\complex ****     inline _GLIBCXX_CONSTEXPR bool
 463:c:\program files\daisytoolchain\arm-none-eabi\include\c++\10.2.1\complex ****     operator==(const complex<_Tp>& __x, const complex<_Tp>& __y)
 464:c:\program files\daisytoolchain\arm-none-eabi\include\c++\10.2.1\complex ****     { return __x.real() == __y.real() && __x.imag() == __y.imag(); }
 465:c:\program files\daisytoolchain\arm-none-eabi\include\c++\10.2.1\complex **** 
 466:c:\program files\daisytoolchain\arm-none-eabi\include\c++\10.2.1\complex ****   template<typename _Tp>
 467:c:\program files\daisytoolchain\arm-none-eabi\include\c++\10.2.1\complex ****     inline _GLIBCXX_CONSTEXPR bool
 468:c:\program files\daisytoolchain\arm-none-eabi\include\c++\10.2.1\complex ****     operator==(const complex<_Tp>& __x, const _Tp& __y)
 469:c:\program files\daisytoolchain\arm-none-eabi\include\c++\10.2.1\complex ****     { return __x.real() == __y && __x.imag() == _Tp(); }
 470:c:\program files\daisytoolchain\arm-none-eabi\include\c++\10.2.1\complex **** 
 471:c:\program files\daisytoolchain\arm-none-eabi\include\c++\10.2.1\complex **** #if !(__cpp_impl_three_way_comparison >= 201907L)
 472:c:\program files\daisytoolchain\arm-none-eabi\include\c++\10.2.1\complex ****   template<typename _Tp>
 473:c:\program files\daisytoolchain\arm-none-eabi\include\c++\10.2.1\complex ****     inline _GLIBCXX_CONSTEXPR bool
 474:c:\program files\daisytoolchain\arm-none-eabi\include\c++\10.2.1\complex ****     operator==(const _Tp& __x, const complex<_Tp>& __y)
 475:c:\program files\daisytoolchain\arm-none-eabi\include\c++\10.2.1\complex ****     { return __x == __y.real() && _Tp() == __y.imag(); }
 476:c:\program files\daisytoolchain\arm-none-eabi\include\c++\10.2.1\complex ****   //@}
 477:c:\program files\daisytoolchain\arm-none-eabi\include\c++\10.2.1\complex **** 
 478:c:\program files\daisytoolchain\arm-none-eabi\include\c++\10.2.1\complex ****   //@{
 479:c:\program files\daisytoolchain\arm-none-eabi\include\c++\10.2.1\complex ****   ///  Return false if @a x is equal to @a y.
 480:c:\program files\daisytoolchain\arm-none-eabi\include\c++\10.2.1\complex ****   template<typename _Tp>
 481:c:\program files\daisytoolchain\arm-none-eabi\include\c++\10.2.1\complex ****     inline _GLIBCXX_CONSTEXPR bool
 482:c:\program files\daisytoolchain\arm-none-eabi\include\c++\10.2.1\complex ****     operator!=(const complex<_Tp>& __x, const complex<_Tp>& __y)
 483:c:\program files\daisytoolchain\arm-none-eabi\include\c++\10.2.1\complex ****     { return __x.real() != __y.real() || __x.imag() != __y.imag(); }
 484:c:\program files\daisytoolchain\arm-none-eabi\include\c++\10.2.1\complex **** 
ARM GAS  C:\Users\FINNDY~1\AppData\Local\Temp\cc2bY4Gm.s 			page 12


 485:c:\program files\daisytoolchain\arm-none-eabi\include\c++\10.2.1\complex ****   template<typename _Tp>
 486:c:\program files\daisytoolchain\arm-none-eabi\include\c++\10.2.1\complex ****     inline _GLIBCXX_CONSTEXPR bool
 487:c:\program files\daisytoolchain\arm-none-eabi\include\c++\10.2.1\complex ****     operator!=(const complex<_Tp>& __x, const _Tp& __y)
 488:c:\program files\daisytoolchain\arm-none-eabi\include\c++\10.2.1\complex ****     { return __x.real() != __y || __x.imag() != _Tp(); }
 489:c:\program files\daisytoolchain\arm-none-eabi\include\c++\10.2.1\complex **** 
 490:c:\program files\daisytoolchain\arm-none-eabi\include\c++\10.2.1\complex ****   template<typename _Tp>
 491:c:\program files\daisytoolchain\arm-none-eabi\include\c++\10.2.1\complex ****     inline _GLIBCXX_CONSTEXPR bool
 492:c:\program files\daisytoolchain\arm-none-eabi\include\c++\10.2.1\complex ****     operator!=(const _Tp& __x, const complex<_Tp>& __y)
 493:c:\program files\daisytoolchain\arm-none-eabi\include\c++\10.2.1\complex ****     { return __x != __y.real() || _Tp() != __y.imag(); }
 494:c:\program files\daisytoolchain\arm-none-eabi\include\c++\10.2.1\complex **** #endif
 495:c:\program files\daisytoolchain\arm-none-eabi\include\c++\10.2.1\complex ****   //@}
 496:c:\program files\daisytoolchain\arm-none-eabi\include\c++\10.2.1\complex **** 
 497:c:\program files\daisytoolchain\arm-none-eabi\include\c++\10.2.1\complex ****   ///  Extraction operator for complex values.
 498:c:\program files\daisytoolchain\arm-none-eabi\include\c++\10.2.1\complex ****   template<typename _Tp, typename _CharT, class _Traits>
 499:c:\program files\daisytoolchain\arm-none-eabi\include\c++\10.2.1\complex ****     basic_istream<_CharT, _Traits>&
 500:c:\program files\daisytoolchain\arm-none-eabi\include\c++\10.2.1\complex ****     operator>>(basic_istream<_CharT, _Traits>& __is, complex<_Tp>& __x)
 501:c:\program files\daisytoolchain\arm-none-eabi\include\c++\10.2.1\complex ****     {
 502:c:\program files\daisytoolchain\arm-none-eabi\include\c++\10.2.1\complex ****       bool __fail = true;
 503:c:\program files\daisytoolchain\arm-none-eabi\include\c++\10.2.1\complex ****       _CharT __ch;
 504:c:\program files\daisytoolchain\arm-none-eabi\include\c++\10.2.1\complex ****       if (__is >> __ch)
 505:c:\program files\daisytoolchain\arm-none-eabi\include\c++\10.2.1\complex **** 	{
 506:c:\program files\daisytoolchain\arm-none-eabi\include\c++\10.2.1\complex **** 	  if (_Traits::eq(__ch, __is.widen('(')))
 507:c:\program files\daisytoolchain\arm-none-eabi\include\c++\10.2.1\complex **** 	    {
 508:c:\program files\daisytoolchain\arm-none-eabi\include\c++\10.2.1\complex **** 	      _Tp __u;
 509:c:\program files\daisytoolchain\arm-none-eabi\include\c++\10.2.1\complex **** 	      if (__is >> __u >> __ch)
 510:c:\program files\daisytoolchain\arm-none-eabi\include\c++\10.2.1\complex **** 		{
 511:c:\program files\daisytoolchain\arm-none-eabi\include\c++\10.2.1\complex **** 		  const _CharT __rparen = __is.widen(')');
 512:c:\program files\daisytoolchain\arm-none-eabi\include\c++\10.2.1\complex **** 		  if (_Traits::eq(__ch, __rparen))
 513:c:\program files\daisytoolchain\arm-none-eabi\include\c++\10.2.1\complex **** 		    {
 514:c:\program files\daisytoolchain\arm-none-eabi\include\c++\10.2.1\complex **** 		      __x = __u;
 515:c:\program files\daisytoolchain\arm-none-eabi\include\c++\10.2.1\complex **** 		      __fail = false;
 516:c:\program files\daisytoolchain\arm-none-eabi\include\c++\10.2.1\complex **** 		    }
 517:c:\program files\daisytoolchain\arm-none-eabi\include\c++\10.2.1\complex **** 		  else if (_Traits::eq(__ch, __is.widen(',')))
 518:c:\program files\daisytoolchain\arm-none-eabi\include\c++\10.2.1\complex **** 		    {
 519:c:\program files\daisytoolchain\arm-none-eabi\include\c++\10.2.1\complex **** 		      _Tp __v;
 520:c:\program files\daisytoolchain\arm-none-eabi\include\c++\10.2.1\complex **** 		      if (__is >> __v >> __ch)
 521:c:\program files\daisytoolchain\arm-none-eabi\include\c++\10.2.1\complex **** 			{
 522:c:\program files\daisytoolchain\arm-none-eabi\include\c++\10.2.1\complex **** 			  if (_Traits::eq(__ch, __rparen))
 523:c:\program files\daisytoolchain\arm-none-eabi\include\c++\10.2.1\complex **** 			    {
 524:c:\program files\daisytoolchain\arm-none-eabi\include\c++\10.2.1\complex **** 			      __x = complex<_Tp>(__u, __v);
 525:c:\program files\daisytoolchain\arm-none-eabi\include\c++\10.2.1\complex **** 			      __fail = false;
 526:c:\program files\daisytoolchain\arm-none-eabi\include\c++\10.2.1\complex **** 			    }
 527:c:\program files\daisytoolchain\arm-none-eabi\include\c++\10.2.1\complex **** 			  else
 528:c:\program files\daisytoolchain\arm-none-eabi\include\c++\10.2.1\complex **** 			    __is.putback(__ch);
 529:c:\program files\daisytoolchain\arm-none-eabi\include\c++\10.2.1\complex **** 			}
 530:c:\program files\daisytoolchain\arm-none-eabi\include\c++\10.2.1\complex **** 		    }
 531:c:\program files\daisytoolchain\arm-none-eabi\include\c++\10.2.1\complex **** 		  else
 532:c:\program files\daisytoolchain\arm-none-eabi\include\c++\10.2.1\complex **** 		    __is.putback(__ch);
 533:c:\program files\daisytoolchain\arm-none-eabi\include\c++\10.2.1\complex **** 		}
 534:c:\program files\daisytoolchain\arm-none-eabi\include\c++\10.2.1\complex **** 	    }
 535:c:\program files\daisytoolchain\arm-none-eabi\include\c++\10.2.1\complex **** 	  else
 536:c:\program files\daisytoolchain\arm-none-eabi\include\c++\10.2.1\complex **** 	    {
 537:c:\program files\daisytoolchain\arm-none-eabi\include\c++\10.2.1\complex **** 	      __is.putback(__ch);
 538:c:\program files\daisytoolchain\arm-none-eabi\include\c++\10.2.1\complex **** 	      _Tp __u;
 539:c:\program files\daisytoolchain\arm-none-eabi\include\c++\10.2.1\complex **** 	      if (__is >> __u)
 540:c:\program files\daisytoolchain\arm-none-eabi\include\c++\10.2.1\complex **** 		{
 541:c:\program files\daisytoolchain\arm-none-eabi\include\c++\10.2.1\complex **** 		  __x = __u;
ARM GAS  C:\Users\FINNDY~1\AppData\Local\Temp\cc2bY4Gm.s 			page 13


 542:c:\program files\daisytoolchain\arm-none-eabi\include\c++\10.2.1\complex **** 		  __fail = false;
 543:c:\program files\daisytoolchain\arm-none-eabi\include\c++\10.2.1\complex **** 		}
 544:c:\program files\daisytoolchain\arm-none-eabi\include\c++\10.2.1\complex **** 	    }
 545:c:\program files\daisytoolchain\arm-none-eabi\include\c++\10.2.1\complex **** 	}
 546:c:\program files\daisytoolchain\arm-none-eabi\include\c++\10.2.1\complex ****       if (__fail)
 547:c:\program files\daisytoolchain\arm-none-eabi\include\c++\10.2.1\complex **** 	__is.setstate(ios_base::failbit);
 548:c:\program files\daisytoolchain\arm-none-eabi\include\c++\10.2.1\complex ****       return __is;
 549:c:\program files\daisytoolchain\arm-none-eabi\include\c++\10.2.1\complex ****     }
 550:c:\program files\daisytoolchain\arm-none-eabi\include\c++\10.2.1\complex **** 
 551:c:\program files\daisytoolchain\arm-none-eabi\include\c++\10.2.1\complex ****   ///  Insertion operator for complex values.
 552:c:\program files\daisytoolchain\arm-none-eabi\include\c++\10.2.1\complex ****   template<typename _Tp, typename _CharT, class _Traits>
 553:c:\program files\daisytoolchain\arm-none-eabi\include\c++\10.2.1\complex ****     basic_ostream<_CharT, _Traits>&
 554:c:\program files\daisytoolchain\arm-none-eabi\include\c++\10.2.1\complex ****     operator<<(basic_ostream<_CharT, _Traits>& __os, const complex<_Tp>& __x)
 555:c:\program files\daisytoolchain\arm-none-eabi\include\c++\10.2.1\complex ****     {
 556:c:\program files\daisytoolchain\arm-none-eabi\include\c++\10.2.1\complex ****       basic_ostringstream<_CharT, _Traits> __s;
 557:c:\program files\daisytoolchain\arm-none-eabi\include\c++\10.2.1\complex ****       __s.flags(__os.flags());
 558:c:\program files\daisytoolchain\arm-none-eabi\include\c++\10.2.1\complex ****       __s.imbue(__os.getloc());
 559:c:\program files\daisytoolchain\arm-none-eabi\include\c++\10.2.1\complex ****       __s.precision(__os.precision());
 560:c:\program files\daisytoolchain\arm-none-eabi\include\c++\10.2.1\complex ****       __s << '(' << __x.real() << ',' << __x.imag() << ')';
 561:c:\program files\daisytoolchain\arm-none-eabi\include\c++\10.2.1\complex ****       return __os << __s.str();
 562:c:\program files\daisytoolchain\arm-none-eabi\include\c++\10.2.1\complex ****     }
 563:c:\program files\daisytoolchain\arm-none-eabi\include\c++\10.2.1\complex **** 
 564:c:\program files\daisytoolchain\arm-none-eabi\include\c++\10.2.1\complex ****   // Values
 565:c:\program files\daisytoolchain\arm-none-eabi\include\c++\10.2.1\complex **** #if __cplusplus >= 201103L
 566:c:\program files\daisytoolchain\arm-none-eabi\include\c++\10.2.1\complex ****   template<typename _Tp>
 567:c:\program files\daisytoolchain\arm-none-eabi\include\c++\10.2.1\complex ****     constexpr _Tp
 568:c:\program files\daisytoolchain\arm-none-eabi\include\c++\10.2.1\complex ****     real(const complex<_Tp>& __z)
 569:c:\program files\daisytoolchain\arm-none-eabi\include\c++\10.2.1\complex ****     { return __z.real(); }
 570:c:\program files\daisytoolchain\arm-none-eabi\include\c++\10.2.1\complex **** 
 571:c:\program files\daisytoolchain\arm-none-eabi\include\c++\10.2.1\complex ****   template<typename _Tp>
 572:c:\program files\daisytoolchain\arm-none-eabi\include\c++\10.2.1\complex ****     constexpr _Tp
 573:c:\program files\daisytoolchain\arm-none-eabi\include\c++\10.2.1\complex ****     imag(const complex<_Tp>& __z)
 574:c:\program files\daisytoolchain\arm-none-eabi\include\c++\10.2.1\complex ****     { return __z.imag(); }
 575:c:\program files\daisytoolchain\arm-none-eabi\include\c++\10.2.1\complex **** #else
 576:c:\program files\daisytoolchain\arm-none-eabi\include\c++\10.2.1\complex ****   template<typename _Tp>
 577:c:\program files\daisytoolchain\arm-none-eabi\include\c++\10.2.1\complex ****     inline _Tp&
 578:c:\program files\daisytoolchain\arm-none-eabi\include\c++\10.2.1\complex ****     real(complex<_Tp>& __z)
 579:c:\program files\daisytoolchain\arm-none-eabi\include\c++\10.2.1\complex ****     { return __z.real(); }
 580:c:\program files\daisytoolchain\arm-none-eabi\include\c++\10.2.1\complex **** 
 581:c:\program files\daisytoolchain\arm-none-eabi\include\c++\10.2.1\complex ****   template<typename _Tp>
 582:c:\program files\daisytoolchain\arm-none-eabi\include\c++\10.2.1\complex ****     inline const _Tp&
 583:c:\program files\daisytoolchain\arm-none-eabi\include\c++\10.2.1\complex ****     real(const complex<_Tp>& __z)
 584:c:\program files\daisytoolchain\arm-none-eabi\include\c++\10.2.1\complex ****     { return __z.real(); }
 585:c:\program files\daisytoolchain\arm-none-eabi\include\c++\10.2.1\complex **** 
 586:c:\program files\daisytoolchain\arm-none-eabi\include\c++\10.2.1\complex ****   template<typename _Tp>
 587:c:\program files\daisytoolchain\arm-none-eabi\include\c++\10.2.1\complex ****     inline _Tp&
 588:c:\program files\daisytoolchain\arm-none-eabi\include\c++\10.2.1\complex ****     imag(complex<_Tp>& __z)
 589:c:\program files\daisytoolchain\arm-none-eabi\include\c++\10.2.1\complex ****     { return __z.imag(); }
 590:c:\program files\daisytoolchain\arm-none-eabi\include\c++\10.2.1\complex **** 
 591:c:\program files\daisytoolchain\arm-none-eabi\include\c++\10.2.1\complex ****   template<typename _Tp>
 592:c:\program files\daisytoolchain\arm-none-eabi\include\c++\10.2.1\complex ****     inline const _Tp&
 593:c:\program files\daisytoolchain\arm-none-eabi\include\c++\10.2.1\complex ****     imag(const complex<_Tp>& __z)
 594:c:\program files\daisytoolchain\arm-none-eabi\include\c++\10.2.1\complex ****     { return __z.imag(); }
 595:c:\program files\daisytoolchain\arm-none-eabi\include\c++\10.2.1\complex **** #endif
 596:c:\program files\daisytoolchain\arm-none-eabi\include\c++\10.2.1\complex **** 
 597:c:\program files\daisytoolchain\arm-none-eabi\include\c++\10.2.1\complex ****   // 26.2.7/3 abs(__z):  Returns the magnitude of __z.
 598:c:\program files\daisytoolchain\arm-none-eabi\include\c++\10.2.1\complex ****   template<typename _Tp>
ARM GAS  C:\Users\FINNDY~1\AppData\Local\Temp\cc2bY4Gm.s 			page 14


 599:c:\program files\daisytoolchain\arm-none-eabi\include\c++\10.2.1\complex ****     inline _Tp
 600:c:\program files\daisytoolchain\arm-none-eabi\include\c++\10.2.1\complex ****     __complex_abs(const complex<_Tp>& __z)
 601:c:\program files\daisytoolchain\arm-none-eabi\include\c++\10.2.1\complex ****     {
 602:c:\program files\daisytoolchain\arm-none-eabi\include\c++\10.2.1\complex ****       _Tp __x = __z.real();
 603:c:\program files\daisytoolchain\arm-none-eabi\include\c++\10.2.1\complex ****       _Tp __y = __z.imag();
 604:c:\program files\daisytoolchain\arm-none-eabi\include\c++\10.2.1\complex ****       const _Tp __s = std::max(abs(__x), abs(__y));
 605:c:\program files\daisytoolchain\arm-none-eabi\include\c++\10.2.1\complex ****       if (__s == _Tp())  // well ...
 606:c:\program files\daisytoolchain\arm-none-eabi\include\c++\10.2.1\complex ****         return __s;
 607:c:\program files\daisytoolchain\arm-none-eabi\include\c++\10.2.1\complex ****       __x /= __s;
 608:c:\program files\daisytoolchain\arm-none-eabi\include\c++\10.2.1\complex ****       __y /= __s;
 609:c:\program files\daisytoolchain\arm-none-eabi\include\c++\10.2.1\complex ****       return __s * sqrt(__x * __x + __y * __y);
 610:c:\program files\daisytoolchain\arm-none-eabi\include\c++\10.2.1\complex ****     }
 611:c:\program files\daisytoolchain\arm-none-eabi\include\c++\10.2.1\complex **** 
 612:c:\program files\daisytoolchain\arm-none-eabi\include\c++\10.2.1\complex **** #if _GLIBCXX_USE_C99_COMPLEX
 613:c:\program files\daisytoolchain\arm-none-eabi\include\c++\10.2.1\complex ****   inline float
 614:c:\program files\daisytoolchain\arm-none-eabi\include\c++\10.2.1\complex ****   __complex_abs(__complex__ float __z) { return __builtin_cabsf(__z); }
 615:c:\program files\daisytoolchain\arm-none-eabi\include\c++\10.2.1\complex **** 
 616:c:\program files\daisytoolchain\arm-none-eabi\include\c++\10.2.1\complex ****   inline double
 617:c:\program files\daisytoolchain\arm-none-eabi\include\c++\10.2.1\complex ****   __complex_abs(__complex__ double __z) { return __builtin_cabs(__z); }
 618:c:\program files\daisytoolchain\arm-none-eabi\include\c++\10.2.1\complex **** 
 619:c:\program files\daisytoolchain\arm-none-eabi\include\c++\10.2.1\complex ****   inline long double
 620:c:\program files\daisytoolchain\arm-none-eabi\include\c++\10.2.1\complex ****   __complex_abs(const __complex__ long double& __z)
 621:c:\program files\daisytoolchain\arm-none-eabi\include\c++\10.2.1\complex ****   { return __builtin_cabsl(__z); }
 622:c:\program files\daisytoolchain\arm-none-eabi\include\c++\10.2.1\complex **** 
 623:c:\program files\daisytoolchain\arm-none-eabi\include\c++\10.2.1\complex ****   template<typename _Tp>
 624:c:\program files\daisytoolchain\arm-none-eabi\include\c++\10.2.1\complex ****     inline _Tp
 625:c:\program files\daisytoolchain\arm-none-eabi\include\c++\10.2.1\complex ****     abs(const complex<_Tp>& __z) { return __complex_abs(__z.__rep()); }
 626:c:\program files\daisytoolchain\arm-none-eabi\include\c++\10.2.1\complex **** #else
 627:c:\program files\daisytoolchain\arm-none-eabi\include\c++\10.2.1\complex ****   template<typename _Tp>
 628:c:\program files\daisytoolchain\arm-none-eabi\include\c++\10.2.1\complex ****     inline _Tp
 629:c:\program files\daisytoolchain\arm-none-eabi\include\c++\10.2.1\complex ****     abs(const complex<_Tp>& __z) { return __complex_abs(__z); }
 630:c:\program files\daisytoolchain\arm-none-eabi\include\c++\10.2.1\complex **** #endif
 631:c:\program files\daisytoolchain\arm-none-eabi\include\c++\10.2.1\complex **** 
 632:c:\program files\daisytoolchain\arm-none-eabi\include\c++\10.2.1\complex **** 
 633:c:\program files\daisytoolchain\arm-none-eabi\include\c++\10.2.1\complex ****   // 26.2.7/4: arg(__z): Returns the phase angle of __z.
 634:c:\program files\daisytoolchain\arm-none-eabi\include\c++\10.2.1\complex ****   template<typename _Tp>
 635:c:\program files\daisytoolchain\arm-none-eabi\include\c++\10.2.1\complex ****     inline _Tp
 636:c:\program files\daisytoolchain\arm-none-eabi\include\c++\10.2.1\complex ****     __complex_arg(const complex<_Tp>& __z)
 637:c:\program files\daisytoolchain\arm-none-eabi\include\c++\10.2.1\complex ****     { return  atan2(__z.imag(), __z.real()); }
 638:c:\program files\daisytoolchain\arm-none-eabi\include\c++\10.2.1\complex **** 
 639:c:\program files\daisytoolchain\arm-none-eabi\include\c++\10.2.1\complex **** #if _GLIBCXX_USE_C99_COMPLEX
 640:c:\program files\daisytoolchain\arm-none-eabi\include\c++\10.2.1\complex ****   inline float
 641:c:\program files\daisytoolchain\arm-none-eabi\include\c++\10.2.1\complex ****   __complex_arg(__complex__ float __z) { return __builtin_cargf(__z); }
 642:c:\program files\daisytoolchain\arm-none-eabi\include\c++\10.2.1\complex **** 
 643:c:\program files\daisytoolchain\arm-none-eabi\include\c++\10.2.1\complex ****   inline double
 644:c:\program files\daisytoolchain\arm-none-eabi\include\c++\10.2.1\complex ****   __complex_arg(__complex__ double __z) { return __builtin_carg(__z); }
 645:c:\program files\daisytoolchain\arm-none-eabi\include\c++\10.2.1\complex **** 
 646:c:\program files\daisytoolchain\arm-none-eabi\include\c++\10.2.1\complex ****   inline long double
 647:c:\program files\daisytoolchain\arm-none-eabi\include\c++\10.2.1\complex ****   __complex_arg(const __complex__ long double& __z)
 648:c:\program files\daisytoolchain\arm-none-eabi\include\c++\10.2.1\complex ****   { return __builtin_cargl(__z); }
 649:c:\program files\daisytoolchain\arm-none-eabi\include\c++\10.2.1\complex **** 
 650:c:\program files\daisytoolchain\arm-none-eabi\include\c++\10.2.1\complex ****   template<typename _Tp>
 651:c:\program files\daisytoolchain\arm-none-eabi\include\c++\10.2.1\complex ****     inline _Tp
 652:c:\program files\daisytoolchain\arm-none-eabi\include\c++\10.2.1\complex ****     arg(const complex<_Tp>& __z) { return __complex_arg(__z.__rep()); }
 653:c:\program files\daisytoolchain\arm-none-eabi\include\c++\10.2.1\complex **** #else
 654:c:\program files\daisytoolchain\arm-none-eabi\include\c++\10.2.1\complex ****   template<typename _Tp>
 655:c:\program files\daisytoolchain\arm-none-eabi\include\c++\10.2.1\complex ****     inline _Tp
ARM GAS  C:\Users\FINNDY~1\AppData\Local\Temp\cc2bY4Gm.s 			page 15


 656:c:\program files\daisytoolchain\arm-none-eabi\include\c++\10.2.1\complex ****     arg(const complex<_Tp>& __z) { return __complex_arg(__z); }
 657:c:\program files\daisytoolchain\arm-none-eabi\include\c++\10.2.1\complex **** #endif
 658:c:\program files\daisytoolchain\arm-none-eabi\include\c++\10.2.1\complex **** 
 659:c:\program files\daisytoolchain\arm-none-eabi\include\c++\10.2.1\complex ****   // 26.2.7/5: norm(__z) returns the squared magnitude of __z.
 660:c:\program files\daisytoolchain\arm-none-eabi\include\c++\10.2.1\complex ****   //     As defined, norm() is -not- a norm is the common mathematical
 661:c:\program files\daisytoolchain\arm-none-eabi\include\c++\10.2.1\complex ****   //     sense used in numerics.  The helper class _Norm_helper<> tries to
 662:c:\program files\daisytoolchain\arm-none-eabi\include\c++\10.2.1\complex ****   //     distinguish between builtin floating point and the rest, so as
 663:c:\program files\daisytoolchain\arm-none-eabi\include\c++\10.2.1\complex ****   //     to deliver an answer as close as possible to the real value.
 664:c:\program files\daisytoolchain\arm-none-eabi\include\c++\10.2.1\complex ****   template<bool>
 665:c:\program files\daisytoolchain\arm-none-eabi\include\c++\10.2.1\complex ****     struct _Norm_helper
 666:c:\program files\daisytoolchain\arm-none-eabi\include\c++\10.2.1\complex ****     {
 667:c:\program files\daisytoolchain\arm-none-eabi\include\c++\10.2.1\complex ****       template<typename _Tp>
 668:c:\program files\daisytoolchain\arm-none-eabi\include\c++\10.2.1\complex ****         static inline _GLIBCXX20_CONSTEXPR _Tp _S_do_it(const complex<_Tp>& __z)
 669:c:\program files\daisytoolchain\arm-none-eabi\include\c++\10.2.1\complex ****         {
 670:c:\program files\daisytoolchain\arm-none-eabi\include\c++\10.2.1\complex ****           const _Tp __x = __z.real();
 671:c:\program files\daisytoolchain\arm-none-eabi\include\c++\10.2.1\complex ****           const _Tp __y = __z.imag();
 672:c:\program files\daisytoolchain\arm-none-eabi\include\c++\10.2.1\complex ****           return __x * __x + __y * __y;
 673:c:\program files\daisytoolchain\arm-none-eabi\include\c++\10.2.1\complex ****         }
 674:c:\program files\daisytoolchain\arm-none-eabi\include\c++\10.2.1\complex ****     };
 675:c:\program files\daisytoolchain\arm-none-eabi\include\c++\10.2.1\complex **** 
 676:c:\program files\daisytoolchain\arm-none-eabi\include\c++\10.2.1\complex ****   template<>
 677:c:\program files\daisytoolchain\arm-none-eabi\include\c++\10.2.1\complex ****     struct _Norm_helper<true>
 678:c:\program files\daisytoolchain\arm-none-eabi\include\c++\10.2.1\complex ****     {
 679:c:\program files\daisytoolchain\arm-none-eabi\include\c++\10.2.1\complex ****       template<typename _Tp>
 680:c:\program files\daisytoolchain\arm-none-eabi\include\c++\10.2.1\complex ****         static inline _GLIBCXX20_CONSTEXPR _Tp _S_do_it(const complex<_Tp>& __z)
 681:c:\program files\daisytoolchain\arm-none-eabi\include\c++\10.2.1\complex ****         {
 682:c:\program files\daisytoolchain\arm-none-eabi\include\c++\10.2.1\complex ****           //_Tp __res = std::abs(__z);
 683:c:\program files\daisytoolchain\arm-none-eabi\include\c++\10.2.1\complex ****           //return __res * __res;
 684:c:\program files\daisytoolchain\arm-none-eabi\include\c++\10.2.1\complex ****           const _Tp __x = __z.real();
 685:c:\program files\daisytoolchain\arm-none-eabi\include\c++\10.2.1\complex ****           const _Tp __y = __z.imag();
 686:c:\program files\daisytoolchain\arm-none-eabi\include\c++\10.2.1\complex ****           return __x * __x + __y * __y;
 687:c:\program files\daisytoolchain\arm-none-eabi\include\c++\10.2.1\complex ****         }
 688:c:\program files\daisytoolchain\arm-none-eabi\include\c++\10.2.1\complex ****     };
 689:c:\program files\daisytoolchain\arm-none-eabi\include\c++\10.2.1\complex **** 
 690:c:\program files\daisytoolchain\arm-none-eabi\include\c++\10.2.1\complex ****   template<typename _Tp>
 691:c:\program files\daisytoolchain\arm-none-eabi\include\c++\10.2.1\complex ****     inline _GLIBCXX20_CONSTEXPR _Tp
 692:c:\program files\daisytoolchain\arm-none-eabi\include\c++\10.2.1\complex ****     norm(const complex<_Tp>& __z)
 693:c:\program files\daisytoolchain\arm-none-eabi\include\c++\10.2.1\complex ****     {
 694:c:\program files\daisytoolchain\arm-none-eabi\include\c++\10.2.1\complex ****       return _Norm_helper<__is_floating<_Tp>::__value
 695:c:\program files\daisytoolchain\arm-none-eabi\include\c++\10.2.1\complex **** 	&& !_GLIBCXX_FAST_MATH>::_S_do_it(__z);
 696:c:\program files\daisytoolchain\arm-none-eabi\include\c++\10.2.1\complex ****     }
 697:c:\program files\daisytoolchain\arm-none-eabi\include\c++\10.2.1\complex **** 
 698:c:\program files\daisytoolchain\arm-none-eabi\include\c++\10.2.1\complex ****   template<typename _Tp>
 699:c:\program files\daisytoolchain\arm-none-eabi\include\c++\10.2.1\complex ****     inline complex<_Tp>
 700:c:\program files\daisytoolchain\arm-none-eabi\include\c++\10.2.1\complex ****     polar(const _Tp& __rho, const _Tp& __theta)
 701:c:\program files\daisytoolchain\arm-none-eabi\include\c++\10.2.1\complex ****     {
 702:c:\program files\daisytoolchain\arm-none-eabi\include\c++\10.2.1\complex ****       __glibcxx_assert( __rho >= 0 );
 703:c:\program files\daisytoolchain\arm-none-eabi\include\c++\10.2.1\complex ****       return complex<_Tp>(__rho * cos(__theta), __rho * sin(__theta));
 704:c:\program files\daisytoolchain\arm-none-eabi\include\c++\10.2.1\complex ****     }
 705:c:\program files\daisytoolchain\arm-none-eabi\include\c++\10.2.1\complex **** 
 706:c:\program files\daisytoolchain\arm-none-eabi\include\c++\10.2.1\complex ****   template<typename _Tp>
 707:c:\program files\daisytoolchain\arm-none-eabi\include\c++\10.2.1\complex ****     inline _GLIBCXX20_CONSTEXPR complex<_Tp>
 708:c:\program files\daisytoolchain\arm-none-eabi\include\c++\10.2.1\complex ****     conj(const complex<_Tp>& __z)
 709:c:\program files\daisytoolchain\arm-none-eabi\include\c++\10.2.1\complex ****     { return complex<_Tp>(__z.real(), -__z.imag()); }
 710:c:\program files\daisytoolchain\arm-none-eabi\include\c++\10.2.1\complex **** 
 711:c:\program files\daisytoolchain\arm-none-eabi\include\c++\10.2.1\complex ****   // Transcendentals
 712:c:\program files\daisytoolchain\arm-none-eabi\include\c++\10.2.1\complex **** 
ARM GAS  C:\Users\FINNDY~1\AppData\Local\Temp\cc2bY4Gm.s 			page 16


 713:c:\program files\daisytoolchain\arm-none-eabi\include\c++\10.2.1\complex ****   // 26.2.8/1 cos(__z):  Returns the cosine of __z.
 714:c:\program files\daisytoolchain\arm-none-eabi\include\c++\10.2.1\complex ****   template<typename _Tp>
 715:c:\program files\daisytoolchain\arm-none-eabi\include\c++\10.2.1\complex ****     inline complex<_Tp>
 716:c:\program files\daisytoolchain\arm-none-eabi\include\c++\10.2.1\complex ****     __complex_cos(const complex<_Tp>& __z)
 717:c:\program files\daisytoolchain\arm-none-eabi\include\c++\10.2.1\complex ****     {
 718:c:\program files\daisytoolchain\arm-none-eabi\include\c++\10.2.1\complex ****       const _Tp __x = __z.real();
 719:c:\program files\daisytoolchain\arm-none-eabi\include\c++\10.2.1\complex ****       const _Tp __y = __z.imag();
 720:c:\program files\daisytoolchain\arm-none-eabi\include\c++\10.2.1\complex ****       return complex<_Tp>(cos(__x) * cosh(__y), -sin(__x) * sinh(__y));
 721:c:\program files\daisytoolchain\arm-none-eabi\include\c++\10.2.1\complex ****     }
 722:c:\program files\daisytoolchain\arm-none-eabi\include\c++\10.2.1\complex **** 
 723:c:\program files\daisytoolchain\arm-none-eabi\include\c++\10.2.1\complex **** #if _GLIBCXX_USE_C99_COMPLEX
 724:c:\program files\daisytoolchain\arm-none-eabi\include\c++\10.2.1\complex ****   inline __complex__ float
 725:c:\program files\daisytoolchain\arm-none-eabi\include\c++\10.2.1\complex ****   __complex_cos(__complex__ float __z) { return __builtin_ccosf(__z); }
 726:c:\program files\daisytoolchain\arm-none-eabi\include\c++\10.2.1\complex **** 
 727:c:\program files\daisytoolchain\arm-none-eabi\include\c++\10.2.1\complex ****   inline __complex__ double
 728:c:\program files\daisytoolchain\arm-none-eabi\include\c++\10.2.1\complex ****   __complex_cos(__complex__ double __z) { return __builtin_ccos(__z); }
 729:c:\program files\daisytoolchain\arm-none-eabi\include\c++\10.2.1\complex **** 
 730:c:\program files\daisytoolchain\arm-none-eabi\include\c++\10.2.1\complex ****   inline __complex__ long double
 731:c:\program files\daisytoolchain\arm-none-eabi\include\c++\10.2.1\complex ****   __complex_cos(const __complex__ long double& __z)
 732:c:\program files\daisytoolchain\arm-none-eabi\include\c++\10.2.1\complex ****   { return __builtin_ccosl(__z); }
 733:c:\program files\daisytoolchain\arm-none-eabi\include\c++\10.2.1\complex **** 
 734:c:\program files\daisytoolchain\arm-none-eabi\include\c++\10.2.1\complex ****   template<typename _Tp>
 735:c:\program files\daisytoolchain\arm-none-eabi\include\c++\10.2.1\complex ****     inline complex<_Tp>
 736:c:\program files\daisytoolchain\arm-none-eabi\include\c++\10.2.1\complex ****     cos(const complex<_Tp>& __z) { return __complex_cos(__z.__rep()); }
 737:c:\program files\daisytoolchain\arm-none-eabi\include\c++\10.2.1\complex **** #else
 738:c:\program files\daisytoolchain\arm-none-eabi\include\c++\10.2.1\complex ****   template<typename _Tp>
 739:c:\program files\daisytoolchain\arm-none-eabi\include\c++\10.2.1\complex ****     inline complex<_Tp>
 740:c:\program files\daisytoolchain\arm-none-eabi\include\c++\10.2.1\complex ****     cos(const complex<_Tp>& __z) { return __complex_cos(__z); }
 741:c:\program files\daisytoolchain\arm-none-eabi\include\c++\10.2.1\complex **** #endif
 742:c:\program files\daisytoolchain\arm-none-eabi\include\c++\10.2.1\complex **** 
 743:c:\program files\daisytoolchain\arm-none-eabi\include\c++\10.2.1\complex ****   // 26.2.8/2 cosh(__z): Returns the hyperbolic cosine of __z.
 744:c:\program files\daisytoolchain\arm-none-eabi\include\c++\10.2.1\complex ****   template<typename _Tp>
 745:c:\program files\daisytoolchain\arm-none-eabi\include\c++\10.2.1\complex ****     inline complex<_Tp>
 746:c:\program files\daisytoolchain\arm-none-eabi\include\c++\10.2.1\complex ****     __complex_cosh(const complex<_Tp>& __z)
 747:c:\program files\daisytoolchain\arm-none-eabi\include\c++\10.2.1\complex ****     {
 748:c:\program files\daisytoolchain\arm-none-eabi\include\c++\10.2.1\complex ****       const _Tp __x = __z.real();
 749:c:\program files\daisytoolchain\arm-none-eabi\include\c++\10.2.1\complex ****       const _Tp __y = __z.imag();
 750:c:\program files\daisytoolchain\arm-none-eabi\include\c++\10.2.1\complex ****       return complex<_Tp>(cosh(__x) * cos(__y), sinh(__x) * sin(__y));
 751:c:\program files\daisytoolchain\arm-none-eabi\include\c++\10.2.1\complex ****     }
 752:c:\program files\daisytoolchain\arm-none-eabi\include\c++\10.2.1\complex **** 
 753:c:\program files\daisytoolchain\arm-none-eabi\include\c++\10.2.1\complex **** #if _GLIBCXX_USE_C99_COMPLEX
 754:c:\program files\daisytoolchain\arm-none-eabi\include\c++\10.2.1\complex ****   inline __complex__ float
 755:c:\program files\daisytoolchain\arm-none-eabi\include\c++\10.2.1\complex ****   __complex_cosh(__complex__ float __z) { return __builtin_ccoshf(__z); }
 756:c:\program files\daisytoolchain\arm-none-eabi\include\c++\10.2.1\complex **** 
 757:c:\program files\daisytoolchain\arm-none-eabi\include\c++\10.2.1\complex ****   inline __complex__ double
 758:c:\program files\daisytoolchain\arm-none-eabi\include\c++\10.2.1\complex ****   __complex_cosh(__complex__ double __z) { return __builtin_ccosh(__z); }
 759:c:\program files\daisytoolchain\arm-none-eabi\include\c++\10.2.1\complex **** 
 760:c:\program files\daisytoolchain\arm-none-eabi\include\c++\10.2.1\complex ****   inline __complex__ long double
 761:c:\program files\daisytoolchain\arm-none-eabi\include\c++\10.2.1\complex ****   __complex_cosh(const __complex__ long double& __z)
 762:c:\program files\daisytoolchain\arm-none-eabi\include\c++\10.2.1\complex ****   { return __builtin_ccoshl(__z); }
 763:c:\program files\daisytoolchain\arm-none-eabi\include\c++\10.2.1\complex **** 
 764:c:\program files\daisytoolchain\arm-none-eabi\include\c++\10.2.1\complex ****   template<typename _Tp>
 765:c:\program files\daisytoolchain\arm-none-eabi\include\c++\10.2.1\complex ****     inline complex<_Tp>
 766:c:\program files\daisytoolchain\arm-none-eabi\include\c++\10.2.1\complex ****     cosh(const complex<_Tp>& __z) { return __complex_cosh(__z.__rep()); }
 767:c:\program files\daisytoolchain\arm-none-eabi\include\c++\10.2.1\complex **** #else
 768:c:\program files\daisytoolchain\arm-none-eabi\include\c++\10.2.1\complex ****   template<typename _Tp>
 769:c:\program files\daisytoolchain\arm-none-eabi\include\c++\10.2.1\complex ****     inline complex<_Tp>
ARM GAS  C:\Users\FINNDY~1\AppData\Local\Temp\cc2bY4Gm.s 			page 17


 770:c:\program files\daisytoolchain\arm-none-eabi\include\c++\10.2.1\complex ****     cosh(const complex<_Tp>& __z) { return __complex_cosh(__z); }
 771:c:\program files\daisytoolchain\arm-none-eabi\include\c++\10.2.1\complex **** #endif
 772:c:\program files\daisytoolchain\arm-none-eabi\include\c++\10.2.1\complex **** 
 773:c:\program files\daisytoolchain\arm-none-eabi\include\c++\10.2.1\complex ****   // 26.2.8/3 exp(__z): Returns the complex base e exponential of x
 774:c:\program files\daisytoolchain\arm-none-eabi\include\c++\10.2.1\complex ****   template<typename _Tp>
 775:c:\program files\daisytoolchain\arm-none-eabi\include\c++\10.2.1\complex ****     inline complex<_Tp>
 776:c:\program files\daisytoolchain\arm-none-eabi\include\c++\10.2.1\complex ****     __complex_exp(const complex<_Tp>& __z)
 777:c:\program files\daisytoolchain\arm-none-eabi\include\c++\10.2.1\complex ****     { return std::polar<_Tp>(exp(__z.real()), __z.imag()); }
 778:c:\program files\daisytoolchain\arm-none-eabi\include\c++\10.2.1\complex **** 
 779:c:\program files\daisytoolchain\arm-none-eabi\include\c++\10.2.1\complex **** #if _GLIBCXX_USE_C99_COMPLEX
 780:c:\program files\daisytoolchain\arm-none-eabi\include\c++\10.2.1\complex ****   inline __complex__ float
 781:c:\program files\daisytoolchain\arm-none-eabi\include\c++\10.2.1\complex ****   __complex_exp(__complex__ float __z) { return __builtin_cexpf(__z); }
 782:c:\program files\daisytoolchain\arm-none-eabi\include\c++\10.2.1\complex **** 
 783:c:\program files\daisytoolchain\arm-none-eabi\include\c++\10.2.1\complex ****   inline __complex__ double
 784:c:\program files\daisytoolchain\arm-none-eabi\include\c++\10.2.1\complex ****   __complex_exp(__complex__ double __z) { return __builtin_cexp(__z); }
 785:c:\program files\daisytoolchain\arm-none-eabi\include\c++\10.2.1\complex **** 
 786:c:\program files\daisytoolchain\arm-none-eabi\include\c++\10.2.1\complex ****   inline __complex__ long double
 787:c:\program files\daisytoolchain\arm-none-eabi\include\c++\10.2.1\complex ****   __complex_exp(const __complex__ long double& __z)
 788:c:\program files\daisytoolchain\arm-none-eabi\include\c++\10.2.1\complex ****   { return __builtin_cexpl(__z); }
 789:c:\program files\daisytoolchain\arm-none-eabi\include\c++\10.2.1\complex **** 
 790:c:\program files\daisytoolchain\arm-none-eabi\include\c++\10.2.1\complex ****   template<typename _Tp>
 791:c:\program files\daisytoolchain\arm-none-eabi\include\c++\10.2.1\complex ****     inline complex<_Tp>
 792:c:\program files\daisytoolchain\arm-none-eabi\include\c++\10.2.1\complex ****     exp(const complex<_Tp>& __z) { return __complex_exp(__z.__rep()); }
 793:c:\program files\daisytoolchain\arm-none-eabi\include\c++\10.2.1\complex **** #else
 794:c:\program files\daisytoolchain\arm-none-eabi\include\c++\10.2.1\complex ****   template<typename _Tp>
 795:c:\program files\daisytoolchain\arm-none-eabi\include\c++\10.2.1\complex ****     inline complex<_Tp>
 796:c:\program files\daisytoolchain\arm-none-eabi\include\c++\10.2.1\complex ****     exp(const complex<_Tp>& __z) { return __complex_exp(__z); }
 797:c:\program files\daisytoolchain\arm-none-eabi\include\c++\10.2.1\complex **** #endif
 798:c:\program files\daisytoolchain\arm-none-eabi\include\c++\10.2.1\complex **** 
 799:c:\program files\daisytoolchain\arm-none-eabi\include\c++\10.2.1\complex ****   // 26.2.8/5 log(__z): Returns the natural complex logarithm of __z.
 800:c:\program files\daisytoolchain\arm-none-eabi\include\c++\10.2.1\complex ****   //                    The branch cut is along the negative axis.
 801:c:\program files\daisytoolchain\arm-none-eabi\include\c++\10.2.1\complex ****   template<typename _Tp>
 802:c:\program files\daisytoolchain\arm-none-eabi\include\c++\10.2.1\complex ****     inline complex<_Tp>
 803:c:\program files\daisytoolchain\arm-none-eabi\include\c++\10.2.1\complex ****     __complex_log(const complex<_Tp>& __z)
 804:c:\program files\daisytoolchain\arm-none-eabi\include\c++\10.2.1\complex ****     { return complex<_Tp>(log(std::abs(__z)), std::arg(__z)); }
 805:c:\program files\daisytoolchain\arm-none-eabi\include\c++\10.2.1\complex **** 
 806:c:\program files\daisytoolchain\arm-none-eabi\include\c++\10.2.1\complex **** #if _GLIBCXX_USE_C99_COMPLEX
 807:c:\program files\daisytoolchain\arm-none-eabi\include\c++\10.2.1\complex ****   inline __complex__ float
 808:c:\program files\daisytoolchain\arm-none-eabi\include\c++\10.2.1\complex ****   __complex_log(__complex__ float __z) { return __builtin_clogf(__z); }
 809:c:\program files\daisytoolchain\arm-none-eabi\include\c++\10.2.1\complex **** 
 810:c:\program files\daisytoolchain\arm-none-eabi\include\c++\10.2.1\complex ****   inline __complex__ double
 811:c:\program files\daisytoolchain\arm-none-eabi\include\c++\10.2.1\complex ****   __complex_log(__complex__ double __z) { return __builtin_clog(__z); }
 812:c:\program files\daisytoolchain\arm-none-eabi\include\c++\10.2.1\complex **** 
 813:c:\program files\daisytoolchain\arm-none-eabi\include\c++\10.2.1\complex ****   inline __complex__ long double
 814:c:\program files\daisytoolchain\arm-none-eabi\include\c++\10.2.1\complex ****   __complex_log(const __complex__ long double& __z)
 815:c:\program files\daisytoolchain\arm-none-eabi\include\c++\10.2.1\complex ****   { return __builtin_clogl(__z); }
 816:c:\program files\daisytoolchain\arm-none-eabi\include\c++\10.2.1\complex **** 
 817:c:\program files\daisytoolchain\arm-none-eabi\include\c++\10.2.1\complex ****   template<typename _Tp>
 818:c:\program files\daisytoolchain\arm-none-eabi\include\c++\10.2.1\complex ****     inline complex<_Tp>
 819:c:\program files\daisytoolchain\arm-none-eabi\include\c++\10.2.1\complex ****     log(const complex<_Tp>& __z) { return __complex_log(__z.__rep()); }
 820:c:\program files\daisytoolchain\arm-none-eabi\include\c++\10.2.1\complex **** #else
 821:c:\program files\daisytoolchain\arm-none-eabi\include\c++\10.2.1\complex ****   template<typename _Tp>
 822:c:\program files\daisytoolchain\arm-none-eabi\include\c++\10.2.1\complex ****     inline complex<_Tp>
 823:c:\program files\daisytoolchain\arm-none-eabi\include\c++\10.2.1\complex ****     log(const complex<_Tp>& __z) { return __complex_log(__z); }
 824:c:\program files\daisytoolchain\arm-none-eabi\include\c++\10.2.1\complex **** #endif
 825:c:\program files\daisytoolchain\arm-none-eabi\include\c++\10.2.1\complex **** 
 826:c:\program files\daisytoolchain\arm-none-eabi\include\c++\10.2.1\complex ****   template<typename _Tp>
ARM GAS  C:\Users\FINNDY~1\AppData\Local\Temp\cc2bY4Gm.s 			page 18


 827:c:\program files\daisytoolchain\arm-none-eabi\include\c++\10.2.1\complex ****     inline complex<_Tp>
 828:c:\program files\daisytoolchain\arm-none-eabi\include\c++\10.2.1\complex ****     log10(const complex<_Tp>& __z)
 829:c:\program files\daisytoolchain\arm-none-eabi\include\c++\10.2.1\complex ****     { return std::log(__z) / log(_Tp(10.0)); }
 830:c:\program files\daisytoolchain\arm-none-eabi\include\c++\10.2.1\complex **** 
 831:c:\program files\daisytoolchain\arm-none-eabi\include\c++\10.2.1\complex ****   // 26.2.8/10 sin(__z): Returns the sine of __z.
 832:c:\program files\daisytoolchain\arm-none-eabi\include\c++\10.2.1\complex ****   template<typename _Tp>
 833:c:\program files\daisytoolchain\arm-none-eabi\include\c++\10.2.1\complex ****     inline complex<_Tp>
 834:c:\program files\daisytoolchain\arm-none-eabi\include\c++\10.2.1\complex ****     __complex_sin(const complex<_Tp>& __z)
 835:c:\program files\daisytoolchain\arm-none-eabi\include\c++\10.2.1\complex ****     {
 836:c:\program files\daisytoolchain\arm-none-eabi\include\c++\10.2.1\complex ****       const _Tp __x = __z.real();
 837:c:\program files\daisytoolchain\arm-none-eabi\include\c++\10.2.1\complex ****       const _Tp __y = __z.imag();
 838:c:\program files\daisytoolchain\arm-none-eabi\include\c++\10.2.1\complex ****       return complex<_Tp>(sin(__x) * cosh(__y), cos(__x) * sinh(__y));
 839:c:\program files\daisytoolchain\arm-none-eabi\include\c++\10.2.1\complex ****     }
 840:c:\program files\daisytoolchain\arm-none-eabi\include\c++\10.2.1\complex **** 
 841:c:\program files\daisytoolchain\arm-none-eabi\include\c++\10.2.1\complex **** #if _GLIBCXX_USE_C99_COMPLEX
 842:c:\program files\daisytoolchain\arm-none-eabi\include\c++\10.2.1\complex ****   inline __complex__ float
 843:c:\program files\daisytoolchain\arm-none-eabi\include\c++\10.2.1\complex ****   __complex_sin(__complex__ float __z) { return __builtin_csinf(__z); }
 844:c:\program files\daisytoolchain\arm-none-eabi\include\c++\10.2.1\complex **** 
 845:c:\program files\daisytoolchain\arm-none-eabi\include\c++\10.2.1\complex ****   inline __complex__ double
 846:c:\program files\daisytoolchain\arm-none-eabi\include\c++\10.2.1\complex ****   __complex_sin(__complex__ double __z) { return __builtin_csin(__z); }
 847:c:\program files\daisytoolchain\arm-none-eabi\include\c++\10.2.1\complex **** 
 848:c:\program files\daisytoolchain\arm-none-eabi\include\c++\10.2.1\complex ****   inline __complex__ long double
 849:c:\program files\daisytoolchain\arm-none-eabi\include\c++\10.2.1\complex ****   __complex_sin(const __complex__ long double& __z)
 850:c:\program files\daisytoolchain\arm-none-eabi\include\c++\10.2.1\complex ****   { return __builtin_csinl(__z); }
 851:c:\program files\daisytoolchain\arm-none-eabi\include\c++\10.2.1\complex **** 
 852:c:\program files\daisytoolchain\arm-none-eabi\include\c++\10.2.1\complex ****   template<typename _Tp>
 853:c:\program files\daisytoolchain\arm-none-eabi\include\c++\10.2.1\complex ****     inline complex<_Tp>
 854:c:\program files\daisytoolchain\arm-none-eabi\include\c++\10.2.1\complex ****     sin(const complex<_Tp>& __z) { return __complex_sin(__z.__rep()); }
 855:c:\program files\daisytoolchain\arm-none-eabi\include\c++\10.2.1\complex **** #else
 856:c:\program files\daisytoolchain\arm-none-eabi\include\c++\10.2.1\complex ****   template<typename _Tp>
 857:c:\program files\daisytoolchain\arm-none-eabi\include\c++\10.2.1\complex ****     inline complex<_Tp>
 858:c:\program files\daisytoolchain\arm-none-eabi\include\c++\10.2.1\complex ****     sin(const complex<_Tp>& __z) { return __complex_sin(__z); }
 859:c:\program files\daisytoolchain\arm-none-eabi\include\c++\10.2.1\complex **** #endif
 860:c:\program files\daisytoolchain\arm-none-eabi\include\c++\10.2.1\complex **** 
 861:c:\program files\daisytoolchain\arm-none-eabi\include\c++\10.2.1\complex ****   // 26.2.8/11 sinh(__z): Returns the hyperbolic sine of __z.
 862:c:\program files\daisytoolchain\arm-none-eabi\include\c++\10.2.1\complex ****   template<typename _Tp>
 863:c:\program files\daisytoolchain\arm-none-eabi\include\c++\10.2.1\complex ****     inline complex<_Tp>
 864:c:\program files\daisytoolchain\arm-none-eabi\include\c++\10.2.1\complex ****     __complex_sinh(const complex<_Tp>& __z)
 865:c:\program files\daisytoolchain\arm-none-eabi\include\c++\10.2.1\complex ****     {
 866:c:\program files\daisytoolchain\arm-none-eabi\include\c++\10.2.1\complex ****       const _Tp __x = __z.real();
 867:c:\program files\daisytoolchain\arm-none-eabi\include\c++\10.2.1\complex ****       const _Tp  __y = __z.imag();
 868:c:\program files\daisytoolchain\arm-none-eabi\include\c++\10.2.1\complex ****       return complex<_Tp>(sinh(__x) * cos(__y), cosh(__x) * sin(__y));
 869:c:\program files\daisytoolchain\arm-none-eabi\include\c++\10.2.1\complex ****     }
 870:c:\program files\daisytoolchain\arm-none-eabi\include\c++\10.2.1\complex **** 
 871:c:\program files\daisytoolchain\arm-none-eabi\include\c++\10.2.1\complex **** #if _GLIBCXX_USE_C99_COMPLEX
 872:c:\program files\daisytoolchain\arm-none-eabi\include\c++\10.2.1\complex ****   inline __complex__ float
 873:c:\program files\daisytoolchain\arm-none-eabi\include\c++\10.2.1\complex ****   __complex_sinh(__complex__ float __z) { return __builtin_csinhf(__z); }
 874:c:\program files\daisytoolchain\arm-none-eabi\include\c++\10.2.1\complex **** 
 875:c:\program files\daisytoolchain\arm-none-eabi\include\c++\10.2.1\complex ****   inline __complex__ double
 876:c:\program files\daisytoolchain\arm-none-eabi\include\c++\10.2.1\complex ****   __complex_sinh(__complex__ double __z) { return __builtin_csinh(__z); }
 877:c:\program files\daisytoolchain\arm-none-eabi\include\c++\10.2.1\complex **** 
 878:c:\program files\daisytoolchain\arm-none-eabi\include\c++\10.2.1\complex ****   inline __complex__ long double
 879:c:\program files\daisytoolchain\arm-none-eabi\include\c++\10.2.1\complex ****   __complex_sinh(const __complex__ long double& __z)
 880:c:\program files\daisytoolchain\arm-none-eabi\include\c++\10.2.1\complex ****   { return __builtin_csinhl(__z); }
 881:c:\program files\daisytoolchain\arm-none-eabi\include\c++\10.2.1\complex **** 
 882:c:\program files\daisytoolchain\arm-none-eabi\include\c++\10.2.1\complex ****   template<typename _Tp>
 883:c:\program files\daisytoolchain\arm-none-eabi\include\c++\10.2.1\complex ****     inline complex<_Tp>
ARM GAS  C:\Users\FINNDY~1\AppData\Local\Temp\cc2bY4Gm.s 			page 19


 884:c:\program files\daisytoolchain\arm-none-eabi\include\c++\10.2.1\complex ****     sinh(const complex<_Tp>& __z) { return __complex_sinh(__z.__rep()); }
 885:c:\program files\daisytoolchain\arm-none-eabi\include\c++\10.2.1\complex **** #else
 886:c:\program files\daisytoolchain\arm-none-eabi\include\c++\10.2.1\complex ****   template<typename _Tp>
 887:c:\program files\daisytoolchain\arm-none-eabi\include\c++\10.2.1\complex ****     inline complex<_Tp>
 888:c:\program files\daisytoolchain\arm-none-eabi\include\c++\10.2.1\complex ****     sinh(const complex<_Tp>& __z) { return __complex_sinh(__z); }
 889:c:\program files\daisytoolchain\arm-none-eabi\include\c++\10.2.1\complex **** #endif
 890:c:\program files\daisytoolchain\arm-none-eabi\include\c++\10.2.1\complex **** 
 891:c:\program files\daisytoolchain\arm-none-eabi\include\c++\10.2.1\complex ****   // 26.2.8/13 sqrt(__z): Returns the complex square root of __z.
 892:c:\program files\daisytoolchain\arm-none-eabi\include\c++\10.2.1\complex ****   //                     The branch cut is on the negative axis.
 893:c:\program files\daisytoolchain\arm-none-eabi\include\c++\10.2.1\complex ****   template<typename _Tp>
 894:c:\program files\daisytoolchain\arm-none-eabi\include\c++\10.2.1\complex ****     complex<_Tp>
 895:c:\program files\daisytoolchain\arm-none-eabi\include\c++\10.2.1\complex ****     __complex_sqrt(const complex<_Tp>& __z)
 896:c:\program files\daisytoolchain\arm-none-eabi\include\c++\10.2.1\complex ****     {
 897:c:\program files\daisytoolchain\arm-none-eabi\include\c++\10.2.1\complex ****       _Tp __x = __z.real();
 898:c:\program files\daisytoolchain\arm-none-eabi\include\c++\10.2.1\complex ****       _Tp __y = __z.imag();
 899:c:\program files\daisytoolchain\arm-none-eabi\include\c++\10.2.1\complex **** 
 900:c:\program files\daisytoolchain\arm-none-eabi\include\c++\10.2.1\complex ****       if (__x == _Tp())
 901:c:\program files\daisytoolchain\arm-none-eabi\include\c++\10.2.1\complex ****         {
 902:c:\program files\daisytoolchain\arm-none-eabi\include\c++\10.2.1\complex ****           _Tp __t = sqrt(abs(__y) / 2);
 903:c:\program files\daisytoolchain\arm-none-eabi\include\c++\10.2.1\complex ****           return complex<_Tp>(__t, __y < _Tp() ? -__t : __t);
 904:c:\program files\daisytoolchain\arm-none-eabi\include\c++\10.2.1\complex ****         }
 905:c:\program files\daisytoolchain\arm-none-eabi\include\c++\10.2.1\complex ****       else
 906:c:\program files\daisytoolchain\arm-none-eabi\include\c++\10.2.1\complex ****         {
 907:c:\program files\daisytoolchain\arm-none-eabi\include\c++\10.2.1\complex ****           _Tp __t = sqrt(2 * (std::abs(__z) + abs(__x)));
 908:c:\program files\daisytoolchain\arm-none-eabi\include\c++\10.2.1\complex ****           _Tp __u = __t / 2;
 909:c:\program files\daisytoolchain\arm-none-eabi\include\c++\10.2.1\complex ****           return __x > _Tp()
 910:c:\program files\daisytoolchain\arm-none-eabi\include\c++\10.2.1\complex ****             ? complex<_Tp>(__u, __y / __t)
 911:c:\program files\daisytoolchain\arm-none-eabi\include\c++\10.2.1\complex ****             : complex<_Tp>(abs(__y) / __t, __y < _Tp() ? -__u : __u);
 912:c:\program files\daisytoolchain\arm-none-eabi\include\c++\10.2.1\complex ****         }
 913:c:\program files\daisytoolchain\arm-none-eabi\include\c++\10.2.1\complex ****     }
 914:c:\program files\daisytoolchain\arm-none-eabi\include\c++\10.2.1\complex **** 
 915:c:\program files\daisytoolchain\arm-none-eabi\include\c++\10.2.1\complex **** #if _GLIBCXX_USE_C99_COMPLEX
 916:c:\program files\daisytoolchain\arm-none-eabi\include\c++\10.2.1\complex ****   inline __complex__ float
 917:c:\program files\daisytoolchain\arm-none-eabi\include\c++\10.2.1\complex ****   __complex_sqrt(__complex__ float __z) { return __builtin_csqrtf(__z); }
 918:c:\program files\daisytoolchain\arm-none-eabi\include\c++\10.2.1\complex **** 
 919:c:\program files\daisytoolchain\arm-none-eabi\include\c++\10.2.1\complex ****   inline __complex__ double
 920:c:\program files\daisytoolchain\arm-none-eabi\include\c++\10.2.1\complex ****   __complex_sqrt(__complex__ double __z) { return __builtin_csqrt(__z); }
 921:c:\program files\daisytoolchain\arm-none-eabi\include\c++\10.2.1\complex **** 
 922:c:\program files\daisytoolchain\arm-none-eabi\include\c++\10.2.1\complex ****   inline __complex__ long double
 923:c:\program files\daisytoolchain\arm-none-eabi\include\c++\10.2.1\complex ****   __complex_sqrt(const __complex__ long double& __z)
 924:c:\program files\daisytoolchain\arm-none-eabi\include\c++\10.2.1\complex ****   { return __builtin_csqrtl(__z); }
 925:c:\program files\daisytoolchain\arm-none-eabi\include\c++\10.2.1\complex **** 
 926:c:\program files\daisytoolchain\arm-none-eabi\include\c++\10.2.1\complex ****   template<typename _Tp>
 927:c:\program files\daisytoolchain\arm-none-eabi\include\c++\10.2.1\complex ****     inline complex<_Tp>
 928:c:\program files\daisytoolchain\arm-none-eabi\include\c++\10.2.1\complex ****     sqrt(const complex<_Tp>& __z) { return __complex_sqrt(__z.__rep()); }
 929:c:\program files\daisytoolchain\arm-none-eabi\include\c++\10.2.1\complex **** #else
 930:c:\program files\daisytoolchain\arm-none-eabi\include\c++\10.2.1\complex ****   template<typename _Tp>
 931:c:\program files\daisytoolchain\arm-none-eabi\include\c++\10.2.1\complex ****     inline complex<_Tp>
 932:c:\program files\daisytoolchain\arm-none-eabi\include\c++\10.2.1\complex ****     sqrt(const complex<_Tp>& __z) { return __complex_sqrt(__z); }
 933:c:\program files\daisytoolchain\arm-none-eabi\include\c++\10.2.1\complex **** #endif
 934:c:\program files\daisytoolchain\arm-none-eabi\include\c++\10.2.1\complex **** 
 935:c:\program files\daisytoolchain\arm-none-eabi\include\c++\10.2.1\complex ****   // 26.2.8/14 tan(__z):  Return the complex tangent of __z.
 936:c:\program files\daisytoolchain\arm-none-eabi\include\c++\10.2.1\complex **** 
 937:c:\program files\daisytoolchain\arm-none-eabi\include\c++\10.2.1\complex ****   template<typename _Tp>
 938:c:\program files\daisytoolchain\arm-none-eabi\include\c++\10.2.1\complex ****     inline complex<_Tp>
 939:c:\program files\daisytoolchain\arm-none-eabi\include\c++\10.2.1\complex ****     __complex_tan(const complex<_Tp>& __z)
 940:c:\program files\daisytoolchain\arm-none-eabi\include\c++\10.2.1\complex ****     { return std::sin(__z) / std::cos(__z); }
ARM GAS  C:\Users\FINNDY~1\AppData\Local\Temp\cc2bY4Gm.s 			page 20


 941:c:\program files\daisytoolchain\arm-none-eabi\include\c++\10.2.1\complex **** 
 942:c:\program files\daisytoolchain\arm-none-eabi\include\c++\10.2.1\complex **** #if _GLIBCXX_USE_C99_COMPLEX
 943:c:\program files\daisytoolchain\arm-none-eabi\include\c++\10.2.1\complex ****   inline __complex__ float
 944:c:\program files\daisytoolchain\arm-none-eabi\include\c++\10.2.1\complex ****   __complex_tan(__complex__ float __z) { return __builtin_ctanf(__z); }
 945:c:\program files\daisytoolchain\arm-none-eabi\include\c++\10.2.1\complex **** 
 946:c:\program files\daisytoolchain\arm-none-eabi\include\c++\10.2.1\complex ****   inline __complex__ double
 947:c:\program files\daisytoolchain\arm-none-eabi\include\c++\10.2.1\complex ****   __complex_tan(__complex__ double __z) { return __builtin_ctan(__z); }
 948:c:\program files\daisytoolchain\arm-none-eabi\include\c++\10.2.1\complex **** 
 949:c:\program files\daisytoolchain\arm-none-eabi\include\c++\10.2.1\complex ****   inline __complex__ long double
 950:c:\program files\daisytoolchain\arm-none-eabi\include\c++\10.2.1\complex ****   __complex_tan(const __complex__ long double& __z)
 951:c:\program files\daisytoolchain\arm-none-eabi\include\c++\10.2.1\complex ****   { return __builtin_ctanl(__z); }
 952:c:\program files\daisytoolchain\arm-none-eabi\include\c++\10.2.1\complex **** 
 953:c:\program files\daisytoolchain\arm-none-eabi\include\c++\10.2.1\complex ****   template<typename _Tp>
 954:c:\program files\daisytoolchain\arm-none-eabi\include\c++\10.2.1\complex ****     inline complex<_Tp>
 955:c:\program files\daisytoolchain\arm-none-eabi\include\c++\10.2.1\complex ****     tan(const complex<_Tp>& __z) { return __complex_tan(__z.__rep()); }
 956:c:\program files\daisytoolchain\arm-none-eabi\include\c++\10.2.1\complex **** #else
 957:c:\program files\daisytoolchain\arm-none-eabi\include\c++\10.2.1\complex ****   template<typename _Tp>
 958:c:\program files\daisytoolchain\arm-none-eabi\include\c++\10.2.1\complex ****     inline complex<_Tp>
 959:c:\program files\daisytoolchain\arm-none-eabi\include\c++\10.2.1\complex ****     tan(const complex<_Tp>& __z) { return __complex_tan(__z); }
 960:c:\program files\daisytoolchain\arm-none-eabi\include\c++\10.2.1\complex **** #endif
 961:c:\program files\daisytoolchain\arm-none-eabi\include\c++\10.2.1\complex **** 
 962:c:\program files\daisytoolchain\arm-none-eabi\include\c++\10.2.1\complex **** 
 963:c:\program files\daisytoolchain\arm-none-eabi\include\c++\10.2.1\complex ****   // 26.2.8/15 tanh(__z):  Returns the hyperbolic tangent of __z.
 964:c:\program files\daisytoolchain\arm-none-eabi\include\c++\10.2.1\complex **** 
 965:c:\program files\daisytoolchain\arm-none-eabi\include\c++\10.2.1\complex ****   template<typename _Tp>
 966:c:\program files\daisytoolchain\arm-none-eabi\include\c++\10.2.1\complex ****     inline complex<_Tp>
 967:c:\program files\daisytoolchain\arm-none-eabi\include\c++\10.2.1\complex ****     __complex_tanh(const complex<_Tp>& __z)
 968:c:\program files\daisytoolchain\arm-none-eabi\include\c++\10.2.1\complex ****     { return std::sinh(__z) / std::cosh(__z); }
 969:c:\program files\daisytoolchain\arm-none-eabi\include\c++\10.2.1\complex **** 
 970:c:\program files\daisytoolchain\arm-none-eabi\include\c++\10.2.1\complex **** #if _GLIBCXX_USE_C99_COMPLEX
 971:c:\program files\daisytoolchain\arm-none-eabi\include\c++\10.2.1\complex ****   inline __complex__ float
 972:c:\program files\daisytoolchain\arm-none-eabi\include\c++\10.2.1\complex ****   __complex_tanh(__complex__ float __z) { return __builtin_ctanhf(__z); }
 973:c:\program files\daisytoolchain\arm-none-eabi\include\c++\10.2.1\complex **** 
 974:c:\program files\daisytoolchain\arm-none-eabi\include\c++\10.2.1\complex ****   inline __complex__ double
 975:c:\program files\daisytoolchain\arm-none-eabi\include\c++\10.2.1\complex ****   __complex_tanh(__complex__ double __z) { return __builtin_ctanh(__z); }
 976:c:\program files\daisytoolchain\arm-none-eabi\include\c++\10.2.1\complex **** 
 977:c:\program files\daisytoolchain\arm-none-eabi\include\c++\10.2.1\complex ****   inline __complex__ long double
 978:c:\program files\daisytoolchain\arm-none-eabi\include\c++\10.2.1\complex ****   __complex_tanh(const __complex__ long double& __z)
 979:c:\program files\daisytoolchain\arm-none-eabi\include\c++\10.2.1\complex ****   { return __builtin_ctanhl(__z); }
 980:c:\program files\daisytoolchain\arm-none-eabi\include\c++\10.2.1\complex **** 
 981:c:\program files\daisytoolchain\arm-none-eabi\include\c++\10.2.1\complex ****   template<typename _Tp>
 982:c:\program files\daisytoolchain\arm-none-eabi\include\c++\10.2.1\complex ****     inline complex<_Tp>
 983:c:\program files\daisytoolchain\arm-none-eabi\include\c++\10.2.1\complex ****     tanh(const complex<_Tp>& __z) { return __complex_tanh(__z.__rep()); }
 984:c:\program files\daisytoolchain\arm-none-eabi\include\c++\10.2.1\complex **** #else
 985:c:\program files\daisytoolchain\arm-none-eabi\include\c++\10.2.1\complex ****   template<typename _Tp>
 986:c:\program files\daisytoolchain\arm-none-eabi\include\c++\10.2.1\complex ****     inline complex<_Tp>
 987:c:\program files\daisytoolchain\arm-none-eabi\include\c++\10.2.1\complex ****     tanh(const complex<_Tp>& __z) { return __complex_tanh(__z); }
 988:c:\program files\daisytoolchain\arm-none-eabi\include\c++\10.2.1\complex **** #endif
 989:c:\program files\daisytoolchain\arm-none-eabi\include\c++\10.2.1\complex **** 
 990:c:\program files\daisytoolchain\arm-none-eabi\include\c++\10.2.1\complex **** 
 991:c:\program files\daisytoolchain\arm-none-eabi\include\c++\10.2.1\complex ****   // 26.2.8/9  pow(__x, __y): Returns the complex power base of __x
 992:c:\program files\daisytoolchain\arm-none-eabi\include\c++\10.2.1\complex ****   //                          raised to the __y-th power.  The branch
 993:c:\program files\daisytoolchain\arm-none-eabi\include\c++\10.2.1\complex ****   //                          cut is on the negative axis.
 994:c:\program files\daisytoolchain\arm-none-eabi\include\c++\10.2.1\complex ****   template<typename _Tp>
 995:c:\program files\daisytoolchain\arm-none-eabi\include\c++\10.2.1\complex ****     complex<_Tp>
 996:c:\program files\daisytoolchain\arm-none-eabi\include\c++\10.2.1\complex ****     __complex_pow_unsigned(complex<_Tp> __x, unsigned __n)
 997:c:\program files\daisytoolchain\arm-none-eabi\include\c++\10.2.1\complex ****     {
ARM GAS  C:\Users\FINNDY~1\AppData\Local\Temp\cc2bY4Gm.s 			page 21


 998:c:\program files\daisytoolchain\arm-none-eabi\include\c++\10.2.1\complex ****       complex<_Tp> __y = __n % 2 ? __x : complex<_Tp>(1);
 999:c:\program files\daisytoolchain\arm-none-eabi\include\c++\10.2.1\complex **** 
1000:c:\program files\daisytoolchain\arm-none-eabi\include\c++\10.2.1\complex ****       while (__n >>= 1)
1001:c:\program files\daisytoolchain\arm-none-eabi\include\c++\10.2.1\complex ****         {
1002:c:\program files\daisytoolchain\arm-none-eabi\include\c++\10.2.1\complex ****           __x *= __x;
1003:c:\program files\daisytoolchain\arm-none-eabi\include\c++\10.2.1\complex ****           if (__n % 2)
1004:c:\program files\daisytoolchain\arm-none-eabi\include\c++\10.2.1\complex ****             __y *= __x;
1005:c:\program files\daisytoolchain\arm-none-eabi\include\c++\10.2.1\complex ****         }
1006:c:\program files\daisytoolchain\arm-none-eabi\include\c++\10.2.1\complex **** 
1007:c:\program files\daisytoolchain\arm-none-eabi\include\c++\10.2.1\complex ****       return __y;
1008:c:\program files\daisytoolchain\arm-none-eabi\include\c++\10.2.1\complex ****     }
1009:c:\program files\daisytoolchain\arm-none-eabi\include\c++\10.2.1\complex **** 
1010:c:\program files\daisytoolchain\arm-none-eabi\include\c++\10.2.1\complex ****   // In C++11 mode we used to implement the resolution of
1011:c:\program files\daisytoolchain\arm-none-eabi\include\c++\10.2.1\complex ****   // DR 844. complex pow return type is ambiguous.
1012:c:\program files\daisytoolchain\arm-none-eabi\include\c++\10.2.1\complex ****   // thus the following overload was disabled in that mode.  However, doing
1013:c:\program files\daisytoolchain\arm-none-eabi\include\c++\10.2.1\complex ****   // that causes all sorts of issues, see, for example:
1014:c:\program files\daisytoolchain\arm-none-eabi\include\c++\10.2.1\complex ****   //   http://gcc.gnu.org/ml/libstdc++/2013-01/msg00058.html
1015:c:\program files\daisytoolchain\arm-none-eabi\include\c++\10.2.1\complex ****   // and also PR57974.
1016:c:\program files\daisytoolchain\arm-none-eabi\include\c++\10.2.1\complex ****   template<typename _Tp>
1017:c:\program files\daisytoolchain\arm-none-eabi\include\c++\10.2.1\complex ****     inline complex<_Tp>
1018:c:\program files\daisytoolchain\arm-none-eabi\include\c++\10.2.1\complex ****     pow(const complex<_Tp>& __z, int __n)
1019:c:\program files\daisytoolchain\arm-none-eabi\include\c++\10.2.1\complex ****     {
1020:c:\program files\daisytoolchain\arm-none-eabi\include\c++\10.2.1\complex ****       return __n < 0
1021:c:\program files\daisytoolchain\arm-none-eabi\include\c++\10.2.1\complex **** 	? complex<_Tp>(1) / std::__complex_pow_unsigned(__z, -(unsigned)__n)
1022:c:\program files\daisytoolchain\arm-none-eabi\include\c++\10.2.1\complex ****         : std::__complex_pow_unsigned(__z, __n);
1023:c:\program files\daisytoolchain\arm-none-eabi\include\c++\10.2.1\complex ****     }
1024:c:\program files\daisytoolchain\arm-none-eabi\include\c++\10.2.1\complex **** 
1025:c:\program files\daisytoolchain\arm-none-eabi\include\c++\10.2.1\complex ****   template<typename _Tp>
1026:c:\program files\daisytoolchain\arm-none-eabi\include\c++\10.2.1\complex ****     complex<_Tp>
1027:c:\program files\daisytoolchain\arm-none-eabi\include\c++\10.2.1\complex ****     pow(const complex<_Tp>& __x, const _Tp& __y)
1028:c:\program files\daisytoolchain\arm-none-eabi\include\c++\10.2.1\complex ****     {
1029:c:\program files\daisytoolchain\arm-none-eabi\include\c++\10.2.1\complex **** #if ! _GLIBCXX_USE_C99_COMPLEX
1030:c:\program files\daisytoolchain\arm-none-eabi\include\c++\10.2.1\complex ****       if (__x == _Tp())
1031:c:\program files\daisytoolchain\arm-none-eabi\include\c++\10.2.1\complex **** 	return _Tp();
1032:c:\program files\daisytoolchain\arm-none-eabi\include\c++\10.2.1\complex **** #endif
1033:c:\program files\daisytoolchain\arm-none-eabi\include\c++\10.2.1\complex ****       if (__x.imag() == _Tp() && __x.real() > _Tp())
1034:c:\program files\daisytoolchain\arm-none-eabi\include\c++\10.2.1\complex ****         return pow(__x.real(), __y);
1035:c:\program files\daisytoolchain\arm-none-eabi\include\c++\10.2.1\complex **** 
1036:c:\program files\daisytoolchain\arm-none-eabi\include\c++\10.2.1\complex ****       complex<_Tp> __t = std::log(__x);
1037:c:\program files\daisytoolchain\arm-none-eabi\include\c++\10.2.1\complex ****       return std::polar<_Tp>(exp(__y * __t.real()), __y * __t.imag());
1038:c:\program files\daisytoolchain\arm-none-eabi\include\c++\10.2.1\complex ****     }
1039:c:\program files\daisytoolchain\arm-none-eabi\include\c++\10.2.1\complex **** 
1040:c:\program files\daisytoolchain\arm-none-eabi\include\c++\10.2.1\complex ****   template<typename _Tp>
1041:c:\program files\daisytoolchain\arm-none-eabi\include\c++\10.2.1\complex ****     inline complex<_Tp>
1042:c:\program files\daisytoolchain\arm-none-eabi\include\c++\10.2.1\complex ****     __complex_pow(const complex<_Tp>& __x, const complex<_Tp>& __y)
1043:c:\program files\daisytoolchain\arm-none-eabi\include\c++\10.2.1\complex ****     { return __x == _Tp() ? _Tp() : std::exp(__y * std::log(__x)); }
1044:c:\program files\daisytoolchain\arm-none-eabi\include\c++\10.2.1\complex **** 
1045:c:\program files\daisytoolchain\arm-none-eabi\include\c++\10.2.1\complex **** #if _GLIBCXX_USE_C99_COMPLEX
1046:c:\program files\daisytoolchain\arm-none-eabi\include\c++\10.2.1\complex ****   inline __complex__ float
1047:c:\program files\daisytoolchain\arm-none-eabi\include\c++\10.2.1\complex ****   __complex_pow(__complex__ float __x, __complex__ float __y)
1048:c:\program files\daisytoolchain\arm-none-eabi\include\c++\10.2.1\complex ****   { return __builtin_cpowf(__x, __y); }
1049:c:\program files\daisytoolchain\arm-none-eabi\include\c++\10.2.1\complex **** 
1050:c:\program files\daisytoolchain\arm-none-eabi\include\c++\10.2.1\complex ****   inline __complex__ double
1051:c:\program files\daisytoolchain\arm-none-eabi\include\c++\10.2.1\complex ****   __complex_pow(__complex__ double __x, __complex__ double __y)
1052:c:\program files\daisytoolchain\arm-none-eabi\include\c++\10.2.1\complex ****   { return __builtin_cpow(__x, __y); }
1053:c:\program files\daisytoolchain\arm-none-eabi\include\c++\10.2.1\complex **** 
1054:c:\program files\daisytoolchain\arm-none-eabi\include\c++\10.2.1\complex ****   inline __complex__ long double
ARM GAS  C:\Users\FINNDY~1\AppData\Local\Temp\cc2bY4Gm.s 			page 22


1055:c:\program files\daisytoolchain\arm-none-eabi\include\c++\10.2.1\complex ****   __complex_pow(const __complex__ long double& __x,
1056:c:\program files\daisytoolchain\arm-none-eabi\include\c++\10.2.1\complex **** 		const __complex__ long double& __y)
1057:c:\program files\daisytoolchain\arm-none-eabi\include\c++\10.2.1\complex ****   { return __builtin_cpowl(__x, __y); }
1058:c:\program files\daisytoolchain\arm-none-eabi\include\c++\10.2.1\complex **** 
1059:c:\program files\daisytoolchain\arm-none-eabi\include\c++\10.2.1\complex ****   template<typename _Tp>
1060:c:\program files\daisytoolchain\arm-none-eabi\include\c++\10.2.1\complex ****     inline complex<_Tp>
1061:c:\program files\daisytoolchain\arm-none-eabi\include\c++\10.2.1\complex ****     pow(const complex<_Tp>& __x, const complex<_Tp>& __y)
1062:c:\program files\daisytoolchain\arm-none-eabi\include\c++\10.2.1\complex ****     { return __complex_pow(__x.__rep(), __y.__rep()); }
1063:c:\program files\daisytoolchain\arm-none-eabi\include\c++\10.2.1\complex **** #else
1064:c:\program files\daisytoolchain\arm-none-eabi\include\c++\10.2.1\complex ****   template<typename _Tp>
1065:c:\program files\daisytoolchain\arm-none-eabi\include\c++\10.2.1\complex ****     inline complex<_Tp>
1066:c:\program files\daisytoolchain\arm-none-eabi\include\c++\10.2.1\complex ****     pow(const complex<_Tp>& __x, const complex<_Tp>& __y)
1067:c:\program files\daisytoolchain\arm-none-eabi\include\c++\10.2.1\complex ****     { return __complex_pow(__x, __y); }
1068:c:\program files\daisytoolchain\arm-none-eabi\include\c++\10.2.1\complex **** #endif
1069:c:\program files\daisytoolchain\arm-none-eabi\include\c++\10.2.1\complex **** 
1070:c:\program files\daisytoolchain\arm-none-eabi\include\c++\10.2.1\complex ****   template<typename _Tp>
1071:c:\program files\daisytoolchain\arm-none-eabi\include\c++\10.2.1\complex ****     inline complex<_Tp>
1072:c:\program files\daisytoolchain\arm-none-eabi\include\c++\10.2.1\complex ****     pow(const _Tp& __x, const complex<_Tp>& __y)
1073:c:\program files\daisytoolchain\arm-none-eabi\include\c++\10.2.1\complex ****     {
1074:c:\program files\daisytoolchain\arm-none-eabi\include\c++\10.2.1\complex ****       return __x > _Tp() ? std::polar<_Tp>(pow(__x, __y.real()),
1075:c:\program files\daisytoolchain\arm-none-eabi\include\c++\10.2.1\complex **** 					   __y.imag() * log(__x))
1076:c:\program files\daisytoolchain\arm-none-eabi\include\c++\10.2.1\complex **** 	                 : std::pow(complex<_Tp>(__x), __y);
1077:c:\program files\daisytoolchain\arm-none-eabi\include\c++\10.2.1\complex ****     }
1078:c:\program files\daisytoolchain\arm-none-eabi\include\c++\10.2.1\complex **** 
1079:c:\program files\daisytoolchain\arm-none-eabi\include\c++\10.2.1\complex ****   /// 26.2.3  complex specializations
1080:c:\program files\daisytoolchain\arm-none-eabi\include\c++\10.2.1\complex ****   /// complex<float> specialization
1081:c:\program files\daisytoolchain\arm-none-eabi\include\c++\10.2.1\complex ****   template<>
1082:c:\program files\daisytoolchain\arm-none-eabi\include\c++\10.2.1\complex ****     struct complex<float>
1083:c:\program files\daisytoolchain\arm-none-eabi\include\c++\10.2.1\complex ****     {
1084:c:\program files\daisytoolchain\arm-none-eabi\include\c++\10.2.1\complex ****       typedef float value_type;
1085:c:\program files\daisytoolchain\arm-none-eabi\include\c++\10.2.1\complex ****       typedef __complex__ float _ComplexT;
1086:c:\program files\daisytoolchain\arm-none-eabi\include\c++\10.2.1\complex **** 
1087:c:\program files\daisytoolchain\arm-none-eabi\include\c++\10.2.1\complex ****       _GLIBCXX_CONSTEXPR complex(_ComplexT __z) : _M_value(__z) { }
1088:c:\program files\daisytoolchain\arm-none-eabi\include\c++\10.2.1\complex **** 
1089:c:\program files\daisytoolchain\arm-none-eabi\include\c++\10.2.1\complex ****       _GLIBCXX_CONSTEXPR complex(float __r = 0.0f, float __i = 0.0f)
1090:c:\program files\daisytoolchain\arm-none-eabi\include\c++\10.2.1\complex **** #if __cplusplus >= 201103L
1091:c:\program files\daisytoolchain\arm-none-eabi\include\c++\10.2.1\complex ****       : _M_value{ __r, __i } { }
1092:c:\program files\daisytoolchain\arm-none-eabi\include\c++\10.2.1\complex **** #else
1093:c:\program files\daisytoolchain\arm-none-eabi\include\c++\10.2.1\complex ****       {
1094:c:\program files\daisytoolchain\arm-none-eabi\include\c++\10.2.1\complex **** 	__real__ _M_value = __r;
1095:c:\program files\daisytoolchain\arm-none-eabi\include\c++\10.2.1\complex **** 	__imag__ _M_value = __i;
1096:c:\program files\daisytoolchain\arm-none-eabi\include\c++\10.2.1\complex ****       }
1097:c:\program files\daisytoolchain\arm-none-eabi\include\c++\10.2.1\complex **** #endif
1098:c:\program files\daisytoolchain\arm-none-eabi\include\c++\10.2.1\complex **** 
1099:c:\program files\daisytoolchain\arm-none-eabi\include\c++\10.2.1\complex ****       explicit _GLIBCXX_CONSTEXPR complex(const complex<double>&);
1100:c:\program files\daisytoolchain\arm-none-eabi\include\c++\10.2.1\complex ****       explicit _GLIBCXX_CONSTEXPR complex(const complex<long double>&);
1101:c:\program files\daisytoolchain\arm-none-eabi\include\c++\10.2.1\complex **** 
1102:c:\program files\daisytoolchain\arm-none-eabi\include\c++\10.2.1\complex **** #if __cplusplus >= 201103L
1103:c:\program files\daisytoolchain\arm-none-eabi\include\c++\10.2.1\complex ****       // _GLIBCXX_RESOLVE_LIB_DEFECTS
1104:c:\program files\daisytoolchain\arm-none-eabi\include\c++\10.2.1\complex ****       // DR 387. std::complex over-encapsulated.
1105:c:\program files\daisytoolchain\arm-none-eabi\include\c++\10.2.1\complex ****       __attribute ((__abi_tag__ ("cxx11")))
1106:c:\program files\daisytoolchain\arm-none-eabi\include\c++\10.2.1\complex ****       constexpr float
1107:c:\program files\daisytoolchain\arm-none-eabi\include\c++\10.2.1\complex ****       real() const { return __real__ _M_value; }
1108:c:\program files\daisytoolchain\arm-none-eabi\include\c++\10.2.1\complex **** 
1109:c:\program files\daisytoolchain\arm-none-eabi\include\c++\10.2.1\complex ****       __attribute ((__abi_tag__ ("cxx11")))
1110:c:\program files\daisytoolchain\arm-none-eabi\include\c++\10.2.1\complex ****       constexpr float
1111:c:\program files\daisytoolchain\arm-none-eabi\include\c++\10.2.1\complex ****       imag() const { return __imag__ _M_value; }
ARM GAS  C:\Users\FINNDY~1\AppData\Local\Temp\cc2bY4Gm.s 			page 23


1112:c:\program files\daisytoolchain\arm-none-eabi\include\c++\10.2.1\complex **** #else
1113:c:\program files\daisytoolchain\arm-none-eabi\include\c++\10.2.1\complex ****       float&
1114:c:\program files\daisytoolchain\arm-none-eabi\include\c++\10.2.1\complex ****       real() { return __real__ _M_value; }
1115:c:\program files\daisytoolchain\arm-none-eabi\include\c++\10.2.1\complex **** 
1116:c:\program files\daisytoolchain\arm-none-eabi\include\c++\10.2.1\complex ****       const float&
1117:c:\program files\daisytoolchain\arm-none-eabi\include\c++\10.2.1\complex ****       real() const { return __real__ _M_value; }
1118:c:\program files\daisytoolchain\arm-none-eabi\include\c++\10.2.1\complex **** 
1119:c:\program files\daisytoolchain\arm-none-eabi\include\c++\10.2.1\complex ****       float&
1120:c:\program files\daisytoolchain\arm-none-eabi\include\c++\10.2.1\complex ****       imag() { return __imag__ _M_value; }
1121:c:\program files\daisytoolchain\arm-none-eabi\include\c++\10.2.1\complex **** 
1122:c:\program files\daisytoolchain\arm-none-eabi\include\c++\10.2.1\complex ****       const float&
1123:c:\program files\daisytoolchain\arm-none-eabi\include\c++\10.2.1\complex ****       imag() const { return __imag__ _M_value; }
1124:c:\program files\daisytoolchain\arm-none-eabi\include\c++\10.2.1\complex **** #endif
1125:c:\program files\daisytoolchain\arm-none-eabi\include\c++\10.2.1\complex **** 
1126:c:\program files\daisytoolchain\arm-none-eabi\include\c++\10.2.1\complex ****       // _GLIBCXX_RESOLVE_LIB_DEFECTS
1127:c:\program files\daisytoolchain\arm-none-eabi\include\c++\10.2.1\complex ****       // DR 387. std::complex over-encapsulated.
1128:c:\program files\daisytoolchain\arm-none-eabi\include\c++\10.2.1\complex ****       _GLIBCXX20_CONSTEXPR void
1129:c:\program files\daisytoolchain\arm-none-eabi\include\c++\10.2.1\complex ****       real(float __val) { __real__ _M_value = __val; }
1130:c:\program files\daisytoolchain\arm-none-eabi\include\c++\10.2.1\complex **** 
1131:c:\program files\daisytoolchain\arm-none-eabi\include\c++\10.2.1\complex ****       _GLIBCXX20_CONSTEXPR void
1132:c:\program files\daisytoolchain\arm-none-eabi\include\c++\10.2.1\complex ****       imag(float __val) { __imag__ _M_value = __val; }
1133:c:\program files\daisytoolchain\arm-none-eabi\include\c++\10.2.1\complex **** 
1134:c:\program files\daisytoolchain\arm-none-eabi\include\c++\10.2.1\complex ****       _GLIBCXX20_CONSTEXPR complex&
1135:c:\program files\daisytoolchain\arm-none-eabi\include\c++\10.2.1\complex ****       operator=(float __f)
1136:c:\program files\daisytoolchain\arm-none-eabi\include\c++\10.2.1\complex ****       {
1137:c:\program files\daisytoolchain\arm-none-eabi\include\c++\10.2.1\complex **** 	_M_value = __f;
1138:c:\program files\daisytoolchain\arm-none-eabi\include\c++\10.2.1\complex **** 	return *this;
1139:c:\program files\daisytoolchain\arm-none-eabi\include\c++\10.2.1\complex ****       }
1140:c:\program files\daisytoolchain\arm-none-eabi\include\c++\10.2.1\complex **** 
1141:c:\program files\daisytoolchain\arm-none-eabi\include\c++\10.2.1\complex ****       _GLIBCXX20_CONSTEXPR complex&
1142:c:\program files\daisytoolchain\arm-none-eabi\include\c++\10.2.1\complex ****       operator+=(float __f)
1143:c:\program files\daisytoolchain\arm-none-eabi\include\c++\10.2.1\complex ****       {
1144:c:\program files\daisytoolchain\arm-none-eabi\include\c++\10.2.1\complex **** 	_M_value += __f;
1145:c:\program files\daisytoolchain\arm-none-eabi\include\c++\10.2.1\complex **** 	return *this;
1146:c:\program files\daisytoolchain\arm-none-eabi\include\c++\10.2.1\complex ****       }
1147:c:\program files\daisytoolchain\arm-none-eabi\include\c++\10.2.1\complex **** 
1148:c:\program files\daisytoolchain\arm-none-eabi\include\c++\10.2.1\complex ****       _GLIBCXX20_CONSTEXPR complex&
1149:c:\program files\daisytoolchain\arm-none-eabi\include\c++\10.2.1\complex ****       operator-=(float __f)
1150:c:\program files\daisytoolchain\arm-none-eabi\include\c++\10.2.1\complex ****       {
1151:c:\program files\daisytoolchain\arm-none-eabi\include\c++\10.2.1\complex **** 	_M_value -= __f;
1152:c:\program files\daisytoolchain\arm-none-eabi\include\c++\10.2.1\complex **** 	return *this;
1153:c:\program files\daisytoolchain\arm-none-eabi\include\c++\10.2.1\complex ****       }
1154:c:\program files\daisytoolchain\arm-none-eabi\include\c++\10.2.1\complex **** 
1155:c:\program files\daisytoolchain\arm-none-eabi\include\c++\10.2.1\complex ****       _GLIBCXX20_CONSTEXPR complex&
1156:c:\program files\daisytoolchain\arm-none-eabi\include\c++\10.2.1\complex ****       operator*=(float __f)
1157:c:\program files\daisytoolchain\arm-none-eabi\include\c++\10.2.1\complex ****       {
1158:c:\program files\daisytoolchain\arm-none-eabi\include\c++\10.2.1\complex **** 	_M_value *= __f;
 117              		.loc 2 1158 11 discriminator 2 view .LVU22
 118 0050 9FED327A 		vldr.32	s14, .L13
 119 0054 D4ED009A 		vldr.32	s19, [r4]
 120              	.LBE132:
 121              	.LBE131:
 122              	.LBE130:
 123              	.LBE129:
 124              	.LBE199:
  20:util.cpp      ****         std::complex<float> p = X[k];
 125              		.loc 1 20 5 discriminator 2 view .LVU23
ARM GAS  C:\Users\FINNDY~1\AppData\Local\Temp\cc2bY4Gm.s 			page 24


 126 0058 0136     		adds	r6, r6, #1
 127              	.LVL7:
 128              	.LBB200:
 129              		.loc 1 22 63 discriminator 2 view .LVU24
 130 005a B8EEE70A 		vcvt.f32.s32	s0, s15
 131              	.LBB142:
 132              	.LBB139:
 133              	.LBB136:
 134              	.LBB133:
 135              		.loc 2 1158 11 discriminator 2 view .LVU25
 136 005e DFED307A 		vldr.32	s15, .L13+4
 137              	.LVL8:
 138              		.loc 2 1158 11 discriminator 2 view .LVU26
 139 0062 94ED019A 		vldr.32	s18, [r4, #4]
 140              	.LVL9:
 141              		.loc 2 1158 11 discriminator 2 view .LVU27
 142              	.LBE133:
 143              	.LBE136:
 144              	.LBE139:
 145              	.LBE142:
 146              		.loc 1 22 9 is_stmt 1 discriminator 2 view .LVU28
 147              		.loc 1 22 9 is_stmt 0 discriminator 2 view .LVU29
 148              	.LBE200:
 149              	.LBE127:
 150              		.loc 2 1158 2 is_stmt 1 discriminator 2 view .LVU30
1159:c:\program files\daisytoolchain\arm-none-eabi\include\c++\10.2.1\complex **** 	return *this;
 151              		.loc 2 1159 2 discriminator 2 view .LVU31
 152              	.LBB210:
 153              	.LBB201:
 154              	.LBB143:
 155              	.LBI129:
 400:c:\program files\daisytoolchain\arm-none-eabi\include\c++\10.2.1\complex ****     {
 156              		.loc 2 400 5 discriminator 2 view .LVU32
 157              	.LBB140:
 158              	.LBB137:
 159              	.LBI131:
1156:c:\program files\daisytoolchain\arm-none-eabi\include\c++\10.2.1\complex ****       {
 160              		.loc 2 1156 7 discriminator 2 view .LVU33
 161              	.LBB134:
1158:c:\program files\daisytoolchain\arm-none-eabi\include\c++\10.2.1\complex **** 	return *this;
 162              		.loc 2 1158 2 discriminator 2 view .LVU34
 163              		.loc 2 1159 2 discriminator 2 view .LVU35
 164              		.loc 2 1159 2 is_stmt 0 discriminator 2 view .LVU36
 165              	.LBE134:
 166              	.LBE137:
 167              	.LBE140:
 168              	.LBE143:
 169              	.LBB144:
 170              	.LBI144:
 430:c:\program files\daisytoolchain\arm-none-eabi\include\c++\10.2.1\complex ****     {
 171              		.loc 2 430 5 is_stmt 1 discriminator 2 view .LVU37
 172              	.LBB145:
 173              	.LBB146:
 174              	.LBI146:
1160:c:\program files\daisytoolchain\arm-none-eabi\include\c++\10.2.1\complex ****       }
1161:c:\program files\daisytoolchain\arm-none-eabi\include\c++\10.2.1\complex **** 
1162:c:\program files\daisytoolchain\arm-none-eabi\include\c++\10.2.1\complex ****       _GLIBCXX20_CONSTEXPR complex&
ARM GAS  C:\Users\FINNDY~1\AppData\Local\Temp\cc2bY4Gm.s 			page 25


1163:c:\program files\daisytoolchain\arm-none-eabi\include\c++\10.2.1\complex ****       operator/=(float __f)
 175              		.loc 2 1163 7 discriminator 2 view .LVU38
 176              	.LBB147:
1164:c:\program files\daisytoolchain\arm-none-eabi\include\c++\10.2.1\complex ****       {
1165:c:\program files\daisytoolchain\arm-none-eabi\include\c++\10.2.1\complex **** 	_M_value /= __f;
 177              		.loc 2 1165 2 discriminator 2 view .LVU39
 178              	.LBE147:
 179              	.LBE146:
 180              	.LBE145:
 181              	.LBE144:
 182              	.LBB151:
 183              	.LBB141:
 184              	.LBB138:
 185              	.LBB135:
1158:c:\program files\daisytoolchain\arm-none-eabi\include\c++\10.2.1\complex **** 	return *this;
 186              		.loc 2 1158 11 is_stmt 0 discriminator 2 view .LVU40
 187 0066 60EE277A 		vmul.f32	s15, s0, s15
 188 006a 20EE070A 		vmul.f32	s0, s0, s14
 189              	.LBE135:
 190              	.LBE138:
 191              	.LBE141:
 192              	.LBE151:
 193              	.LBB152:
 194              	.LBB150:
 195              	.LBB149:
 196              	.LBB148:
 197              		.loc 2 1165 11 discriminator 2 view .LVU41
 198 006e C7EE8AAA 		vdiv.f32	s21, s15, s20
 199              	.LVL10:
1166:c:\program files\daisytoolchain\arm-none-eabi\include\c++\10.2.1\complex **** 	return *this;
 200              		.loc 2 1166 2 is_stmt 1 discriminator 2 view .LVU42
 201              		.loc 2 1166 2 is_stmt 0 discriminator 2 view .LVU43
 202              	.LBE148:
 203              	.LBE149:
 204              	.LBE150:
 205              	.LBE152:
 206              	.LBB153:
 207              	.LBI153:
 796:c:\program files\daisytoolchain\arm-none-eabi\include\c++\10.2.1\complex **** #endif
 208              		.loc 2 796 5 is_stmt 1 discriminator 2 view .LVU44
 209              	.LBB154:
 210              	.LBI154:
 776:c:\program files\daisytoolchain\arm-none-eabi\include\c++\10.2.1\complex ****     { return std::polar<_Tp>(exp(__z.real()), __z.imag()); }
 211              		.loc 2 776 5 discriminator 2 view .LVU45
 776:c:\program files\daisytoolchain\arm-none-eabi\include\c++\10.2.1\complex ****     { return std::polar<_Tp>(exp(__z.real()), __z.imag()); }
 212              		.loc 2 776 5 is_stmt 0 discriminator 2 view .LVU46
 213              	.LBE154:
 214              	.LBE153:
 215              	.LBE201:
 216              	.LBE210:
1107:c:\program files\daisytoolchain\arm-none-eabi\include\c++\10.2.1\complex **** 
 217              		.loc 2 1107 22 is_stmt 1 discriminator 2 view .LVU47
 218              	.LBB211:
 219              	.LBB202:
 220              	.LBB168:
 221              	.LBB166:
 222              	.LBB155:
ARM GAS  C:\Users\FINNDY~1\AppData\Local\Temp\cc2bY4Gm.s 			page 26


 223              	.LBI155:
 224              		.file 3 "c:\\program files\\daisytoolchain\\arm-none-eabi\\include\\c++\\10.2.1\\cmath"
   1:c:\program files\daisytoolchain\arm-none-eabi\include\c++\10.2.1\cmath **** // -*- C++ -*- C forwarding header.
   2:c:\program files\daisytoolchain\arm-none-eabi\include\c++\10.2.1\cmath **** 
   3:c:\program files\daisytoolchain\arm-none-eabi\include\c++\10.2.1\cmath **** // Copyright (C) 1997-2020 Free Software Foundation, Inc.
   4:c:\program files\daisytoolchain\arm-none-eabi\include\c++\10.2.1\cmath **** //
   5:c:\program files\daisytoolchain\arm-none-eabi\include\c++\10.2.1\cmath **** // This file is part of the GNU ISO C++ Library.  This library is free
   6:c:\program files\daisytoolchain\arm-none-eabi\include\c++\10.2.1\cmath **** // software; you can redistribute it and/or modify it under the
   7:c:\program files\daisytoolchain\arm-none-eabi\include\c++\10.2.1\cmath **** // terms of the GNU General Public License as published by the
   8:c:\program files\daisytoolchain\arm-none-eabi\include\c++\10.2.1\cmath **** // Free Software Foundation; either version 3, or (at your option)
   9:c:\program files\daisytoolchain\arm-none-eabi\include\c++\10.2.1\cmath **** // any later version.
  10:c:\program files\daisytoolchain\arm-none-eabi\include\c++\10.2.1\cmath **** 
  11:c:\program files\daisytoolchain\arm-none-eabi\include\c++\10.2.1\cmath **** // This library is distributed in the hope that it will be useful,
  12:c:\program files\daisytoolchain\arm-none-eabi\include\c++\10.2.1\cmath **** // but WITHOUT ANY WARRANTY; without even the implied warranty of
  13:c:\program files\daisytoolchain\arm-none-eabi\include\c++\10.2.1\cmath **** // MERCHANTABILITY or FITNESS FOR A PARTICULAR PURPOSE.  See the
  14:c:\program files\daisytoolchain\arm-none-eabi\include\c++\10.2.1\cmath **** // GNU General Public License for more details.
  15:c:\program files\daisytoolchain\arm-none-eabi\include\c++\10.2.1\cmath **** 
  16:c:\program files\daisytoolchain\arm-none-eabi\include\c++\10.2.1\cmath **** // Under Section 7 of GPL version 3, you are granted additional
  17:c:\program files\daisytoolchain\arm-none-eabi\include\c++\10.2.1\cmath **** // permissions described in the GCC Runtime Library Exception, version
  18:c:\program files\daisytoolchain\arm-none-eabi\include\c++\10.2.1\cmath **** // 3.1, as published by the Free Software Foundation.
  19:c:\program files\daisytoolchain\arm-none-eabi\include\c++\10.2.1\cmath **** 
  20:c:\program files\daisytoolchain\arm-none-eabi\include\c++\10.2.1\cmath **** // You should have received a copy of the GNU General Public License and
  21:c:\program files\daisytoolchain\arm-none-eabi\include\c++\10.2.1\cmath **** // a copy of the GCC Runtime Library Exception along with this program;
  22:c:\program files\daisytoolchain\arm-none-eabi\include\c++\10.2.1\cmath **** // see the files COPYING3 and COPYING.RUNTIME respectively.  If not, see
  23:c:\program files\daisytoolchain\arm-none-eabi\include\c++\10.2.1\cmath **** // <http://www.gnu.org/licenses/>.
  24:c:\program files\daisytoolchain\arm-none-eabi\include\c++\10.2.1\cmath **** 
  25:c:\program files\daisytoolchain\arm-none-eabi\include\c++\10.2.1\cmath **** /** @file include/cmath
  26:c:\program files\daisytoolchain\arm-none-eabi\include\c++\10.2.1\cmath ****  *  This is a Standard C++ Library file.  You should @c \#include this file
  27:c:\program files\daisytoolchain\arm-none-eabi\include\c++\10.2.1\cmath ****  *  in your programs, rather than any of the @a *.h implementation files.
  28:c:\program files\daisytoolchain\arm-none-eabi\include\c++\10.2.1\cmath ****  *
  29:c:\program files\daisytoolchain\arm-none-eabi\include\c++\10.2.1\cmath ****  *  This is the C++ version of the Standard C Library header @c math.h,
  30:c:\program files\daisytoolchain\arm-none-eabi\include\c++\10.2.1\cmath ****  *  and its contents are (mostly) the same as that header, but are all
  31:c:\program files\daisytoolchain\arm-none-eabi\include\c++\10.2.1\cmath ****  *  contained in the namespace @c std (except for names which are defined
  32:c:\program files\daisytoolchain\arm-none-eabi\include\c++\10.2.1\cmath ****  *  as macros in C).
  33:c:\program files\daisytoolchain\arm-none-eabi\include\c++\10.2.1\cmath ****  */
  34:c:\program files\daisytoolchain\arm-none-eabi\include\c++\10.2.1\cmath **** 
  35:c:\program files\daisytoolchain\arm-none-eabi\include\c++\10.2.1\cmath **** //
  36:c:\program files\daisytoolchain\arm-none-eabi\include\c++\10.2.1\cmath **** // ISO C++ 14882: 26.5  C library
  37:c:\program files\daisytoolchain\arm-none-eabi\include\c++\10.2.1\cmath **** //
  38:c:\program files\daisytoolchain\arm-none-eabi\include\c++\10.2.1\cmath **** 
  39:c:\program files\daisytoolchain\arm-none-eabi\include\c++\10.2.1\cmath **** #pragma GCC system_header
  40:c:\program files\daisytoolchain\arm-none-eabi\include\c++\10.2.1\cmath **** 
  41:c:\program files\daisytoolchain\arm-none-eabi\include\c++\10.2.1\cmath **** #include <bits/c++config.h>
  42:c:\program files\daisytoolchain\arm-none-eabi\include\c++\10.2.1\cmath **** #include <bits/cpp_type_traits.h>
  43:c:\program files\daisytoolchain\arm-none-eabi\include\c++\10.2.1\cmath **** #include <ext/type_traits.h>
  44:c:\program files\daisytoolchain\arm-none-eabi\include\c++\10.2.1\cmath **** #define _GLIBCXX_INCLUDE_NEXT_C_HEADERS
  45:c:\program files\daisytoolchain\arm-none-eabi\include\c++\10.2.1\cmath **** #include_next <math.h>
  46:c:\program files\daisytoolchain\arm-none-eabi\include\c++\10.2.1\cmath **** #undef _GLIBCXX_INCLUDE_NEXT_C_HEADERS
  47:c:\program files\daisytoolchain\arm-none-eabi\include\c++\10.2.1\cmath **** #include <bits/std_abs.h>
  48:c:\program files\daisytoolchain\arm-none-eabi\include\c++\10.2.1\cmath **** 
  49:c:\program files\daisytoolchain\arm-none-eabi\include\c++\10.2.1\cmath **** #ifndef _GLIBCXX_CMATH
  50:c:\program files\daisytoolchain\arm-none-eabi\include\c++\10.2.1\cmath **** #define _GLIBCXX_CMATH 1
  51:c:\program files\daisytoolchain\arm-none-eabi\include\c++\10.2.1\cmath **** 
  52:c:\program files\daisytoolchain\arm-none-eabi\include\c++\10.2.1\cmath **** // Get rid of those macros defined in <math.h> in lieu of real functions.
  53:c:\program files\daisytoolchain\arm-none-eabi\include\c++\10.2.1\cmath **** #undef div
  54:c:\program files\daisytoolchain\arm-none-eabi\include\c++\10.2.1\cmath **** #undef acos
  55:c:\program files\daisytoolchain\arm-none-eabi\include\c++\10.2.1\cmath **** #undef asin
ARM GAS  C:\Users\FINNDY~1\AppData\Local\Temp\cc2bY4Gm.s 			page 27


  56:c:\program files\daisytoolchain\arm-none-eabi\include\c++\10.2.1\cmath **** #undef atan
  57:c:\program files\daisytoolchain\arm-none-eabi\include\c++\10.2.1\cmath **** #undef atan2
  58:c:\program files\daisytoolchain\arm-none-eabi\include\c++\10.2.1\cmath **** #undef ceil
  59:c:\program files\daisytoolchain\arm-none-eabi\include\c++\10.2.1\cmath **** #undef cos
  60:c:\program files\daisytoolchain\arm-none-eabi\include\c++\10.2.1\cmath **** #undef cosh
  61:c:\program files\daisytoolchain\arm-none-eabi\include\c++\10.2.1\cmath **** #undef exp
  62:c:\program files\daisytoolchain\arm-none-eabi\include\c++\10.2.1\cmath **** #undef fabs
  63:c:\program files\daisytoolchain\arm-none-eabi\include\c++\10.2.1\cmath **** #undef floor
  64:c:\program files\daisytoolchain\arm-none-eabi\include\c++\10.2.1\cmath **** #undef fmod
  65:c:\program files\daisytoolchain\arm-none-eabi\include\c++\10.2.1\cmath **** #undef frexp
  66:c:\program files\daisytoolchain\arm-none-eabi\include\c++\10.2.1\cmath **** #undef ldexp
  67:c:\program files\daisytoolchain\arm-none-eabi\include\c++\10.2.1\cmath **** #undef log
  68:c:\program files\daisytoolchain\arm-none-eabi\include\c++\10.2.1\cmath **** #undef log10
  69:c:\program files\daisytoolchain\arm-none-eabi\include\c++\10.2.1\cmath **** #undef modf
  70:c:\program files\daisytoolchain\arm-none-eabi\include\c++\10.2.1\cmath **** #undef pow
  71:c:\program files\daisytoolchain\arm-none-eabi\include\c++\10.2.1\cmath **** #undef sin
  72:c:\program files\daisytoolchain\arm-none-eabi\include\c++\10.2.1\cmath **** #undef sinh
  73:c:\program files\daisytoolchain\arm-none-eabi\include\c++\10.2.1\cmath **** #undef sqrt
  74:c:\program files\daisytoolchain\arm-none-eabi\include\c++\10.2.1\cmath **** #undef tan
  75:c:\program files\daisytoolchain\arm-none-eabi\include\c++\10.2.1\cmath **** #undef tanh
  76:c:\program files\daisytoolchain\arm-none-eabi\include\c++\10.2.1\cmath **** 
  77:c:\program files\daisytoolchain\arm-none-eabi\include\c++\10.2.1\cmath **** extern "C++"
  78:c:\program files\daisytoolchain\arm-none-eabi\include\c++\10.2.1\cmath **** {
  79:c:\program files\daisytoolchain\arm-none-eabi\include\c++\10.2.1\cmath **** namespace std _GLIBCXX_VISIBILITY(default)
  80:c:\program files\daisytoolchain\arm-none-eabi\include\c++\10.2.1\cmath **** {
  81:c:\program files\daisytoolchain\arm-none-eabi\include\c++\10.2.1\cmath **** _GLIBCXX_BEGIN_NAMESPACE_VERSION
  82:c:\program files\daisytoolchain\arm-none-eabi\include\c++\10.2.1\cmath **** 
  83:c:\program files\daisytoolchain\arm-none-eabi\include\c++\10.2.1\cmath ****   using ::acos;
  84:c:\program files\daisytoolchain\arm-none-eabi\include\c++\10.2.1\cmath **** 
  85:c:\program files\daisytoolchain\arm-none-eabi\include\c++\10.2.1\cmath **** #ifndef __CORRECT_ISO_CPP_MATH_H_PROTO
  86:c:\program files\daisytoolchain\arm-none-eabi\include\c++\10.2.1\cmath ****   inline _GLIBCXX_CONSTEXPR float
  87:c:\program files\daisytoolchain\arm-none-eabi\include\c++\10.2.1\cmath ****   acos(float __x)
  88:c:\program files\daisytoolchain\arm-none-eabi\include\c++\10.2.1\cmath ****   { return __builtin_acosf(__x); }
  89:c:\program files\daisytoolchain\arm-none-eabi\include\c++\10.2.1\cmath **** 
  90:c:\program files\daisytoolchain\arm-none-eabi\include\c++\10.2.1\cmath ****   inline _GLIBCXX_CONSTEXPR long double
  91:c:\program files\daisytoolchain\arm-none-eabi\include\c++\10.2.1\cmath ****   acos(long double __x)
  92:c:\program files\daisytoolchain\arm-none-eabi\include\c++\10.2.1\cmath ****   { return __builtin_acosl(__x); }
  93:c:\program files\daisytoolchain\arm-none-eabi\include\c++\10.2.1\cmath **** #endif
  94:c:\program files\daisytoolchain\arm-none-eabi\include\c++\10.2.1\cmath **** 
  95:c:\program files\daisytoolchain\arm-none-eabi\include\c++\10.2.1\cmath ****   template<typename _Tp>
  96:c:\program files\daisytoolchain\arm-none-eabi\include\c++\10.2.1\cmath ****     inline _GLIBCXX_CONSTEXPR
  97:c:\program files\daisytoolchain\arm-none-eabi\include\c++\10.2.1\cmath ****     typename __gnu_cxx::__enable_if<__is_integer<_Tp>::__value, 
  98:c:\program files\daisytoolchain\arm-none-eabi\include\c++\10.2.1\cmath ****                                     double>::__type
  99:c:\program files\daisytoolchain\arm-none-eabi\include\c++\10.2.1\cmath ****     acos(_Tp __x)
 100:c:\program files\daisytoolchain\arm-none-eabi\include\c++\10.2.1\cmath ****     { return __builtin_acos(__x); }
 101:c:\program files\daisytoolchain\arm-none-eabi\include\c++\10.2.1\cmath **** 
 102:c:\program files\daisytoolchain\arm-none-eabi\include\c++\10.2.1\cmath ****   using ::asin;
 103:c:\program files\daisytoolchain\arm-none-eabi\include\c++\10.2.1\cmath **** 
 104:c:\program files\daisytoolchain\arm-none-eabi\include\c++\10.2.1\cmath **** #ifndef __CORRECT_ISO_CPP_MATH_H_PROTO
 105:c:\program files\daisytoolchain\arm-none-eabi\include\c++\10.2.1\cmath ****   inline _GLIBCXX_CONSTEXPR float
 106:c:\program files\daisytoolchain\arm-none-eabi\include\c++\10.2.1\cmath ****   asin(float __x)
 107:c:\program files\daisytoolchain\arm-none-eabi\include\c++\10.2.1\cmath ****   { return __builtin_asinf(__x); }
 108:c:\program files\daisytoolchain\arm-none-eabi\include\c++\10.2.1\cmath **** 
 109:c:\program files\daisytoolchain\arm-none-eabi\include\c++\10.2.1\cmath ****   inline _GLIBCXX_CONSTEXPR long double
 110:c:\program files\daisytoolchain\arm-none-eabi\include\c++\10.2.1\cmath ****   asin(long double __x)
 111:c:\program files\daisytoolchain\arm-none-eabi\include\c++\10.2.1\cmath ****   { return __builtin_asinl(__x); }
 112:c:\program files\daisytoolchain\arm-none-eabi\include\c++\10.2.1\cmath **** #endif
ARM GAS  C:\Users\FINNDY~1\AppData\Local\Temp\cc2bY4Gm.s 			page 28


 113:c:\program files\daisytoolchain\arm-none-eabi\include\c++\10.2.1\cmath **** 
 114:c:\program files\daisytoolchain\arm-none-eabi\include\c++\10.2.1\cmath ****   template<typename _Tp>
 115:c:\program files\daisytoolchain\arm-none-eabi\include\c++\10.2.1\cmath ****     inline _GLIBCXX_CONSTEXPR
 116:c:\program files\daisytoolchain\arm-none-eabi\include\c++\10.2.1\cmath ****     typename __gnu_cxx::__enable_if<__is_integer<_Tp>::__value,
 117:c:\program files\daisytoolchain\arm-none-eabi\include\c++\10.2.1\cmath ****                                     double>::__type
 118:c:\program files\daisytoolchain\arm-none-eabi\include\c++\10.2.1\cmath ****     asin(_Tp __x)
 119:c:\program files\daisytoolchain\arm-none-eabi\include\c++\10.2.1\cmath ****     { return __builtin_asin(__x); }
 120:c:\program files\daisytoolchain\arm-none-eabi\include\c++\10.2.1\cmath **** 
 121:c:\program files\daisytoolchain\arm-none-eabi\include\c++\10.2.1\cmath ****   using ::atan;
 122:c:\program files\daisytoolchain\arm-none-eabi\include\c++\10.2.1\cmath **** 
 123:c:\program files\daisytoolchain\arm-none-eabi\include\c++\10.2.1\cmath **** #ifndef __CORRECT_ISO_CPP_MATH_H_PROTO
 124:c:\program files\daisytoolchain\arm-none-eabi\include\c++\10.2.1\cmath ****   inline _GLIBCXX_CONSTEXPR float
 125:c:\program files\daisytoolchain\arm-none-eabi\include\c++\10.2.1\cmath ****   atan(float __x)
 126:c:\program files\daisytoolchain\arm-none-eabi\include\c++\10.2.1\cmath ****   { return __builtin_atanf(__x); }
 127:c:\program files\daisytoolchain\arm-none-eabi\include\c++\10.2.1\cmath **** 
 128:c:\program files\daisytoolchain\arm-none-eabi\include\c++\10.2.1\cmath ****   inline _GLIBCXX_CONSTEXPR long double
 129:c:\program files\daisytoolchain\arm-none-eabi\include\c++\10.2.1\cmath ****   atan(long double __x)
 130:c:\program files\daisytoolchain\arm-none-eabi\include\c++\10.2.1\cmath ****   { return __builtin_atanl(__x); }
 131:c:\program files\daisytoolchain\arm-none-eabi\include\c++\10.2.1\cmath **** #endif
 132:c:\program files\daisytoolchain\arm-none-eabi\include\c++\10.2.1\cmath **** 
 133:c:\program files\daisytoolchain\arm-none-eabi\include\c++\10.2.1\cmath ****   template<typename _Tp>
 134:c:\program files\daisytoolchain\arm-none-eabi\include\c++\10.2.1\cmath ****     inline _GLIBCXX_CONSTEXPR
 135:c:\program files\daisytoolchain\arm-none-eabi\include\c++\10.2.1\cmath ****     typename __gnu_cxx::__enable_if<__is_integer<_Tp>::__value,
 136:c:\program files\daisytoolchain\arm-none-eabi\include\c++\10.2.1\cmath ****                                     double>::__type
 137:c:\program files\daisytoolchain\arm-none-eabi\include\c++\10.2.1\cmath ****     atan(_Tp __x)
 138:c:\program files\daisytoolchain\arm-none-eabi\include\c++\10.2.1\cmath ****     { return __builtin_atan(__x); }
 139:c:\program files\daisytoolchain\arm-none-eabi\include\c++\10.2.1\cmath **** 
 140:c:\program files\daisytoolchain\arm-none-eabi\include\c++\10.2.1\cmath ****   using ::atan2;
 141:c:\program files\daisytoolchain\arm-none-eabi\include\c++\10.2.1\cmath **** 
 142:c:\program files\daisytoolchain\arm-none-eabi\include\c++\10.2.1\cmath **** #ifndef __CORRECT_ISO_CPP_MATH_H_PROTO
 143:c:\program files\daisytoolchain\arm-none-eabi\include\c++\10.2.1\cmath ****   inline _GLIBCXX_CONSTEXPR float
 144:c:\program files\daisytoolchain\arm-none-eabi\include\c++\10.2.1\cmath ****   atan2(float __y, float __x)
 145:c:\program files\daisytoolchain\arm-none-eabi\include\c++\10.2.1\cmath ****   { return __builtin_atan2f(__y, __x); }
 146:c:\program files\daisytoolchain\arm-none-eabi\include\c++\10.2.1\cmath **** 
 147:c:\program files\daisytoolchain\arm-none-eabi\include\c++\10.2.1\cmath ****   inline _GLIBCXX_CONSTEXPR long double
 148:c:\program files\daisytoolchain\arm-none-eabi\include\c++\10.2.1\cmath ****   atan2(long double __y, long double __x)
 149:c:\program files\daisytoolchain\arm-none-eabi\include\c++\10.2.1\cmath ****   { return __builtin_atan2l(__y, __x); }
 150:c:\program files\daisytoolchain\arm-none-eabi\include\c++\10.2.1\cmath **** #endif
 151:c:\program files\daisytoolchain\arm-none-eabi\include\c++\10.2.1\cmath **** 
 152:c:\program files\daisytoolchain\arm-none-eabi\include\c++\10.2.1\cmath ****   template<typename _Tp, typename _Up>
 153:c:\program files\daisytoolchain\arm-none-eabi\include\c++\10.2.1\cmath ****     inline _GLIBCXX_CONSTEXPR
 154:c:\program files\daisytoolchain\arm-none-eabi\include\c++\10.2.1\cmath ****     typename __gnu_cxx::__promote_2<_Tp, _Up>::__type
 155:c:\program files\daisytoolchain\arm-none-eabi\include\c++\10.2.1\cmath ****     atan2(_Tp __y, _Up __x)
 156:c:\program files\daisytoolchain\arm-none-eabi\include\c++\10.2.1\cmath ****     {
 157:c:\program files\daisytoolchain\arm-none-eabi\include\c++\10.2.1\cmath ****       typedef typename __gnu_cxx::__promote_2<_Tp, _Up>::__type __type;
 158:c:\program files\daisytoolchain\arm-none-eabi\include\c++\10.2.1\cmath ****       return atan2(__type(__y), __type(__x));
 159:c:\program files\daisytoolchain\arm-none-eabi\include\c++\10.2.1\cmath ****     }
 160:c:\program files\daisytoolchain\arm-none-eabi\include\c++\10.2.1\cmath **** 
 161:c:\program files\daisytoolchain\arm-none-eabi\include\c++\10.2.1\cmath ****   using ::ceil;
 162:c:\program files\daisytoolchain\arm-none-eabi\include\c++\10.2.1\cmath **** 
 163:c:\program files\daisytoolchain\arm-none-eabi\include\c++\10.2.1\cmath **** #ifndef __CORRECT_ISO_CPP_MATH_H_PROTO
 164:c:\program files\daisytoolchain\arm-none-eabi\include\c++\10.2.1\cmath ****   inline _GLIBCXX_CONSTEXPR float
 165:c:\program files\daisytoolchain\arm-none-eabi\include\c++\10.2.1\cmath ****   ceil(float __x)
 166:c:\program files\daisytoolchain\arm-none-eabi\include\c++\10.2.1\cmath ****   { return __builtin_ceilf(__x); }
 167:c:\program files\daisytoolchain\arm-none-eabi\include\c++\10.2.1\cmath **** 
 168:c:\program files\daisytoolchain\arm-none-eabi\include\c++\10.2.1\cmath ****   inline _GLIBCXX_CONSTEXPR long double
 169:c:\program files\daisytoolchain\arm-none-eabi\include\c++\10.2.1\cmath ****   ceil(long double __x)
ARM GAS  C:\Users\FINNDY~1\AppData\Local\Temp\cc2bY4Gm.s 			page 29


 170:c:\program files\daisytoolchain\arm-none-eabi\include\c++\10.2.1\cmath ****   { return __builtin_ceill(__x); }
 171:c:\program files\daisytoolchain\arm-none-eabi\include\c++\10.2.1\cmath **** #endif
 172:c:\program files\daisytoolchain\arm-none-eabi\include\c++\10.2.1\cmath **** 
 173:c:\program files\daisytoolchain\arm-none-eabi\include\c++\10.2.1\cmath ****   template<typename _Tp>
 174:c:\program files\daisytoolchain\arm-none-eabi\include\c++\10.2.1\cmath ****     inline _GLIBCXX_CONSTEXPR
 175:c:\program files\daisytoolchain\arm-none-eabi\include\c++\10.2.1\cmath ****     typename __gnu_cxx::__enable_if<__is_integer<_Tp>::__value, 
 176:c:\program files\daisytoolchain\arm-none-eabi\include\c++\10.2.1\cmath ****                                     double>::__type
 177:c:\program files\daisytoolchain\arm-none-eabi\include\c++\10.2.1\cmath ****     ceil(_Tp __x)
 178:c:\program files\daisytoolchain\arm-none-eabi\include\c++\10.2.1\cmath ****     { return __builtin_ceil(__x); }
 179:c:\program files\daisytoolchain\arm-none-eabi\include\c++\10.2.1\cmath **** 
 180:c:\program files\daisytoolchain\arm-none-eabi\include\c++\10.2.1\cmath ****   using ::cos;
 181:c:\program files\daisytoolchain\arm-none-eabi\include\c++\10.2.1\cmath **** 
 182:c:\program files\daisytoolchain\arm-none-eabi\include\c++\10.2.1\cmath **** #ifndef __CORRECT_ISO_CPP_MATH_H_PROTO
 183:c:\program files\daisytoolchain\arm-none-eabi\include\c++\10.2.1\cmath ****   inline _GLIBCXX_CONSTEXPR float
 184:c:\program files\daisytoolchain\arm-none-eabi\include\c++\10.2.1\cmath ****   cos(float __x)
 185:c:\program files\daisytoolchain\arm-none-eabi\include\c++\10.2.1\cmath ****   { return __builtin_cosf(__x); }
 186:c:\program files\daisytoolchain\arm-none-eabi\include\c++\10.2.1\cmath **** 
 187:c:\program files\daisytoolchain\arm-none-eabi\include\c++\10.2.1\cmath ****   inline _GLIBCXX_CONSTEXPR long double
 188:c:\program files\daisytoolchain\arm-none-eabi\include\c++\10.2.1\cmath ****   cos(long double __x)
 189:c:\program files\daisytoolchain\arm-none-eabi\include\c++\10.2.1\cmath ****   { return __builtin_cosl(__x); }
 190:c:\program files\daisytoolchain\arm-none-eabi\include\c++\10.2.1\cmath **** #endif
 191:c:\program files\daisytoolchain\arm-none-eabi\include\c++\10.2.1\cmath **** 
 192:c:\program files\daisytoolchain\arm-none-eabi\include\c++\10.2.1\cmath ****   template<typename _Tp>
 193:c:\program files\daisytoolchain\arm-none-eabi\include\c++\10.2.1\cmath ****     inline _GLIBCXX_CONSTEXPR
 194:c:\program files\daisytoolchain\arm-none-eabi\include\c++\10.2.1\cmath ****     typename __gnu_cxx::__enable_if<__is_integer<_Tp>::__value,
 195:c:\program files\daisytoolchain\arm-none-eabi\include\c++\10.2.1\cmath ****                                     double>::__type
 196:c:\program files\daisytoolchain\arm-none-eabi\include\c++\10.2.1\cmath ****     cos(_Tp __x)
 197:c:\program files\daisytoolchain\arm-none-eabi\include\c++\10.2.1\cmath ****     { return __builtin_cos(__x); }
 198:c:\program files\daisytoolchain\arm-none-eabi\include\c++\10.2.1\cmath **** 
 199:c:\program files\daisytoolchain\arm-none-eabi\include\c++\10.2.1\cmath ****   using ::cosh;
 200:c:\program files\daisytoolchain\arm-none-eabi\include\c++\10.2.1\cmath **** 
 201:c:\program files\daisytoolchain\arm-none-eabi\include\c++\10.2.1\cmath **** #ifndef __CORRECT_ISO_CPP_MATH_H_PROTO
 202:c:\program files\daisytoolchain\arm-none-eabi\include\c++\10.2.1\cmath ****   inline _GLIBCXX_CONSTEXPR float
 203:c:\program files\daisytoolchain\arm-none-eabi\include\c++\10.2.1\cmath ****   cosh(float __x)
 204:c:\program files\daisytoolchain\arm-none-eabi\include\c++\10.2.1\cmath ****   { return __builtin_coshf(__x); }
 205:c:\program files\daisytoolchain\arm-none-eabi\include\c++\10.2.1\cmath **** 
 206:c:\program files\daisytoolchain\arm-none-eabi\include\c++\10.2.1\cmath ****   inline _GLIBCXX_CONSTEXPR long double
 207:c:\program files\daisytoolchain\arm-none-eabi\include\c++\10.2.1\cmath ****   cosh(long double __x)
 208:c:\program files\daisytoolchain\arm-none-eabi\include\c++\10.2.1\cmath ****   { return __builtin_coshl(__x); }
 209:c:\program files\daisytoolchain\arm-none-eabi\include\c++\10.2.1\cmath **** #endif
 210:c:\program files\daisytoolchain\arm-none-eabi\include\c++\10.2.1\cmath **** 
 211:c:\program files\daisytoolchain\arm-none-eabi\include\c++\10.2.1\cmath ****   template<typename _Tp>
 212:c:\program files\daisytoolchain\arm-none-eabi\include\c++\10.2.1\cmath ****     inline _GLIBCXX_CONSTEXPR
 213:c:\program files\daisytoolchain\arm-none-eabi\include\c++\10.2.1\cmath ****     typename __gnu_cxx::__enable_if<__is_integer<_Tp>::__value,
 214:c:\program files\daisytoolchain\arm-none-eabi\include\c++\10.2.1\cmath ****                                     double>::__type
 215:c:\program files\daisytoolchain\arm-none-eabi\include\c++\10.2.1\cmath ****     cosh(_Tp __x)
 216:c:\program files\daisytoolchain\arm-none-eabi\include\c++\10.2.1\cmath ****     { return __builtin_cosh(__x); }
 217:c:\program files\daisytoolchain\arm-none-eabi\include\c++\10.2.1\cmath **** 
 218:c:\program files\daisytoolchain\arm-none-eabi\include\c++\10.2.1\cmath ****   using ::exp;
 219:c:\program files\daisytoolchain\arm-none-eabi\include\c++\10.2.1\cmath **** 
 220:c:\program files\daisytoolchain\arm-none-eabi\include\c++\10.2.1\cmath **** #ifndef __CORRECT_ISO_CPP_MATH_H_PROTO
 221:c:\program files\daisytoolchain\arm-none-eabi\include\c++\10.2.1\cmath ****   inline _GLIBCXX_CONSTEXPR float
 222:c:\program files\daisytoolchain\arm-none-eabi\include\c++\10.2.1\cmath ****   exp(float __x)
 225              		.loc 3 222 3 discriminator 2 view .LVU48
 226              	.LBB156:
 223:c:\program files\daisytoolchain\arm-none-eabi\include\c++\10.2.1\cmath ****   { return __builtin_expf(__x); }
 227              		.loc 3 223 5 discriminator 2 view .LVU49
ARM GAS  C:\Users\FINNDY~1\AppData\Local\Temp\cc2bY4Gm.s 			page 30


 228              		.loc 3 223 26 is_stmt 0 discriminator 2 view .LVU50
 229 0072 80EE0A0A 		vdiv.f32	s0, s0, s20
 230 0076 FFF7FEFF 		bl	expf
 231              	.LVL11:
 232 007a B0EE408A 		vmov.f32	s16, s0
 233              	.LVL12:
 234              		.loc 3 223 26 discriminator 2 view .LVU51
 235              	.LBE156:
 236              	.LBE155:
 237              	.LBE166:
 238              	.LBE168:
 239              	.LBE202:
 240              	.LBE211:
1111:c:\program files\daisytoolchain\arm-none-eabi\include\c++\10.2.1\complex **** #else
 241              		.loc 2 1111 22 is_stmt 1 discriminator 2 view .LVU52
 242              	.LBB212:
 243              	.LBB203:
 244              	.LBB169:
 245              	.LBB167:
 246              	.LBB157:
 247              	.LBI157:
 700:c:\program files\daisytoolchain\arm-none-eabi\include\c++\10.2.1\complex ****     {
 248              		.loc 2 700 5 discriminator 2 view .LVU53
 249              	.LBB158:
 250              	.LBB159:
 251              	.LBI159:
 184:c:\program files\daisytoolchain\arm-none-eabi\include\c++\10.2.1\cmath ****   { return __builtin_cosf(__x); }
 252              		.loc 3 184 3 discriminator 2 view .LVU54
 253              	.LBB160:
 185:c:\program files\daisytoolchain\arm-none-eabi\include\c++\10.2.1\cmath **** 
 254              		.loc 3 185 5 discriminator 2 view .LVU55
 185:c:\program files\daisytoolchain\arm-none-eabi\include\c++\10.2.1\cmath **** 
 255              		.loc 3 185 26 is_stmt 0 discriminator 2 view .LVU56
 256 007e B0EE6A0A 		vmov.f32	s0, s21
 257 0082 FFF7FEFF 		bl	cosf
 258              	.LVL13:
 185:c:\program files\daisytoolchain\arm-none-eabi\include\c++\10.2.1\cmath **** 
 259              		.loc 3 185 26 discriminator 2 view .LVU57
 260 0086 F0EE408A 		vmov.f32	s17, s0
 261              	.LBE160:
 262              	.LBE159:
 263              	.LBB161:
 264              	.LBB162:
 224:c:\program files\daisytoolchain\arm-none-eabi\include\c++\10.2.1\cmath **** 
 225:c:\program files\daisytoolchain\arm-none-eabi\include\c++\10.2.1\cmath ****   inline _GLIBCXX_CONSTEXPR long double
 226:c:\program files\daisytoolchain\arm-none-eabi\include\c++\10.2.1\cmath ****   exp(long double __x)
 227:c:\program files\daisytoolchain\arm-none-eabi\include\c++\10.2.1\cmath ****   { return __builtin_expl(__x); }
 228:c:\program files\daisytoolchain\arm-none-eabi\include\c++\10.2.1\cmath **** #endif
 229:c:\program files\daisytoolchain\arm-none-eabi\include\c++\10.2.1\cmath **** 
 230:c:\program files\daisytoolchain\arm-none-eabi\include\c++\10.2.1\cmath ****   template<typename _Tp>
 231:c:\program files\daisytoolchain\arm-none-eabi\include\c++\10.2.1\cmath ****     inline _GLIBCXX_CONSTEXPR
 232:c:\program files\daisytoolchain\arm-none-eabi\include\c++\10.2.1\cmath ****     typename __gnu_cxx::__enable_if<__is_integer<_Tp>::__value,
 233:c:\program files\daisytoolchain\arm-none-eabi\include\c++\10.2.1\cmath ****                                     double>::__type
 234:c:\program files\daisytoolchain\arm-none-eabi\include\c++\10.2.1\cmath ****     exp(_Tp __x)
 235:c:\program files\daisytoolchain\arm-none-eabi\include\c++\10.2.1\cmath ****     { return __builtin_exp(__x); }
 236:c:\program files\daisytoolchain\arm-none-eabi\include\c++\10.2.1\cmath **** 
 237:c:\program files\daisytoolchain\arm-none-eabi\include\c++\10.2.1\cmath ****   using ::fabs;
ARM GAS  C:\Users\FINNDY~1\AppData\Local\Temp\cc2bY4Gm.s 			page 31


 238:c:\program files\daisytoolchain\arm-none-eabi\include\c++\10.2.1\cmath **** 
 239:c:\program files\daisytoolchain\arm-none-eabi\include\c++\10.2.1\cmath **** #ifndef __CORRECT_ISO_CPP_MATH_H_PROTO
 240:c:\program files\daisytoolchain\arm-none-eabi\include\c++\10.2.1\cmath ****   inline _GLIBCXX_CONSTEXPR float
 241:c:\program files\daisytoolchain\arm-none-eabi\include\c++\10.2.1\cmath ****   fabs(float __x)
 242:c:\program files\daisytoolchain\arm-none-eabi\include\c++\10.2.1\cmath ****   { return __builtin_fabsf(__x); }
 243:c:\program files\daisytoolchain\arm-none-eabi\include\c++\10.2.1\cmath **** 
 244:c:\program files\daisytoolchain\arm-none-eabi\include\c++\10.2.1\cmath ****   inline _GLIBCXX_CONSTEXPR long double
 245:c:\program files\daisytoolchain\arm-none-eabi\include\c++\10.2.1\cmath ****   fabs(long double __x)
 246:c:\program files\daisytoolchain\arm-none-eabi\include\c++\10.2.1\cmath ****   { return __builtin_fabsl(__x); }
 247:c:\program files\daisytoolchain\arm-none-eabi\include\c++\10.2.1\cmath **** #endif
 248:c:\program files\daisytoolchain\arm-none-eabi\include\c++\10.2.1\cmath **** 
 249:c:\program files\daisytoolchain\arm-none-eabi\include\c++\10.2.1\cmath ****   template<typename _Tp>
 250:c:\program files\daisytoolchain\arm-none-eabi\include\c++\10.2.1\cmath ****     inline _GLIBCXX_CONSTEXPR
 251:c:\program files\daisytoolchain\arm-none-eabi\include\c++\10.2.1\cmath ****     typename __gnu_cxx::__enable_if<__is_integer<_Tp>::__value,
 252:c:\program files\daisytoolchain\arm-none-eabi\include\c++\10.2.1\cmath ****                                     double>::__type
 253:c:\program files\daisytoolchain\arm-none-eabi\include\c++\10.2.1\cmath ****     fabs(_Tp __x)
 254:c:\program files\daisytoolchain\arm-none-eabi\include\c++\10.2.1\cmath ****     { return __builtin_fabs(__x); }
 255:c:\program files\daisytoolchain\arm-none-eabi\include\c++\10.2.1\cmath **** 
 256:c:\program files\daisytoolchain\arm-none-eabi\include\c++\10.2.1\cmath ****   using ::floor;
 257:c:\program files\daisytoolchain\arm-none-eabi\include\c++\10.2.1\cmath **** 
 258:c:\program files\daisytoolchain\arm-none-eabi\include\c++\10.2.1\cmath **** #ifndef __CORRECT_ISO_CPP_MATH_H_PROTO
 259:c:\program files\daisytoolchain\arm-none-eabi\include\c++\10.2.1\cmath ****   inline _GLIBCXX_CONSTEXPR float
 260:c:\program files\daisytoolchain\arm-none-eabi\include\c++\10.2.1\cmath ****   floor(float __x)
 261:c:\program files\daisytoolchain\arm-none-eabi\include\c++\10.2.1\cmath ****   { return __builtin_floorf(__x); }
 262:c:\program files\daisytoolchain\arm-none-eabi\include\c++\10.2.1\cmath **** 
 263:c:\program files\daisytoolchain\arm-none-eabi\include\c++\10.2.1\cmath ****   inline _GLIBCXX_CONSTEXPR long double
 264:c:\program files\daisytoolchain\arm-none-eabi\include\c++\10.2.1\cmath ****   floor(long double __x)
 265:c:\program files\daisytoolchain\arm-none-eabi\include\c++\10.2.1\cmath ****   { return __builtin_floorl(__x); }
 266:c:\program files\daisytoolchain\arm-none-eabi\include\c++\10.2.1\cmath **** #endif
 267:c:\program files\daisytoolchain\arm-none-eabi\include\c++\10.2.1\cmath **** 
 268:c:\program files\daisytoolchain\arm-none-eabi\include\c++\10.2.1\cmath ****   template<typename _Tp>
 269:c:\program files\daisytoolchain\arm-none-eabi\include\c++\10.2.1\cmath ****     inline _GLIBCXX_CONSTEXPR
 270:c:\program files\daisytoolchain\arm-none-eabi\include\c++\10.2.1\cmath ****     typename __gnu_cxx::__enable_if<__is_integer<_Tp>::__value,
 271:c:\program files\daisytoolchain\arm-none-eabi\include\c++\10.2.1\cmath ****                                     double>::__type
 272:c:\program files\daisytoolchain\arm-none-eabi\include\c++\10.2.1\cmath ****     floor(_Tp __x)
 273:c:\program files\daisytoolchain\arm-none-eabi\include\c++\10.2.1\cmath ****     { return __builtin_floor(__x); }
 274:c:\program files\daisytoolchain\arm-none-eabi\include\c++\10.2.1\cmath **** 
 275:c:\program files\daisytoolchain\arm-none-eabi\include\c++\10.2.1\cmath ****   using ::fmod;
 276:c:\program files\daisytoolchain\arm-none-eabi\include\c++\10.2.1\cmath **** 
 277:c:\program files\daisytoolchain\arm-none-eabi\include\c++\10.2.1\cmath **** #ifndef __CORRECT_ISO_CPP_MATH_H_PROTO
 278:c:\program files\daisytoolchain\arm-none-eabi\include\c++\10.2.1\cmath ****   inline _GLIBCXX_CONSTEXPR float
 279:c:\program files\daisytoolchain\arm-none-eabi\include\c++\10.2.1\cmath ****   fmod(float __x, float __y)
 280:c:\program files\daisytoolchain\arm-none-eabi\include\c++\10.2.1\cmath ****   { return __builtin_fmodf(__x, __y); }
 281:c:\program files\daisytoolchain\arm-none-eabi\include\c++\10.2.1\cmath **** 
 282:c:\program files\daisytoolchain\arm-none-eabi\include\c++\10.2.1\cmath ****   inline _GLIBCXX_CONSTEXPR long double
 283:c:\program files\daisytoolchain\arm-none-eabi\include\c++\10.2.1\cmath ****   fmod(long double __x, long double __y)
 284:c:\program files\daisytoolchain\arm-none-eabi\include\c++\10.2.1\cmath ****   { return __builtin_fmodl(__x, __y); }
 285:c:\program files\daisytoolchain\arm-none-eabi\include\c++\10.2.1\cmath **** #endif
 286:c:\program files\daisytoolchain\arm-none-eabi\include\c++\10.2.1\cmath **** 
 287:c:\program files\daisytoolchain\arm-none-eabi\include\c++\10.2.1\cmath ****   template<typename _Tp, typename _Up>
 288:c:\program files\daisytoolchain\arm-none-eabi\include\c++\10.2.1\cmath ****     inline _GLIBCXX_CONSTEXPR
 289:c:\program files\daisytoolchain\arm-none-eabi\include\c++\10.2.1\cmath ****     typename __gnu_cxx::__promote_2<_Tp, _Up>::__type
 290:c:\program files\daisytoolchain\arm-none-eabi\include\c++\10.2.1\cmath ****     fmod(_Tp __x, _Up __y)
 291:c:\program files\daisytoolchain\arm-none-eabi\include\c++\10.2.1\cmath ****     {
 292:c:\program files\daisytoolchain\arm-none-eabi\include\c++\10.2.1\cmath ****       typedef typename __gnu_cxx::__promote_2<_Tp, _Up>::__type __type;
 293:c:\program files\daisytoolchain\arm-none-eabi\include\c++\10.2.1\cmath ****       return fmod(__type(__x), __type(__y));
 294:c:\program files\daisytoolchain\arm-none-eabi\include\c++\10.2.1\cmath ****     }
ARM GAS  C:\Users\FINNDY~1\AppData\Local\Temp\cc2bY4Gm.s 			page 32


 295:c:\program files\daisytoolchain\arm-none-eabi\include\c++\10.2.1\cmath **** 
 296:c:\program files\daisytoolchain\arm-none-eabi\include\c++\10.2.1\cmath ****   using ::frexp;
 297:c:\program files\daisytoolchain\arm-none-eabi\include\c++\10.2.1\cmath **** 
 298:c:\program files\daisytoolchain\arm-none-eabi\include\c++\10.2.1\cmath **** #ifndef __CORRECT_ISO_CPP_MATH_H_PROTO
 299:c:\program files\daisytoolchain\arm-none-eabi\include\c++\10.2.1\cmath ****   inline float
 300:c:\program files\daisytoolchain\arm-none-eabi\include\c++\10.2.1\cmath ****   frexp(float __x, int* __exp)
 301:c:\program files\daisytoolchain\arm-none-eabi\include\c++\10.2.1\cmath ****   { return __builtin_frexpf(__x, __exp); }
 302:c:\program files\daisytoolchain\arm-none-eabi\include\c++\10.2.1\cmath **** 
 303:c:\program files\daisytoolchain\arm-none-eabi\include\c++\10.2.1\cmath ****   inline long double
 304:c:\program files\daisytoolchain\arm-none-eabi\include\c++\10.2.1\cmath ****   frexp(long double __x, int* __exp)
 305:c:\program files\daisytoolchain\arm-none-eabi\include\c++\10.2.1\cmath ****   { return __builtin_frexpl(__x, __exp); }
 306:c:\program files\daisytoolchain\arm-none-eabi\include\c++\10.2.1\cmath **** #endif
 307:c:\program files\daisytoolchain\arm-none-eabi\include\c++\10.2.1\cmath **** 
 308:c:\program files\daisytoolchain\arm-none-eabi\include\c++\10.2.1\cmath ****   template<typename _Tp>
 309:c:\program files\daisytoolchain\arm-none-eabi\include\c++\10.2.1\cmath ****     inline _GLIBCXX_CONSTEXPR
 310:c:\program files\daisytoolchain\arm-none-eabi\include\c++\10.2.1\cmath ****     typename __gnu_cxx::__enable_if<__is_integer<_Tp>::__value, 
 311:c:\program files\daisytoolchain\arm-none-eabi\include\c++\10.2.1\cmath ****                                     double>::__type
 312:c:\program files\daisytoolchain\arm-none-eabi\include\c++\10.2.1\cmath ****     frexp(_Tp __x, int* __exp)
 313:c:\program files\daisytoolchain\arm-none-eabi\include\c++\10.2.1\cmath ****     { return __builtin_frexp(__x, __exp); }
 314:c:\program files\daisytoolchain\arm-none-eabi\include\c++\10.2.1\cmath **** 
 315:c:\program files\daisytoolchain\arm-none-eabi\include\c++\10.2.1\cmath ****   using ::ldexp;
 316:c:\program files\daisytoolchain\arm-none-eabi\include\c++\10.2.1\cmath **** 
 317:c:\program files\daisytoolchain\arm-none-eabi\include\c++\10.2.1\cmath **** #ifndef __CORRECT_ISO_CPP_MATH_H_PROTO
 318:c:\program files\daisytoolchain\arm-none-eabi\include\c++\10.2.1\cmath ****   inline _GLIBCXX_CONSTEXPR float
 319:c:\program files\daisytoolchain\arm-none-eabi\include\c++\10.2.1\cmath ****   ldexp(float __x, int __exp)
 320:c:\program files\daisytoolchain\arm-none-eabi\include\c++\10.2.1\cmath ****   { return __builtin_ldexpf(__x, __exp); }
 321:c:\program files\daisytoolchain\arm-none-eabi\include\c++\10.2.1\cmath **** 
 322:c:\program files\daisytoolchain\arm-none-eabi\include\c++\10.2.1\cmath ****   inline _GLIBCXX_CONSTEXPR long double
 323:c:\program files\daisytoolchain\arm-none-eabi\include\c++\10.2.1\cmath ****   ldexp(long double __x, int __exp)
 324:c:\program files\daisytoolchain\arm-none-eabi\include\c++\10.2.1\cmath ****   { return __builtin_ldexpl(__x, __exp); }
 325:c:\program files\daisytoolchain\arm-none-eabi\include\c++\10.2.1\cmath **** #endif
 326:c:\program files\daisytoolchain\arm-none-eabi\include\c++\10.2.1\cmath **** 
 327:c:\program files\daisytoolchain\arm-none-eabi\include\c++\10.2.1\cmath ****   template<typename _Tp>
 328:c:\program files\daisytoolchain\arm-none-eabi\include\c++\10.2.1\cmath ****     inline _GLIBCXX_CONSTEXPR
 329:c:\program files\daisytoolchain\arm-none-eabi\include\c++\10.2.1\cmath ****     typename __gnu_cxx::__enable_if<__is_integer<_Tp>::__value, 
 330:c:\program files\daisytoolchain\arm-none-eabi\include\c++\10.2.1\cmath ****                                     double>::__type
 331:c:\program files\daisytoolchain\arm-none-eabi\include\c++\10.2.1\cmath ****     ldexp(_Tp __x, int __exp)
 332:c:\program files\daisytoolchain\arm-none-eabi\include\c++\10.2.1\cmath ****     { return __builtin_ldexp(__x, __exp); }
 333:c:\program files\daisytoolchain\arm-none-eabi\include\c++\10.2.1\cmath **** 
 334:c:\program files\daisytoolchain\arm-none-eabi\include\c++\10.2.1\cmath ****   using ::log;
 335:c:\program files\daisytoolchain\arm-none-eabi\include\c++\10.2.1\cmath **** 
 336:c:\program files\daisytoolchain\arm-none-eabi\include\c++\10.2.1\cmath **** #ifndef __CORRECT_ISO_CPP_MATH_H_PROTO
 337:c:\program files\daisytoolchain\arm-none-eabi\include\c++\10.2.1\cmath ****   inline _GLIBCXX_CONSTEXPR float
 338:c:\program files\daisytoolchain\arm-none-eabi\include\c++\10.2.1\cmath ****   log(float __x)
 339:c:\program files\daisytoolchain\arm-none-eabi\include\c++\10.2.1\cmath ****   { return __builtin_logf(__x); }
 340:c:\program files\daisytoolchain\arm-none-eabi\include\c++\10.2.1\cmath **** 
 341:c:\program files\daisytoolchain\arm-none-eabi\include\c++\10.2.1\cmath ****   inline _GLIBCXX_CONSTEXPR long double
 342:c:\program files\daisytoolchain\arm-none-eabi\include\c++\10.2.1\cmath ****   log(long double __x)
 343:c:\program files\daisytoolchain\arm-none-eabi\include\c++\10.2.1\cmath ****   { return __builtin_logl(__x); }
 344:c:\program files\daisytoolchain\arm-none-eabi\include\c++\10.2.1\cmath **** #endif
 345:c:\program files\daisytoolchain\arm-none-eabi\include\c++\10.2.1\cmath **** 
 346:c:\program files\daisytoolchain\arm-none-eabi\include\c++\10.2.1\cmath ****   template<typename _Tp>
 347:c:\program files\daisytoolchain\arm-none-eabi\include\c++\10.2.1\cmath ****     inline _GLIBCXX_CONSTEXPR
 348:c:\program files\daisytoolchain\arm-none-eabi\include\c++\10.2.1\cmath ****     typename __gnu_cxx::__enable_if<__is_integer<_Tp>::__value, 
 349:c:\program files\daisytoolchain\arm-none-eabi\include\c++\10.2.1\cmath ****                                     double>::__type
 350:c:\program files\daisytoolchain\arm-none-eabi\include\c++\10.2.1\cmath ****     log(_Tp __x)
 351:c:\program files\daisytoolchain\arm-none-eabi\include\c++\10.2.1\cmath ****     { return __builtin_log(__x); }
ARM GAS  C:\Users\FINNDY~1\AppData\Local\Temp\cc2bY4Gm.s 			page 33


 352:c:\program files\daisytoolchain\arm-none-eabi\include\c++\10.2.1\cmath **** 
 353:c:\program files\daisytoolchain\arm-none-eabi\include\c++\10.2.1\cmath ****   using ::log10;
 354:c:\program files\daisytoolchain\arm-none-eabi\include\c++\10.2.1\cmath **** 
 355:c:\program files\daisytoolchain\arm-none-eabi\include\c++\10.2.1\cmath **** #ifndef __CORRECT_ISO_CPP_MATH_H_PROTO
 356:c:\program files\daisytoolchain\arm-none-eabi\include\c++\10.2.1\cmath ****   inline _GLIBCXX_CONSTEXPR float
 357:c:\program files\daisytoolchain\arm-none-eabi\include\c++\10.2.1\cmath ****   log10(float __x)
 358:c:\program files\daisytoolchain\arm-none-eabi\include\c++\10.2.1\cmath ****   { return __builtin_log10f(__x); }
 359:c:\program files\daisytoolchain\arm-none-eabi\include\c++\10.2.1\cmath **** 
 360:c:\program files\daisytoolchain\arm-none-eabi\include\c++\10.2.1\cmath ****   inline _GLIBCXX_CONSTEXPR long double
 361:c:\program files\daisytoolchain\arm-none-eabi\include\c++\10.2.1\cmath ****   log10(long double __x)
 362:c:\program files\daisytoolchain\arm-none-eabi\include\c++\10.2.1\cmath ****   { return __builtin_log10l(__x); }
 363:c:\program files\daisytoolchain\arm-none-eabi\include\c++\10.2.1\cmath **** #endif
 364:c:\program files\daisytoolchain\arm-none-eabi\include\c++\10.2.1\cmath **** 
 365:c:\program files\daisytoolchain\arm-none-eabi\include\c++\10.2.1\cmath ****   template<typename _Tp>
 366:c:\program files\daisytoolchain\arm-none-eabi\include\c++\10.2.1\cmath ****     inline _GLIBCXX_CONSTEXPR
 367:c:\program files\daisytoolchain\arm-none-eabi\include\c++\10.2.1\cmath ****     typename __gnu_cxx::__enable_if<__is_integer<_Tp>::__value,
 368:c:\program files\daisytoolchain\arm-none-eabi\include\c++\10.2.1\cmath ****                                     double>::__type
 369:c:\program files\daisytoolchain\arm-none-eabi\include\c++\10.2.1\cmath ****     log10(_Tp __x)
 370:c:\program files\daisytoolchain\arm-none-eabi\include\c++\10.2.1\cmath ****     { return __builtin_log10(__x); }
 371:c:\program files\daisytoolchain\arm-none-eabi\include\c++\10.2.1\cmath **** 
 372:c:\program files\daisytoolchain\arm-none-eabi\include\c++\10.2.1\cmath ****   using ::modf;
 373:c:\program files\daisytoolchain\arm-none-eabi\include\c++\10.2.1\cmath **** 
 374:c:\program files\daisytoolchain\arm-none-eabi\include\c++\10.2.1\cmath **** #ifndef __CORRECT_ISO_CPP_MATH_H_PROTO
 375:c:\program files\daisytoolchain\arm-none-eabi\include\c++\10.2.1\cmath ****   inline float
 376:c:\program files\daisytoolchain\arm-none-eabi\include\c++\10.2.1\cmath ****   modf(float __x, float* __iptr)
 377:c:\program files\daisytoolchain\arm-none-eabi\include\c++\10.2.1\cmath ****   { return __builtin_modff(__x, __iptr); }
 378:c:\program files\daisytoolchain\arm-none-eabi\include\c++\10.2.1\cmath **** 
 379:c:\program files\daisytoolchain\arm-none-eabi\include\c++\10.2.1\cmath ****   inline long double
 380:c:\program files\daisytoolchain\arm-none-eabi\include\c++\10.2.1\cmath ****   modf(long double __x, long double* __iptr)
 381:c:\program files\daisytoolchain\arm-none-eabi\include\c++\10.2.1\cmath ****   { return __builtin_modfl(__x, __iptr); }
 382:c:\program files\daisytoolchain\arm-none-eabi\include\c++\10.2.1\cmath **** #endif
 383:c:\program files\daisytoolchain\arm-none-eabi\include\c++\10.2.1\cmath **** 
 384:c:\program files\daisytoolchain\arm-none-eabi\include\c++\10.2.1\cmath ****   using ::pow;
 385:c:\program files\daisytoolchain\arm-none-eabi\include\c++\10.2.1\cmath **** 
 386:c:\program files\daisytoolchain\arm-none-eabi\include\c++\10.2.1\cmath **** #ifndef __CORRECT_ISO_CPP_MATH_H_PROTO
 387:c:\program files\daisytoolchain\arm-none-eabi\include\c++\10.2.1\cmath ****   inline _GLIBCXX_CONSTEXPR float
 388:c:\program files\daisytoolchain\arm-none-eabi\include\c++\10.2.1\cmath ****   pow(float __x, float __y)
 389:c:\program files\daisytoolchain\arm-none-eabi\include\c++\10.2.1\cmath ****   { return __builtin_powf(__x, __y); }
 390:c:\program files\daisytoolchain\arm-none-eabi\include\c++\10.2.1\cmath **** 
 391:c:\program files\daisytoolchain\arm-none-eabi\include\c++\10.2.1\cmath ****   inline _GLIBCXX_CONSTEXPR long double
 392:c:\program files\daisytoolchain\arm-none-eabi\include\c++\10.2.1\cmath ****   pow(long double __x, long double __y)
 393:c:\program files\daisytoolchain\arm-none-eabi\include\c++\10.2.1\cmath ****   { return __builtin_powl(__x, __y); }
 394:c:\program files\daisytoolchain\arm-none-eabi\include\c++\10.2.1\cmath **** 
 395:c:\program files\daisytoolchain\arm-none-eabi\include\c++\10.2.1\cmath **** #if __cplusplus < 201103L
 396:c:\program files\daisytoolchain\arm-none-eabi\include\c++\10.2.1\cmath ****   // _GLIBCXX_RESOLVE_LIB_DEFECTS
 397:c:\program files\daisytoolchain\arm-none-eabi\include\c++\10.2.1\cmath ****   // DR 550. What should the return type of pow(float,int) be?
 398:c:\program files\daisytoolchain\arm-none-eabi\include\c++\10.2.1\cmath ****   inline double
 399:c:\program files\daisytoolchain\arm-none-eabi\include\c++\10.2.1\cmath ****   pow(double __x, int __i)
 400:c:\program files\daisytoolchain\arm-none-eabi\include\c++\10.2.1\cmath ****   { return __builtin_powi(__x, __i); }
 401:c:\program files\daisytoolchain\arm-none-eabi\include\c++\10.2.1\cmath **** 
 402:c:\program files\daisytoolchain\arm-none-eabi\include\c++\10.2.1\cmath ****   inline float
 403:c:\program files\daisytoolchain\arm-none-eabi\include\c++\10.2.1\cmath ****   pow(float __x, int __n)
 404:c:\program files\daisytoolchain\arm-none-eabi\include\c++\10.2.1\cmath ****   { return __builtin_powif(__x, __n); }
 405:c:\program files\daisytoolchain\arm-none-eabi\include\c++\10.2.1\cmath **** 
 406:c:\program files\daisytoolchain\arm-none-eabi\include\c++\10.2.1\cmath ****   inline long double
 407:c:\program files\daisytoolchain\arm-none-eabi\include\c++\10.2.1\cmath ****   pow(long double __x, int __n)
 408:c:\program files\daisytoolchain\arm-none-eabi\include\c++\10.2.1\cmath ****   { return __builtin_powil(__x, __n); }
ARM GAS  C:\Users\FINNDY~1\AppData\Local\Temp\cc2bY4Gm.s 			page 34


 409:c:\program files\daisytoolchain\arm-none-eabi\include\c++\10.2.1\cmath **** #endif
 410:c:\program files\daisytoolchain\arm-none-eabi\include\c++\10.2.1\cmath **** #endif
 411:c:\program files\daisytoolchain\arm-none-eabi\include\c++\10.2.1\cmath **** 
 412:c:\program files\daisytoolchain\arm-none-eabi\include\c++\10.2.1\cmath ****   template<typename _Tp, typename _Up>
 413:c:\program files\daisytoolchain\arm-none-eabi\include\c++\10.2.1\cmath ****     inline _GLIBCXX_CONSTEXPR
 414:c:\program files\daisytoolchain\arm-none-eabi\include\c++\10.2.1\cmath ****     typename __gnu_cxx::__promote_2<_Tp, _Up>::__type
 415:c:\program files\daisytoolchain\arm-none-eabi\include\c++\10.2.1\cmath ****     pow(_Tp __x, _Up __y)
 416:c:\program files\daisytoolchain\arm-none-eabi\include\c++\10.2.1\cmath ****     {
 417:c:\program files\daisytoolchain\arm-none-eabi\include\c++\10.2.1\cmath ****       typedef typename __gnu_cxx::__promote_2<_Tp, _Up>::__type __type;
 418:c:\program files\daisytoolchain\arm-none-eabi\include\c++\10.2.1\cmath ****       return pow(__type(__x), __type(__y));
 419:c:\program files\daisytoolchain\arm-none-eabi\include\c++\10.2.1\cmath ****     }
 420:c:\program files\daisytoolchain\arm-none-eabi\include\c++\10.2.1\cmath **** 
 421:c:\program files\daisytoolchain\arm-none-eabi\include\c++\10.2.1\cmath ****   using ::sin;
 422:c:\program files\daisytoolchain\arm-none-eabi\include\c++\10.2.1\cmath **** 
 423:c:\program files\daisytoolchain\arm-none-eabi\include\c++\10.2.1\cmath **** #ifndef __CORRECT_ISO_CPP_MATH_H_PROTO
 424:c:\program files\daisytoolchain\arm-none-eabi\include\c++\10.2.1\cmath ****   inline _GLIBCXX_CONSTEXPR float
 425:c:\program files\daisytoolchain\arm-none-eabi\include\c++\10.2.1\cmath ****   sin(float __x)
 426:c:\program files\daisytoolchain\arm-none-eabi\include\c++\10.2.1\cmath ****   { return __builtin_sinf(__x); }
 265              		.loc 3 426 26 discriminator 2 view .LVU58
 266 008a B0EE6A0A 		vmov.f32	s0, s21
 267 008e FFF7FEFF 		bl	sinf
 268              	.LVL14:
 269              	.LBE162:
 270              	.LBE161:
 703:c:\program files\daisytoolchain\arm-none-eabi\include\c++\10.2.1\complex ****     }
 271              		.loc 2 703 14 discriminator 2 view .LVU59
 272 0092 28EE000A 		vmul.f32	s0, s16, s0
 273 0096 68EE288A 		vmul.f32	s17, s16, s17
 274              	.LVL15:
 275              	.LBB164:
 276              	.LBI161:
 425:c:\program files\daisytoolchain\arm-none-eabi\include\c++\10.2.1\cmath ****   { return __builtin_sinf(__x); }
 277              		.loc 3 425 3 is_stmt 1 discriminator 2 view .LVU60
 278              	.LBB163:
 279              		.loc 3 426 5 discriminator 2 view .LVU61
 280              		.loc 3 426 5 is_stmt 0 discriminator 2 view .LVU62
 281              	.LBE163:
 282              	.LBE164:
 283              	.LBB165:
 284              	.LBI165:
1089:c:\program files\daisytoolchain\arm-none-eabi\include\c++\10.2.1\complex **** #if __cplusplus >= 201103L
 285              		.loc 2 1089 26 is_stmt 1 discriminator 2 view .LVU63
1089:c:\program files\daisytoolchain\arm-none-eabi\include\c++\10.2.1\complex **** #if __cplusplus >= 201103L
 286              		.loc 2 1089 26 is_stmt 0 discriminator 2 view .LVU64
 287              	.LBE165:
 288              	.LBE158:
 289              	.LBE157:
 290              	.LBE167:
 291              	.LBE169:
 292              	.LBB170:
 293              	.LBI170:
 391:c:\program files\daisytoolchain\arm-none-eabi\include\c++\10.2.1\complex ****     {
 294              		.loc 2 391 5 is_stmt 1 discriminator 2 view .LVU65
 295              	.LBB171:
 296              	.LBB172:
 297              	.LBI172:
1167:c:\program files\daisytoolchain\arm-none-eabi\include\c++\10.2.1\complex ****       }
ARM GAS  C:\Users\FINNDY~1\AppData\Local\Temp\cc2bY4Gm.s 			page 35


1168:c:\program files\daisytoolchain\arm-none-eabi\include\c++\10.2.1\complex **** 
1169:c:\program files\daisytoolchain\arm-none-eabi\include\c++\10.2.1\complex ****       // Let the compiler synthesize the copy and assignment
1170:c:\program files\daisytoolchain\arm-none-eabi\include\c++\10.2.1\complex ****       // operator.  It always does a pretty good job.
1171:c:\program files\daisytoolchain\arm-none-eabi\include\c++\10.2.1\complex **** #if __cplusplus >= 201103L
1172:c:\program files\daisytoolchain\arm-none-eabi\include\c++\10.2.1\complex ****       _GLIBCXX14_CONSTEXPR complex& operator=(const complex&) = default;
1173:c:\program files\daisytoolchain\arm-none-eabi\include\c++\10.2.1\complex **** #endif
1174:c:\program files\daisytoolchain\arm-none-eabi\include\c++\10.2.1\complex **** 
1175:c:\program files\daisytoolchain\arm-none-eabi\include\c++\10.2.1\complex ****       template<typename _Tp>
1176:c:\program files\daisytoolchain\arm-none-eabi\include\c++\10.2.1\complex ****         _GLIBCXX20_CONSTEXPR complex&
1177:c:\program files\daisytoolchain\arm-none-eabi\include\c++\10.2.1\complex ****         operator=(const complex<_Tp>&  __z)
1178:c:\program files\daisytoolchain\arm-none-eabi\include\c++\10.2.1\complex **** 	{
1179:c:\program files\daisytoolchain\arm-none-eabi\include\c++\10.2.1\complex **** 	  __real__ _M_value = __z.real();
1180:c:\program files\daisytoolchain\arm-none-eabi\include\c++\10.2.1\complex **** 	  __imag__ _M_value = __z.imag();
1181:c:\program files\daisytoolchain\arm-none-eabi\include\c++\10.2.1\complex **** 	  return *this;
1182:c:\program files\daisytoolchain\arm-none-eabi\include\c++\10.2.1\complex **** 	}
1183:c:\program files\daisytoolchain\arm-none-eabi\include\c++\10.2.1\complex **** 
1184:c:\program files\daisytoolchain\arm-none-eabi\include\c++\10.2.1\complex ****       template<typename _Tp>
1185:c:\program files\daisytoolchain\arm-none-eabi\include\c++\10.2.1\complex ****         _GLIBCXX20_CONSTEXPR complex&
1186:c:\program files\daisytoolchain\arm-none-eabi\include\c++\10.2.1\complex ****         operator+=(const complex<_Tp>& __z)
1187:c:\program files\daisytoolchain\arm-none-eabi\include\c++\10.2.1\complex **** 	{
1188:c:\program files\daisytoolchain\arm-none-eabi\include\c++\10.2.1\complex **** 	  _M_value += __z.__rep();
1189:c:\program files\daisytoolchain\arm-none-eabi\include\c++\10.2.1\complex **** 	  return *this;
1190:c:\program files\daisytoolchain\arm-none-eabi\include\c++\10.2.1\complex **** 	}
1191:c:\program files\daisytoolchain\arm-none-eabi\include\c++\10.2.1\complex **** 
1192:c:\program files\daisytoolchain\arm-none-eabi\include\c++\10.2.1\complex ****       template<class _Tp>
1193:c:\program files\daisytoolchain\arm-none-eabi\include\c++\10.2.1\complex ****         _GLIBCXX20_CONSTEXPR complex&
1194:c:\program files\daisytoolchain\arm-none-eabi\include\c++\10.2.1\complex ****         operator-=(const complex<_Tp>& __z)
1195:c:\program files\daisytoolchain\arm-none-eabi\include\c++\10.2.1\complex **** 	{
1196:c:\program files\daisytoolchain\arm-none-eabi\include\c++\10.2.1\complex **** 	  _M_value -= __z.__rep();
1197:c:\program files\daisytoolchain\arm-none-eabi\include\c++\10.2.1\complex **** 	  return *this;
1198:c:\program files\daisytoolchain\arm-none-eabi\include\c++\10.2.1\complex **** 	}
1199:c:\program files\daisytoolchain\arm-none-eabi\include\c++\10.2.1\complex **** 
1200:c:\program files\daisytoolchain\arm-none-eabi\include\c++\10.2.1\complex ****       template<class _Tp>
1201:c:\program files\daisytoolchain\arm-none-eabi\include\c++\10.2.1\complex ****         _GLIBCXX20_CONSTEXPR complex&
1202:c:\program files\daisytoolchain\arm-none-eabi\include\c++\10.2.1\complex ****         operator*=(const complex<_Tp>& __z)
 298              		.loc 2 1202 9 discriminator 2 view .LVU66
 299              		.loc 2 1202 9 is_stmt 0 discriminator 2 view .LVU67
 300              	.LBE172:
 301              	.LBE171:
 302              	.LBE170:
 303              	.LBE203:
 304              	.LBE212:
1203:c:\program files\daisytoolchain\arm-none-eabi\include\c++\10.2.1\complex **** 	{
1204:c:\program files\daisytoolchain\arm-none-eabi\include\c++\10.2.1\complex **** 	  const _ComplexT __t = __z.__rep();
1205:c:\program files\daisytoolchain\arm-none-eabi\include\c++\10.2.1\complex **** 	  _M_value *= __t;
1206:c:\program files\daisytoolchain\arm-none-eabi\include\c++\10.2.1\complex **** 	  return *this;
1207:c:\program files\daisytoolchain\arm-none-eabi\include\c++\10.2.1\complex **** 	}
1208:c:\program files\daisytoolchain\arm-none-eabi\include\c++\10.2.1\complex **** 
1209:c:\program files\daisytoolchain\arm-none-eabi\include\c++\10.2.1\complex ****       template<class _Tp>
1210:c:\program files\daisytoolchain\arm-none-eabi\include\c++\10.2.1\complex ****         _GLIBCXX20_CONSTEXPR complex&
1211:c:\program files\daisytoolchain\arm-none-eabi\include\c++\10.2.1\complex ****         operator/=(const complex<_Tp>& __z)
1212:c:\program files\daisytoolchain\arm-none-eabi\include\c++\10.2.1\complex **** 	{
1213:c:\program files\daisytoolchain\arm-none-eabi\include\c++\10.2.1\complex **** 	  const _ComplexT __t = __z.__rep();
1214:c:\program files\daisytoolchain\arm-none-eabi\include\c++\10.2.1\complex **** 	  _M_value /= __t;
1215:c:\program files\daisytoolchain\arm-none-eabi\include\c++\10.2.1\complex **** 	  return *this;
1216:c:\program files\daisytoolchain\arm-none-eabi\include\c++\10.2.1\complex **** 	}
1217:c:\program files\daisytoolchain\arm-none-eabi\include\c++\10.2.1\complex **** 
ARM GAS  C:\Users\FINNDY~1\AppData\Local\Temp\cc2bY4Gm.s 			page 36


1218:c:\program files\daisytoolchain\arm-none-eabi\include\c++\10.2.1\complex ****       _GLIBCXX_CONSTEXPR _ComplexT __rep() const { return _M_value; }
 305              		.loc 2 1218 52 is_stmt 1 discriminator 2 view .LVU68
 306              		.loc 2 1218 52 is_stmt 0 discriminator 2 view .LVU69
 307 009a D5ED010A 		vldr.32	s1, [r5, #4]
 308 009e D5ED006A 		vldr.32	s13, [r5]
 309              	.LVL16:
 310              	.LBB213:
 311              	.LBB204:
 312              	.LBB176:
 313              	.LBB175:
 314              	.LBB174:
 315              	.LBB173:
1205:c:\program files\daisytoolchain\arm-none-eabi\include\c++\10.2.1\complex **** 	  return *this;
 316              		.loc 2 1205 13 discriminator 2 view .LVU70
 317 00a2 20EEC07A 		vnmul.f32	s14, s1, s0
 318 00a6 68EEA07A 		vmul.f32	s15, s17, s1
 319 00aa A8EEA67A 		vfma.f32	s14, s17, s13
 320 00ae E0EE267A 		vfma.f32	s15, s0, s13
 321 00b2 F4EE477A 		vcmp.f32	s15, s14
 322 00b6 F1EE10FA 		vmrs	APSR_nzcv, FPSCR
 323 00ba 22D6     		bvs	.L12
 324              	.LVL17:
 325              	.L6:
1205:c:\program files\daisytoolchain\arm-none-eabi\include\c++\10.2.1\complex **** 	  return *this;
 326              		.loc 2 1205 13 discriminator 2 view .LVU71
 327              	.LBE173:
 328              	.LBE174:
 329              	.LBE175:
 330              	.LBE176:
  23:util.cpp      ****         X[k] = p + q;
 331              		.loc 1 23 9 is_stmt 1 discriminator 2 view .LVU72
 332              	.LBB177:
 333              	.LBI177:
 331:c:\program files\daisytoolchain\arm-none-eabi\include\c++\10.2.1\complex ****     {
 334              		.loc 2 331 5 discriminator 2 view .LVU73
 335              	.LBB178:
 336              	.LBB179:
 337              	.LBI179:
1186:c:\program files\daisytoolchain\arm-none-eabi\include\c++\10.2.1\complex **** 	{
 338              		.loc 2 1186 9 discriminator 2 view .LVU74
1186:c:\program files\daisytoolchain\arm-none-eabi\include\c++\10.2.1\complex **** 	{
 339              		.loc 2 1186 9 is_stmt 0 discriminator 2 view .LVU75
 340              	.LBE179:
 341              	.LBE178:
 342              	.LBE177:
 343              	.LBE204:
 344              	.LBE213:
 345              		.loc 2 1218 52 is_stmt 1 discriminator 2 view .LVU76
 346              	.LBB214:
 347              	.LBB205:
 348              	.LBB186:
 349              	.LBB184:
 350              	.LBB182:
 351              	.LBB180:
1188:c:\program files\daisytoolchain\arm-none-eabi\include\c++\10.2.1\complex **** 	  return *this;
 352              		.loc 2 1188 13 is_stmt 0 discriminator 2 view .LVU77
 353 00bc 39EE876A 		vadd.f32	s12, s19, s14
ARM GAS  C:\Users\FINNDY~1\AppData\Local\Temp\cc2bY4Gm.s 			page 37


 354              	.LBE180:
 355              	.LBE182:
 356              	.LBE184:
 357              	.LBE186:
 358              	.LBE205:
  20:util.cpp      ****         std::complex<float> p = X[k];
 359              		.loc 1 20 23 discriminator 2 view .LVU78
 360 00c0 0835     		adds	r5, r5, #8
 361              	.LBB206:
 362              	.LBB187:
 363              	.LBB185:
 364              	.LBB183:
 365              	.LBB181:
1188:c:\program files\daisytoolchain\arm-none-eabi\include\c++\10.2.1\complex **** 	  return *this;
 366              		.loc 2 1188 13 discriminator 2 view .LVU79
 367 00c2 79EE276A 		vadd.f32	s13, s18, s15
 368              	.LBE181:
 369              	.LBE183:
 370              	.LBE185:
 371              	.LBE187:
 372              	.LBE206:
  20:util.cpp      ****         std::complex<float> p = X[k];
 373              		.loc 1 20 23 discriminator 2 view .LVU80
 374 00c6 B742     		cmp	r7, r6
 375              	.LBB207:
 376              	.LBB188:
 377              	.LBB189:
 378              	.LBB190:
 379              	.LBB191:
1196:c:\program files\daisytoolchain\arm-none-eabi\include\c++\10.2.1\complex **** 	  return *this;
 380              		.loc 2 1196 13 discriminator 2 view .LVU81
 381 00c8 39EEC77A 		vsub.f32	s14, s19, s14
 382              	.LVL18:
1196:c:\program files\daisytoolchain\arm-none-eabi\include\c++\10.2.1\complex **** 	  return *this;
 383              		.loc 2 1196 13 discriminator 2 view .LVU82
 384              	.LBE191:
 385              	.LBE190:
 386              	.LBE189:
 387              	.LBE188:
 388              	.LBE207:
  20:util.cpp      ****         std::complex<float> p = X[k];
 389              		.loc 1 20 23 discriminator 2 view .LVU83
 390 00cc 04F10804 		add	r4, r4, #8
 391              	.LBB208:
 392              	.LBB197:
 393              	.LBB195:
 394              	.LBB193:
 395              	.LBB192:
1196:c:\program files\daisytoolchain\arm-none-eabi\include\c++\10.2.1\complex **** 	  return *this;
 396              		.loc 2 1196 13 discriminator 2 view .LVU84
 397 00d0 79EE677A 		vsub.f32	s15, s18, s15
 398              	.LBE192:
 399              	.LBE193:
 400              	.LBE195:
 401              	.LBE197:
 402              		.loc 1 23 20 discriminator 2 view .LVU85
 403 00d4 04ED026A 		vstr.32	s12, [r4, #-8]
ARM GAS  C:\Users\FINNDY~1\AppData\Local\Temp\cc2bY4Gm.s 			page 38


 404 00d8 44ED016A 		vstr.32	s13, [r4, #-4]
  24:util.cpp      ****         X[k + N / 2] = p - q;
 405              		.loc 1 24 9 is_stmt 1 discriminator 2 view .LVU86
 406              	.LVL19:
 407              	.LBB198:
 408              	.LBI188:
 361:c:\program files\daisytoolchain\arm-none-eabi\include\c++\10.2.1\complex ****     {
 409              		.loc 2 361 5 discriminator 2 view .LVU87
 410              	.LBB196:
 411              	.LBB194:
 412              	.LBI190:
1194:c:\program files\daisytoolchain\arm-none-eabi\include\c++\10.2.1\complex **** 	{
 413              		.loc 2 1194 9 discriminator 2 view .LVU88
1194:c:\program files\daisytoolchain\arm-none-eabi\include\c++\10.2.1\complex **** 	{
 414              		.loc 2 1194 9 is_stmt 0 discriminator 2 view .LVU89
 415              	.LBE194:
 416              	.LBE196:
 417              	.LBE198:
 418              	.LBE208:
 419              	.LBE214:
 420              		.loc 2 1218 52 is_stmt 1 discriminator 2 view .LVU90
 421              	.LBB215:
 422              	.LBB209:
 423              		.loc 1 24 28 is_stmt 0 discriminator 2 view .LVU91
 424 00dc 05ED027A 		vstr.32	s14, [r5, #-8]
 425 00e0 45ED017A 		vstr.32	s15, [r5, #-4]
 426              	.LVL20:
 427              		.loc 1 24 28 discriminator 2 view .LVU92
 428              	.LBE209:
  20:util.cpp      ****         std::complex<float> p = X[k];
 429              		.loc 1 20 5 is_stmt 1 discriminator 2 view .LVU93
  20:util.cpp      ****         std::complex<float> p = X[k];
 430              		.loc 1 20 23 discriminator 2 view .LVU94
 431 00e4 B2DC     		bgt	.L8
 432              	.LVL21:
 433              	.L1:
  20:util.cpp      ****         std::complex<float> p = X[k];
 434              		.loc 1 20 23 is_stmt 0 discriminator 2 view .LVU95
 435              	.LBE215:
  25:util.cpp      ****     }
  26:util.cpp      **** 
  27:util.cpp      **** }
 436              		.loc 1 27 1 view .LVU96
 437 00e6 03B0     		add	sp, sp, #12
 438              		.cfi_remember_state
 439              		.cfi_def_cfa_offset 52
 440              		@ sp needed
 441 00e8 BDEC068B 		vldm	sp!, {d8-d10}
 442              		.cfi_restore 84
 443              		.cfi_restore 85
 444              		.cfi_restore 82
 445              		.cfi_restore 83
 446              		.cfi_restore 80
 447              		.cfi_restore 81
 448              		.cfi_def_cfa_offset 28
 449 00ec BDE8F083 		pop	{r4, r5, r6, r7, r8, r9, pc}
 450              	.LVL22:
ARM GAS  C:\Users\FINNDY~1\AppData\Local\Temp\cc2bY4Gm.s 			page 39


 451              	.L11:
 452              		.cfi_restore_state
  13:util.cpp      ****         return;
 453              		.loc 1 13 9 is_stmt 1 view .LVU97
  13:util.cpp      ****         return;
 454              		.loc 1 13 19 is_stmt 0 view .LVU98
 455 00f0 0268     		ldr	r2, [r0]	@ float
 456              	.LVL23:
 457              	.LBB216:
 458              	.LBI216:
1135:c:\program files\daisytoolchain\arm-none-eabi\include\c++\10.2.1\complex ****       {
 459              		.loc 2 1135 7 is_stmt 1 view .LVU99
 460              	.LBB217:
1137:c:\program files\daisytoolchain\arm-none-eabi\include\c++\10.2.1\complex **** 	return *this;
 461              		.loc 2 1137 2 view .LVU100
1137:c:\program files\daisytoolchain\arm-none-eabi\include\c++\10.2.1\complex **** 	return *this;
 462              		.loc 2 1137 11 is_stmt 0 view .LVU101
 463 00f2 0023     		movs	r3, #0
 464              	.LVL24:
1137:c:\program files\daisytoolchain\arm-none-eabi\include\c++\10.2.1\complex **** 	return *this;
 465              		.loc 2 1137 11 view .LVU102
 466 00f4 2260     		str	r2, [r4]	@ float
 467 00f6 6360     		str	r3, [r4, #4]	@ float
1138:c:\program files\daisytoolchain\arm-none-eabi\include\c++\10.2.1\complex ****       }
 468              		.loc 2 1138 2 is_stmt 1 view .LVU103
 469              	.LVL25:
1138:c:\program files\daisytoolchain\arm-none-eabi\include\c++\10.2.1\complex ****       }
 470              		.loc 2 1138 2 is_stmt 0 view .LVU104
 471              	.LBE217:
 472              	.LBE216:
  14:util.cpp      ****     }
 473              		.loc 1 14 9 is_stmt 1 view .LVU105
 474              		.loc 1 27 1 is_stmt 0 view .LVU106
 475 00f8 03B0     		add	sp, sp, #12
 476              		.cfi_remember_state
 477              		.cfi_def_cfa_offset 52
 478              		@ sp needed
 479 00fa BDEC068B 		vldm	sp!, {d8-d10}
 480              		.cfi_restore 84
 481              		.cfi_restore 85
 482              		.cfi_restore 82
 483              		.cfi_restore 83
 484              		.cfi_restore 80
 485              		.cfi_restore 81
 486              		.cfi_def_cfa_offset 28
 487 00fe BDE8F083 		pop	{r4, r5, r6, r7, r8, r9, pc}
 488              	.LVL26:
 489              	.L12:
 490              		.cfi_restore_state
 491              		.loc 1 27 1 view .LVU107
 492 0102 F0EE401A 		vmov.f32	s3, s0
 493 0106 B0EE681A 		vmov.f32	s2, s17
 494 010a B0EE660A 		vmov.f32	s0, s13
 495              	.LVL27:
 496              		.loc 1 27 1 view .LVU108
 497 010e FFF7FEFF 		bl	__mulsc3
 498              	.LVL28:
ARM GAS  C:\Users\FINNDY~1\AppData\Local\Temp\cc2bY4Gm.s 			page 40


 499              		.loc 1 27 1 view .LVU109
 500 0112 B0EE407A 		vmov.f32	s14, s0
 501 0116 F0EE607A 		vmov.f32	s15, s1
 502 011a CFE7     		b	.L6
 503              	.L14:
 504              		.align	2
 505              	.L13:
 506 011c 00000080 		.word	-2147483648
 507 0120 DB0FC9C0 		.word	-1060565029
 508              		.cfi_endproc
 509              	.LFE4385:
 511              		.section	.text._Z15frequencyToNotefPPKcPi,"ax",%progbits
 512              		.align	1
 513              		.p2align 2,,3
 514              		.global	_Z15frequencyToNotefPPKcPi
 515              		.syntax unified
 516              		.thumb
 517              		.thumb_func
 518              		.fpu fpv5-d16
 520              	_Z15frequencyToNotefPPKcPi:
 521              	.LVL29:
 522              	.LFB4386:
  28:util.cpp      **** 
  29:util.cpp      **** const char* notes[] = { "A", "A#", "B", "C", "C#", "D", "D#", "E", "F", "F#", "G", "G#" };
  30:util.cpp      **** #define C0 16.3515978313f
  31:util.cpp      **** 
  32:util.cpp      **** // wrong octave still
  33:util.cpp      **** // returns error from closest note (+- 0.5 from note usually)
  34:util.cpp      **** float frequencyToNote(float freq, const char** note, int* octave)
  35:util.cpp      **** {
 523              		.loc 1 35 1 is_stmt 1 view -0
 524              		.cfi_startproc
 525              		@ args = 0, pretend = 0, frame = 0
 526              		@ frame_needed = 0, uses_anonymous_args = 0
  36:util.cpp      **** 
  37:util.cpp      ****     // idk i think i did this weird
  38:util.cpp      ****     float n = 12 * std::log2f(freq / C0);
 527              		.loc 1 38 5 view .LVU111
 528              		.loc 1 38 30 is_stmt 0 view .LVU112
 529 0000 DFED1F7A 		vldr.32	s15, .L17
  35:util.cpp      **** 
 530              		.loc 1 35 1 view .LVU113
 531 0004 38B5     		push	{r3, r4, r5, lr}
 532              		.cfi_def_cfa_offset 16
 533              		.cfi_offset 3, -16
 534              		.cfi_offset 4, -12
 535              		.cfi_offset 5, -8
 536              		.cfi_offset 14, -4
 537              		.loc 1 38 30 view .LVU114
 538 0006 80EE270A 		vdiv.f32	s0, s0, s15
 539              	.LVL30:
  35:util.cpp      **** 
 540              		.loc 1 35 1 view .LVU115
 541 000a 0546     		mov	r5, r0
 542 000c 0C46     		mov	r4, r1
 543 000e 2DED028B 		vpush.64	{d8}
 544              		.cfi_def_cfa_offset 24
ARM GAS  C:\Users\FINNDY~1\AppData\Local\Temp\cc2bY4Gm.s 			page 41


 545              		.cfi_offset 80, -24
 546              		.cfi_offset 81, -20
 547              		.loc 1 38 30 view .LVU116
 548 0012 FFF7FEFF 		bl	log2f
 549              	.LVL31:
  39:util.cpp      ****     float tone = fmodf(n - 9, 12);
 550              		.loc 1 39 23 view .LVU117
 551 0016 B2EE088A 		vmov.f32	s16, #1.2e+1
 552 001a FAEE027A 		vmov.f32	s15, #-9.0e+0
  38:util.cpp      ****     float tone = fmodf(n - 9, 12);
 553              		.loc 1 38 30 view .LVU118
 554 001e F0EE408A 		vmov.f32	s17, s0
 555              	.LVL32:
 556              		.loc 1 39 5 is_stmt 1 view .LVU119
 557              		.loc 1 39 23 is_stmt 0 view .LVU120
 558 0022 F0EE480A 		vmov.f32	s1, s16
 559 0026 E0EE087A 		vfma.f32	s15, s0, s16
 560 002a B0EE670A 		vmov.f32	s0, s15
 561              	.LVL33:
 562              		.loc 1 39 23 view .LVU121
 563 002e FFF7FEFF 		bl	fmodf
 564              	.LVL34:
  40:util.cpp      ****     int noteNumber = std::abs((int)roundf(tone)) % 12;
  41:util.cpp      **** 
  42:util.cpp      ****     *note = notes[noteNumber];
  43:util.cpp      ****     *octave = roundf((n - 5) / 12);
 565              		.loc 1 43 25 view .LVU122
 566 0032 B9EE047A 		vmov.f32	s14, #-5.0e+0
  40:util.cpp      ****     int noteNumber = std::abs((int)roundf(tone)) % 12;
 567              		.loc 1 40 42 view .LVU123
 568 0036 F8FE407A 		vrinta.f32	s15, s0
  40:util.cpp      ****     int noteNumber = std::abs((int)roundf(tone)) % 12;
 569              		.loc 1 40 31 view .LVU124
 570 003a FDEEE76A 		vcvt.s32.f32	s13, s15
  44:util.cpp      **** 
  45:util.cpp      ****     return tone - roundf(tone);
  46:util.cpp      **** 
  47:util.cpp      **** }...
 571              		.loc 1 47 1 view .LVU125
 572 003e 30EE670A 		vsub.f32	s0, s0, s15
  40:util.cpp      ****     int noteNumber = std::abs((int)roundf(tone)) % 12;
 573              		.loc 1 40 9 view .LVU126
 574 0042 104B     		ldr	r3, .L17+4
  40:util.cpp      ****     int noteNumber = std::abs((int)roundf(tone)) % 12;
 575              		.loc 1 40 5 is_stmt 1 view .LVU127
 576              	.LVL35:
  42:util.cpp      ****     *note = notes[noteNumber];
 577              		.loc 1 42 5 view .LVU128
  43:util.cpp      ****     *octave = roundf((n - 5) / 12);
 578              		.loc 1 43 25 is_stmt 0 view .LVU129
 579 0044 A8EE887A 		vfma.f32	s14, s17, s16
  42:util.cpp      ****     *note = notes[noteNumber];
 580              		.loc 1 42 29 view .LVU130
 581 0048 0F49     		ldr	r1, .L17+8
  40:util.cpp      ****     int noteNumber = std::abs((int)roundf(tone)) % 12;
 582              		.loc 1 40 31 view .LVU131
 583 004a 16EE902A 		vmov	r2, s13	@ int
ARM GAS  C:\Users\FINNDY~1\AppData\Local\Temp\cc2bY4Gm.s 			page 42


  40:util.cpp      ****     int noteNumber = std::abs((int)roundf(tone)) % 12;
 584              		.loc 1 40 30 view .LVU132
 585 004e 002A     		cmp	r2, #0
 586 0050 B8BF     		it	lt
 587 0052 5242     		rsblt	r2, r2, #0
  43:util.cpp      ****     *octave = roundf((n - 5) / 12);
 588              		.loc 1 43 21 view .LVU133
 589 0054 C7EE087A 		vdiv.f32	s15, s14, s16
 590              	.LVL36:
  40:util.cpp      ****     int noteNumber = std::abs((int)roundf(tone)) % 12;
 591              		.loc 1 40 9 view .LVU134
 592 0058 A3FB0203 		umull	r0, r3, r3, r2
 593 005c DB08     		lsrs	r3, r3, #3
 594 005e 03EB4303 		add	r3, r3, r3, lsl #1
 595 0062 A2EB8303 		sub	r3, r2, r3, lsl #2
 596              		.loc 1 47 1 view .LVU135
 597 0066 BDEC028B 		vldm	sp!, {d8}
 598              		.cfi_restore 80
 599              		.cfi_restore 81
 600              		.cfi_def_cfa_offset 16
  42:util.cpp      ****     *note = notes[noteNumber];
 601              		.loc 1 42 29 view .LVU136
 602 006a 51F82330 		ldr	r3, [r1, r3, lsl #2]
  42:util.cpp      ****     *note = notes[noteNumber];
 603              		.loc 1 42 11 view .LVU137
 604 006e 2B60     		str	r3, [r5]
  43:util.cpp      ****     *octave = roundf((n - 5) / 12);
 605              		.loc 1 43 5 is_stmt 1 view .LVU138
  43:util.cpp      ****     *octave = roundf((n - 5) / 12);
 606              		.loc 1 43 21 is_stmt 0 view .LVU139
 607 0070 F8FE677A 		vrinta.f32	s15, s15
  43:util.cpp      ****     *octave = roundf((n - 5) / 12);
 608              		.loc 1 43 13 view .LVU140
 609 0074 FDEEE77A 		vcvt.s32.f32	s15, s15
 610 0078 C4ED007A 		vstr.32	s15, [r4]	@ int
  45:util.cpp      ****     return tone - roundf(tone);
 611              		.loc 1 45 5 is_stmt 1 view .LVU141
 612              		.loc 1 47 1 is_stmt 0 view .LVU142
 613 007c 38BD     		pop	{r3, r4, r5, pc}
 614              	.LVL37:
 615              	.L18:
 616              		.loc 1 47 1 view .LVU143
 617 007e 00BF     		.align	2
 618              	.L17:
 619 0080 13D08241 		.word	1099091987
 620 0084 ABAAAAAA 		.word	-1431655765
 621 0088 00000000 		.word	.LANCHOR0
 622              		.cfi_endproc
 623              	.LFE4386:
 625              		.global	notes
 626              		.section	.rodata.str1.4,"aMS",%progbits,1
 627              		.align	2
 628              	.LC0:
 629 0000 4100     		.ascii	"A\000"
 630 0002 0000     		.align	2
 631              	.LC1:
 632 0004 412300   		.ascii	"A#\000"
ARM GAS  C:\Users\FINNDY~1\AppData\Local\Temp\cc2bY4Gm.s 			page 43


 633 0007 00       		.align	2
 634              	.LC2:
 635 0008 4200     		.ascii	"B\000"
 636 000a 0000     		.align	2
 637              	.LC3:
 638 000c 4300     		.ascii	"C\000"
 639 000e 0000     		.align	2
 640              	.LC4:
 641 0010 432300   		.ascii	"C#\000"
 642 0013 00       		.align	2
 643              	.LC5:
 644 0014 4400     		.ascii	"D\000"
 645 0016 0000     		.align	2
 646              	.LC6:
 647 0018 442300   		.ascii	"D#\000"
 648 001b 00       		.align	2
 649              	.LC7:
 650 001c 4500     		.ascii	"E\000"
 651 001e 0000     		.align	2
 652              	.LC8:
 653 0020 4600     		.ascii	"F\000"
 654 0022 0000     		.align	2
 655              	.LC9:
 656 0024 462300   		.ascii	"F#\000"
 657 0027 00       		.align	2
 658              	.LC10:
 659 0028 4700     		.ascii	"G\000"
 660 002a 0000     		.align	2
 661              	.LC11:
 662 002c 472300   		.ascii	"G#\000"
 663              		.section	.data.notes,"aw"
 664              		.align	2
 665              		.set	.LANCHOR0,. + 0
 668              	notes:
 669 0000 00000000 		.word	.LC0
 670 0004 04000000 		.word	.LC1
 671 0008 08000000 		.word	.LC2
 672 000c 0C000000 		.word	.LC3
 673 0010 10000000 		.word	.LC4
 674 0014 14000000 		.word	.LC5
 675 0018 18000000 		.word	.LC6
 676 001c 1C000000 		.word	.LC7
 677 0020 20000000 		.word	.LC8
 678 0024 24000000 		.word	.LC9
 679 0028 28000000 		.word	.LC10
 680 002c 2C000000 		.word	.LC11
 681              		.text
 682              	.Letext0:
 683              		.file 4 "c:\\program files\\daisytoolchain\\arm-none-eabi\\include\\machine\\_default_types.h"
 684              		.file 5 "c:\\program files\\daisytoolchain\\arm-none-eabi\\include\\sys\\_stdint.h"
 685              		.file 6 "c:\\program files\\daisytoolchain\\arm-none-eabi\\include\\stdint.h"
 686              		.file 7 "c:\\program files\\daisytoolchain\\lib\\gcc\\arm-none-eabi\\10.2.1\\include\\stddef.h"
 687              		.file 8 "c:\\program files\\daisytoolchain\\arm-none-eabi\\include\\c++\\10.2.1\\type_traits"
 688              		.file 9 "c:\\program files\\daisytoolchain\\arm-none-eabi\\include\\c++\\10.2.1\\debug\\debug.h"
 689              		.file 10 "c:\\program files\\daisytoolchain\\arm-none-eabi\\include\\c++\\10.2.1\\bits\\std_abs.h"
 690              		.file 11 "c:\\program files\\daisytoolchain\\arm-none-eabi\\include\\c++\\10.2.1\\cwchar"
 691              		.file 12 "c:\\program files\\daisytoolchain\\arm-none-eabi\\include\\c++\\10.2.1\\bits\\exception_
ARM GAS  C:\Users\FINNDY~1\AppData\Local\Temp\cc2bY4Gm.s 			page 44


 692              		.file 13 "c:\\program files\\daisytoolchain\\arm-none-eabi\\include\\c++\\10.2.1\\arm-none-eabi\\t
 693              		.file 14 "c:\\program files\\daisytoolchain\\arm-none-eabi\\include\\c++\\10.2.1\\cstdint"
 694              		.file 15 "c:\\program files\\daisytoolchain\\arm-none-eabi\\include\\c++\\10.2.1\\clocale"
 695              		.file 16 "c:\\program files\\daisytoolchain\\arm-none-eabi\\include\\c++\\10.2.1\\string_view"
 696              		.file 17 "c:\\program files\\daisytoolchain\\arm-none-eabi\\include\\c++\\10.2.1\\bits\\basic_stri
 697              		.file 18 "c:\\program files\\daisytoolchain\\arm-none-eabi\\include\\c++\\10.2.1\\cstdlib"
 698              		.file 19 "c:\\program files\\daisytoolchain\\arm-none-eabi\\include\\c++\\10.2.1\\cstdio"
 699              		.file 20 "c:\\program files\\daisytoolchain\\arm-none-eabi\\include\\c++\\10.2.1\\system_error"
 700              		.file 21 "c:\\program files\\daisytoolchain\\arm-none-eabi\\include\\c++\\10.2.1\\cwctype"
 701              		.file 22 "c:\\program files\\daisytoolchain\\arm-none-eabi\\include\\c++\\10.2.1\\tr1\\special_fun
 702              		.file 23 "c:\\program files\\daisytoolchain\\arm-none-eabi\\include\\c++\\10.2.1\\functional"
 703              		.file 24 "c:\\program files\\daisytoolchain\\arm-none-eabi\\include\\c++\\10.2.1\\bits\\cpp_type_t
 704              		.file 25 "c:\\program files\\daisytoolchain\\arm-none-eabi\\include\\c++\\10.2.1\\bits\\predefined
 705              		.file 26 "c:\\program files\\daisytoolchain\\arm-none-eabi\\include\\sys\\_types.h"
 706              		.file 27 "c:\\program files\\daisytoolchain\\arm-none-eabi\\include\\sys\\reent.h"
 707              		.file 28 "c:\\program files\\daisytoolchain\\arm-none-eabi\\include\\sys\\lock.h"
 708              		.file 29 "c:\\program files\\daisytoolchain\\arm-none-eabi\\include\\math.h"
 709              		.file 30 "c:\\program files\\daisytoolchain\\arm-none-eabi\\include\\stdlib.h"
 710              		.file 31 "c:\\program files\\daisytoolchain\\arm-none-eabi\\include\\c++\\10.2.1\\math.h"
 711              		.file 32 "c:\\program files\\daisytoolchain\\lib\\gcc\\arm-none-eabi\\10.2.1\\include\\stdarg.h"
 712              		.file 33 "c:\\program files\\daisytoolchain\\arm-none-eabi\\include\\wchar.h"
 713              		.file 34 "c:\\program files\\daisytoolchain\\arm-none-eabi\\include\\locale.h"
 714              		.file 35 "c:\\program files\\daisytoolchain\\arm-none-eabi\\include\\stdio.h"
 715              		.file 36 "c:\\program files\\daisytoolchain\\arm-none-eabi\\include\\wctype.h"
 716              		.file 37 "c:\\program files\\daisytoolchain\\arm-none-eabi\\include\\c++\\10.2.1\\pstl\\execution_
 717              		.file 38 "<built-in>"
ARM GAS  C:\Users\FINNDY~1\AppData\Local\Temp\cc2bY4Gm.s 			page 45


DEFINED SYMBOLS
                            *ABS*:00000000 util.cpp
C:\Users\FINNDY~1\AppData\Local\Temp\cc2bY4Gm.s:17     .text._Z7ditfft2PfiiPSt7complexIfE:00000000 $t
C:\Users\FINNDY~1\AppData\Local\Temp\cc2bY4Gm.s:26     .text._Z7ditfft2PfiiPSt7complexIfE:00000000 _Z7ditfft2PfiiPSt7complexIfE
C:\Users\FINNDY~1\AppData\Local\Temp\cc2bY4Gm.s:506    .text._Z7ditfft2PfiiPSt7complexIfE:0000011c $d
C:\Users\FINNDY~1\AppData\Local\Temp\cc2bY4Gm.s:512    .text._Z15frequencyToNotefPPKcPi:00000000 $t
C:\Users\FINNDY~1\AppData\Local\Temp\cc2bY4Gm.s:520    .text._Z15frequencyToNotefPPKcPi:00000000 _Z15frequencyToNotefPPKcPi
C:\Users\FINNDY~1\AppData\Local\Temp\cc2bY4Gm.s:619    .text._Z15frequencyToNotefPPKcPi:00000080 $d
C:\Users\FINNDY~1\AppData\Local\Temp\cc2bY4Gm.s:668    .data.notes:00000000 notes
C:\Users\FINNDY~1\AppData\Local\Temp\cc2bY4Gm.s:627    .rodata.str1.4:00000000 $d
C:\Users\FINNDY~1\AppData\Local\Temp\cc2bY4Gm.s:664    .data.notes:00000000 $d

UNDEFINED SYMBOLS
expf
cosf
sinf
__mulsc3
log2f
fmodf
